tree
version=v4
num_class=1
num_tree_per_iteration=1
label_index=0
max_feature_idx=52
objective=regression
feature_names=r1 r3 r5 r10 r20 r60 r250 d200 d50 d20 dd52 du52 sig20 volratio_sig vrank clv gap hl body downdays updays rsi2 pos20 hi20 at_h7 at_l7 at_l20 at_h20 valratio val5ratio delivratio deliv stock_beta logval oi5 oi1 pcr pcr5 optact oi_rel basis ban_now ban20 res_since ins_sell ins_buy sec5 sec20 sec_d200 idio5 idio20 rel5 rel20
feature_infos=[-2.0292339324951172:0.37047410011291504] [-2.9263968467712402:2.2885851860046387] [-2.9357428550720215:2.2744021415710449] [-3.0634818077087402:2.3138437271118164] [-3.0661139488220215:2.3806915283203125] [-3.7321114540100098:2.6982970237731934] [-3.9645571708679199:3.9161505699157715] [-0.97012341022491455:9.1131801605224609] [-0.94299995899200439:6.168942928314209] [-0.93438237905502319:4.1184735298156738] [-0.98425489664077759:0] [0:49.676235198974609] [3.2488344459125074e-06:0.65933692455291748] [0.00070226064417511225:1.7621631622314453] [0.004444444552063942:1] [-1:1] [-2.0513813495635986:0.18259634077548981] [0:3.2219431400299072] [-1.4281208515167236:0.3675098717212677] [0:18] [0:27] [0:100] [0:1] [-0.9573204517364502:0] [0:1] [0:1] [0:1] [0:1] [0.00022804949549026787:100.67914581298828] [0.0088117355480790138:2444.970458984375] [0.039506170898675919:23.83790397644043] [0.079999998211860657:100] [-0.5:3] [13.162734031677246:24.733583450317383] [-3.0691256523132324:3.0221655368804932] [-1.7364094257354736:2.4309678077697754] [-11.230575561523438:9.4955949783325195] [-11.046727180480957:15.162441253662109] [-8.9237241744995117:3.7825417518615723] [-3.0565378665924072:2.0330901145935059] [-0.29740512371063232:95.181678771972656] [0:1] [0:1] [0:60] [0:28.382965087890625] [0:28.52515983581543] [-0.29297623038291931:0.25242307782173157] [-0.61156445741653442:0.39189985394477844] [-0.45064568519592285:0.76147472858428955] [-0.42497545480728149:2.2611575126647949] [-0.7500840425491333:2.3265979290008545] [-2.9437720775604248:2.2611746788024902] [-3.0504767894744873:2.3468179702758789]
tree_sizes=3150 3141 3143 3150 3146 3160 3152 3155 3145 3160 3133 3137 3143 3158 3156 3145 3142 3149 3172 3159 3134 3146 3146 3132 3133 3130 3153 3138 3152 3162 3143 3157 3142 3147 3138 3163 3139 3147 3146 3115 3137 3156 3165 3147 3141 3161 3136 3155 3149 3154 3166 3160 3136 3146 3165 3157 3159 3164 3157 3111 3169 3123 3134 3146 3153 3122 3158 3162 3146 3131 3137 3147 3117 3128 3152 3130 3126 3145 3136 3161 3128 3156 3123 3109 3132 3085 3122 3129 3113 3119 3070 3149 3144 3148 3159 3150 3097 3144 3139 3096 3137 3090 3144 3101 3126 3155 3151 3144 3133 3105 3079 3105 3163 3124 3149 3095 3136 3134 3124 3112 3094 3126 3093 3074 3125 3118 3071 3134 3107 3095 3120 3124 3111 3088 3053 3119 3140 3134 3110 3146 3062 3118 3159 3144 3150 3071 3084 3140 3070 3104 3092 3086 3090 3126 3038 3120 3079 3090 3116 3083 3079 3137 3123 3080 3109 3084 3085 3108 3073 3104 3097 3117 3118 3118 3076 3100 3094 3135 3080 3112 3071 3058 3114 3052 3113 3052 3105 3108 3029 3092 3148 3081 3108 3114 3106 3060 3115 3068 3158 3088 3104 3152 3106 3089 3024 3094 3058 3077 3093 3107 3085 3105 3067 3110 3053 3064 3091 3107 3090 3082 3058 3101 3097 3041 3065 3099 3090 3098 3124 3054 3063 3071 3090 3133 3070 3073 3079 3078 3042 3096 3086 3091 3054 3063 3085 3069 3051 3080 3086 3095 3125 3036 3090 3113 3133 3132 3125 3094 3060 3073 3114 3057 3094 3065 3061 3046 3119 3056 3091 3080 3087 3088 3069 3035 3073 3108 3054 3114 3096 3065 3062 3105 3044 3052 3092 3096 3074 3086 3103 3062 3068 3065 3057 3086 3094 3084 3101 3092 3057 3093

Tree=0
num_leaves=31
num_cat=0
split_feature=31 7 7 14 17 5 48 22 31 51 38 8 4 32 5 15 32 14 49 4 0 8 47 34 8 4 5 14 8 43
split_gain=2.22738e+08 6.17612e+07 5.48589e+07 4.41242e+07 3.38531e+07 3.15299e+07 2.75077e+07 2.95383e+07 2.18273e+07 2.03946e+07 1.85866e+07 1.76869e+07 1.74177e+07 1.78729e+07 1.69264e+07 1.66857e+07 1.6402e+07 1.44924e+07 1.3872e+07 1.38533e+07 1.98428e+07 1.51621e+07 1.38196e+07 1.35545e+07 1.26249e+07 1.25583e+07 1.10326e+07 1.13408e+07 1.05573e+07 1.05361e+07
threshold=38.754999160766609 -0.026344090700149533 -0.29662001132965082 0.9879153072834016 0.039999965578317649 0.095502376556396498 0.029945958405733112 0.42436194419860845 56.844999313354499 0.0020870477892458443 -0.45582295954227442 -0.076521575450897203 0.081110000610351576 1.6012344360351565 0.78882777690887462 -0.87499991059303273 1.1032666563987734 0.72193819284439098 0.018058529123663906 0.0068948268890380868 -0.0052154064178466788 -0.15159234404563901 -0.076823722571134553 0.039771495386958129 -0.090027481317520128 0.074456930160522475 -0.34094631671905512 0.99777778983116161 0.034285724163055427 4.5000000000000009
decision_type=10 10 10 8 2 10 8 10 10 10 10 8 10 8 10 2 10 10 8 10 10 10 10 8 10 10 10 10 10 2
left_child=1 3 15 6 12 8 24 11 -4 10 16 29 13 -3 19 -2 -7 -9 -17 21 -21 -6 -23 -15 -1 -20 27 -5 -25 -8
right_child=2 4 5 26 14 9 7 17 -10 -11 -12 -13 -14 23 -16 18 -18 -19 25 20 -22 22 -24 28 -26 -27 -28 -29 -30 -31
leaf_value=1.3372707643053456 -6.197811303271954 0.252402785111008 0.35786297876920992 -4.6041623368113527 2.3081763814092326 2.9983597675050402 -4.6364187358576112 -0.062198990898165246 1.1632750343432618 0.99557029791366569 0.70361629015904836 -3.0350163659973313 1.0194905333195774 0.28236594039273594 -3.844524566402673 2.9377839618031691 1.3940954556654708 -1.4784854348044081 -1.3451671228466231 0.73573822504140152 -0.92793341109857586 -2.3245763757161102 0.19179043805056106 -3.2132521183901144 -0.57598094462539939 0.70962858392068606 -2.5202081582995466 -9.6414307043580738 -0.36050463896468354 -1.3166831738934401
leaf_weight=7973 888 59458 131314 2156 1540 28568 1612 24550 91245 63299 12964 20463 35699 5410 2821 1609 15891 21844 20781 18158 31113 16548 4425 6070 17864 6166 1982 1095 3158 27663
leaf_count=7973 888 59458 131314 2156 1540 28568 1612 24550 91245 63299 12964 20463 35699 5410 2821 1609 15891 21844 20781 18158 31113 16548 4425 6070 17864 6166 1982 1095 3158 27663
internal_value=0.168523 -0.620723 0.828344 -1.29872 -0.152974 0.970471 -1.14414 -1.45554 0.688096 1.49096 2.03681 -2.13267 0.293791 -0.0559142 -0.810398 -0.828387 2.42535 -0.729251 -0.659243 -0.690618 -0.314826 -1.51248 -1.7939 -1.30746 0.0146479 -0.874966 -4.89226 -6.32571 -2.23862 -1.50106
internal_weight=684327 311602 372725 127202 184400 343281 121969 96132 222559 120722 57423 49738 109795 74096 74605 29444 44459 46394 28556 71784 49271 22513 20973 14638 25837 26947 5233 3251 9228 29275
internal_count=684327 311602 372725 127202 184400 343281 121969 96132 222559 120722 57423 49738 109795 74096 74605 29444 44459 46394 28556 71784 49271 22513 20973 14638 25837 26947 5233 3251 9228 29275
is_linear=0
shrinkage=1


Tree=1
num_leaves=31
num_cat=0
split_feature=6 32 17 12 21 40 36 22 48 4 7 7 5 2 8 36 8 43 21 5 49 32 5 36 5 21 3 8 21 46
split_gain=1.28513e+08 5.37187e+07 3.96612e+07 3.90226e+07 3.87928e+07 3.72769e+07 2.9191e+07 2.41132e+07 4.38576e+07 2.35578e+07 2.33165e+07 2.25505e+07 1.82935e+07 1.76218e+07 1.69611e+07 1.6539e+07 1.44077e+07 1.43105e+07 1.40119e+07 1.47548e+07 1.29214e+07 1.14736e+07 1.12448e+07 1.11943e+07 1.06773e+07 1.06503e+07 1.0623e+07 1.02117e+07 9.84526e+06 9.8407e+06
threshold=-0.14935922622680661 1.6650887727737429 0.039999965578317649 0.06501584500074388 33.964345932006843 0.0057528018951416024 -0.69270670413970936 0.28380058705806738 0.030577535741031173 0.042490243911743171 -0.12957555055618283 -0.71614858508110035 0.78882777690887462 -0.0944540500640869 0.034285724163055427 -0.57857155799865712 0.45192205905914312 6.5000000000000009 69.544029235839858 0.10151910781860353 -0.012248700018972157 2.0117646455764775 -0.35577154159545893 -1.0708721876144407 -0.19846534729003903 75.283779144287124 -0.086199760437011705 -0.25069844722747797 22.43549728393555 -0.014523858670145271
decision_type=10 8 2 8 8 8 10 8 8 10 10 10 10 8 10 8 10 2 10 10 8 10 8 10 10 8 10 8 10 10
left_child=3 2 5 7 9 29 13 8 24 -4 -7 25 15 -3 17 -9 -6 -15 19 -12 -17 -16 -19 -24 -1 -5 -10 -22 -28 -2
right_child=1 6 4 11 16 10 -8 12 26 -11 18 -13 -14 14 21 20 -18 22 -20 -21 27 -23 23 -25 -26 -27 28 -29 -30 -31
leaf_value=2.1936389541920129 -0.4151007698641771 1.1901234469649349 0.18896203705117523 -6.4900253652212463 -0.59353201146287338 -0.83124809981632719 0.59247096644131714 -1.4678684401962658 -1.3140410960924158 2.1034429948380207 1.0637531324087461 -1.689747856607462 -5.8288751448642824 -6.3209442367156354 0.07901888333908455 1.9131898396566729 -4.0689904441880351 1.5322858119010925 0.69601065114188421 1.9753633117905762 -4.2093702863889657 -2.0753559556614651 -2.95583568033733 -0.43592274717230489 -0.19114930264272659 -1.3680499386641503 -3.2938956109085495 -0.22112994218245108 -1.7374031237036551 0.39154485657866722
leaf_weight=4610 34050 3785 34748 3456 74594 9917 16476 18520 22174 14598 73177 5784 982 1424 10416 4559 1949 1221 67185 46484 1029 6366 13540 3567 8583 807 12868 90804 13229 83567
leaf_count=4610 34050 3785 34748 3456 74594 9917 16476 18520 22174 14598 73177 5784 982 1424 10416 4559 1949 1221 67185 46484 1029 6366 13540 3567 8583 807 12868 90804 13229 83567
internal_value=-0.00474623 0.331799 0.481154 -0.897351 -0.118793 0.72139 -0.825869 -0.759859 -1.40025 0.755633 1.05813 -3.32132 -0.420138 -1.40546 -1.67462 -0.373414 -0.682547 -2.46882 1.15845 1.41802 -0.163004 -0.73896 -2.16625 -2.43097 0.643192 -5.52589 -1.95876 -0.266272 -2.50585 0.158006
internal_weight=684469 497064 440269 187405 125889 314380 56795 177358 61464 49346 196763 10047 115894 40319 36534 114912 76543 19752 186846 119661 96392 16782 18328 17107 13193 4263 48271 91833 26097 117617
internal_count=684469 497064 440269 187405 125889 314380 56795 177358 61464 49346 196763 10047 115894 40319 36534 114912 76543 19752 186846 119661 96392 16782 18328 17107 13193 4263 48271 91833 26097 117617
is_linear=0
shrinkage=0.04


Tree=2
num_leaves=31
num_cat=0
split_feature=10 10 0 48 22 40 8 52 21 6 28 52 17 10 6 48 4 8 30 28 0 16 21 52 6 4 51 21 6 3
split_gain=1.54839e+08 4.78622e+07 4.52985e+07 3.02724e+07 3.90442e+07 2.78825e+07 2.43913e+07 2.13696e+07 1.92875e+07 1.722e+07 1.66566e+07 1.64833e+07 1.64597e+07 1.60758e+07 1.34706e+07 1.33953e+07 1.30927e+07 1.2987e+07 1.23639e+07 1.22615e+07 1.24004e+07 1.19725e+07 1.16806e+07 1.08956e+07 1.08054e+07 1.06524e+07 1.3058e+07 1.0526e+07 1.03065e+07 1.13617e+07
threshold=-0.17815899848937986 -0.38901802897453303 0.010202169418334963 0.048020195215940482 0.25446519255638128 0.0058354735374450692 -0.15699476003646848 -0.10472817718982695 18.972249031066898 0.16797637939453128 2.2402516603469853 0.31448638439178472 0.043225947767496116 -0.68812492489814747 -1.0896478891372678 -0.156102180480957 0.24243688583374026 -0.087955027818679796 1.0105046629905703 0.52980631589889537 -0.016741752624511715 0.031074883416295055 2.8535939455032353 0.42898595333099371 0.83094060420990001 0.075789451599121108 0.061726965010166175 50.944061279296882 -0.59444355964660633 -0.13420867919921872
decision_type=10 10 10 8 10 8 8 8 10 10 10 10 2 8 8 8 8 10 8 10 10 10 10 10 8 10 10 10 10 10
left_child=1 3 5 17 6 -2 13 -7 16 14 15 25 -4 27 -8 -3 -9 -1 -12 20 -15 -10 -17 -14 -24 28 -27 -5 -6 -30
right_child=2 10 12 4 11 7 9 8 21 -11 18 -13 23 19 -16 22 -18 -19 -20 -21 -22 -23 24 -25 -26 26 -28 -29 29 -31
leaf_value=1.787625928873162 0.25648656234383294 2.6525590735788529 0.22808272608845978 -4.2143746971322766 -1.8557268426466758 -0.8728394123411829 0.22769451694566287 1.864499791285956 1.0227565116185973 -8.0337741705338548 -2.4471380645227119 -5.0093002589399447 -0.69568372165943959 -7.3235718268703147 -3.486939651149064 1.0877334311802629 6.1212091223199163 -0.71953327164961434 -0.23863398263605537 -0.1590940479037129 -0.62284636686906492 -2.8635354857031667 -0.20864493533764081 -5.3184313638490446 -1.5271723266484198 0.42593730257303081 -1.9258946104937282 0.38697449314750337 3.7085612882441108 -0.77969880762172139
leaf_weight=6383 88646 2642 71510 4124 19839 8136 1707 38736 124927 1232 9404 1533 37951 818 18226 10414 1184 6837 7130 10757 952 1272 156662 824 10609 16672 4873 983 938 18828
leaf_count=6383 88646 2642 71510 4124 19839 8136 1707 38736 124927 1232 9404 1533 37951 818 18226 10414 1184 6837 7130 10757 952 1272 156662 824 10609 16672 4873 983 938 18828
internal_value=-0.000933231 -0.659222 0.548657 -1.30868 -1.54321 0.834079 -2.54036 1.12788 1.22591 -3.45572 -0.280762 -0.925695 -0.131755 -1.44038 -3.16888 -0.169309 1.99225 0.491432 -1.49548 -0.668107 -3.74331 0.983362 -0.211415 -0.795267 -0.292358 -0.822518 -0.106641 -3.32968 -1.21183 -0.56494
internal_weight=684749 311563 373186 114702 101482 262901 38799 174255 166119 21165 196861 62683 110285 17634 19933 180327 39920 13220 16534 12527 1770 126199 177685 38775 167271 61150 21545 5107 39605 19766
internal_count=684749 311563 373186 114702 101482 262901 38799 174255 166119 21165 196861 62683 110285 17634 19933 180327 39920 13220 16534 12527 1770 126199 177685 38775 167271 61150 21545 5107 39605 19766
is_linear=0
shrinkage=0.04


Tree=3
num_leaves=31
num_cat=0
split_feature=31 32 7 7 28 40 48 9 14 15 15 51 52 35 28 8 9 12 31 14 5 31 8 39 28 0 5 9 21 29
split_gain=1.98784e+08 5.9817e+07 4.46255e+07 3.67708e+07 2.49879e+07 2.27834e+07 2.21392e+07 3.00653e+07 2.12636e+07 1.77714e+07 1.71875e+07 1.71145e+07 1.84106e+07 1.45419e+07 1.3718e+07 1.28433e+07 1.27379e+07 1.24295e+07 1.2037e+07 1.11386e+07 1.09756e+07 1.05839e+07 1.02296e+07 1.57739e+07 1.03386e+07 1.15319e+07 9.67637e+06 9.65683e+06 9.27565e+06 9.17349e+06
threshold=41.764999389648445 1.9356380701065066 -0.020255118608474728 -0.30741798877716059 1.4037216305732729 0.0059153437614440927 0.02723326534032822 -0.015106111764907835 0.98976975679397594 -0.8620694875717162 -0.66071504354476918 -0.0097429379820823652 0.00060384348034858714 0.0025426599895581607 2.0102437734603886 -0.074844062328338609 0.030743300914764408 0.053734187036752708 64.625000000000014 0.36647589504718786 0.78882777690887462 11.015000343322756 0.0080221295356750506 -0.20874256640672681 0.79580795764923107 -0.036472082138061516 0.57474732398986828 -0.14332723617553708 12.269020557403566 2.2626515626907353
decision_type=10 8 10 10 10 8 8 10 8 2 2 10 10 8 10 8 8 10 10 10 10 10 10 10 8 8 10 8 10 10
left_child=1 2 6 9 16 -5 19 10 13 -2 -8 12 18 -3 -9 29 21 -10 -7 -1 -18 -4 23 24 25 -11 -6 -15 -23 -12
right_child=3 8 4 5 26 11 7 14 17 22 15 -13 -14 27 -16 -17 20 -19 -20 -21 -22 28 -24 -25 -26 -27 -28 -29 -30 -31
leaf_value=-1.4541828950266955 -6.1522503166465592 -0.26525597167140269 -2.6552420691891632 0.30964453894788146 -0.69640381688777331 0.74873670268290471 -3.5347248020362416 -0.39403731759178084 -2.874344863564279 -6.5724842450340635 -0.86352325403478758 0.74407517728807859 2.3131794870001339 0.95149114785511846 -2.2152371994091258 -2.6787862470176464 0.8064282297228742 -7.8761145767492931 2.032155797170776 0.3824408589785715 -3.0164484287429802 0.88790021399125763 0.68629683284564413 3.228026140511318 -0.51997358331724375 -1.9291079024139977 -2.9369801872431807 -2.4108383150105066 -0.21087145507088395 -3.9411067114874374
leaf_weight=7047 937 7432 2499 95910 48277 45224 10330 42196 1709 993 20619 121556 28461 1432 7840 12979 47741 1507 15771 21012 1223 14877 7273 1232 8482 5968 3286 27903 70532 1667
leaf_count=7047 937 7432 2499 95910 48277 45224 10330 42196 1709 993 20619 121556 28461 1432 7840 12979 47741 1507 15771 21012 1223 14877 7273 1232 8482 5968 3286 27903 70532 1667
internal_value=-0.00151989 -0.663506 -0.47687 0.700968 -0.0893533 0.820871 -1.06717 -1.35702 -2.11999 -0.777614 -2.09992 1.05321 1.47314 -1.84615 -0.679782 -1.67874 0.193373 -5.2353 1.08086 -0.0791798 0.710346 -0.0946237 -0.564843 -1.11063 -1.45862 -2.59997 -0.839733 -2.24644 -0.0193999 -1.09539
internal_weight=683915 352108 312125 331807 188435 306922 123690 95631 39983 24885 45595 211012 89456 36767 50036 35265 136872 3216 60995 28059 48964 87908 23948 16675 15443 6961 51563 29335 85409 22286
internal_count=683915 352108 312125 331807 188435 306922 123690 95631 39983 24885 45595 211012 89456 36767 50036 35265 136872 3216 60995 28059 48964 87908 23948 16675 15443 6961 51563 29335 85409 22286
is_linear=0
shrinkage=0.04


Tree=4
num_leaves=31
num_cat=0
split_feature=31 32 5 6 6 17 0 48 38 34 52 28 9 5 51 31 48 12 29 19 52 32 19 0 28 6 8 29 9 2
split_gain=1.80001e+08 5.31261e+07 3.43566e+07 3.37133e+07 2.9894e+07 2.233e+07 1.9455e+07 1.88961e+07 1.75695e+07 1.6834e+07 1.93645e+07 1.4994e+07 1.5009e+07 1.50742e+07 1.46649e+07 1.47367e+07 1.40669e+07 1.27529e+07 1.57474e+07 1.25466e+07 1.19603e+07 1.13009e+07 1.09704e+07 1.03803e+07 1.13325e+07 1.03377e+07 9.75339e+06 9.08074e+06 1.00692e+07 1.32083e+07
threshold=40.98500061035157 1.9356380701065066 0.095502376556396498 -0.020329236984252926 -0.54780197143554676 0.041809113696217544 0.021651029586791996 -0.14691860973834989 -2.0228687524795528 0.0049779776018112907 -0.069942571222782121 2.0783374309539799 -0.015677213668823239 0.78882777690887462 0.028539160266518596 55.344999313354499 0.04475821182131768 0.025070678442716602 1.5571035146713259 2.5000000000000004 -0.066027782857418046 1.0984107255935671 3.5000000000000004 -0.017065286636352536 0.91134700179100048 1.4476814270019533 -0.35435876250267023 1.9092735648155215 -0.007610827684402465 -0.098119020462036119
decision_type=10 8 10 10 10 2 8 8 10 8 10 10 10 10 10 10 8 10 10 2 10 8 2 10 10 8 10 10 10 10
left_child=1 3 4 7 23 20 8 -1 19 -3 27 12 16 -14 15 -6 -9 -18 26 21 -5 25 -7 24 -2 -4 -19 28 29 -11
right_child=2 9 6 5 14 22 -8 11 -10 10 -12 -13 13 -15 -16 -17 17 18 -20 -21 -22 -23 -24 -25 -26 -27 -28 -29 -30 -31
leaf_value=1.8626041974264385 -3.9636273333892165 -0.33332657164123819 2.114236615375364 -0.73083161354337156 0.29809675222196086 -0.83750701183180787 -0.010004779079447928 -0.088911982514873922 0.6479797753319454 -0.85529195957604109 -1.6630199573779629 -2.2779155133960765 -0.3944311173831152 -5.3205303422203167 -0.32150832449386224 1.0278801125453201 -2.7706710610836529 -3.7738248712973377 -3.6298927219899735 3.2058459664812986 0.39555390955511904 0.73356051800922562 1.4301726224040459 -0.44640112622768846 -0.6841510231223632 -0.49339041427258895 -0.42102354383865004 -7.6225195085463557 -0.87973362477552475 -4.7481418856171143
leaf_weight=3653 3384 7656 38694 17802 88990 60076 17371 9572 30665 1743 19942 14121 59120 1001 28152 88116 13700 1510 3548 8860 98452 17361 3610 15109 3360 2592 16063 875 2078 7067
leaf_count=3653 3384 7656 38694 17802 88990 60076 17371 9572 30665 1743 19942 14121 59120 1001 28152 88116 13700 1510 3548 8860 98452 17361 3610 15109 3360 2592 16063 875 2078 7067
internal_value=0.0146408 -0.635134 0.662395 -0.455073 0.37668 -0.106784 1.22391 -0.967511 1.44223 -2.01724 -2.42363 -1.0548 -0.889347 -0.477321 0.52643 0.661225 -1.44712 -1.82034 -1.2029 1.80287 0.223022 1.5904 -0.708761 -1.02947 -2.33316 1.95045 -0.711103 -3.71059 -3.3895 -3.97981
internal_weight=684243 341589 342654 302228 227111 179940 115543 122288 98172 39361 31705 118635 104514 60121 205258 177106 44393 34821 21121 67507 116254 58647 63686 21853 6744 41286 17573 11763 10888 8810
internal_count=684243 341589 342654 302228 227111 179940 115543 122288 98172 39361 31705 118635 104514 60121 205258 177106 44393 34821 21121 67507 116254 58647 63686 21853 6744 41286 17573 11763 10888 8810
is_linear=0
shrinkage=0.04


Tree=5
num_leaves=31
num_cat=0
split_feature=31 10 10 36 28 32 40 4 21 8 7 15 12 4 8 21 29 34 28 15 6 12 22 13 51 40 8 10 40 4
split_gain=1.70707e+08 7.07082e+07 4.265e+07 3.82804e+07 3.14516e+07 2.56183e+07 2.44943e+07 2.01559e+07 1.98565e+07 2.16277e+07 1.96205e+07 1.7949e+07 1.47222e+07 1.45818e+07 1.32538e+07 1.3227e+07 1.30713e+07 1.23895e+07 1.18874e+07 1.06911e+07 9.77922e+06 1.35653e+07 9.77673e+06 1.03727e+07 9.3372e+06 9.14196e+06 8.86292e+06 9.67473e+06 8.70128e+06 8.6677e+06
threshold=41.764999389648445 -0.11499357223510741 -0.45399618148803705 -0.66113489866256703 1.6173594594001772 2.0405899286270146 0.0059153437614440927 0.083845138549804701 68.641441345214858 0.020770907402038578 1.029480576515198 -0.87499991059303273 0.058410480618476875 0.0058662891387939462 -0.44697439670562739 8.6024913787841815 1.5452516674995425 -0.052069049328565591 0.79580795764923107 0.063830543309450163 0.83094060420990001 0.030097818002104763 0.72222217917442333 0.94724097847938549 0.0017146389000117781 1.0108404159545901 -0.16316962242126462 -0.26704475283622736 0.0032724738121032719 0.056515216827392585
decision_type=10 10 10 10 10 8 8 10 10 10 10 2 10 10 10 10 10 10 10 2 8 10 10 10 10 10 8 10 10 8
left_child=1 3 11 4 5 7 -4 14 9 20 12 -2 18 17 -1 -9 22 19 -3 -13 26 -22 23 -16 -15 -5 -8 -28 -17 -20
right_child=2 10 6 25 -6 -7 8 15 -10 -11 -12 13 -14 24 16 28 -18 -19 29 -21 21 -23 -24 -25 -26 -27 27 -29 -30 -31
leaf_value=-5.1015679237602338 -6.6537230642910661 0.84217521062639589 0.22313995945437659 -0.28369217587278994 -2.5544956317213381 -2.5229720141108687 2.89162320834328 4.1496368663981915 0.45060884547185781 1.8826438277176063 -2.9337681019784045 -2.3602196365466712 -3.6063529985296414 1.8565895530749652 -1.4942311493859515 0.15373151557032264 -2.2774387841341208 2.791956425504496 -0.53992426852440201 -0.14591605251133793 0.71403115456191513 -3.1033751563409799 0.42222427401242862 -0.60649374779164522 -0.71219027967785242 1.5360095582846658 0.046356742001699501 1.1463596511828213 -2.9442124558524756 0.31216262437077574
leaf_weight=1328 831 37981 95677 47612 28806 18003 3722 1248 70638 55846 3258 11176 1588 4562 42259 20168 13072 1052 31056 5072 4249 2281 7867 42015 4477 4859 16648 55249 1553 49584
leaf_count=1328 831 37981 95677 47612 28806 18003 3722 1248 70638 55846 3258 11176 1588 4562 42259 20168 13072 1052 31056 5072 4249 2281 7867 42015 4477 4859 16648 55249 1553 49584
internal_value=-0.0340065 -0.647111 0.617527 -1.06341 -1.34565 -1.10943 0.753105 -0.91276 0.996119 1.27531 0.124336 -0.900697 0.207457 -0.716732 -1.14444 0.161906 -1.09401 -1.39676 0.258812 -1.66951 0.862251 -0.622137 -0.92589 -1.05177 0.584897 -0.114921 0.990499 0.891692 -0.0690171 -0.0160185
internal_weight=683737 352257 331480 228790 176319 147513 304310 129510 208633 137995 123467 27170 120209 26339 106541 22969 105213 17300 118621 16248 82149 6530 92141 84274 9039 52471 75619 71897 21721 80640
internal_count=683737 352257 331480 228790 176319 147513 304310 129510 208633 137995 123467 27170 120209 26339 106541 22969 105213 17300 118621 16248 82149 6530 92141 84274 9039 52471 75619 71897 21721 80640
is_linear=0
shrinkage=0.04


Tree=6
num_leaves=31
num_cat=0
split_feature=31 6 22 31 13 28 14 6 40 8 33 8 51 28 14 48 36 29 33 0 43 0 7 23 4 6 19 22 43 7
split_gain=1.6022e+08 3.81436e+07 3.73472e+07 2.7261e+07 2.63742e+07 2.49858e+07 2.35324e+07 1.7405e+07 1.65983e+07 1.61518e+07 1.8436e+07 1.60725e+07 1.52359e+07 1.47404e+07 1.40282e+07 1.36758e+07 1.31836e+07 1.30699e+07 1.30233e+07 1.26597e+07 1.22626e+07 1.21384e+07 1.18536e+07 1.06513e+07 1.00888e+07 9.99586e+06 1.03689e+07 9.67882e+06 9.47097e+06 9.47866e+06
threshold=34.48500061035157 -0.62237858772277821 0.58476758003234874 52.975000381469734 0.95440104603767406 0.92993006110191356 0.98976975679397594 -0.50931501388549794 0.0032381415367126469 -0.011721462011337279 18.401897430419925 0.060853064060211189 0.014817073009908201 1.4161402583122256 0.70217493176460277 0.010921863839030268 -0.48915894329547877 1.3430734872817995 19.68331336975098 -0.006972789764404296 7.5000000000000009 -0.021273374557495114 -0.27782642841339106 -0.089301049709320054 0.43315505981445318 -0.024724245071411129 3.5000000000000004 0.027122897095978264 3.5000000000000004 -0.041342020034790032
decision_type=10 10 10 8 10 10 10 10 8 10 10 10 10 8 10 8 10 8 10 8 2 10 10 10 10 10 2 10 2 10
left_child=2 11 4 9 17 14 15 -8 -5 10 21 18 22 -11 -4 -6 24 28 19 27 -17 -3 -10 -13 -7 -22 -27 -2 -1 -30
right_child=1 3 5 8 6 16 7 -9 12 13 -12 23 -14 -15 -16 20 -18 -19 -20 -21 25 -23 -24 -25 -26 26 -28 -29 29 -31
leaf_value=-4.4141456139974604 -5.5900636103373742 -3.5323637876126259 1.1425396796365683 0.18324508323357416 0.79887382369444182 -0.84839200008589133 -7.9609045730861236 -1.6316039978155983 -1.1988959422324088 0.8024872151050596 0.13475452017868012 3.0264841864571812 0.48689462156722663 -0.16131065563678898 -0.31322570176307502 -2.4766172041866201 0.34866814236440441 -3.1162840997729937 0.46362626111315997 -0.78951132593144835 -1.197049955094089 -0.79167595817846326 1.4935395374623859 -0.1163493110681007 -3.4144509377572865 -0.29527025104785148 2.6817664828117209 -2.1944534343183721 -2.047205260520037 -0.92967290425829652
leaf_weight=1815 1601 3397 24000 34106 9997 61332 1182 1684 2680 104913 68029 2329 38311 33491 18944 6239 15512 10812 5595 11314 23767 10763 99291 6574 2545 25054 2013 8309 23796 24851
leaf_count=1815 1601 3397 24000 34106 9997 61332 1182 1684 2680 104913 68029 2329 38311 33491 18944 6239 15512 10812 5595 11314 23767 10763 99291 6574 2545 25054 2013 8309 23796 24851
internal_value=0.0181875 0.487808 -0.779561 0.601014 -1.2483 -0.27675 -0.717312 -4.26055 0.974752 0.305528 -0.138626 -0.763745 1.16716 0.569273 0.500431 -0.565291 -0.697162 -1.85413 -1.25249 -1.70489 -0.804339 -1.4512 1.42267 0.70828 -0.951148 -0.598649 -0.0729564 -2.74811 -1.58314 -1.47663
internal_weight=684246 430703 253543 394981 131210 122333 69936 2866 174388 220593 82189 35722 140282 138404 42944 67070 79389 61274 26819 21224 57073 14160 101971 8903 63877 50834 27067 9910 50462 48647
internal_count=684246 430703 253543 394981 131210 122333 69936 2866 174388 220593 82189 35722 140282 138404 42944 67070 79389 61274 26819 21224 57073 14160 101971 8903 63877 50834 27067 9910 50462 48647
is_linear=0
shrinkage=0.04


Tree=7
num_leaves=31
num_cat=0
split_feature=31 10 10 36 14 31 15 1 28 43 52 4 8 48 14 4 15 13 12 49 28 13 22 1 0 47 51 51 8 48
split_gain=1.49803e+08 5.11697e+07 4.42436e+07 3.25383e+07 2.55658e+07 2.52909e+07 2.42004e+07 2.0634e+07 1.92934e+07 1.89608e+07 1.77957e+07 1.65091e+07 1.49974e+07 1.77725e+07 1.50623e+07 1.48783e+07 1.75097e+07 1.38631e+07 1.24181e+07 1.18097e+07 1.10527e+07 1.20488e+07 1.2039e+07 1.04003e+07 1.0123e+07 1.11132e+07 9.97306e+06 9.5782e+06 8.90801e+06 8.73051e+06
threshold=34.07500076293946 -0.41905474662780756 -0.17999944090843198 -0.65140789747238148 0.98976975679397594 52.295000076293952 -0.89036473631858815 -0.01419711112976074 1.242064952850342 3.5000000000000004 -0.066027782857418046 0.077118635177612319 -0.034184843301773064 0.075238347053527846 0.95189735293388378 -0.25746536254882807 -0.2588533461093902 1.3007981181144717 0.055198851972818382 0.04665734805166722 1.6173594594001772 0.83045324683189403 0.55087247490882885 -0.057669401168823235 0.009268999099731447 -0.0073824697174131862 0.031720444560050971 0.026764826849102977 -0.20507204532623288 -0.12709518522024152
decision_type=10 10 10 10 8 8 2 10 10 2 8 10 10 8 10 10 2 10 10 8 10 10 10 10 10 8 8 10 10 10
left_child=2 6 3 4 9 8 -2 29 11 -1 -4 -3 13 -8 15 -15 -17 -16 24 -5 21 22 -11 -13 25 -12 -6 -14 -22 -7
right_child=1 5 10 19 26 7 12 -9 -10 20 18 23 27 14 17 16 -18 -19 -20 -21 28 -23 -24 -25 -26 -27 -28 -29 -30 -31
leaf_value=-4.1593892255257323 -7.0111033024370304 0.31939891954792721 -1.6732178057697917 0.57061507283059942 -6.1394656012762372 1.9396467128300645 1.9372142733716586 0.66962726020816365 -0.30609793583543016 -2.4908028792806896 -1.0862684163584084 4.6315781177919488 0.96797197886375774 0.59546703897129161 -8.7166548145940244 -2.8852173023786527 -0.46392469030278327 -2.1161747716607295 -2.3448404361539379 -1.1204030376463614 0.47589244783216833 -0.83641310164163574 -0.73256399896506663 1.1689112306163134 -0.45752286927425845 0.57598485819270961 -1.4313806951816994 -1.1635138038618873 -2.6510210251087485 0.85146677482288224
leaf_weight=4017 972 116453 11663 17748 2665 37819 2627 124514 58880 17478 7301 1440 11144 5563 834 10211 8983 1306 3552 10514 1622 55733 9697 33179 37547 53750 995 4826 14141 17178
leaf_count=4017 972 116453 11663 17748 2665 37819 2627 124514 58880 17478 7301 1440 11144 5563 834 10211 8983 1306 3552 10514 1622 55733 9697 33179 37547 53750 995 4826 14141 17178
internal_value=0.0097028 0.456453 -0.774235 -1.26506 -1.58562 0.606146 -0.79808 0.954733 0.308069 -1.46821 -0.193667 0.547444 -0.663824 -1.19783 -1.50463 -1.22515 -1.75286 -4.71709 -0.0245915 -0.0586495 -1.35824 -1.17338 -1.8639 1.31424 0.0592249 0.377053 -4.86692 0.32353 -2.32917 1.59998
internal_weight=684352 435929 248423 134610 106348 389463 46466 179511 209952 102688 113813 151072 45494 29524 26897 24757 19194 2140 102150 28262 98671 82908 27175 34619 98598 61051 3660 15970 15763 54997
internal_count=684352 435929 248423 134610 106348 389463 46466 179511 209952 102688 113813 151072 45494 29524 26897 24757 19194 2140 102150 28262 98671 82908 27175 34619 98598 61051 3660 15970 15763 54997
is_linear=0
shrinkage=0.04


Tree=8
num_leaves=31
num_cat=0
split_feature=31 10 10 14 40 13 21 5 28 10 33 15 14 5 46 5 15 17 6 15 1 48 46 48 3 28 14 12 48 30
split_gain=1.38113e+08 5.85192e+07 3.43971e+07 2.72686e+07 2.19096e+07 2.18956e+07 2.16494e+07 1.93708e+07 1.63581e+07 1.57664e+07 1.56509e+07 1.4688e+07 1.50875e+07 1.33665e+07 1.33378e+07 1.30535e+07 1.25774e+07 1.25375e+07 1.18376e+07 1.12823e+07 1.1186e+07 1.07321e+07 1.06574e+07 1.15999e+07 9.63721e+06 9.53093e+06 9.53062e+06 9.43409e+06 9.39193e+06 9.01207e+06
threshold=38.754999160766609 -0.11499357223510741 -0.42439255118370051 0.9879153072834016 0.0059153437614440927 0.94954547286033641 64.648448944091811 0.54337453842163097 1.5075411200523379 -0.18375515937805173 18.802358627319339 -0.89036473631858815 0.15825061500072482 0.093503952026367201 0.013777228072285654 -0.37344264984130854 -0.57920178771018971 0.061023633927106864 1.0136976242065432 -0.44444465637207026 -0.018299460411071774 0.03758311644196511 -0.026273182593286034 -0.156102180480957 -0.10345458984374999 0.78225120902061474 0.75277811288833629 0.015343434177339079 0.020333048887550834 0.84482610225677501
decision_type=10 10 10 8 8 10 10 8 10 10 10 2 8 10 10 10 2 2 10 2 8 8 10 8 10 10 10 10 8 10
left_child=1 3 11 5 22 14 9 25 28 10 18 -2 27 21 16 19 -1 -8 -6 -5 -11 -14 23 -4 -12 -3 -18 -13 -7 -21
right_child=2 7 4 15 6 8 17 -9 -10 20 24 12 13 -15 -16 -17 26 -19 -20 29 -22 -23 -24 -25 -26 -27 -28 -29 -30 -31
leaf_value=-2.3598905569608943 -5.8544781330465705 0.86652401070889484 4.0470124036359509 -8.3224362361459345 0.00043552631895145167 0.65411973754161457 0.51443920423044653 -1.742107808149705 -1.5383724685927775 2.0062428626334752 2.8375914489557452 -0.33116668977421898 2.4053580468758349 1.6989091277242006 0.054518937149003042 -1.9425357063399185 -0.97488726360818501 -1.0858054791037637 -4.7925073690392148 -6.5479821785912833 1.1072583792348059 -0.80849528448390962 0.35798589494235367 -0.82874020653806157 0.87845962743867823 0.014845824712610046 -2.1115796280558787 -4.3777333643468195 -0.47921051216804311 -0.94309813297802292
leaf_weight=22085 842 30307 802 1257 22390 14165 77175 8235 20804 36776 4952 1471 1771 4778 9342 3991 48410 8709 846 808 55803 25046 87313 20368 21206 68583 15617 2467 66998 1055
leaf_count=22085 842 30307 802 1257 22390 14165 77175 8235 20804 36776 4952 1471 1771 4778 9342 3991 48410 8709 846 808 55803 25046 87313 20368 21206 68583 15617 2467 66998 1055
internal_value=-0.0153152 -0.636719 0.504294 -1.03338 0.630665 -0.945607 0.853418 0.120643 -0.537949 1.15666 0.579404 -0.66405 -0.539444 -0.248041 -1.38098 -3.46542 -1.5367 0.35206 -0.176057 -5.40101 1.46455 -0.595434 0.162762 -0.642205 1.25029 0.275922 -1.25243 -2.87085 -0.281359 -3.39597
internal_weight=684372 311657 372715 204532 336340 197421 227857 107125 101967 141973 49394 36375 35533 31595 95454 7111 86112 85884 23236 3120 92579 26817 108483 21170 26158 98890 64027 3938 81163 1863
internal_count=684372 311657 372715 204532 336340 197421 227857 107125 101967 141973 49394 36375 35533 31595 95454 7111 86112 85884 23236 3120 92579 26817 108483 21170 26158 98890 64027 3938 81163 1863
is_linear=0
shrinkage=0.04


Tree=9
num_leaves=31
num_cat=0
split_feature=10 0 32 40 48 10 32 52 25 29 34 32 36 12 19 36 11 7 32 32 50 13 22 17 8 23 22 12 22 12
split_gain=1.08074e+08 4.0277e+07 3.39286e+07 2.40364e+07 2.2579e+07 2.12348e+07 1.87654e+07 1.72088e+07 1.8056e+07 1.68371e+07 1.64334e+07 1.36848e+07 1.36112e+07 1.32342e+07 1.27637e+07 1.1641e+07 1.39894e+07 1.40331e+07 1.15508e+07 1.11728e+07 1.15134e+07 1.31442e+07 1.3098e+07 1.07215e+07 1.0437e+07 1.19928e+07 1.23806e+07 1.0386e+07 1.02132e+07 1.06258e+07
threshold=-0.17815899848937986 0.0099502801895141619 2.1076766252517705 0.0057528018951416024 -0.156102180480957 -0.38901802897453303 1.61158162355423 0.28357595205307012 1.0000000180025095e-35 0.72170808911323558 0.036713333800435073 1.3498983383178713 -1.2149835228919981 0.06501584500074388 1.5000000000000002 -0.58185976743698109 1.2293503284454348 -0.11677584052085875 0.77341252565383922 1.0170308351516726 0.0012366464361548426 1.0130011439323428 0.60113295912742626 0.039999965578317649 0.048170745372772224 -0.17784380912780759 0.098834801465272917 0.04926454275846482 0.45375479757785803 0.042268332093954093
decision_type=10 10 8 8 8 8 8 8 2 10 8 8 10 8 2 8 10 10 10 10 8 10 10 2 8 10 10 10 8 10
left_child=2 3 4 -2 -1 7 14 8 18 -10 -4 -3 24 15 23 -7 19 -18 -6 -17 -21 22 -22 -5 25 -11 -27 28 29 -12
right_child=1 11 10 6 5 13 -8 -9 9 12 27 -13 -14 -15 -16 16 17 -19 -20 20 21 -23 -24 -25 -26 26 -28 -29 -30 -31
leaf_value=2.1431672745574635 0.19124994960049091 0.073466731904861041 0.15224031237837277 1.1086679546573617 -1.7165115146245677 -0.78409969670656798 -0.30059639738633498 -5.4603693452901325 -3.6019278930397749 -1.1321377787259155 -3.5305389774005085 -0.96113368257566612 0.75172879057089947 -3.0378722074453601 1.6635915008591584 0.48232282003684013 -6.4101572233467863 -0.9661574084964375 -0.30085378145348501 0.85272243739743803 -1.6136863201132736 0.22758737788237787 -0.073623754063293537 0.15854796213526426 1.5226766295405829 -6.7778221174866653 -2.4256769528975517 -4.1487894578852504 -0.95674253640282958 0.89114960486347128
leaf_weight=5361 87646 84545 4794 82710 11254 42522 16011 1347 6400 7239 6982 26974 4290 2658 50128 61492 802 11431 50900 12622 20864 25225 15323 24675 1337 1452 3752 4489 7991 989
leaf_count=5361 87646 84545 4794 82710 11254 42522 16011 1347 6400 7239 6982 26974 4290 2658 50128 61492 802 11431 50900 12622 20864 25225 15323 24675 1337 1452 3752 4489 7991 989
internal_value=-0.000103974 0.459505 -0.549964 0.731221 -0.425959 -0.475064 1.00393 -0.990069 -0.919934 -1.84013 -1.95542 -0.176844 -1.21449 -0.240207 1.13654 -0.200969 -0.0331141 -1.32801 -0.557417 0.0838568 -0.247126 -0.47328 -0.961764 0.890384 -1.82671 -2.18754 -3.65067 -2.44932 -1.96908 -2.98149
internal_weight=684205 372689 311516 261170 286271 280910 173524 87971 86624 24470 25245 111519 18070 192939 157513 190281 147759 12233 62154 135526 74034 61412 36187 107385 13780 12443 5204 20451 15962 7971
internal_count=684205 372689 311516 261170 286271 280910 173524 87971 86624 24470 25245 111519 18070 192939 157513 190281 147759 12233 62154 135526 74034 61412 36187 107385 13780 12443 5204 20451 15962 7971
is_linear=0
shrinkage=0.04


Tree=10
num_leaves=31
num_cat=0
split_feature=31 10 10 31 28 15 1 13 22 4 4 28 4 33 11 6 5 7 50 5 4 48 22 10 15 7 46 10 9 33
split_gain=1.18428e+08 3.83621e+07 2.92712e+07 2.5238e+07 1.9485e+07 1.82529e+07 1.68655e+07 1.59189e+07 1.77371e+07 1.40626e+07 1.36767e+07 1.35032e+07 1.24756e+07 1.2025e+07 1.14662e+07 1.09264e+07 1.08358e+07 1.07813e+07 1.03487e+07 9.86789e+06 9.82315e+06 8.97534e+06 9.77077e+06 8.67095e+06 8.61218e+06 8.59299e+06 8.89095e+06 9.26177e+06 8.8239e+06 1.07323e+07
threshold=32.614999771118171 -0.44137394428253168 -0.091035783290863023 47.674999237060554 1.2965671420097353 -0.80451053380966175 -0.01419711112976074 0.83317363262176525 0.56818178296089183 0.082480669021606459 -0.42728483676910395 1.1041294336318972 0.077118635177612319 19.864862442016605 1.3252483606338503 0.14549350738525393 0.54337453842163097 -0.56148302555084217 -0.021735057234764096 -0.35577154159545893 0.14505219459533694 -0.13948772102594373 0.42436194419860845 -0.7799873650074004 0.020096477121114734 1.029480576515198 -0.018579862080514428 -0.15379846096038816 -0.078260362148284898 18.802358627319339
decision_type=10 10 10 10 10 2 8 10 10 10 8 10 10 10 10 10 10 10 8 8 8 8 8 8 2 8 8 10 10 10
left_child=2 5 4 11 7 -2 20 8 24 13 -9 12 -3 19 21 -8 -4 -15 -12 -7 25 -6 -23 -21 -1 26 -5 28 29 -28
right_child=1 3 16 6 14 9 15 10 -10 -11 18 -13 -14 17 -16 -17 -18 -19 -20 23 -22 22 -24 -25 -26 -27 27 -29 -30 -31
leaf_value=-2.5840082451947599 -3.5805101671398827 0.16929766529830395 0.15962899752911702 0.062570307737060502 2.1357070687899435 -0.051920831705508937 0.20369324402559966 -3.8865180357946736 -0.26411026926128295 0.99787674294021655 0.70589427821193318 -0.33082530435964058 1.1527955182614316 -2.046703773562434 -3.70697454238003 0.86329945810359165 -1.6228742704042509 1.6309887507172895 -0.55985470945301652 0.96077870809731947 3.435113421502781 -2.5651593937561747 -1.1876149332404915 -2.0328176882694047 -1.0075632652670441 -1.6083212976185308 0.43168640349093274 1.929262227956543 0.52337699599409993 3.5880834801913557
leaf_weight=16726 3342 89007 57825 8738 1032 7669 77512 1801 13545 7958 12128 62836 26857 1725 4297 83440 6015 4809 69606 1699 3232 12147 25683 16831 8320 1715 3153 29472 21797 3800
leaf_count=16726 3342 89007 57825 8738 1032 7669 77512 1801 13545 7958 12128 62836 26857 1725 4297 83440 6015 4809 69606 1699 3232 12147 25683 16831 8320 1715 3153 29472 21797 3800
internal_value=0.00575425 0.378814 -0.736022 0.498876 -1.01699 -0.743217 0.77327 -0.758697 -1.43051 -0.509364 -0.448204 0.141299 0.39735 -0.875995 -1.74752 0.545676 -0.00854619 0.65842 -0.371975 -1.25878 1.28255 -1.52996 -1.6305 -1.75797 -2.06094 1.18076 1.25243 1.43096 0.919656 2.15942
internal_weight=684717 455592 229125 411559 165285 44033 232859 122126 38591 40691 83535 178700 115864 32733 43159 160952 63840 6534 81734 26199 71907 38862 37830 18530 25046 68675 66960 58222 28750 6953
internal_count=684717 455592 229125 411559 165285 44033 232859 122126 38591 40691 83535 178700 115864 32733 43159 160952 63840 6534 81734 26199 71907 38862 37830 18530 25046 68675 66960 58222 28750 6953
is_linear=0
shrinkage=0.04


Tree=11
num_leaves=31
num_cat=0
split_feature=31 10 10 14 31 28 28 15 8 5 51 13 22 50 8 5 15 33 6 8 33 18 5 31 50 14 46 21 4 23
split_gain=1.17821e+08 3.46079e+07 3.19803e+07 2.17824e+07 2.01584e+07 2.10012e+07 1.96393e+07 1.96064e+07 1.92568e+07 1.623e+07 1.60183e+07 1.51024e+07 1.73081e+07 1.18664e+07 1.35238e+07 1.14201e+07 1.11405e+07 1.193e+07 1.06854e+07 1.12077e+07 1.06285e+07 1.03473e+07 1.00699e+07 9.89221e+06 9.56291e+06 1.3008e+07 8.85632e+06 8.58142e+06 9.58168e+06 8.20758e+06
threshold=32.82500076293946 -0.38901802897453303 -0.091035783290863023 0.99777778983116161 52.295000076293952 1.4539995193481448 1.5829792618751528 -0.89036473631858815 0.041055858135223396 -0.35577154159545893 -0.0025003813207149501 0.94724097847938549 0.65547901391983043 -0.079092457890510545 0.034285724163055427 0.54337453842163097 -0.49350702762603754 20.240303993225101 0.22657680511474612 -0.11575433611869811 19.7389669418335 -0.030826305039227005 0.51862788200378429 72.725002288818374 0.076510962098836913 0.43063947558403021 -0.0092779519036412222 18.579905509948734 0.12106585502624513 -0.074900090694427476
decision_type=10 10 10 8 10 10 10 2 10 8 10 10 10 8 10 10 2 10 10 8 8 2 8 10 8 10 8 10 10 10
left_child=2 7 3 6 5 8 11 -2 -3 -5 18 12 -1 -9 16 -7 17 23 19 -6 -11 -13 -4 29 -23 -26 -12 28 -10 -15
right_child=1 4 22 9 10 15 -8 13 27 20 26 21 -14 14 -16 -17 -18 -19 -20 -21 -22 24 -24 -25 25 -27 -28 -29 -30 -31
leaf_value=-1.5898306134577929 -5.7538624618404928 0.13239744410852264 0.21179809946894565 -9.2336361944132257 2.984299237242833 -0.39319551698583982 -1.8761530444254859 2.3950286448056426 1.3677768197225602 -6.0864804288133323 -0.85417166380584431 0.90594663413013565 -0.13969897513930804 -2.8215765005798237 0.69358634488664916 -4.1397770141471515 -0.36206998661428708 0.83899581537099355 1.7653656377399682 0.71301316793068747 -0.33517406428872326 0.25657847092404623 -1.3961820653632591 1.9206609100073377 1.0313692322956463 -1.1092217489102343 0.57898717174451808 0.82592855443500501 4.4001042835973125 0.22113559844666253
leaf_weight=46722 1116 106635 57544 802 3722 43570 29909 2284 6185 833 7541 9324 18339 11216 11218 1332 26620 2514 34731 50995 1321 17684 6978 884 5161 37447 80022 57990 2281 1622
leaf_count=46722 1116 106635 57544 802 3722 43570 29909 2284 6185 833 7541 9324 18339 11216 11218 1332 26620 2514 34731 50995 1321 17684 6978 884 5161 37447 80022 57990 2281 1622
internal_value=0.0137879 0.389603 -0.718961 -1.01035 0.523043 0.26553 -0.949056 -0.527424 0.465494 -4.4082 0.840142 -0.743043 -1.18116 -0.422927 -0.542374 -0.505233 -0.865986 -1.69146 1.21661 0.868029 -2.57718 -0.33348 0.037707 -2.15533 -0.525273 -0.849756 0.455479 0.999878 2.18901 -2.43728
internal_weight=684542 452478 232064 167542 395004 217993 164586 57474 173091 2956 177011 134677 65061 56358 54074 44902 42856 16236 89448 54717 2154 69616 64522 13722 60292 42608 87563 66456 8466 12838
internal_count=684542 452478 232064 167542 395004 217993 164586 57474 173091 2956 177011 134677 65061 56358 54074 44902 42856 16236 89448 54717 2154 69616 64522 13722 60292 42608 87563 66456 8466 12838
is_linear=0
shrinkage=0.04


Tree=12
num_leaves=31
num_cat=0
split_feature=10 14 0 49 15 7 22 10 40 14 21 38 13 4 7 17 13 16 7 7 39 17 10 51 21 14 6 14 6 10
split_gain=8.09001e+07 3.39126e+07 3.0914e+07 2.0695e+07 2.71938e+07 2.02728e+07 1.77247e+07 1.73299e+07 1.68677e+07 1.5908e+07 1.50668e+07 1.41682e+07 1.39358e+07 1.35553e+07 1.32918e+07 1.25201e+07 1.22842e+07 9.97037e+06 9.51615e+06 9.36502e+06 9.30944e+06 9.2037e+06 1.13663e+07 1.48628e+07 9.07768e+06 8.92679e+06 8.57774e+06 8.27086e+06 8.0408e+06 7.58664e+06
threshold=-0.17437633872032163 0.9879153072834016 0.0099502801895141619 0.018466062843799595 -0.66635379195213307 -0.23781114816665647 0.51707360148429882 -0.35551592707633967 0.0058354735374450692 0.66323885321617138 12.269020557403566 -2.401762723922729 1.0933182835578921 0.087984800338745131 1.2071516513824465 0.049435066059231765 1.0106003284454348 0.0080485786311328428 0.13780963420867923 0.23610889911651614 0.23661869764328006 0.13111449778079989 -0.62669265270233143 -0.074138455092906938 5.9158525466918954 0.75277811288833629 -0.14935922622680661 0.98976975679397594 0.95824718475341808 -0.40837872028350825
decision_type=10 8 10 8 2 10 10 10 8 10 10 10 10 8 10 2 10 10 10 10 8 2 10 8 10 10 10 10 10 10
left_child=1 3 8 5 6 -1 7 12 -2 11 13 16 -5 -10 17 -4 29 -12 20 -18 -7 22 23 -3 -9 -26 -22 -25 -11 -6
right_child=2 21 15 4 9 18 -8 24 10 28 14 -13 -14 -15 -16 -17 19 -19 -20 -21 26 -23 -24 27 25 -27 -28 -29 -30 -31
leaf_value=2.1099605619789306 0.19074660161133486 -8.820815909234355 0.10009554578511046 -3.7067760556223455 -0.77219789446265896 0.033554890001094746 -0.19474256104571197 0.50031278881315611 1.3716491409966924 -0.74182831444401376 0.90993908641211874 -1.1754410254670471 -1.0683528869977628 3.9162824171127064 -3.8754931505487495 -0.86739632994651394 0.86032065121211132 0.067020113945213441 3.8055796390433869 -3.1883222281338051 -3.8394080782884972 1.0868818286942763 -1.8689859788132956 -1.3301823926948169 -0.98441507668558792 -3.6439068991179542 -0.3311864774211668 -5.7100093324173047 -2.9506647476583341 0.11285021000929528
leaf_weight=7865 86461 1085 81178 11029 24304 59402 12075 4369 23693 74586 113853 16190 4527 3897 994 29052 31280 27969 1004 932 1951 842 4292 1547 7923 2706 2590 1247 2725 42726
leaf_count=7865 86461 1085 81178 11029 24304 59402 12075 4369 23693 74586 113853 16190 4527 3897 994 29052 31280 27969 1004 932 1951 842 4292 1547 7923 2706 2590 1247 2725 42726
internal_value=0.00110096 -0.466776 0.40538 -0.395994 -0.578299 0.193323 -1.49241 -2.00502 0.645833 -0.376057 0.876712 -0.0786418 -2.94014 1.73236 0.711303 -0.15495 0.100387 0.743722 -0.039068 0.742227 -0.10002 -2.88393 -3.29394 -4.86176 -1.03381 -1.66427 -1.84359 -3.29835 -0.820055 -0.208121
internal_weight=684294 317197 367097 308184 235372 72812 42629 30554 256867 192743 170406 115432 15556 27590 142816 110230 99242 141822 64947 32212 63943 9013 8171 3879 14998 10629 4541 2794 77311 67030
internal_count=684294 317197 367097 308184 235372 72812 42629 30554 256867 192743 170406 115432 15556 27590 142816 110230 99242 141822 64947 32212 63943 9013 8171 3879 14998 10629 4541 2794 77311 67030
is_linear=0
shrinkage=0.04


Tree=13
num_leaves=31
num_cat=0
split_feature=31 32 6 4 16 4 31 33 19 17 14 36 29 4 8 48 15 6 1 28 12 8 40 14 5 43 43 9 43 8
split_gain=1.04529e+08 3.22572e+07 2.60741e+07 2.02857e+07 1.74298e+07 1.42536e+07 1.37818e+07 1.33394e+07 1.31755e+07 1.39167e+07 1.30835e+07 1.27769e+07 1.39124e+07 1.27761e+07 1.23355e+07 1.29729e+07 1.68017e+07 1.1802e+07 1.17977e+07 1.16314e+07 1.13838e+07 1.08371e+07 1.07501e+07 1.03285e+07 1.01314e+07 1.00865e+07 1.19994e+07 1.30309e+07 9.56856e+06 9.30709e+06
threshold=34.274999618530281 1.9356380701065066 -0.037559628486633294 -0.00098490715026855447 0.034277148544788368 0.51344299316406261 62.885000228881843 18.023576736450199 1.5000000000000002 0.048261523246765144 0.99466660618782055 -0.82553386688232411 1.5128345489501955 0.10217189788818361 -0.0080721676349639875 0.048020195215940482 -0.58928588032722462 -0.050768852233886712 -0.089612126350402818 0.2504305392503739 0.034812903031706817 0.028786838054656986 0.0051925778388977059 0.94147637486457836 -0.15173959732055661 4.5000000000000009 49.500000000000007 -0.10571083426475524 6.5000000000000009 -0.10189172625541686
decision_type=10 8 10 10 10 10 10 8 2 2 8 10 10 8 10 8 2 10 10 10 10 8 8 8 10 2 2 8 2 10
left_child=1 3 6 11 8 17 14 20 9 22 18 12 25 -10 15 29 23 -5 -9 -8 -3 28 -4 -17 -13 -1 27 -27 -20 -2
right_child=2 7 4 5 -6 -7 19 10 13 -11 -12 24 -14 -15 -16 16 -18 -19 21 -21 -22 -23 -24 -25 -26 26 -28 -29 -30 -31
leaf_value=-3.7350621084495659 1.8244557708894771 -1.4546126923133742 0.16512688554725141 -0.65155173353224161 -2.2231483490551365 -4.094833159257365 -3.9366773215513429 1.7220409737642985 0.90039930206486762 -0.30685758013912895 -4.692124874518866 0.98004499802290912 -2.6370224272019729 2.549009025611451 0.22591911568950987 -1.8095376637524772 -0.4711957548324594 0.16674924779556732 -5.4396991545368421 0.90014566757802994 -7.1090553799021938 -0.66671002940646451 0.81672063556318353 -5.9678251998018323 -0.71147779023052982 3.1332309159371623 -1.3890893869273251 -0.44221547581014164 -1.9585422784460931 -0.23700820247764076
leaf_weight=2050 4677 997 60177 42112 3462 1438 811 1846 64177 31423 2016 8038 9760 8515 48560 13241 33297 85312 1383 25838 1339 11895 123995 1023 19129 1779 29749 18449 14071 13878
leaf_count=2050 4677 997 60177 42112 3462 1438 811 1846 64177 31423 2016 8038 9760 8515 48560 13241 33297 85312 1383 25838 1339 11895 123995 1023 19129 1779 29749 18449 14071 13878
internal_value=0.00163473 -0.647196 0.378232 -0.469317 0.594244 -0.148571 -0.0677084 -1.80165 0.628153 0.471095 -1.58237 -0.933894 -1.25173 1.09384 -0.258135 -0.613638 -0.963551 -0.103719 -1.3661 0.751527 -4.71224 -1.57509 0.603837 -2.11174 -0.210824 -0.991403 -0.878137 -0.126371 -2.27339 0.28331
internal_weight=684437 251363 433074 217816 291749 128862 141325 33547 288287 215595 31211 88954 61787 72692 114676 66116 47561 127424 29195 26649 2336 27349 184172 14264 27167 52027 49977 20228 15454 18555
internal_count=684437 251363 433074 217816 291749 128862 141325 33547 288287 215595 31211 88954 61787 72692 114676 66116 47561 127424 29195 26649 2336 27349 184172 14264 27167 52027 49977 20228 15454 18555
is_linear=0
shrinkage=0.04


Tree=14
num_leaves=31
num_cat=0
split_feature=31 10 36 10 32 28 40 51 9 0 31 52 33 43 9 14 1 0 28 40 52 43 51 10 21 33 32 52 18 48
split_gain=9.96848e+07 4.18769e+07 2.67698e+07 2.43e+07 2.25068e+07 2.12547e+07 1.75588e+07 1.52901e+07 1.33337e+07 1.14122e+07 1.12617e+07 1.15172e+07 1.49144e+07 1.08637e+07 1.07909e+07 1.07502e+07 1.22038e+07 1.02802e+07 1.58481e+07 9.35503e+06 9.33418e+06 8.69706e+06 1.00375e+07 8.68218e+06 1.58541e+07 1.6395e+07 8.63824e+06 1.09111e+07 8.21561e+06 8.10186e+06
threshold=40.98500061035157 -0.11499357223510741 -0.67860522866249073 -0.45399618148803705 2.0405899286270146 1.2340647578239443 0.0055419802665710458 -0.0010423180647194383 0.028970420360565189 0.023598551750183109 61.284999847412116 -0.05135309882462024 19.009734153747562 4.5000000000000009 -0.094618707895278917 0.99466660618782055 -0.066804647445678697 -0.047368049621582024 0.77310568094253551 1.0108404159545901 0.16389425098896029 7.5000000000000009 0.073609396815300002 -0.3339849710464477 37.634721755981452 20.271794319152836 1.164516866207123 -0.056898683309555047 -0.045751091092824929 -0.16858036071062085
decision_type=10 10 10 10 8 10 8 8 10 10 10 8 10 2 10 10 8 10 10 10 8 2 8 10 10 10 10 10 2 8
left_child=1 2 4 17 5 8 29 10 13 -3 11 12 28 -1 -14 16 -6 18 -2 20 -4 -9 -23 24 25 26 27 -15 -8 -5
right_child=3 9 19 6 15 -7 7 21 -10 -11 -12 -13 14 23 -16 -17 -18 -19 -20 -21 -22 22 -24 -25 -26 -27 -28 -29 -30 -31
leaf_value=-3.1577617848653139 -6.7129919723775116 0.29361883822194024 -0.10928931084132053 3.4621236205991184 0.23967809392585654 -1.6784386211746849 -3.9559629257319906 1.8362269841947563 0.30551868099293644 -0.69774705085000177 1.6383401708793408 1.1696184726215175 3.7822163541049116 -5.1344597590274121 0.58935044402732617 -6.7389529837747491 -2.5379281262596516 -0.39518867626333837 -0.68194872032110521 1.6200751205733703 -3.349174146440276 0.4451932366380717 -0.98958232165106397 -0.37525923835935232 -0.26858141402275765 -0.041945148098284049 -1.7447916176421259 -1.9145310817666492 -0.51890670360291258 0.077316281240696977
leaf_weight=3065 1083 96541 46220 1135 2978 40658 1221 6438 20759 22996 38768 48194 1957 3680 12230 833 16786 25188 1932 4927 1458 88847 8543 47042 16553 5443 8516 3131 11637 95709
leaf_count=3065 1083 96541 46220 1135 2978 40658 1221 6438 20759 22996 38768 48194 1957 3680 12230 833 16786 25188 1932 4927 1458 88847 8543 47042 16553 5443 8516 3131 11637 95709
internal_value=-0.0171336 -0.500764 -0.825708 0.464669 -1.07041 -0.898804 0.565482 0.764701 -0.605685 0.102862 1.0845 0.798948 0.138229 -0.822048 1.03214 -2.3095 -2.11949 -0.659966 -2.86335 -0.0374555 -0.209047 0.413477 0.319247 -0.736826 -1.19232 -1.92803 -2.59737 -3.65924 -0.848111 0.117339
internal_weight=684468 341586 222049 342882 169444 148847 314679 217835 108189 119537 114007 75239 27045 87430 14187 20597 19764 28203 3015 52605 47678 103828 97390 84365 37323 20770 15327 6811 12858 96844
internal_count=684468 341586 222049 342882 169444 148847 314679 217835 108189 119537 114007 75239 27045 87430 14187 20597 19764 28203 3015 52605 47678 103828 97390 84365 37323 20770 15327 6811 12858 96844
is_linear=0
shrinkage=0.04


Tree=15
num_leaves=31
num_cat=0
split_feature=31 10 7 36 28 43 21 9 21 10 15 8 33 5 12 17 7 28 29 8 31 22 32 36 11 8 12 32 36 40
split_gain=9.0836e+07 2.74475e+07 2.508e+07 2.37309e+07 2.10073e+07 1.86285e+07 1.82101e+07 1.42887e+07 1.62569e+07 1.39172e+07 1.40552e+07 1.38983e+07 2.5416e+07 1.22668e+07 1.14161e+07 1.06699e+07 1.01912e+07 1.01839e+07 9.8402e+06 9.50109e+06 9.32606e+06 9.3156e+06 9.29156e+06 1.01624e+07 9.17611e+06 1.37566e+07 1.50369e+07 1.40193e+07 1.1783e+07 8.3998e+06
threshold=36.914999008178718 -0.12245851755142211 0.059992134571075446 -0.6414048671722411 1.6173594594001772 4.5000000000000009 68.641441345214858 -0.28013899922370905 25.426239967346195 -0.55555555224418629 -0.8620694875717162 -0.090027481317520128 18.705527305603031 0.92229580879211437 0.020082848146557811 0.054381523281335838 0.50748908519744884 0.80481630563735973 1.1652072668075564 -0.035241901874542229 47.475000381469734 0.74659553170204174 1.9356380701065066 -0.72527137398719776 1.2755014896392824 -0.024121016263961789 0.029359985142946247 1.2069106101989748 -0.52194359898567189 0.50564301013946544
decision_type=10 10 10 10 10 2 10 10 10 10 2 8 10 8 10 2 10 10 10 10 10 10 10 10 10 10 10 10 8 10
left_child=1 3 9 4 5 18 24 8 -7 10 -2 12 14 17 -11 -8 21 -3 -1 -12 -16 -9 -19 -24 28 26 -26 -28 -4 -5
right_child=2 13 6 29 -6 7 15 16 -10 11 19 -13 -14 -15 20 -17 -18 22 -20 -21 -22 -23 23 -25 25 -27 27 -29 -30 -31
leaf_value=-5.7038152977467353 -5.9513429744431408 0.5878603548707535 0.44648350695772254 -0.22330446802266882 -2.1750324632745008 -7.3508595644247308 0.40724529529596865 -0.93743849889163944 -0.53345945304995823 2.0665908336495575 -1.2795694916731877 0.030297018934324495 1.6555355564828818 -4.3528180036032609 -3.0554520276182138 -1.0574310492255456 1.5002276264283463 -0.14887003900194093 -1.8732859326179496 0.49353405509500603 -0.34505792024934873 0.094614907505257445 -3.3600963147768228 0.72470440608136255 0.55973888601036215 0.76254827740992381 -8.3220828304593066 -1.2372577641957627 1.5039910336225655 1.4675509255557293
leaf_weight=1785 828 32524 22874 34267 24038 1111 62266 94121 1121 1979 14047 160407 23543 1034 3097 9114 3207 63833 2707 7364 5875 16435 3002 1436 1916 18285 826 969 64204 5438
leaf_count=1785 828 32524 22874 34267 24038 1111 62266 94121 1121 1979 14047 160407 23543 1034 3097 9114 3207 63833 2707 7364 5875 16435 3002 1436 1916 18285 826 969 64204 5438
internal_value=-0.0226989 -0.566268 0.36839 -0.857554 -1.09549 -0.879952 0.716866 -0.781893 -3.94454 0.0787689 -0.869019 0.186954 0.915237 -0.0392373 -0.676353 0.220109 -0.719502 0.00544072 -3.40472 -0.669791 -1.28301 -0.784021 -0.272067 -2.03972 1.0419 0.311749 -1.90553 -4.52551 1.22628 0.00858643
internal_weight=683653 286059 397594 184230 144525 120487 180454 115995 2232 217140 22239 194901 34494 101829 10951 71380 113763 100795 4492 21411 8972 110556 68271 4438 109074 21996 3711 1795 87078 39705
internal_count=683653 286059 397594 184230 144525 120487 180454 115995 2232 217140 22239 194901 34494 101829 10951 71380 113763 100795 4492 21411 8972 110556 68271 4438 109074 21996 3711 1795 87078 39705
is_linear=0
shrinkage=0.04


Tree=16
num_leaves=31
num_cat=0
split_feature=31 36 32 28 4 7 20 8 52 1 2 29 28 31 40 3 48 40 1 28 4 2 22 23 7 48 37 32 30 42
split_gain=8.71389e+07 2.834e+07 2.72294e+07 1.99714e+07 2.42591e+07 1.98834e+07 1.79478e+07 1.59947e+07 1.17509e+07 1.08547e+07 1.0153e+07 1.28973e+07 1.00313e+07 1.00878e+07 9.53851e+06 9.04154e+06 9.79917e+06 8.90071e+06 8.86378e+06 8.45918e+06 8.21988e+06 8.20076e+06 7.9652e+06 1.15539e+07 1.14039e+07 9.54071e+06 9.45978e+06 8.3815e+06 8.07877e+06 7.15257e+06
threshold=38.965000152587898 -0.58185976743698109 2.0117646455764775 1.2340647578239443 0.065775036811828627 0.042780280113220222 1.5000000000000002 -0.44697439670562739 -0.1254138648509979 -0.036858797073364251 -0.11180031299591063 1.1083049178123476 0.15861959010362628 62.885000228881843 0.50564301013946544 0.025639772415161136 -0.056575387716293328 1.0094255208969118 -0.064799308776855455 0.39642229676246649 0.43315505981445318 -0.036416649818420403 0.24179716408252719 -0.17784380912780759 -0.056874215602874749 -0.06501490622758864 0.15004971623420718 1.1287811994552615 1.0342230200767519 1.0000000180025095e-35
decision_type=10 10 8 10 10 10 2 10 10 10 8 8 10 10 10 8 8 10 10 8 8 10 10 10 10 8 8 10 10 2
left_child=1 2 3 4 7 12 8 -1 -7 -10 11 -4 -2 -14 -3 16 -5 22 -6 -20 -17 -15 23 26 25 -25 -9 -28 -27 -12
right_child=5 14 10 15 18 6 -8 17 9 -11 29 -13 13 21 -16 20 -18 -19 19 -21 -22 -23 -24 24 -26 28 27 -29 -30 -31
leaf_value=-5.4105041924001966 -3.4805918396784397 0.053237031687719184 4.3427368044944812 1.4726909919215683 2.9483670838313634 -0.9963234892694911 0.06471256648962545 2.2616799309053492 1.9745788626488365 0.88907016129292682 -1.914545047808935 -1.6789382904253276 -0.012556859119318477 1.6505597807428667 1.3708588455342123 -0.61661759905587077 -1.8640878369678575 1.2979704874922247 2.486647904279081 0.22343076886951974 -3.2704573241538641 0.38047678976667493 -0.36976113190519266 1.3142279807749353 -0.85295530812289988 -2.2813614991910707 -2.0416623299439141 0.13735346138611895 -4.9008039510315662 -4.2758623549976944
leaf_weight=1085 1211 52469 901 1485 2240 4726 48916 2086 16993 111198 21679 1507 140308 10490 10550 41145 25005 4001 2819 40109 1947 36144 68828 861 11932 6230 4400 7852 2717 2267
leaf_count=1085 1211 52469 901 1485 2240 4726 48916 2086 16993 111198 21679 1507 140308 10490 10550 41145 25005 4001 2819 40109 1947 36144 68828 861 11932 6230 4400 7852 2717 2267
internal_value=0.0055787 -0.484366 -0.674701 -0.532009 -0.279464 0.421539 0.719813 -0.59996 0.96088 1.03311 -1.89089 0.58283 0.133261 0.156857 0.274002 -1.09503 -1.67655 -0.551542 0.50096 0.372596 -0.737255 0.666466 -0.622198 -1.10355 -1.68467 -2.69459 -0.221869 -0.646213 -3.08141 -2.13979
internal_weight=684101 314115 251096 224742 155160 369986 181833 109992 132917 128191 26354 2408 188153 186942 63019 69582 26490 108907 45168 42928 43092 46634 104906 36078 21740 9808 14338 12252 8947 23946
internal_count=684101 314115 251096 224742 155160 369986 181833 109992 132917 128191 26354 2408 188153 186942 63019 69582 26490 108907 45168 42928 43092 46634 104906 36078 21740 9808 14338 12252 8947 23946
is_linear=0
shrinkage=0.04


Tree=17
num_leaves=31
num_cat=0
split_feature=31 10 10 31 29 36 28 43 51 8 37 15 28 8 5 38 50 4 21 29 8 38 7 5 4 9 2 13 11 43
split_gain=7.98364e+07 2.50767e+07 2.33971e+07 1.78751e+07 1.68546e+07 1.56476e+07 1.55086e+07 1.47277e+07 1.36954e+07 1.32793e+07 1.65189e+07 1.58263e+07 1.32527e+07 1.28253e+07 1.05374e+07 1.01497e+07 1.15699e+07 1.35176e+07 1.37822e+07 1.37052e+07 9.82388e+06 9.68218e+06 9.682e+06 9.48202e+06 8.93474e+06 8.82203e+06 8.80722e+06 8.55375e+06 8.46813e+06 8.1758e+06
threshold=32.82500076293946 -0.41342037916183466 -0.091035783290863023 52.295000076293952 15.750433921813967 -0.4180349707603454 1.5355514883995058 4.5000000000000009 -0.0071762285660952321 -0.032043844461441033 0.21293519437313083 -0.73912781476974476 1.0467635393142702 0.040074229240417487 0.57474732398986828 0.20802017301321032 -0.026319275610148903 0.082480669021606459 18.579905509948734 1.472383499145508 0.55538326501846325 -0.76817733049392689 1.2071516513824465 -0.29180383682250971 0.14505219459533694 0.017994701862335209 -0.0047552585601806632 1.2288767099380495 0.048527717590332038 42.500000000000007
decision_type=10 10 10 8 10 10 10 2 10 10 8 2 10 10 10 10 8 10 10 8 10 10 8 8 10 8 10 10 10 2
left_child=2 9 4 12 5 6 7 -1 21 10 28 -12 13 -3 -14 16 -9 19 -19 29 -4 22 24 -13 -5 -25 -26 -15 -2 -18
right_child=1 3 20 8 -6 -7 -8 15 -10 -11 11 23 14 27 -16 -17 17 18 -20 -21 -22 -23 -24 25 26 -27 -28 -29 -30 -31
leaf_value=-2.9431599203001122 2.714615996191085 0.11534065208328191 0.090085299841049835 1.357984016873967 -6.5976992501932035 0.26763045036109423 -1.8262132544958898 0.81638469585446727 0.39093875025690594 0.35852004938953086 -3.482731110484504 -0.052677397928628134 -0.15373982391799917 0.69896850618657691 -3.2631709064065242 -1.8350146932738363 -0.11778825648249891 2.8077165536056334 -0.19414784797538001 -2.2182201228597087 -4.1723227410332777 0.40102086585491559 -1.3730817669957049 -2.1664232048064687 5.4969668533910214 0.33843049943008685 0.82534432461434448 2.1501025358485286 -1.201492907643946 -1.0530632770542014
leaf_weight=4802 2637 85435 64038 51768 806 18349 27577 8901 99682 17175 4639 10829 85809 42803 1770 11083 23646 2842 17231 11323 867 22889 1970 10697 1676 2845 1053 7658 1319 40688
leaf_count=4802 2637 85435 64038 51768 806 18349 27577 8901 99682 17175 4639 10829 85809 42803 1770 11083 23646 2842 17231 11323 867 22889 1970 10697 1676 2845 1053 7658 1319 40688
internal_value=-0.00903292 0.300266 -0.612094 0.405347 -0.862239 -0.83407 -0.970581 -0.774657 0.703145 -0.543197 -1.01295 -1.34362 0.166745 0.414016 -0.216948 -0.68442 -0.562379 -0.690649 0.232052 -0.935455 0.0325142 1.09522 1.37649 -0.935181 1.47612 -1.64032 3.70399 0.919576 1.40918 -0.709374
internal_weight=684807 452654 232153 402513 167248 166442 148093 120516 179038 50141 32966 29010 223475 135896 87579 115714 104631 95730 20073 75657 64905 79356 56467 24371 54497 13542 2729 50461 3956 64334
internal_count=684807 452654 232153 402513 167248 166442 148093 120516 179038 50141 32966 29010 223475 135896 87579 115714 104631 95730 20073 75657 64905 79356 56467 24371 54497 13542 2729 50461 3956 64334
is_linear=0
shrinkage=0.04


Tree=18
num_leaves=31
num_cat=0
split_feature=31 10 14 10 1 50 12 22 9 28 10 52 29 52 21 10 12 10 28 41 9 31 8 0 17 14 8 11 10 48
split_gain=7.57755e+07 4.15153e+07 2.43055e+07 1.89253e+07 1.67713e+07 1.62558e+07 2.17987e+07 1.81546e+07 2.16662e+07 1.43208e+07 1.3387e+07 1.32972e+07 1.32021e+07 1.30713e+07 1.37851e+07 1.66515e+07 1.06115e+07 1.05435e+07 1.01992e+07 1.00559e+07 9.49936e+06 9.44497e+06 9.29704e+06 8.88116e+06 1.48875e+07 9.91191e+06 8.79276e+06 1.73496e+07 8.91584e+06 1.03528e+07
threshold=43.614999771118171 -0.17437633872032163 0.99466660618782055 -0.53458142280578602 -0.01419711112976074 0.047966482117772109 0.023466031998395923 0.28809313476085668 -0.094618707895278917 0.80481630563735973 -0.81112942099571217 -0.066027782857418046 2.3002573251724248 -0.033355524763464921 39.021989822387702 -0.35188165307044977 0.06501584500074388 -0.071126997470855699 2.2402516603469853 1.0000000180025095e-35 0.070272088050842299 17.064999580383304 0.033403158187866218 -0.047368049621582024 0.097729578614234938 0.16704374551773074 -0.11272749304771422 0.67778176069259655 -0.17815899848937986 0.27821370959281927
decision_type=10 10 10 10 10 8 10 10 8 10 10 8 10 10 10 10 10 8 10 2 10 8 10 10 2 8 8 10 10 8
left_child=1 2 5 23 22 6 -1 8 12 20 -4 21 -7 14 15 -10 19 -6 -9 -13 -3 -11 26 24 -2 -25 27 -5 -28 -30
right_child=3 9 10 4 17 7 -8 18 13 11 -12 16 -14 -15 -16 -17 -18 -19 -20 -21 -22 -23 -24 25 -26 -27 28 -29 29 -31
leaf_value=-0.80919936556477978 -6.5667695124452985 0.38912544889446382 -8.5225803964571778 2.4506154486060692 0.092698741878950969 -0.14050544221362085 0.92320081377744678 -0.46816450349304667 -4.8663945797071078 -5.2199839893009354 -2.6885340735408936 -0.082491342452377062 -4.1810732274826981 -0.8779639455383168 -1.4958867610263196 -2.0610368760230138 -4.0551742252087886 0.68865552210893621 -1.7434073348288726 3.4162674228810084 2.15132975680145 -1.1826230397671116 1.7028538891001697 -2.8951613799897498 0.42007076154836542 -0.077267810458323774 -0.0027691191305774829 -1.64472337088389 0.17985158354211739 1.6306009964447423
leaf_weight=27917 1046 57597 831 9745 118759 16639 19894 85145 6994 1025 2571 105090 1393 8742 9145 6601 1053 79151 11368 1321 5340 9029 21998 2328 905 13707 25513 1986 13934 18084
leaf_count=27917 1046 57597 831 9745 118759 16639 19894 85145 6994 1025 2571 105090 1393 8742 9145 6601 1053 79151 11368 1321 5340 9029 21998 2328 905 13707 25513 1986 13934 18084
internal_value=-0.00692176 -0.38635 -0.787461 0.459641 0.537952 -0.728509 -0.088311 -0.938097 -1.56074 0.0520883 -4.13441 -0.208681 -0.45479 -2.19384 -2.6991 -3.50678 -0.0784696 0.331065 -0.618537 -0.0387404 0.538961 -1.59901 0.98653 -0.799006 -3.34021 -0.487926 0.758808 1.75648 0.555105 0.999499
internal_weight=684851 377695 197240 307156 289170 193838 47811 146027 49514 180455 3402 117518 18032 31482 22740 13595 107464 197910 96513 106411 62937 10054 91260 17986 1951 16035 69262 11731 57531 32018
internal_count=684851 377695 197240 307156 289170 193838 47811 146027 49514 180455 3402 117518 18032 31482 22740 13595 107464 197910 96513 106411 62937 10054 91260 17986 1951 16035 69262 11731 57531 32018
is_linear=0
shrinkage=0.04


Tree=19
num_leaves=31
num_cat=0
split_feature=10 0 32 47 15 33 22 32 51 5 14 21 1 17 16 52 46 43 43 47 52 34 32 8 8 46 23 5 13 9
split_gain=5.80929e+07 2.77957e+07 2.1468e+07 1.65549e+07 1.89858e+07 1.66111e+07 1.76518e+07 1.63561e+07 1.58236e+07 1.57934e+07 1.55285e+07 1.40016e+07 1.18717e+07 1.16196e+07 1.07548e+07 8.93474e+06 8.6676e+06 8.60826e+06 1.12879e+07 8.39934e+06 8.28598e+06 7.86281e+06 7.67764e+06 7.22258e+06 7.18777e+06 7.16509e+06 6.98099e+06 6.7299e+06 7.3349e+06 9.22298e+06
threshold=-0.17815899848937986 0.0099502801895141619 1.9356380701065066 -0.059216231107711785 -0.66635379195213307 20.473588943481449 0.51707360148429882 2.0733857154846196 0.063487950712442412 0.095502376556396498 0.99777778983116161 18.972249031066898 -0.10805845260620116 0.071854528039693846 0.031074883416295055 0.045065419748425491 0.014826305210590364 39.500000000000007 4.5000000000000009 -0.044137572869658463 -0.081227470189332948 -0.11214076727628706 1.3975694775581362 0.041055858135223396 -0.080101430416107164 -0.017020311206579205 -0.043159842491149895 0.70842289924621593 1.1491068005561831 -0.015106111764907835
decision_type=10 10 8 8 2 10 10 10 8 10 10 10 8 2 8 8 10 2 2 8 10 8 8 10 10 8 8 10 10 10
left_child=2 7 3 24 5 6 17 9 27 -2 12 15 -4 22 19 -11 21 18 -5 -13 -9 -14 25 -19 -1 -3 -15 28 29 -6
right_child=1 13 10 4 8 -7 -8 20 -10 11 -12 14 16 26 -16 -17 -18 23 -20 -21 -22 -23 -24 -25 -26 -27 -28 -29 -30 -31
leaf_value=1.7508401336110084 0.29969083966599402 -1.5774445699542483 1.8591136687749901 -4.5307210507530513 -0.55659864299135364 0.1951292744333388 -0.041645626476813601 -4.3636422796806098 -1.3422584573057239 1.1996552640575164 -6.3505717064837626 -2.3268397451732254 1.5555915533019242 -2.4944685089036098 -3.271764398265538 2.7143457608753883 1.1205784040664457 -2.7506894858769253 -0.32072967662367613 0.79839955512772909 -0.72292585223340189 -1.6806224660473823 -0.73424316950016466 0.10782438463901445 -0.18170984600969506 0.21480255877871821 -0.5114896699563698 -3.2014969189839264 0.38003375732946276 0.074792933937947753
leaf_weight=8871 126210 3735 1919 1186 65952 12476 9747 1240 17454 17786 950 1386 1246 5086 1063 9609 2079 16845 6898 98641 5035 28784 20676 1543 4711 75954 6433 1093 44953 84349
leaf_count=8871 126210 3735 1919 1186 65952 12476 9747 1240 17454 17786 950 1386 1246 5086 1063 9609 2079 16845 6898 98641 5035 28784 20676 1543 4711 75954 6433 1093 44953 84349
internal_value=0.0049652 0.341684 -0.398648 -0.280339 -0.35081 -1.06354 -1.49704 0.567812 -0.188437 0.617535 -1.3321 0.929705 -1.19017 -0.185767 0.712206 1.73174 -1.37293 -2.03269 -0.94321 0.754867 -1.44816 -1.54587 -0.0476097 -2.51089 1.08088 0.130613 -1.38844 -0.0858064 -0.0682023 -0.20228
internal_weight=683910 372854 311056 276078 262496 48695 36219 260970 213801 254695 34978 128485 34028 111884 101090 27395 32109 26472 8084 100027 6275 30030 100365 18388 13582 79689 11519 196347 195254 150301
internal_count=683910 372854 311056 276078 262496 48695 36219 260970 213801 254695 34978 128485 34028 111884 101090 27395 32109 26472 8084 100027 6275 30030 100365 18388 13582 79689 11519 196347 195254 150301
is_linear=0
shrinkage=0.04


Tree=20
num_leaves=31
num_cat=0
split_feature=31 22 28 14 13 10 19 4 29 4 29 10 21 3 48 13 32 40 51 47 14 22 0 17 32 14 6 15 0 23
split_gain=6.8302e+07 2.48974e+07 2.00146e+07 1.86613e+07 1.71434e+07 1.44343e+07 1.3547e+07 1.42216e+07 1.31184e+07 1.20629e+07 1.09438e+07 1.04992e+07 1.12181e+07 1.40888e+07 1.0717e+07 9.54416e+06 8.79656e+06 8.76596e+06 9.15378e+06 8.75555e+06 8.5757e+06 8.39415e+06 8.30824e+06 1.14995e+07 8.25468e+06 8.22883e+06 8.05256e+06 1.32356e+07 8.04522e+06 1.09444e+07
threshold=41.764999389648445 0.51707360148429882 1.0851091146469118 0.98976975679397594 0.97117793560028087 -0.53458142280578602 1.5000000000000002 0.077118635177612319 1.3430734872817995 0.35273098945617681 1.1284468770027163 -0.33731770515441889 37.634721755981452 -0.10059833526611327 0.05294447951018811 1.3195109367370608 1.9356380701065066 0.0033095479011535649 0.031012799590826038 -0.1303257346153259 0.69437247514724743 0.10317454114556314 -0.038862943649291985 0.06775378063321115 1.123487174510956 0.23690446466207507 -0.47482752799987787 -0.4377825260162353 -0.0050218105316162101 -0.050196975469589226
decision_type=10 10 8 8 10 10 2 10 8 10 10 10 10 10 8 8 10 8 10 10 8 10 10 2 8 8 10 2 10 10
left_child=1 3 -3 4 8 22 17 -8 11 28 -6 12 13 -1 -15 -11 19 -7 24 -10 -9 -16 23 -2 -19 -24 27 -5 -4 -30
right_child=5 2 9 26 10 6 7 20 16 15 -12 -13 -14 14 21 -17 -18 18 -20 -21 -22 -23 25 -25 -26 -27 -28 -29 29 -31
leaf_value=-0.53326697411553725 -6.394956936965408 0.33383393361290969 0.34412401249675711 -7.9805381920612897 0.19931846677200862 -0.12244121385145883 0.72149686721865192 1.3639624165955124 -2.7049479303400936 -3.4185076615658345 -0.74768696733497597 -0.4790514663615682 -0.49186291471603505 -0.46017671729339787 -6.1532826873930633 0.29853336720545864 -5.9501653821403924 0.81031362641013727 -0.085895540267815262 -0.31149601413712624 3.577045110557457 -3.0533709115959189 -2.0321918542337642 -0.90993695606627656 0.12664556124662371 0.1647366362943336 -1.220621772974422 -2.2555709645513855 -1.6222950219140559 -0.32735598231963126
leaf_weight=4940 876 99600 19399 1114 42018 51165 71535 7302 7850 3769 36457 42915 9866 1839 1915 1560 952 101254 37231 3554 4558 5307 3406 1988 39200 13536 1831 1547 12993 53078
leaf_count=4940 876 99600 19399 1114 42018 51165 71535 7302 7850 3769 36457 42915 9866 1839 1915 1560 952 101254 37231 3554 4558 5307 3406 1988 39200 13536 1831 1547 12993 53078
internal_value=0.0198658 -0.367916 -0.0577227 -0.732225 -0.659646 0.431532 0.497956 0.934389 -1.07503 -0.487222 -0.240669 -0.853265 -1.52565 -2.25326 -3.18936 -2.33187 -2.27197 0.338882 0.471721 -1.95997 2.21678 -3.88272 -0.615383 -2.60403 0.619528 -0.27787 -3.2717 -4.67317 -0.37195 -0.582215
internal_weight=684555 352504 190399 162105 157613 332051 312245 83395 79138 90799 78475 66782 23867 14001 9061 5329 12356 228850 177685 11404 11860 7222 19806 2864 140454 16942 4492 2661 85470 66071
internal_count=684555 352504 190399 162105 157613 332051 312245 83395 79138 90799 78475 66782 23867 14001 9061 5329 12356 228850 177685 11404 11860 7222 19806 2864 140454 16942 4492 2661 85470 66071
is_linear=0
shrinkage=0.04


Tree=21
num_leaves=31
num_cat=0
split_feature=31 10 28 14 6 10 5 22 48 8 7 29 33 13 14 28 28 12 1 38 52 52 11 17 22 28 11 31 7 28
split_gain=6.58652e+07 2.66774e+07 2.21256e+07 1.80045e+07 1.40533e+07 1.23601e+07 1.22852e+07 1.19394e+07 1.78124e+07 1.39584e+07 1.33911e+07 1.16372e+07 1.58955e+07 1.52657e+07 1.13446e+07 1.01486e+07 9.75924e+06 9.26166e+06 8.90672e+06 9.10168e+06 1.15372e+07 8.76484e+06 8.19938e+06 8.76569e+06 8.07294e+06 7.96833e+06 7.63376e+06 7.28193e+06 7.21271e+06 6.97369e+06
threshold=43.614999771118171 -0.11499357223510741 2.0783374309539799 0.99777778983116161 0.12621998786926272 -0.42439255118370051 0.78882777690887462 0.55514338612556469 0.020333048887550834 -0.090027481317520128 0.35131740570068365 1.1924406290054324 19.178074836730961 0.94954547286033641 0.7296607792377473 0.15861959010362628 1.1041294336318972 0.068150650709867491 -0.0138094425201416 -0.82164436578750599 -0.13530768454074857 0.11183354631066324 1.3252483606338503 0.081727489829063429 0.15904497355222705 0.77310568094253551 1.1479594707489016 16.73499965667725 0.0056505799293518075 0.88762187957763683
decision_type=10 10 10 8 10 10 10 10 8 10 10 8 10 10 10 10 10 10 8 10 8 10 10 2 10 10 10 8 10 10
left_child=1 2 3 7 15 29 16 8 9 -1 11 13 21 -10 25 -2 -3 -5 19 20 24 -13 23 28 -7 -9 -4 -12 -14 -6
right_child=4 6 26 17 5 18 -8 14 10 -11 27 12 22 -15 -16 -17 -18 -19 -20 -21 -22 -23 -24 -25 -26 -27 -28 -29 -30 -31
leaf_value=1.6176554398770757 -3.6329381278001609 0.4536629444025837 -1.4821564749128906 -1.7025095301247664 -5.183915755453393 0.74380576591521685 -2.8091393960047628 1.1251463375250885 -1.2153297810777033 -0.38815896086848384 -2.1253858733490576 -3.0237352144459106 -1.5104371299527355 -0.10460003197442175 -0.63146769121129409 0.2039144021450458 -0.24338729929571404 -6.2278341121303633 0.55383569433140767 0.23750490567127902 1.759157285337823 1.2437835704319171 -4.2183904273379929 1.9139128755591122 -3.8549649751342434 0.0075400743892977407 -3.7515069119943245 1.6375519374233907 0.40989405568651516 -0.085781966630378056
leaf_weight=8806 1101 76115 22094 1810 856 1580 2259 15077 41930 14981 979 11304 11110 37504 29657 153570 55608 1208 104904 11248 31576 821 1090 1883 983 31559 2654 4913 4350 852
leaf_count=8806 1101 76115 22094 1810 856 1580 2259 15077 41930 14981 979 11304 11110 37504 29657 153570 55608 1208 104904 11248 31576 821 1090 1883 983 31559 2654 4913 4350 852
internal_value=0.00932844 -0.344253 -0.593486 -0.465317 0.444816 0.717952 0.109144 -0.42235 -0.642149 0.354766 -0.846794 -0.946328 -1.60963 -0.690989 -0.0199289 0.176369 0.159401 -3.52842 0.756471 1.2246 1.54966 -2.73399 -0.868954 -0.656134 -1.02811 0.369016 -1.72694 1.00977 -0.970195 -2.65612
internal_weight=684382 377712 243730 218982 306670 151999 133982 215964 139671 23787 115884 109992 30558 79434 76293 154671 131723 3018 150291 45387 34139 12125 18433 17343 2563 46636 24748 5892 15460 1708
internal_count=684382 377712 243730 218982 306670 151999 133982 215964 139671 23787 115884 109992 30558 79434 76293 154671 131723 3018 150291 45387 34139 12125 18433 17343 2563 46636 24748 5892 15460 1708
is_linear=0
shrinkage=0.04


Tree=22
num_leaves=31
num_cat=0
split_feature=31 10 32 15 19 10 4 36 8 5 2 36 52 10 13 48 21 13 16 34 23 0 51 40 32 32 4 31 2 11
split_gain=6.93999e+07 2.1643e+07 2.1059e+07 1.62827e+07 1.603e+07 1.57233e+07 1.41342e+07 1.40937e+07 1.3258e+07 1.12855e+07 1.08727e+07 1.27475e+07 1.13812e+07 1.06977e+07 1.01348e+07 9.88904e+06 1.09303e+07 1.38693e+07 9.11003e+06 8.89602e+06 8.67884e+06 8.48406e+06 8.70047e+06 9.98751e+06 1.0076e+07 8.29847e+06 7.74285e+06 7.39069e+06 7.45551e+06 7.31436e+06
threshold=32.395000457763679 -0.38901802897453303 1.9356380701065066 -0.89036473631858815 1.5000000000000002 -0.17999944090843198 0.10217189788818361 -0.77296939492225636 0.074007213115692153 0.57474732398986828 -0.11180031299591063 -0.71779152750968922 -0.19071871042251584 -0.056810945272445672 1.0508499145507815 0.048020195215940482 22.43549728393555 1.1459846496582033 0.0078420834615826624 0.036713333800435073 -0.086977064609527574 -0.049760222434997552 0.014377565123140814 0.24940139055252078 1.1592498421669009 0.26722057163715368 -0.015904426574707028 63.895000457763679 -0.098119020462036119 0.148646354675293
decision_type=10 10 8 2 2 10 8 10 10 8 10 10 10 10 8 8 10 10 10 10 10 10 8 8 8 8 10 10 10 10
left_child=2 3 5 -2 9 7 27 25 15 13 12 19 -4 21 -8 29 17 -17 26 -12 -10 -3 23 -23 -25 -1 -7 28 -6 -5
right_child=1 4 10 8 6 18 14 -9 20 -11 11 -13 -14 -15 -16 16 -18 -19 -20 -21 -22 22 -24 24 -26 -27 -28 -29 -30 -31
leaf_value=-3.9750147327480181 -5.1721282467763112 -2.0830837533686921 -2.6815544952277754 1.7766861414262078 1.9019945036448311 -0.66254057734617589 0.81334112261682123 -0.0015643229920609424 3.44573511861587 -1.6646767845575159 -2.0086447936839433 -0.30863059681858301 2.9042526792889398 0.60807019838027276 3.2362527963765308 -2.2033118866112824 -0.28579138561588135 0.45428529660378814 -0.75905737388937966 -5.0345606215860714 0.38615172278680759 -0.12582724747851851 -0.26961052922312034 0.88071110500913152 -0.080522506246748698 -1.0035313275693045 0.37442977778271763 1.35337883055513 0.34224789811669004 -2.3344230062399918
leaf_weight=1527 1137 2823 887 4143 5283 14457 5027 27278 2001 4966 20275 7261 1663 93983 6145 13215 27077 4117 22569 1680 5666 52712 62127 55954 25350 72327 56571 18488 66748 822
leaf_count=1527 1137 2823 887 4143 5283 14457 5027 27278 2001 4966 20275 7261 1663 93983 6145 13215 27077 4117 22569 1680 5666 52712 62127 55954 25350 72327 56571 18488 66748 822
internal_value=-0.0159474 0.267401 -0.588628 -0.45336 0.372344 -0.432799 0.805949 -0.778556 -0.358411 0.224315 -1.54344 -1.76206 0.958383 0.256392 2.14773 -0.598754 -0.788068 -1.57213 -0.0591635 -2.24238 1.18812 0.0902523 0.121637 0.303017 0.581032 -1.0655 0.163302 0.640125 0.456893 1.09273
internal_weight=684279 457784 226495 58178 399606 194729 101691 101132 57041 297915 31766 29216 2550 292949 11172 49374 44409 17332 93597 21955 7667 198966 196143 134016 81304 73854 71028 90519 72031 4965
internal_count=684279 457784 226495 58178 399606 194729 101691 101132 57041 297915 31766 29216 2550 292949 11172 49374 44409 17332 93597 21955 7667 198966 196143 134016 81304 73854 71028 90519 72031 4965
is_linear=0
shrinkage=0.04


Tree=23
num_leaves=31
num_cat=0
split_feature=31 5 29 21 10 46 10 21 28 13 31 9 36 33 5 13 33 5 12 10 6 52 13 1 6 9 35 13 48 32
split_gain=5.45567e+07 1.90401e+07 1.72898e+07 1.68338e+07 1.53318e+07 1.44181e+07 1.4315e+07 1.50605e+07 1.43272e+07 1.34774e+07 1.21229e+07 1.51349e+07 1.17869e+07 1.28463e+07 9.07895e+06 1.535e+07 8.93687e+06 7.87449e+06 7.83352e+06 1.16495e+07 8.71145e+06 8.31465e+06 7.74921e+06 1.02007e+07 9.66632e+06 7.71508e+06 7.69787e+06 7.63028e+06 7.37521e+06 7.11821e+06
threshold=31.744999885559086 0.06845331192016603 15.750433921813967 66.881896972656264 -0.081024050712585435 0.026392973959445957 -0.53458142280578602 22.43549728393555 0.62399733066558849 1.182763993740082 52.055000305175788 -0.059004843235015862 -0.80766993761062611 21.75180816650391 -0.0054204463958740226 0.93746721744537365 18.802358627319339 0.78882777690887462 0.062338503077626235 -0.32711121439933771 -0.046362400054931634 0.1459668576717377 1.0987572073936465 -0.055988311767578118 0.46530365943908697 -0.013482302427291868 0.089666996151208891 1.1126571297645571 -0.076094381511211381 0.78366124629974376
decision_type=10 10 10 10 10 10 10 10 10 8 10 10 8 10 8 10 10 10 8 8 8 8 8 10 8 10 10 8 10 10
left_child=2 6 4 9 5 12 7 8 -2 -3 26 16 13 14 15 -1 -12 -5 22 20 -20 -21 -14 24 -24 -16 -8 -10 -18 -9
right_child=1 3 -4 17 -6 -7 10 29 27 -11 11 -13 18 -15 25 -17 28 -19 19 21 -22 -23 23 -25 -26 -27 -28 -29 -30 -31
leaf_value=-3.9959371005778239 -4.2344801245514834 0.65255824237728111 -4.5892916828609378 0.1548292781374489 0.088071153924428033 0.89450116451296935 -0.091850825853419929 -1.1360106735847377 -2.0739931854539648 1.7653399432098036 0.34730847871259501 0.24572686526338422 -0.77007941709768835 -5.4243023643168931 1.0656715265127898 -0.84169151826334154 3.0759600757814063 -3.3941789335694978 -1.62885804636781 -6.2530327024862862 2.0636804200150345 -2.0615672799756881 0.4570689658455428 -0.36910059396050299 4.1022942725727738 -1.5196379329687348 -2.360336472233532 0.7819745605690811 0.62615289193373724 0.62540405162969803
leaf_weight=4331 3336 89605 1650 79813 54633 8717 133928 6213 3962 21614 5672 98067 88202 1374 3344 5739 6681 1003 3922 1256 1372 1924 4311 31393 1586 4101 2427 2395 2793 8941
leaf_count=4331 3336 89605 1650 79813 54633 8717 133928 6213 3962 21614 5672 98067 88202 1374 3344 5739 6681 1003 3922 1256 1372 1924 4311 31393 1586 4101 2427 2395 2793 8941
internal_value=0.000163326 0.244247 -0.522433 0.549732 -0.491185 -0.687045 0.0304573 -0.884951 -2.11541 0.868953 0.121627 0.427563 -0.77729 -1.71255 -1.41844 -2.20092 1.60397 0.110368 -0.645302 -1.82179 -0.669808 -3.73148 -0.565719 -0.0822683 1.44274 -0.358547 -0.132398 -0.998469 2.35516 -0.0970326
internal_weight=684305 466450 217855 192035 216205 161572 274415 24847 9693 111219 249568 113213 152855 18889 17515 10070 15146 80816 133966 8474 5294 3180 125492 37290 5897 7445 136355 6357 9474 15154
internal_count=684305 466450 217855 192035 216205 161572 274415 24847 9693 111219 249568 113213 152855 18889 17515 10070 15146 80816 133966 8474 5294 3180 125492 37290 5897 7445 136355 6357 9474 15154
is_linear=0
shrinkage=0.04


Tree=24
num_leaves=31
num_cat=0
split_feature=31 14 16 36 6 22 13 28 31 14 21 13 12 4 43 43 22 2 6 7 5 5 12 36 14 5 9 11 2 23
split_gain=4.9653e+07 2.46537e+07 1.89768e+07 1.68938e+07 1.61239e+07 1.44426e+07 1.81081e+07 1.53404e+07 1.23636e+07 1.19128e+07 1.11951e+07 1.13065e+07 1.45837e+07 1.17405e+07 1.03895e+07 9.93286e+06 9.01888e+06 1.1072e+07 8.37815e+06 9.27056e+06 8.20409e+06 7.9578e+06 7.48091e+06 1.72438e+07 7.95264e+06 7.24901e+06 9.81847e+06 8.72212e+06 1.22539e+07 7.12294e+06
threshold=32.614999771118171 0.97953951358795177 0.031074883416295055 -0.4180349707603454 -0.046362400054931634 0.60503587126731884 0.95440104603767406 0.99590337276458751 16.375000000000004 0.76044785976409923 65.532005310058608 0.99074709415435802 0.023900396190583709 0.077118635177612319 7.5000000000000009 3.5000000000000004 0.41134969890117651 -0.082531452178955064 0.69143390655517589 -0.12614506483078 -0.35577154159545893 0.54337453842163097 0.029730996116995815 -1.1653565764427183 0.26065090298652654 -0.28175759315490717 -0.18764561414718625 0.44141650199890142 -0.019998311996459957 -0.19426465034484861
decision_type=10 8 10 10 10 8 10 10 10 10 10 10 10 8 2 2 8 10 10 8 8 8 10 10 10 8 10 10 10 10
left_child=1 3 4 5 -2 6 15 9 20 21 11 12 -6 22 -8 -1 17 -14 19 -10 -3 -7 23 -13 -24 26 -16 -27 -29 -17
right_child=2 8 -4 -5 10 7 14 -9 18 -11 -12 13 16 -15 25 29 -18 -19 -20 -21 -22 -23 24 -25 -26 27 -28 28 -30 -31
leaf_value=-3.8192721825216909 -0.072389562991398787 -7.2128088066215792 -1.6661752554353306 0.5727405280902661 0.57034809499932015 1.2329131452454605 -1.859651388306564 -0.56641218907495561 0.35780848693788514 -0.49444082593508415 0.1355485798827834 1.6670091212358569 0.61039830061370204 1.7798248605542915 -2.1896246447644745 0.043578107730339481 0.19273749503115098 -2.4930119231538135 1.5227292888446522 -3.1764950511520182 -3.0342013563039032 -2.3680533645622504 3.7144719128469821 0.21143653272296895 -0.33188148282482488 -0.90031367217497738 1.6417483289860604 1.2438631169095202 -0.73247791719747912 -1.4214413253328781
leaf_weight=2504 142824 971 8167 25947 81726 21435 6231 51214 1804 11951 117041 25570 2589 21387 1276 6062 9233 6314 1385 3454 3380 1020 814 26533 13660 21277 6391 10093 9967 42760
leaf_count=2504 142824 971 8167 25947 81726 21435 6231 51214 1804 11951 117041 25570 2589 21387 1276 6062 9233 6314 1385 3454 3380 1020 814 26533 13660 21277 6391 10093 9967 42760
internal_value=0.00201389 -0.478343 0.243455 -0.385132 0.278328 -0.514481 -0.825284 -0.127609 -2.32568 0.525532 0.442628 0.633963 0.342639 0.964615 -0.32255 -1.36614 -0.683231 -1.59087 -1.23705 -1.96551 -3.98113 1.06836 0.702512 0.925954 -0.101912 -0.126764 1.00208 -0.336328 0.262024 -1.23957
internal_weight=684980 229122 455858 218128 447691 192181 106561 85620 10994 34406 304867 187826 99862 87964 55235 51326 18136 8903 6643 5258 4351 22455 66577 52103 14474 49004 7667 41337 20060 48822
internal_count=684980 229122 455858 218128 447691 192181 106561 85620 10994 34406 304867 187826 99862 87964 55235 51326 18136 8903 6643 5258 4351 22455 66577 52103 14474 49004 7667 41337 20060 48822
is_linear=0
shrinkage=0.04


Tree=25
num_leaves=31
num_cat=0
split_feature=32 6 7 0 36 5 38 43 40 9 36 21 4 5 5 23 33 33 9 33 29 12 15 38 13 4 21 13 15 3
split_gain=3.73358e+07 2.60308e+07 1.69123e+07 1.62566e+07 1.58999e+07 1.53827e+07 1.37394e+07 1.1175e+07 1.16414e+07 1.08369e+07 1.0437e+07 9.67778e+06 1.02532e+07 9.54515e+06 1.48943e+07 9.26333e+06 1.16467e+07 9.12585e+06 8.75977e+06 8.62523e+06 1.15999e+07 1.11343e+07 8.34765e+06 7.58799e+06 7.57801e+06 7.45938e+06 1.0699e+07 7.306e+06 8.95338e+06 7.30204e+06
threshold=2.0733857154846196 -0.037559628486633294 1.2071516513824465 0.0099502801895141619 -0.67860522866249073 0.097435712814331069 -0.76817733049392689 59.500000000000007 0.0055419802665710458 -0.13475948572158811 -0.28765168786048884 18.579905509948734 0.14505219459533694 0.78882777690887462 0.31456851959228521 -0.11315029859542845 21.560738563537601 19.465677261352543 0.21072649955749514 18.26288986206055 0.55949607491493236 0.04926454275846482 -0.75611943006515492 0.22630905359983447 0.7204323709011079 -0.099840164184570299 67.747005462646499 1.0305854678153994 -0.64705973863601673 0.18590259552001956
decision_type=8 10 8 10 10 10 10 2 8 10 10 10 10 10 8 10 10 10 10 10 10 8 2 10 10 10 10 10 2 8
left_child=1 10 3 5 6 7 19 8 -3 17 13 12 23 14 18 16 -11 -9 22 20 21 -2 -1 -7 -17 -16 -27 28 -21 -13
right_child=4 2 -4 -5 -6 11 -8 9 -10 15 -12 29 -14 -15 25 24 -18 -19 -20 27 -22 -23 -24 -25 -26 26 -28 -29 -30 -31
leaf_value=-1.1783059626125079 0.47962703738632584 0.03085860815518553 -2.0489693982758981 -0.074989062020397207 0.3887864488773522 1.5490875665519483 -4.4216685032608565 0.5490361826673863 0.87886759643026946 -1.2888741916734501 0.68331963687184416 0.56145154712776091 3.7207857787458152 -3.2243618937241911 -1.9557468453054088 -1.0039982856477931 3.0301773232210358 5.4290974150217757 -3.9545102139736281 -3.3761712028496458 -4.5462873741434828 -4.6754806240524118 -0.28902695957886726 -0.27468128773988226 0.2975148116584953 2.1278414929260201 -0.087178694522750358 0.15495378773745802 -0.94495692207743165 2.4987700516660953
leaf_weight=18715 2272 48689 4900 122170 7850 19630 2579 1704 55334 17513 17789 93658 2912 1792 1336 9043 1050 950 1091 3099 2848 940 172440 4480 34181 7984 6190 6333 11060 3211
leaf_count=18715 2272 48689 4900 122170 7850 19630 2579 1704 55334 17513 17789 93658 2912 1792 1336 9043 1050 950 1091 3099 2848 940 172440 4480 34181 7984 6190 6333 11060 3211
internal_value=0.0273592 0.0980463 0.284871 0.312508 -1.20858 0.474433 -1.63901 0.22559 0.48199 -0.188311 -0.246633 0.812758 1.48205 -0.325608 -0.30045 -0.295966 -1.04307 2.30968 -0.396661 -1.36717 -2.69201 -1.03886 -0.376149 1.21023 0.0250528 0.891561 1.16113 -0.974262 -1.47909 0.625921
internal_weight=683743 646762 419425 414525 36981 292355 29131 168464 104023 64441 227337 123891 27022 209548 207756 61787 18563 2654 192246 26552 6060 3212 191155 24110 43224 15510 14174 20492 14159 96869
internal_count=683743 646762 419425 414525 36981 292355 29131 168464 104023 64441 227337 123891 27022 209548 207756 61787 18563 2654 192246 26552 6060 3212 191155 24110 43224 15510 14174 20492 14159 96869
is_linear=0
shrinkage=0.04


Tree=26
num_leaves=31
num_cat=0
split_feature=31 5 5 3 29 43 1 36 7 43 9 50 4 0 9 47 16 14 14 13 36 5 7 32 7 51 31 4 23 13
split_gain=4.69115e+07 1.96985e+07 1.76938e+07 1.69033e+07 1.72762e+07 1.44417e+07 1.31094e+07 1.23515e+07 1.19948e+07 1.10881e+07 1.63327e+07 1.17594e+07 1.02037e+07 9.85085e+06 9.84415e+06 9.76878e+06 9.4253e+06 9.1973e+06 9.06169e+06 1.12802e+07 1.05052e+07 8.76549e+06 1.02501e+07 8.2046e+06 8.04883e+06 7.73712e+06 7.85403e+06 7.64062e+06 7.33677e+06 8.42129e+06
threshold=38.754999160766609 0.095502376556396498 0.78882777690887462 0.027052402496337894 1.3069488406181338 6.5000000000000009 -0.015806317329406735 -0.8163054585456847 0.25712877511978155 42.500000000000007 -0.088256597518920885 -0.093448910862207399 0.10046935081481935 0.016824841499328617 0.064046919345855727 -0.11191225796937941 0.031074883416295055 0.95856454968452465 0.56973218917846691 0.79336339235305797 -0.93407195806503285 -0.32730102539062494 -0.0078304708003997785 0.51328891515731823 0.49243247509002691 0.061726965010166175 63.545000076293952 0.43315505981445318 -0.14789032936096189 1.1302261352539065
decision_type=10 10 10 10 8 2 8 10 8 2 10 8 10 10 10 10 8 8 10 8 8 8 10 8 10 10 10 10 8 10
left_child=2 8 3 4 5 15 -3 12 25 10 -7 -11 21 14 17 -1 -8 -5 19 -13 -20 -6 23 -23 -22 26 -2 -4 29 -10
right_child=1 6 27 13 7 9 16 -9 28 11 -12 18 -14 -15 -16 -17 -18 -19 20 -21 24 22 -24 -25 -26 -27 -28 -29 -30 -31
leaf_value=-3.4750435059467368 0.095366535550194448 1.4300310342961229 -1.7650964842409433 0.063245045377725878 0.068329323349223203 2.4704510034097122 0.54757923186767832 -0.2243132301933824 -3.9278664504644043 2.7628128872796633 -0.0024150651437708339 -0.98560224915200434 -0.26655735056833957 -0.46309145362832704 0.81373790217425312 -0.52146213488484483 -2.2498005754567258 -2.3178981917596029 -3.9364882567759309 0.49390247905876594 -1.0982000128313976 0.83321854696683362 -1.4241018194571786 -3.3408403503704465 1.289980026205511 -1.039763288488379 0.65326824310008191 -5.6434239179169028 -0.48553576464826931 0.14620604613842256
leaf_weight=3741 168364 31588 2312 49507 3053 4674 93519 14707 2355 1661 48755 14851 7230 42189 33887 3438 1958 2729 1948 18512 29912 805 12947 10997 2434 7955 53101 1256 12816 1235
leaf_count=3741 168364 31588 2312 49507 3053 4674 93519 14707 2355 1661 48755 14851 7230 42189 33887 3438 1958 2729 1948 18512 29912 805 12947 10997 2434 7955 53101 1256 12816 1235
internal_value=0.0167237 0.319413 -0.345566 -0.313065 -0.563485 -0.320748 0.72377 -1.19736 0.110384 -0.218674 0.214335 -0.552412 -1.60568 0.037595 0.282891 -2.06328 0.489982 -0.0615744 -0.634198 -0.164773 -1.0907 -1.9537 -2.20306 -3.05567 -0.918149 0.185116 0.229159 -3.14229 -0.934141 -2.52983
internal_weight=684436 372891 311545 307977 179665 129926 127065 49739 245826 122747 53429 69318 35032 128312 86123 7179 95477 52236 67657 33363 34294 27802 24749 11802 32346 229420 221465 3568 16406 3590
internal_count=684436 372891 311545 307977 179665 129926 127065 49739 245826 122747 53429 69318 35032 128312 86123 7179 95477 52236 67657 33363 34294 27802 24749 11802 32346 229420 221465 3568 16406 3590
is_linear=0
shrinkage=0.04


Tree=27
num_leaves=31
num_cat=0
split_feature=31 47 8 21 28 6 3 43 22 8 31 47 48 10 12 23 10 43 3 22 10 51 40 8 16 28 14 14 11 16
split_gain=5.13328e+07 2.02105e+07 1.92191e+07 1.95294e+07 1.48411e+07 1.42536e+07 1.33567e+07 1.63091e+07 1.28689e+07 1.23969e+07 1.07119e+07 1.03513e+07 1.03077e+07 1.02024e+07 9.99242e+06 9.62276e+06 9.30092e+06 9.15e+06 1.04971e+07 9.11838e+06 1.10486e+07 8.8098e+06 8.34849e+06 8.14475e+06 9.18491e+06 7.91384e+06 7.87255e+06 7.73328e+06 9.63548e+06 6.51747e+06
threshold=28.045000076293949 0.012733631301671268 0.022496938705444339 13.394113540649416 1.4539995193481448 0.83094060420990001 0.0070033073425292977 6.5000000000000009 0.014625555370002987 -0.16983544826507566 61.905000686645515 0.0098053277470171469 -0.015862104482948777 -0.27746072411537165 0.03221383877098561 -0.085438758134841905 -0.038590252399444573 40.500000000000007 -0.10954070091247557 0.18810235708951953 -0.3801195621490478 -0.018887171521782872 1.0181497335433962 0.29015970230102545 0.034277148544788368 1.2772300839424136 0.43063947558403021 0.69041574001312267 0.80104833841323864 -0.022356101311743256
decision_type=10 10 10 10 10 8 8 2 10 8 8 8 8 8 10 10 8 2 10 10 10 10 8 10 10 10 8 10 10 8
left_child=1 6 5 15 12 10 7 11 -9 -10 25 -1 -5 17 -7 -4 26 -11 -19 20 -20 29 -3 24 -6 -2 -8 28 -16 -12
right_child=2 22 3 4 23 14 16 8 9 13 21 -13 -14 -15 27 -17 -18 18 19 -21 -22 -23 -24 -25 -26 -27 -28 -29 -30 -31
leaf_value=-1.1141468602702806 0.071447392589432029 0.12166673722109841 2.7158964397558401 -0.98730482674719866 0.028464288341673784 -0.35932591918403262 0.32832226498591788 -5.6477773078078251 0.47442885173697241 -0.74748955448763921 -2.2277268476260486 -4.4301183598029841 0.64577619048990964 -0.68606260819602161 -1.6311822575381971 0.87448681580003329 0.32950180727779321 -0.26620177971209336 -7.07878758098646 -2.3389676700118791 -1.6395702638807796 0.16623352828673565 2.1135985203663288 -1.9459929134633955 -3.6595115216863348 -0.52432828824369582 -0.91948168984237133 -1.2526799875178138 -6.5778736179562287 1.3613254000207653
leaf_weight=2510 158432 22440 8468 6449 55337 16054 9993 923 8858 8498 835 3789 145890 32962 1386 9808 20167 2918 1603 8769 961 33196 3951 3836 1092 46029 42371 5756 1159 19956
leaf_count=2510 158432 22440 8468 6449 55337 16054 9993 923 8858 8498 835 3789 145890 32962 1386 9808 20167 2918 1603 8769 961 33196 3951 3836 1092 46029 42371 5756 1159 19956
internal_value=0.00381578 -0.597086 0.203522 0.4743 0.366392 -0.01755 -0.783192 -1.16995 -0.982657 -0.915106 0.0696379 -3.11264 0.576582 -1.13609 -0.94241 1.7287 -0.40027 -1.78756 -2.4068 -2.95723 -5.05443 0.570731 0.420567 -0.164938 -0.0435403 -0.0626949 -0.681337 -2.0683 -3.90085 1.21618
internal_weight=684396 170713 513683 230880 212604 282803 144322 71791 65492 64569 258448 6299 152339 55711 24355 18276 72531 22749 14251 11333 2564 53987 26391 60265 56429 204461 52364 8301 2545 20791
internal_count=684396 170713 513683 230880 212604 282803 144322 71791 65492 64569 258448 6299 152339 55711 24355 18276 72531 22749 14251 11333 2564 53987 26391 60265 56429 204461 52364 8301 2545 20791
is_linear=0
shrinkage=0.04


Tree=28
num_leaves=31
num_cat=0
split_feature=32 10 0 48 36 15 48 22 40 2 11 12 29 3 16 11 36 10 48 11 52 29 14 2 33 10 36 11 32 17
split_gain=3.2549e+07 2.27902e+07 1.89445e+07 1.72996e+07 1.29702e+07 1.23962e+07 1.27645e+07 1.39972e+07 1.18466e+07 1.42586e+07 1.26966e+07 1.08222e+07 9.87083e+06 8.78915e+06 1.30699e+07 1.05781e+07 1.10499e+07 1.02758e+07 1.00976e+07 9.54628e+06 8.54354e+06 1.23809e+07 1.07953e+07 1.26065e+07 8.37512e+06 9.64664e+06 9.58552e+06 8.31524e+06 8.22045e+06 8.04542e+06
threshold=2.0733857154846196 -0.17627122998237607 0.0068538188934326181 -0.156102180480957 -0.67860522866249073 -0.6689966320991515 0.054439511150121696 0.51707360148429882 0.0060976743698120126 -0.039626359939575188 1.3252483606338503 0.050217373296618469 10.490275382995607 -0.12919759750366208 -0.034568704664707177 1.609109163284302 -0.42177316546440119 -0.68812492489814747 0.11950330436229707 0.11339402198791505 -0.038778571411967271 1.1652072668075564 0.47484023869037634 -0.085219621658325181 20.207259178161625 -0.23555326461791989 -0.638057380914688 0.64690572023391735 1.8541659116744997 0.039263779297471053
decision_type=8 10 10 8 10 2 8 10 8 10 10 8 8 10 10 10 8 8 10 10 8 8 10 10 10 10 8 10 10 2
left_child=1 3 8 -1 20 6 -5 24 -3 -10 -11 -6 13 14 -7 16 18 -16 -15 -20 21 22 -2 -24 25 27 -26 -8 -12 -4
right_child=4 2 29 5 11 12 7 -9 9 10 28 -13 -14 15 17 -17 -18 -19 19 -21 -22 -23 23 -25 26 -27 -28 -29 -30 -31
leaf_value=2.0383175148051653 3.0389448506741097 0.091926864897156776 0.1241011873707539 0.42386313401580278 0.84655293599839898 -2.5187744975908006 -1.9819079555231378 0.083480656777713505 1.5841167157173737 0.73083482246220055 -0.10920345141263239 -3.8133782955287963 -3.8164735642935494 -0.75640373961267815 -1.399565024555854 -1.6975017139278155 0.053587810798648744 1.3263968269020032 -2.0357401289286252 2.6497517539747406 -0.95838281324842622 -3.9171994906461856 1.6799946683012319 -2.6993490608962283 -2.8820371582328104 -0.28099218756760552 0.47789738849813485 -4.2760091215108353 -3.6903108016835739 -0.53337789261111501
leaf_weight=5392 802 78519 82037 10649 6812 1870 15106 11055 24337 101580 25287 893 1141 51252 2534 7112 145541 17048 932 2665 16961 4843 1299 5387 1818 4404 5282 3041 1059 46735
leaf_count=5392 802 78519 82037 10649 6812 1870 15106 11055 24337 101580 25287 893 1141 51252 2534 7112 145541 17048 932 2665 16961 4843 1299 5387 1818 4404 5282 3041 1059 46735
internal_value=-0.00403664 0.0620139 0.274151 -0.203898 -1.15775 -0.246926 -0.808772 -1.13126 0.491029 0.696818 0.527905 0.30223 -0.121497 -0.102917 0.667686 -0.182612 -0.128765 0.973111 -0.612559 1.43344 -1.54176 -2.34275 -1.32057 -1.84726 -1.58404 -1.96112 -0.385279 -2.36849 -0.254495 -0.114539
internal_weight=683393 646396 359554 286842 36997 281450 51355 40706 230782 152263 127926 7705 230095 228954 21452 207502 200390 19582 54849 3597 29292 12331 7488 6686 29651 22551 7100 18147 26346 128772
internal_count=683393 646396 359554 286842 36997 281450 51355 40706 230782 152263 127926 7705 230095 228954 21452 207502 200390 19582 54849 3597 29292 12331 7488 6686 29651 22551 7100 18147 26346 128772
is_linear=0
shrinkage=0.04


Tree=29
num_leaves=31
num_cat=0
split_feature=10 48 0 15 33 9 10 34 13 38 32 5 2 6 5 52 6 6 28 52 17 9 29 12 10 10 7 48 28 3
split_gain=3.07526e+07 2.00075e+07 1.87133e+07 1.49325e+07 1.34718e+07 1.16971e+07 1.24354e+07 1.33754e+07 1.18459e+07 1.07723e+07 1.38352e+07 1.00689e+07 9.39486e+06 1.12915e+07 8.86209e+06 8.22491e+06 7.66389e+06 7.46247e+06 7.34803e+06 7.93595e+06 7.04025e+06 8.90846e+06 1.29982e+07 9.34446e+06 9.59249e+06 8.68901e+06 8.95752e+06 6.77349e+06 6.82191e+06 8.95669e+06
threshold=-0.17437633872032163 -0.156102180480957 0.0099502801895141619 -0.63799676299095143 21.143013954162601 0.0075949430465698251 -0.33731770515441889 0.035719623789191253 1.1654716134071352 -0.58955132961273182 1.6767851710319521 0.92229580879211437 -0.042180538177490227 1.1133203506469729 0.78882777690887462 -0.055800240486860268 0.42115616798400884 0.48524451255798345 0.82256421446800243 -0.11946037039160727 0.009002710226923229 -0.10197040438652037 2.2626515626907353 0.06501584500074388 -0.25927513837814326 -0.68812492489814747 -0.56148302555084217 0.13513375073671344 1.3257599472999575 0.0076255798339843759
decision_type=10 8 10 2 10 10 10 8 10 10 8 8 10 8 10 8 8 10 10 10 2 8 10 10 8 8 10 10 8 10
left_child=1 -1 9 4 5 6 7 -3 17 10 12 -4 -2 18 20 16 -12 -9 19 -14 -5 22 25 27 -25 26 -22 28 29 -23
right_child=2 3 11 14 -6 -7 -8 8 -10 -11 15 -13 13 -15 -16 -17 -18 -19 -20 -21 21 23 -24 24 -26 -27 -28 -29 -30 -31
leaf_value=2.098698409322965 1.5024490361836249 0.74315541947606689 -0.15052870898258397 -3.2294906294198915 0.55418961058802252 -0.068668846571132522 -0.72713120655421681 -2.7340988401470017 -0.63358813871874886 0.07164669142918563 -4.4946411791686351 -4.2693245621887277 -2.032100025047944 -0.55740891848769258 -3.5555497167095087 -0.027246087598900078 -0.68458482763265238 -6.5135323928754429 0.45335030591387304 1.1543717016410742 0.63802553369553305 -0.33574540002907816 -2.0098184295061405 -1.0801960370341821 -5.6643771681486603 1.3189708299467 -3.7907082439778468 1.4629803173991172 -0.60471881641637182 0.28290473995633908
leaf_weight=5514 21549 2395 109185 1186 9269 13699 21674 14214 4568 86156 1440 948 1273 12195 1232 10422 2034 885 71318 51274 2007 93679 2673 3396 923 16730 1137 3868 55531 62361
leaf_count=5514 21549 2395 109185 1186 9269 13699 21674 14214 4568 86156 1440 948 1273 12195 1232 10422 2034 885 71318 51274 2007 93679 2673 3396 923 16730 1137 3868 55531 62361
internal_value=0.00119498 -0.287571 0.250036 -0.329887 -0.860372 -1.08871 -1.40812 -2.07651 -2.42008 0.436569 0.619873 -0.186367 0.726551 0.603564 -0.185264 -0.589728 -2.27225 -2.95979 0.717903 1.0768 -0.168066 -0.152948 0.604078 -0.230643 -2.07069 0.956474 -0.970528 -0.19366 -0.224015 -0.0885011
internal_weight=684735 316941 367794 311427 66704 57435 43736 22062 19667 257661 171505 110133 157609 136060 244723 13896 3474 15099 123865 52547 243491 242305 22547 219758 4319 19874 3144 215439 211571 156040
internal_count=684735 316941 367794 311427 66704 57435 43736 22062 19667 257661 171505 110133 157609 136060 244723 13896 3474 15099 123865 52547 243491 242305 22547 219758 4319 19874 3144 215439 211571 156040
is_linear=0
shrinkage=0.04


Tree=30
num_leaves=31
num_cat=0
split_feature=31 36 5 52 38 5 16 8 3 10 14 1 11 17 7 12 49 7 32 21 13 11 8 11 0 17 50 21 10 2
split_gain=3.57423e+07 1.63969e+07 1.421e+07 1.38733e+07 1.70195e+07 1.2331e+07 1.29115e+07 1.18863e+07 1.98341e+07 1.84789e+07 1.42468e+07 1.18113e+07 1.46321e+07 1.17352e+07 1.14175e+07 1.09059e+07 1.03742e+07 9.54189e+06 9.35256e+06 9.15034e+06 9.18418e+06 8.97355e+06 8.96992e+06 9.03849e+06 8.5284e+06 1.04111e+07 8.32292e+06 8.30102e+06 7.79782e+06 7.69138e+06
threshold=36.914999008178718 -0.58480674028396595 0.92229580879211437 -0.04332724213600158 -0.60569593310356129 0.13070523738861087 0.016683118417859081 -0.15699476003646848 -0.012407064437866209 -0.34821528196334833 0.9879153072834016 -0.051753520965576165 0.35308909416198736 0.036055989563465125 -0.33297660946846003 0.042806943878531463 0.025913415476679805 0.025690019130706791 2.0733857154846196 66.881896972656264 1.1899858117103579 0.75416004657745372 -0.11891099810600279 0.33170115947723394 -0.047368049621582024 0.12246124818921091 0.24028891324996951 50.438741683959968 -0.60974219441413868 -0.052445888519287102
decision_type=10 10 10 10 10 10 8 8 10 10 10 10 8 2 10 10 8 10 8 10 8 10 8 10 8 2 8 10 8 10
left_child=1 2 3 7 11 14 19 10 9 16 17 12 -5 -13 24 18 -9 -1 -11 20 -7 -20 23 -16 25 28 -6 -18 -2 -25
right_child=5 -3 -4 4 26 6 -8 8 -10 15 -12 13 -14 -15 22 -17 27 -19 21 -21 -22 -23 -24 29 -26 -27 -28 -29 -30 -31
leaf_value=0.24196504815972766 -7.3745195848868184 0.2601346380102742 -4.1365285744552187 -0.94916004749842176 -0.86971266338995834 0.8211065346743418 -0.8623443471016714 -0.57678371954139773 -0.26871741385668457 -0.61918193080143669 -3.5490273951614899 0.27088944423927885 2.1087742541719261 -0.54113016623348553 1.5511936633928025 -4.4061433787686717 -4.3594731960215869 4.6511216015747454 -5.6330194433585579 0.28653688992527443 2.1161943204746132 -0.18153446587475544 0.11384875680004171 0.98886658846063646 -0.46620195445387524 0.87068173147791583 -2.8057959242053574 -1.9117321122510482 -2.1429320898194915 -1.790902090460784
leaf_weight=12516 832 57576 1692 3635 20650 46908 8786 2299 23874 20283 1526 50919 8000 64583 14083 1487 6780 828 1210 41894 10773 801 245917 3538 20577 824 4286 3328 1020 2880
leaf_count=12516 832 57576 1692 3635 20650 46908 8786 2299 23874 20283 1526 50919 8000 64583 14083 1487 6780 828 1210 41894 10773 801 245917 3538 20577 824 4286 3328 1020 2880
internal_value=-0.00229942 -0.343168 -0.495058 -0.467735 -0.248203 0.242863 0.606855 -0.913178 -1.16381 -1.75409 0.0992734 -0.0607604 1.15342 -0.183159 0.106683 -1.10044 -3.00507 0.518833 -0.878074 0.736563 1.06331 -3.47328 0.180883 0.984533 -0.743159 -2.86315 -1.20348 -3.55625 -4.52017 -0.259367
internal_weight=684305 286273 228697 227005 152073 398032 108361 74932 60062 36188 14870 127137 11635 115502 289671 23781 12407 13344 22294 99575 57681 2011 266418 20501 23253 2676 24936 10108 1852 6418
internal_count=684305 286273 228697 227005 152073 398032 108361 74932 60062 36188 14870 127137 11635 115502 289671 23781 12407 13344 22294 99575 57681 2011 266418 20501 23253 2676 24936 10108 1852 6418
is_linear=0
shrinkage=0.04


Tree=31
num_leaves=31
num_cat=0
split_feature=31 32 29 5 1 28 23 51 4 17 31 2 52 36 38 36 9 51 38 49 2 10 33 2 33 1 13 33 1 10
split_gain=3.70591e+07 1.76457e+07 1.3768e+07 1.31131e+07 1.20593e+07 1.15837e+07 1.20958e+07 1.17879e+07 1.30522e+07 1.09294e+07 1.08694e+07 1.07899e+07 1.27634e+07 1.11373e+07 1.22584e+07 1.14724e+07 9.60104e+06 1.15788e+07 8.95617e+06 8.6391e+06 1.07315e+07 8.26373e+06 8.16332e+06 8.12837e+06 7.57758e+06 1.46872e+07 1.09491e+07 7.65734e+06 7.5278e+06 7.368e+06
threshold=41.764999389648445 1.9356380701065066 10.490275382995607 0.081690549850463881 -0.048059940338134759 0.15861959010362628 -0.13947668671607968 0.024492614902555946 0.14505219459533694 0.038793977349996574 63.545000076293952 -0.0944540500640869 -0.19071871042251584 -0.66806703805923451 -0.76817733049392689 -0.95448312163352955 0.0045115947723388681 0.0050611861515790233 0.78995031118392955 -0.026509238407015797 0.0034739971160888676 -0.53458142280578602 18.26288986206055 -0.069620609283447252 18.446086883544925 -0.022920370101928707 0.71657425165176403 19.009734153747562 -0.0100862979888916 -0.068707406520843492
decision_type=10 8 10 8 10 10 10 10 8 2 10 10 10 10 10 10 10 10 10 8 8 10 8 8 10 10 10 10 8 10
left_child=1 2 3 16 -5 6 -2 8 10 18 21 12 -3 14 22 -16 19 -18 -6 -1 24 -7 -13 -10 25 -21 27 -26 -24 -9
right_child=5 11 -4 4 9 7 -8 29 23 -11 -12 13 -14 -15 15 -17 17 -19 -20 20 -22 -23 28 -25 26 -27 -28 -29 -30 -31
leaf_value=0.30348121850496018 -6.4981703218938689 -2.5317636914372814 -2.6016897009144242 1.4164081259049062 0.55849340189274788 -0.91492045988020221 -0.045964553630265012 -0.50675742317070738 5.2824613145046069 -0.39828884644000795 0.81917017306952478 -3.0849322853249941 2.2198997602878361 -0.021720037391363918 -7.7970105725112004 -2.420978244963194 0.6423494915653335 -0.42071116133363989 -0.65002402460842135 -3.2653528641916734 -0.05103697099391271 0.28363164472791397 -2.0484679818831792 1.3747442610864358 0.39208544449683763 -0.47401083132616328 -0.61399453996353615 -3.0102826225221766 -0.47274731929453695 0.32984380005460417
leaf_weight=13778 803 1276 3705 10921 59012 9716 1086 38671 902 53904 65906 3849 3042 8326 924 2033 26262 43588 11759 6357 24081 171637 7871 13275 1314 5738 46311 5385 12639 29826
leaf_count=13778 803 1276 3705 10921 59012 9716 1086 38671 902 53904 65906 3849 3042 8326 924 2033 26262 43588 11759 6357 24081 171637 7871 13275 1314 5738 46311 5385 12639 29826
internal_value=0.00339125 -0.282461 -0.181118 -0.151956 0.142491 0.30669 -2.80853 0.32461 0.446989 0.030797 0.379273 -1.07377 0.813144 -1.30254 -1.69278 -4.12149 -0.382984 -0.02099 0.357628 -0.628532 -0.772533 0.219372 -1.39639 1.62692 -1.03935 -1.9426 -0.832935 -2.34332 -1.07816 -0.142477
internal_weight=683897 352075 312115 308410 135596 331822 1889 329933 261436 124675 247259 39960 4318 35642 27316 2957 172814 69850 70771 102964 89186 181353 24359 14177 65105 12095 53010 6699 20510 68497
internal_count=683897 352075 312115 308410 135596 331822 1889 329933 261436 124675 247259 39960 4318 35642 27316 2957 172814 69850 70771 102964 89186 181353 24359 14177 65105 12095 53010 6699 20510 68497
is_linear=0
shrinkage=0.04


Tree=32
num_leaves=31
num_cat=0
split_feature=31 16 7 51 31 10 29 19 38 9 48 36 33 43 7 10 4 15 4 33 6 17 29 34 30 33 15 12 32 36
split_gain=3.23453e+07 1.87433e+07 1.6112e+07 1.49284e+07 1.22137e+07 1.21854e+07 1.26608e+07 9.95331e+06 1.00907e+07 9.90431e+06 2.05109e+07 9.83366e+06 1.1093e+07 1.08167e+07 1.08084e+07 9.27156e+06 8.89551e+06 9.01246e+06 8.64058e+06 2.12802e+07 9.14201e+06 8.5553e+06 8.47101e+06 7.94982e+06 7.92998e+06 8.25781e+06 1.1971e+07 1.17372e+07 7.88246e+06 7.28385e+06
threshold=24.795000076293949 0.028667148202657703 0.054187476634979255 -0.0090074012987315637 48.32500076293946 -0.035243868827819817 15.750433921813967 2.5000000000000004 -0.29099187254905695 -0.0215916633605957 1.0000000180025095e-35 -0.83522871136665333 22.468583106994632 5.5000000000000009 -0.27782642841339106 -0.081024050712585435 -0.36352562904357905 -0.67777812480926503 -0.11243748664855956 18.914936065673832 -0.25620436668395991 0.044455857947468765 1.6162685155868532 0.021914470009505752 0.736953765153885 19.086501121521 -0.7136060595512389 0.035429839044809348 1.4861579537391665 -0.65459537506103505
decision_type=10 8 10 10 10 8 8 2 10 10 8 10 10 2 10 8 8 2 8 10 8 2 10 10 8 10 2 8 8 8
left_child=5 2 4 7 9 6 11 -4 -9 10 28 13 14 22 -13 21 -3 -18 19 20 -6 -5 -1 -15 -12 26 -26 -27 -2 -11
right_child=1 16 3 15 18 -7 -8 8 -10 29 24 12 -14 23 -16 -17 17 -19 -20 -21 -22 -23 -24 -25 25 27 -28 -29 -30 -31
leaf_value=-4.369899664761749 0.2838276502148297 2.4966869965838723 0.5989525173042638 0.060165888217850183 -1.9684531000409797 0.28306480893049751 -5.3740377023541708 2.138950723117274 -0.098067707074631888 -0.75276461976907338 0.43094906082283274 2.1927214482862905 -2.8452207853732587 -0.7095579137178577 -0.19401429165429496 0.36436530027819908 -3.5391402690527247 -1.0142027536695855 0.11239594194890878 2.2451539752557355 0.62176374474922758 -1.0994915249769943 -0.83560693824672561 -2.3200408997725739 -3.771650545797486 -1.1011408958154534 -1.2956908204188462 1.0431232724508033 2.7339319716875781 0.16676881333367213
leaf_weight=2543 9844 852 73687 32831 3568 22637 924 14351 4160 16924 5589 3392 2238 65063 28194 115215 3138 8084 109331 10554 5572 14742 1897 5297 3901 22862 15654 4964 2662 74064
leaf_count=2543 9844 852 73687 32831 3568 22637 924 14351 4160 16924 5589 3392 2238 65063 28194 115215 3138 8084 109331 10554 5572 14742 1897 5297 3901 22862 15654 4964 2662 74064
internal_value=0.000366972 0.134834 0.169666 0.40075 -0.0367352 -0.56169 -0.73626 0.807409 1.63644 -0.274312 -0.649431 -0.696318 -0.130295 -0.952217 0.0629086 0.170396 -1.42321 -1.72277 0.251365 1.0224 -0.390431 -0.299346 -2.86514 -0.831114 -0.993404 -1.16147 -1.79129 -0.718379 0.807119 -0.00433068
internal_weight=684734 552549 540475 254986 285489 132185 109548 92198 18511 156464 65476 108624 33824 74800 31586 162788 12074 11222 129025 19694 9140 47573 4440 70360 52970 47381 19555 27826 12506 90988
internal_count=684734 552549 540475 254986 285489 132185 109548 92198 18511 156464 65476 108624 33824 74800 31586 162788 12074 11222 129025 19694 9140 47573 4440 70360 52970 47381 19555 27826 12506 90988
is_linear=0
shrinkage=0.04


Tree=33
num_leaves=31
num_cat=0
split_feature=10 47 16 15 40 14 5 32 2 0 4 22 8 33 51 7 2 2 32 25 10 7 5 21 32 4 4 12 7 12
split_gain=2.46291e+07 1.55411e+07 1.53736e+07 1.41625e+07 1.24724e+07 1.19928e+07 9.61828e+06 9.41942e+06 9.35279e+06 9.21106e+06 8.33262e+06 8.28128e+06 1.82525e+07 1.9299e+07 1.29899e+07 1.21866e+07 1.18606e+07 1.1596e+07 1.12529e+07 1.04948e+07 9.826e+06 1.08321e+07 1.2354e+07 1.13852e+07 9.02156e+06 9.31686e+06 8.93919e+06 8.74629e+06 8.63112e+06 1.05771e+07
threshold=-0.17815899848937986 -0.059216231107711785 0.0089525291696190851 -0.87499991059303273 0.011254608631134035 0.9879153072834016 0.78882777690887462 1.5626562833786013 -0.039626359939575188 -0.049760222434997552 0.058783888816833503 0.5253623127937318 -0.081841617822647081 18.446086883544925 0.0050611861515790233 0.15324211120605472 -0.098119020462036119 -0.06782591342926024 1.8173571825027468 1.0000000180025095e-35 -0.35551592707633967 -0.3674404621124267 -0.10287475585937499 50.438741683959968 0.95170697569847118 -0.21817636489868161 -0.061826229095458977 0.051291566342115409 -0.62384316325187672 0.021199801936745647
decision_type=10 8 10 2 8 10 10 8 10 10 10 8 8 10 8 8 8 10 8 2 8 8 8 10 10 10 8 10 10 10
left_child=1 -1 4 9 -2 6 11 8 10 -3 -6 12 13 19 -13 24 26 -17 20 28 21 -18 23 -23 -15 -26 -14 -22 -5 -30
right_child=2 3 -4 5 7 -7 -8 -9 -10 -11 -12 14 16 15 -16 17 18 -19 -20 -21 27 22 -24 -25 25 -27 -28 -29 29 -31
leaf_value=1.0160082561012143 0.017115206223396077 -5.1736472696170477 -0.34618384340722125 2.5367427668574458 0.98008193264724441 -1.9581127792977697 -3.5918085009941381 -0.27009075539059718 0.52712615393511331 -1.2324198284545009 2.86778635383493 0.54285662010425317 -0.74134797405026454 1.5012104119111851 -0.32847292068125117 0.74305771765254791 1.2599157650985602 -3.9650122265355487 -2.1287427125212957 -1.9850713706761027 -0.39048003963671174 -4.1895361226889225 -0.94323859219166839 -1.015743994534565 1.388164551474226 -0.064767285718195428 2.5360162888101523 -4.54186704541873 2.3030421074841452 -1.1060578658706492
leaf_weight=14543 119467 1472 63380 1587 15287 6727 1362 20557 149621 2662 4953 46651 2435 13291 66224 1502 2134 1873 10365 9139 56319 4778 12243 2919 9344 28810 2919 814 1700 9813
leaf_count=14543 119467 1472 63380 1587 15287 6727 1362 20557 149621 2662 4953 46651 2435 13291 66224 1502 2134 1873 10365 9139 56319 4778 12243 2919 9344 28810 2919 814 1700 9813
internal_value=0.00223724 -0.26028 0.221405 -0.32279 0.3375 -0.289932 -0.250658 0.538495 0.636363 -2.64488 1.44322 -0.234558 -0.409271 0.0480925 0.0316619 0.451273 -0.780515 -1.87374 -0.889849 -0.945519 -0.727479 -1.44407 -1.73394 -2.98879 0.604138 0.291329 1.04687 -0.450411 -0.219331 -0.601111
internal_weight=684891 311626 373265 297083 309885 292949 286222 190418 169861 4134 20240 284860 171985 77059 112875 54820 94926 3375 89572 22239 79207 22074 19940 7697 51445 38154 5354 57133 13100 11513
internal_count=684891 311626 373265 297083 309885 292949 286222 190418 169861 4134 20240 284860 171985 77059 112875 54820 94926 3375 89572 22239 79207 22074 19940 7697 51445 38154 5354 57133 13100 11513
is_linear=0
shrinkage=0.04


Tree=34
num_leaves=31
num_cat=0
split_feature=31 14 10 5 21 13 13 7 23 2 50 6 33 14 36 5 10 33 13 29 29 14 9 6 17 11 7 36 5 9
split_gain=2.94057e+07 1.5919e+07 1.65378e+07 1.49844e+07 1.31601e+07 1.12024e+07 1.10351e+07 9.21166e+06 8.81459e+06 9.75032e+06 8.81457e+06 8.58867e+06 8.15219e+06 8.12711e+06 9.71167e+06 8.10392e+06 8.17265e+06 8.06561e+06 1.05613e+07 7.99274e+06 7.90716e+06 7.46355e+06 7.38706e+06 1.04862e+07 8.74458e+06 7.23533e+06 8.16036e+06 7.41297e+06 7.22389e+06 6.85369e+06
threshold=29.154999732971195 0.97953951358795177 -0.035243868827819817 0.066638946533203139 66.881896972656264 0.84419158101081859 1.1899858117103579 0.26188361644744879 -0.13189300894737241 -0.1023503541946411 -0.02506331447511911 0.60894274711608898 19.665061950683597 0.71031260490417492 -0.96817430853843678 0.461044192314148 -0.028627276420593258 17.514912605285648 1.0987572073936465 10.490275382995607 1.2859540581703188 0.40649683773517614 -0.14332723617553708 -0.046362400054931634 0.058991266414523132 1.1479594707489016 1.2071516513824465 -0.55208471417427052 -0.12863254547119138 0.051974594593048103
decision_type=10 8 8 10 10 10 8 8 8 10 8 10 10 10 8 10 10 10 10 10 10 10 10 8 2 10 8 8 10 10
left_child=1 2 5 7 6 13 25 22 9 -9 -7 -3 -8 20 -15 16 -6 -11 -19 -4 -1 -12 23 -2 -24 27 -27 -5 -10 -23
right_child=3 11 19 4 15 10 12 8 28 17 21 -13 -14 14 -16 -17 -18 18 -20 -21 -22 29 24 -25 -26 26 -28 -29 -30 -31
leaf_value=-0.41431911517473219 0.18292246818232763 -2.5952831289168166 0.63835124897735451 0.012365098667781809 -0.22133633858050578 0.70229042311437995 2.1641130441824497 0.7026270527676407 0.622670925820345 -0.48753052945833025 0.54800664590978199 0.25444504282573627 0.63295413098499687 -6.1234236113288611 -1.6106940624696804 -1.2649746162631856 0.57785437928788441 -5.930932259739035 -0.82009849261349954 -3.1965267888492299 -2.0001166874040157 -0.78366573939946138 0.071191153993383674 3.1506240386108346 -0.72799118181155398 0.10029525678554491 -2.8362201314309927 0.93133949848033237 -1.2199054270050276 0.10015117386300194
leaf_weight=27066 5571 7840 28643 18750 42873 12780 12593 1392 6657 1278 11043 2155 9981 809 11549 6912 39168 2010 957 887 6172 56748 238566 2886 24111 22186 1615 55956 6948 18649
leaf_count=27066 5571 7840 28643 18750 42873 12780 12593 1392 6657 1278 11043 2155 9981 809 11549 6912 39168 2010 957 887 6172 56748 238566 2886 24111 22186 1615 55956 6948 18649
internal_value=0.0023264 -0.429538 -0.340474 0.161422 0.41878 -0.516393 0.690149 -0.0247374 -0.870202 -2.19876 -0.277851 -1.98122 1.4877 -1.0353 -1.91083 0.0493628 0.160237 -3.14958 -4.29074 0.522119 -0.709301 -0.422828 0.0352939 1.19819 -0.00219034 0.507249 -0.100067 0.700724 -0.318528 -0.565075
internal_weight=684751 184341 174346 500410 210034 144816 121081 290376 19242 5637 99220 9995 22574 45596 12358 88953 82041 4245 2967 29530 33238 86440 271134 8457 262677 98507 23801 74706 13605 75397
internal_count=684751 184341 174346 500410 210034 144816 121081 290376 19242 5637 99220 9995 22574 45596 12358 88953 82041 4245 2967 29530 33238 86440 271134 8457 262677 98507 23801 74706 13605 75397
is_linear=0
shrinkage=0.04


Tree=35
num_leaves=31
num_cat=0
split_feature=31 6 47 43 29 9 28 52 24 11 9 15 15 51 0 23 31 17 38 28 31 13 9 22 14 43 43 29 12 11
split_gain=3.09192e+07 1.24956e+07 1.18929e+07 1.23795e+07 9.43947e+06 1.05203e+07 9.17461e+06 8.74545e+06 1.01439e+07 8.95012e+06 8.38271e+06 8.21077e+06 8.11596e+06 8.14045e+06 7.93133e+06 7.80079e+06 7.32432e+06 8.69206e+06 7.03111e+06 6.82849e+06 6.89348e+06 6.75499e+06 9.82196e+06 1.02521e+07 1.02323e+07 1.11496e+07 1.16651e+07 7.70794e+06 6.51582e+06 6.34853e+06
threshold=29.154999732971195 -0.0081248283386230451 0.0047908343840390452 3.5000000000000004 10.490275382995607 0.074490785598754897 1.2340647578239443 -0.073833011090755449 1.0000000180025095e-35 0.92214506864547741 -0.14332723617553708 -0.15625021606683728 -0.775042563676834 -0.005369149148464202 0.015447854995727541 -0.223455935716629 48.764999389648445 0.0098771420307457464 -0.070091899484395967 0.37520506978034979 66.155002593994155 0.97358059883117687 -0.10197040438652037 0.19234050810337069 0.71813344955444347 59.500000000000007 43.500000000000007 0.44233568012714392 0.055198851972818382 0.52995920181274425
decision_type=10 10 10 2 10 10 8 8 2 10 10 2 2 10 10 10 10 2 10 10 10 10 8 10 10 2 2 8 10 10
left_child=2 12 3 11 5 6 18 9 -9 10 -3 -1 19 16 -7 -8 29 -18 21 -2 -21 22 -5 -24 27 26 -26 -25 -23 -14
right_child=1 7 -4 4 -6 14 15 8 -10 -11 -12 -13 13 -15 -16 -17 17 -19 -20 20 -22 28 23 24 25 -27 -28 -29 -30 -31
leaf_value=-3.6913493442038847 -4.4555260689804088 2.9490763663296677 0.2424080256845528 1.5564616932960378 -2.8321663148327723 0.94297162974565429 0.63240920379528942 0.52980170267862003 -0.022250263163007808 -1.1348990557375793 -0.016737076361536558 -0.95033140251319681 -0.27528691596037147 -0.31517642080108493 -0.46808137838825731 -1.5634703558299126 -3.0337669441719095 0.7492256204835499 -1.4835519572904408 -1.0850988664883221 1.7598843731413683 0.26283187529304142 -2.1410252087778492 3.3831434625175825 -2.1098675960146935 -0.49884284148982994 -7.4285709618405384 -0.22886145982463613 -1.2609097235707887 1.1923857630708816
leaf_weight=3303 851 1598 32213 2937 2771 13101 2919 202929 72202 12376 29473 3723 39649 82276 12394 22520 988 37425 9467 13006 1513 33007 7769 977 2967 5584 844 22357 5187 5342
leaf_count=3303 851 1598 32213 2937 2771 13101 2919 202929 72202 12376 29473 3723 39649 82276 12394 22520 988 37425 9467 13006 1513 33007 7769 977 2967 5584 844 22357 5187 5342
internal_value=-0.0124091 0.150853 -0.455614 -0.603719 -0.524062 -0.478834 -0.639846 0.301651 0.384932 -0.225699 0.136696 -2.24233 -0.114495 -0.0328988 0.257095 -1.31135 0.245566 0.651161 -0.4522 -0.993469 -0.787621 -0.332421 -0.673576 -0.835648 -0.525226 -1.63909 -3.30413 -0.0762415 0.0556217 -0.100797
internal_weight=683668 499628 184040 151827 144801 142030 116535 318578 275131 43447 31071 7026 181050 165680 25495 25439 83404 38413 91096 15370 14519 81629 43435 40498 32729 9395 3811 23334 38194 44991
internal_count=683668 499628 184040 151827 144801 142030 116535 318578 275131 43447 31071 7026 181050 165680 25495 25439 83404 38413 91096 15370 14519 81629 43435 40498 32729 9395 3811 23334 38194 44991
is_linear=0
shrinkage=0.04


Tree=36
num_leaves=31
num_cat=0
split_feature=31 36 4 15 1 29 28 29 10 31 33 10 28 40 23 29 8 46 43 49 30 31 33 33 28 52 11 50 11 18
split_gain=3.11961e+07 1.91148e+07 1.82485e+07 1.94873e+07 1.84301e+07 1.7632e+07 1.52352e+07 1.21453e+07 1.18496e+07 1.14976e+07 1.13609e+07 1.06688e+07 1.04226e+07 1.06568e+07 9.86589e+06 8.27845e+06 7.26601e+06 8.54355e+06 6.99256e+06 9.97881e+06 6.73104e+06 6.682e+06 6.3335e+06 6.15104e+06 6.0332e+06 6.01087e+06 5.99723e+06 5.88363e+06 5.71967e+06 5.5833e+06
threshold=48.764999389648445 -0.55208471417427052 0.075789451599121108 -0.5110793113708495 -0.064799308776855455 5.4223687648773202 0.58436086773872387 10.490275382995607 -0.35551592707633967 17.064999580383304 18.528898239135746 -0.17255076766014096 0.15861959010362628 0.004651963710784913 -0.19040849804878232 1.222196161746979 -0.10189172625541686 -0.014174717944115399 22.500000000000004 -0.077297873795032487 0.90998420119285595 14.894999980926515 17.514912605285648 22.468583106994632 1.0851091146469118 0.12810254096984866 2.9519660472869877 -0.1529712378978729 2.0245658159255986 -0.021352592855691906
decision_type=10 10 10 2 10 8 10 10 10 10 10 8 8 8 10 10 10 10 2 10 8 10 10 8 10 10 10 8 8 2
left_child=1 2 3 5 -4 8 21 11 10 -5 22 20 -2 16 -12 -10 -14 -18 19 -15 -8 -6 -1 29 25 26 27 -11 -9 -3
right_child=12 23 4 9 6 -7 7 28 15 24 14 -13 13 18 -16 -17 17 -19 -20 -21 -22 -23 -24 -25 -26 -27 -28 -29 -30 -31
leaf_value=-1.2523045338527978 -2.9980634121020397 1.4275894073118278 2.684670329071194 -1.1117037431138046 -2.207097248221527 -4.5106333889007137 -1.3860345014801789 -1.5300247045258863 -0.24003002591516587 3.0522070252848699 0.23408286686379282 0.23221824110659078 1.7733446037667926 1.601481265334773 -1.8340451446560324 -1.2680134005672128 -0.96512941053562606 0.13954925293446693 0.44000463754791597 0.16272650098028255 -0.15926944763809928 1.4788921664454493 -3.7424121372592425 -0.90736108250944403 -0.49593013684223147 -3.2203919816659359 2.1584832413387565 0.0011201488418772377 -5.3391276126505947 0.33136983626039784
leaf_weight=2423 1438 8279 4315 21707 829 2224 12972 2194 36787 1012 5933 57406 3260 21338 9746 19007 15485 40422 145594 12080 15953 12969 5100 5764 47762 881 2162 96085 883 72204
leaf_count=2423 1438 8279 4315 21707 829 2224 12972 2194 36787 1012 5933 57406 3260 21338 9746 19007 15485 40422 145594 12080 15953 12969 5100 5764 47762 881 2162 96085 883 72204
internal_value=0.0175649 -0.180719 -0.309389 -0.49627 0.126578 -1.00573 0.0193758 -0.171586 -0.906495 -0.252263 -1.66605 -0.0834236 0.385463 0.406016 -1.05181 -0.590391 -0.0593742 -0.16654 0.559832 1.0816 -0.709726 1.256 -2.94313 0.35387 -0.12606 0.050383 0.0797351 0.0332313 -2.63687 0.444297
internal_weight=684214 444597 358350 250829 107521 81220 103206 89408 78996 169609 23202 86331 239617 238179 15679 55794 59167 55907 179012 33418 28925 13798 7523 86247 147902 100140 99259 97097 3077 80483
internal_count=684214 444597 358350 250829 107521 81220 103206 89408 78996 169609 23202 86331 239617 238179 15679 55794 59167 55907 179012 33418 28925 13798 7523 86247 147902 100140 99259 97097 3077 80483
is_linear=0
shrinkage=0.04


Tree=37
num_leaves=31
num_cat=0
split_feature=31 22 33 0 4 21 29 13 10 14 23 15 51 22 32 33 33 11 52 7 29 35 11 32 52 7 2 15 10 4
split_gain=2.35723e+07 1.64312e+07 1.88579e+07 1.53154e+07 1.4092e+07 1.46342e+07 1.34473e+07 1.32663e+07 1.31212e+07 1.25967e+07 1.56749e+07 1.25032e+07 9.90697e+06 9.4674e+06 9.14162e+06 1.00099e+07 8.8982e+06 8.74219e+06 8.44448e+06 8.69214e+06 8.03718e+06 7.57815e+06 9.7501e+06 9.76151e+06 8.56892e+06 7.73783e+06 7.48005e+06 7.38663e+06 7.31973e+06 7.1035e+06
threshold=48.764999389648445 0.25446519255638128 18.508213996887211 0.023598551750183109 0.081110000610351576 10.400233268737795 1.5685259103775027 0.68155211210250866 -0.24016273021697995 0.99466660618782055 -0.17784380912780759 -0.67354848980903614 0.0089830425567924994 1.0000000180025095e-35 2.0405899286270146 17.9932975769043 21.123043060302738 0.3212845921516419 -0.31614080071449274 0.081255376338958754 15.750433921813967 0.022701904177665714 0.093324720859527602 1.6650887727737429 -0.09649814665317534 -0.25291365385055536 -0.056004285812377923 -0.071429014205932603 -0.36307734251022333 -0.027312755584716793
decision_type=10 10 10 10 8 10 10 8 10 8 10 2 10 10 8 10 10 10 8 10 10 8 10 8 10 8 10 2 10 8
left_child=1 2 8 4 14 26 7 -4 11 10 16 -1 13 -2 -3 -16 -9 -13 -15 -20 -7 -12 25 -24 -25 -23 -6 -5 -19 -14
right_child=12 3 6 27 5 20 -8 9 -10 -11 21 17 29 18 15 -17 -18 28 19 -21 -22 22 23 24 -26 -27 -28 -29 -30 -31
leaf_value=-4.4377564199282542 -3.0397219473504111 -0.058824796359276003 -1.77415185688705 -2.4312684091625552 4.2093218514493858 0.39964165220554232 -1.5941345578132009 0.64578088380372567 -0.0011706336232054485 -3.4977097475407772 0.24591459869890281 -0.99376961712190526 -0.80158259098638929 4.1057493001679788 -5.1539605823439256 -0.87390323678098125 2.8215545357228597 -5.6630147417463288 0.271377745270869 0.89515548892236807 -2.8250386285648772 0.50992505795465093 0.12964162510762769 -5.3780672884764167 -0.92828233443562247 -3.1826852169683715 1.0257484683225071 -0.50268505982444811 -1.5478104050690242 0.1338827914807294
leaf_weight=3573 1196 170689 7257 3337 2383 90060 12237 15323 4945 1567 20184 7640 16182 1033 948 10106 3735 1385 100095 55597 1244 1171 13151 1001 2215 3994 2348 63124 1392 65624
leaf_count=3573 1196 170689 7257 3337 2383 90060 12237 15323 4945 1567 20184 7640 16182 1033 948 10106 3735 1385 100095 55597 1244 1171 13151 1001 2215 3994 2348 63124 1392 65624
internal_value=-0.0137199 -0.185975 -0.635183 -0.0544619 0.0760491 0.467955 -0.371864 -0.156762 -1.77242 0.0317701 0.123335 -2.39805 0.306034 0.491098 -0.131053 -1.24529 1.07345 -1.69486 0.518234 0.49417 0.355401 -0.310878 -0.832685 -0.353938 -2.32568 -2.34614 2.63481 -0.59987 -3.61318 -0.0512365
internal_weight=684736 445009 100770 344239 277778 96035 81835 69598 18935 62341 60774 13990 239727 157921 181743 11054 19058 10417 156725 155692 91304 41716 21532 16367 3216 5165 4731 66461 2777 81806
internal_count=684736 445009 100770 344239 277778 96035 81835 69598 18935 62341 60774 13990 239727 157921 181743 11054 19058 10417 156725 155692 91304 41716 21532 16367 3216 5165 4731 66461 2777 81806
is_linear=0
shrinkage=0.04


Tree=38
num_leaves=31
num_cat=0
split_feature=6 7 14 17 19 46 15 52 2 5 5 15 21 46 4 6 4 2 52 47 46 30 14 5 33 5 5 11 8 50
split_gain=2.29974e+07 2.13893e+07 1.38232e+07 1.24849e+07 2.36035e+07 1.10679e+07 1.00515e+07 9.81966e+06 9.71126e+06 9.66728e+06 8.66368e+06 9.79543e+06 9.18803e+06 8.80219e+06 8.85336e+06 8.63362e+06 8.44853e+06 8.29846e+06 8.65061e+06 8.29595e+06 8.28078e+06 8.12273e+06 7.75043e+06 7.88682e+06 7.53007e+06 8.70059e+06 6.75284e+06 1.00604e+07 7.16151e+06 6.96064e+06
threshold=-0.037559628486633294 1.2071516513824465 0.9879153072834016 0.03582801669836045 2.5000000000000004 -0.014523858670145271 0.23146671056747439 -0.032507747411727898 -0.14136934280395505 0.78882777690887462 0.34990715980529791 -0.49350702762603754 70.85150527954103 0.026807458139956001 0.15394639968872073 -0.85536623001098622 0.087984800338745131 -0.085219621658325181 -0.072519354522228227 -0.07445963472127913 -0.059460947290062897 0.94660052657127391 0.83415859937667858 -0.2549376487731933 19.009734153747562 -0.27158308029174799 -0.32730102539062494 0.41817671060562139 -0.048962116241455071 0.015494526829570534
decision_type=10 8 10 2 2 8 2 8 10 10 10 2 10 10 10 10 10 10 10 8 8 10 8 8 10 10 10 10 10 8
left_child=2 3 9 5 17 -2 15 -3 -6 10 11 13 -12 14 19 21 -10 -5 24 -1 -13 -4 -21 -24 -19 -26 27 28 29 -22
right_child=1 7 6 4 8 -7 -8 -9 16 -11 12 20 -14 -15 -16 -17 -18 18 -20 22 26 -23 23 -25 25 -27 -28 -29 -30 -31
leaf_value=1.3924646402382421 -0.45696721920973821 -5.3649677370364666 -7.9804682302366361 0.92250102724598848 3.5758445263842624 0.45409026708915123 0.4285291621837567 -1.3639926114508041 0.49267083552776036 -3.2798854556685031 1.8210431411513086 -3.0027882386605449 -0.52195468982953552 1.5404190148879717 1.0502473988072745 -1.4348213473755758 2.7550597870837765 -2.0672430695333892 -0.21076856173498329 -0.75011376557585896 2.8134917938234616 -2.951482826133355 -0.25525247446238819 -2.5449667211287119 2.7328183553601635 -0.86034369290032364 -0.19025348216049109 -3.3170768287294896 2.7669444231875686 0.22189124816069264
leaf_weight=2485 23354 1216 868 8868 2352 245889 1680 4985 16335 1675 6482 1560 4552 2756 4064 2195 3142 8013 112679 52207 1836 1288 3380 8371 1217 8893 132216 1005 2496 16322
leaf_count=2485 23354 1216 868 8868 2352 245889 1680 4985 16335 1675 6482 1560 4552 2756 4064 2195 3142 8013 112679 52207 1836 1288 3380 8371 1217 8893 132216 1005 2496 16322
internal_value=0.000181103 0.17467 -0.307938 0.208271 -0.0697825 0.375052 -2.19789 -2.15595 1.15311 -0.260633 -0.239402 -0.292232 0.854858 -0.673504 -0.760249 -3.21065 0.858862 -0.260977 -0.341278 -0.871129 -0.11249 -5.00364 -0.959282 -1.88714 -1.15215 -0.425541 -0.0829951 0.571543 0.762272 0.485339
internal_weight=684381 436943 247438 430742 161499 269243 6031 6201 21829 241407 239732 228698 11034 73263 70507 4351 19477 139670 130802 66443 155435 2156 63958 11751 18123 10110 153875 21659 20654 18158
internal_count=684381 436943 247438 430742 161499 269243 6031 6201 21829 241407 239732 228698 11034 73263 70507 4351 19477 139670 130802 66443 155435 2156 63958 11751 18123 10110 153875 21659 20654 18158
is_linear=0
shrinkage=0.04


Tree=39
num_leaves=31
num_cat=0
split_feature=32 5 5 28 48 7 51 36 0 36 21 9 34 12 15 9 22 28 5 33 6 13 32 43 5 33 11 21 6 12
split_gain=2.088e+07 1.39885e+07 1.35805e+07 1.38033e+07 1.34553e+07 1.19252e+07 1.08957e+07 1.06631e+07 9.77433e+06 9.5863e+06 8.72259e+06 1.36335e+07 8.25684e+06 7.90955e+06 7.57984e+06 7.81966e+06 8.50703e+06 1.03343e+07 9.07367e+06 7.94847e+06 7.47362e+06 7.56597e+06 7.30075e+06 1.02973e+07 7.27841e+06 1.33685e+07 9.94685e+06 9.30763e+06 8.57308e+06 8.53658e+06
threshold=1.9356380701065066 0.92229580879211437 0.10350465774536134 1.5075411200523379 -0.156102180480957 -0.71614858508110035 -0.0010423180647194383 -0.6956893503665923 -0.064559221267700181 -0.55885484814643849 5.574425697326661 -0.098242968320846544 0.083622116595506682 0.048357717692852027 -0.83630487322807301 -0.098242968320846544 0.42436194419860845 0.72023510932922374 -0.16684746742248532 18.446086883544925 0.4038457870483399 1.3066475391387942 2.1076766252517705 37.500000000000007 -0.28175759315490717 18.26288986206055 0.37602639198303228 18.972249031066898 -0.11718511581420897 0.02035416662693024
decision_type=8 10 8 10 8 10 10 10 8 8 10 8 10 8 2 10 10 10 8 8 8 8 8 2 10 10 10 10 10 10
left_child=1 2 4 9 6 -6 -1 8 -2 -4 -11 -12 14 -9 -10 19 18 -18 -17 -16 22 -22 -20 -24 25 26 27 -7 -27 -26
right_child=7 -3 3 -5 5 24 -8 13 12 10 11 -13 -14 -15 15 16 17 -19 20 -21 21 -23 23 -25 29 28 -28 -29 -30 -31
leaf_value=3.530360388543631 2.0613225903625261 -3.171065385466183 -0.15433998656952139 -0.20963871452602781 -1.3601742823407061 -1.7612427615408306 -0.046534031414548017 0.61135491865510838 -4.5534874214981542 2.0600195617932129 -3.026195895979181 0.61717822527437227 -4.0117218867786946 -2.8608366353861037 -1.978027217862528 -0.28613689954021404 0.95540703589945797 -1.299621990377047 -1.9119982762209131 1.2092427035865985 -0.14757508854804857 -3.7952695970793391 -2.7409161544722971 -7.7630905902997851 0.0697153465529054 0.5549338766954629 -2.8324212221757454 0.9916407497444395 2.2508682055883464 -0.32703586624771419
leaf_weight=2990 1493 2115 29164 57601 11422 3016 2496 10686 980 6607 1654 133766 1624 1154 1745 3096 4386 12495 1709 4358 2387 1461 1313 1324 199554 15536 2506 5595 6878 153511
leaf_count=2990 1493 2115 29164 57601 11422 3016 2496 10686 980 6607 1654 133766 1624 1154 1745 3096 4386 12495 1709 4358 2387 1461 1313 1324 199554 15536 2506 5595 6878 153511
internal_value=0.006738 0.0688887 0.0797762 0.325954 -0.0598146 -0.0869549 1.90583 -0.778388 -1.10212 0.506168 0.641799 0.572458 -1.23072 0.270805 -1.1015 -1.0015 -1.28264 -0.713504 -2.13223 0.296178 -2.82856 -1.53877 -3.9644 -5.28228 -0.0493033 0.513796 -0.619911 0.0265196 1.07612 -0.102795
internal_weight=684622 634411 632296 228792 403504 398018 5486 50211 38371 171191 142027 135420 36878 11840 35254 34274 28171 16881 11290 6103 8194 3848 4346 2637 386596 33531 11117 8611 22414 353065
internal_count=684622 634411 632296 228792 403504 398018 5486 50211 38371 171191 142027 135420 36878 11840 35254 34274 28171 16881 11290 6103 8194 3848 4346 2637 386596 33531 11117 8611 22414 353065
is_linear=0
shrinkage=0.04


Tree=40
num_leaves=31
num_cat=0
split_feature=31 28 4 35 3 12 7 38 36 29 5 0 15 6 51 51 28 31 51 33 16 5 32 13 16 43 6 31 31 32
split_gain=2.43362e+07 1.59314e+07 1.2449e+07 1.17118e+07 1.30745e+07 1.14242e+07 9.48034e+06 9.46712e+06 1.06544e+07 1.02235e+07 9.07935e+06 8.99738e+06 8.85277e+06 8.18327e+06 9.66176e+06 8.06236e+06 1.03836e+07 1.09535e+07 7.88218e+06 8.20308e+06 7.73364e+06 7.64526e+06 8.53491e+06 7.09739e+06 6.85458e+06 6.65773e+06 6.5989e+06 6.56054e+06 6.28566e+06 6.28251e+06
threshold=43.614999771118171 1.1041294336318972 0.079823255538940444 0.030123055912554268 0.027052402496337894 0.052423795685172088 -0.50849914550781239 -0.24086952209472653 -0.58825820684432972 1.1541435122489931 0.78882777690887462 -0.015142679214477537 -0.5110793113708495 0.38700187206268316 -0.031578510999679558 0.00062366225756704818 0.15861959010362628 62.23500061035157 -0.11088960617780684 19.68331336975098 0.003605611622333527 -0.6508880853652953 2.4518741369247441 1.4477941393852236 0.02666826639324427 5.5000000000000009 -0.050768852233886712 26.445000648498539 15.275000095367433 1.643167316913605
decision_type=10 8 10 8 8 10 10 8 8 8 10 10 2 10 10 8 10 10 8 10 10 8 8 10 10 2 8 10 10 10
left_child=1 2 5 -3 12 7 23 -1 -9 21 11 20 -5 -8 -15 16 -2 -18 -11 29 -6 -10 25 -7 -17 27 -24 -23 -4 -20
right_child=15 3 28 4 10 6 13 8 9 18 -12 -13 -14 14 -16 24 17 -19 19 -21 -22 22 26 -25 -26 -27 -28 -29 -30 -31
leaf_value=0.44196338855877004 -3.3441907127472605 -0.014143145344936095 -0.70986717995047888 -2.2508873023124472 2.1306476264322334 -2.165992906863194 0.33893741743200723 -1.0871395618793971 3.7092663353339157 -4.220391734076018 -3.2786717782992616 -0.55335609552310328 -0.94757026492498431 0.59214342563119648 -4.8818577306894362 0.078543724411006585 0.2510518649980929 0.94111575215643817 -0.93667437107805018 0.12294481704910061 -0.30044928832240003 -4.8819138140427443 -5.0235998431114277 -6.452655735259806 -1.7438910594445254 0.20686365869573264 -0.39275384209005249 -0.26593791644348863 0.64413763137898838 -3.3653041768391603
leaf_weight=39280 1139 43760 6142 12625 4013 2583 4583 21180 930 1000 1729 48526 24612 866 1259 133339 115249 54069 13581 12872 4361 807 897 811 3376 76434 1081 1244 50754 1942
leaf_count=39280 1139 43760 6142 12625 4013 2583 4583 21180 930 1000 1729 48526 24612 866 1259 133339 115249 54069 13581 12872 4361 807 897 811 3376 76434 1081 1244 50754 1942
internal_value=-0.00217865 -0.21713 -0.0182932 -0.556383 -0.803872 -0.180251 -1.48672 -0.1031 -0.265358 -0.108169 -0.43147 -0.344392 -1.38994 -0.613221 -2.65872 0.262245 0.445764 0.471455 -0.747432 -0.62368 0.865736 0.122763 0.0808542 -3.20624 0.0334168 0.146398 -2.50749 -2.09704 0.497872 -1.24248
internal_weight=685044 377872 238246 139626 95866 181350 10102 171248 131968 110788 58629 56900 37237 6708 2125 307172 170457 169318 29395 28395 8374 81393 80463 3394 136715 78485 1978 2051 56896 15523
internal_count=685044 377872 238246 139626 95866 181350 10102 171248 131968 110788 58629 56900 37237 6708 2125 307172 170457 169318 29395 28395 8374 81393 80463 3394 136715 78485 1978 2051 56896 15523
is_linear=0
shrinkage=0.04


Tree=41
num_leaves=31
num_cat=0
split_feature=32 31 28 22 48 36 34 36 38 0 52 13 8 16 51 28 8 6 6 38 13 31 8 48 39 46 21 31 33 1
split_gain=2.4179e+07 1.59877e+07 1.38362e+07 1.07338e+07 1.08553e+07 1.06225e+07 1.03518e+07 1.33844e+07 1.1607e+07 9.54342e+06 1.07836e+07 8.94833e+06 8.37439e+06 8.14472e+06 8.11984e+06 8.09406e+06 8.03057e+06 8.0033e+06 8.3778e+06 7.80638e+06 7.65434e+06 7.62973e+06 7.5829e+06 7.13556e+06 6.89806e+06 6.68102e+06 6.52858e+06 6.42902e+06 6.40586e+06 6.43206e+06
threshold=1.9356380701065066 51.82500076293946 1.467823386192322 0.51707360148429882 0.03758311644196511 -0.48915894329547877 -0.029958089813590046 -0.95448312163352955 -0.75071197748184193 -0.055272340774536126 -0.19071871042251584 0.98578825592994701 -0.078379780054092393 0.031074883416295055 -0.0090074012987315637 0.21353093534708026 -0.014486044645309447 0.7984910011291505 -0.0081248283386230451 0.20802017301321032 0.86765459179878246 14.484999656677248 -0.17679315805435178 0.0041281410958617934 0.1206045299768448 -0.070611964911222444 12.269020557403566 70.854999542236342 19.392810821533207 0.052142381668090827
decision_type=8 10 8 10 8 10 8 8 10 8 8 10 10 10 10 10 10 8 10 10 8 10 10 10 8 10 10 10 10 10
left_child=1 2 3 4 12 13 -2 8 -8 -9 20 -6 25 -4 15 -3 17 18 -13 21 -11 -5 -20 -21 -25 -1 -23 -17 29 -12
right_child=6 14 5 19 11 -7 7 9 -10 10 28 16 -14 -15 -16 27 -18 -19 22 23 -22 26 -24 24 -26 -27 -28 -29 -30 -31
leaf_value=-1.6279403851139536 0.63304877599308906 -2.8076544241480907 -0.60318337066652272 -0.69521311483534742 -0.62627104067471906 0.40935611742784295 -1.4171663499417935 1.7678336489165325 -7.4340759782104247 -0.16106082338601246 -1.8444094791326964 -0.67593748694098543 0.02316136527427045 -2.7348735606632375 0.14446900773686422 0.53321440273595333 0.6200163742791065 -2.014721158937431 2.8873579603806916 -1.1198453787133797 -4.6610188187406552 1.8518039198186651 0.21879642156605703 0.3222743308790742 -1.9705501853651368 1.6683724084164211 0.44528278815170569 1.4161437838099156 -0.3983573547577795 0.25113255426329217
leaf_weight=1079 6598 1052 76884 9031 73592 17336 1117 2018 948 849 12954 20881 22091 2970 112746 67040 22918 3976 1898 10425 2099 5523 15935 23641 2294 10358 116165 16428 20879 2858
leaf_count=1079 6598 1052 76884 9031 73592 17336 1117 2018 948 849 12954 20881 22091 2970 112746 67040 22918 3976 1898 10425 2099 5523 15935 23641 2294 10358 116165 16428 20879 2858
internal_value=0.000830646 0.0677937 -0.067136 0.0532389 -0.167862 -0.487967 -0.843057 -1.06591 -4.20192 -0.909478 -1.04619 -0.323489 0.478166 -0.6828 0.366687 0.663065 0.0161821 -0.308054 -0.132301 0.281812 -3.36999 0.426006 0.504276 -0.236558 0.118788 1.35624 0.509267 0.70714 -0.858613 -1.46572
internal_weight=684583 634263 436997 339807 172728 97190 50320 43722 2065 41657 39639 139200 33528 79854 197266 84520 65608 42690 38714 167079 2948 130719 17833 36360 25935 11437 121688 83468 36691 15812
internal_count=684583 634263 436997 339807 172728 97190 50320 43722 2065 41657 39639 139200 33528 79854 197266 84520 65608 42690 38714 167079 2948 130719 17833 36360 25935 11437 121688 83468 36691 15812
is_linear=0
shrinkage=0.04


Tree=42
num_leaves=31
num_cat=0
split_feature=31 16 36 8 21 14 39 11 31 4 43 39 48 11 10 13 14 12 11 28 11 11 50 12 10 52 28 50 38 11
split_gain=2.04847e+07 1.54053e+07 1.26615e+07 1.20621e+07 1.35371e+07 1.04335e+07 8.94182e+06 8.85051e+06 8.83989e+06 8.09004e+06 7.83776e+06 7.63603e+06 7.33603e+06 7.17065e+06 7.14713e+06 8.75946e+06 8.46606e+06 7.67573e+06 7.21898e+06 6.80032e+06 6.61649e+06 6.58127e+06 7.32055e+06 6.44452e+06 6.43151e+06 6.26968e+06 7.14426e+06 6.23065e+06 5.99768e+06 6.12276e+06
threshold=29.365000724792484 0.028667148202657703 -0.35721765458583826 0.033403158187866218 52.828401565551765 0.98976975679397594 0.24646114557981494 0.11053496599197389 61.585000991821296 0.18018174171447757 3.5000000000000004 -0.08056409657001494 -0.18334504961967465 2.1659935712814335 -0.092373520135879503 0.83317363262176525 0.81909829378128063 0.058410480618476875 0.88620567321777355 0.99864739179611217 3.1445968151092534 0.039029836654663093 -0.065734617412090288 0.027852631174027923 -0.053207069635391228 0.050234718248248107 0.94759735465049755 -0.021102868951857087 -0.017364915460348126 0.057503819465637214
decision_type=10 8 10 10 10 10 10 10 10 10 2 10 8 8 8 10 8 10 10 10 10 10 8 10 8 10 10 8 10 10
left_child=2 3 5 8 6 10 9 -7 12 -5 -1 -9 -2 -3 15 16 25 18 -16 -6 -11 22 -14 -18 -21 -12 -27 -17 29 -29
right_child=1 13 -4 4 19 7 -8 11 -10 20 14 -13 21 -15 17 27 23 -19 -20 24 -22 -23 -24 -25 -26 26 -28 28 -30 -31
leaf_value=-1.6001406667789986 2.4485095364386362 -0.92611265806206833 0.66179067827629501 0.73755594278081704 0.55140310314536212 -5.4561573319277876 -3.0630151329865329 -0.029915333945027902 0.43354764687979369 2.3579684167765631 -1.0495692757296888 -4.3359870618035288 0.75610930183459091 -3.8717222566587663 0.71024254071442761 0.66968091996853274 -5.1439163443632889 -2.8607413937412365 -0.30006877550958738 -0.50237680794994355 -1.2615724425264805 -0.035662647071097425 -0.96166921136542272 -1.7592280047819919 0.24844724133449761 2.3306749835760936 -0.83136988905168352 -1.5603762813479016 -1.6378943760673721 -0.1694873290028226
leaf_weight=8269 1786 9194 18096 64753 44439 1112 915 2215 64086 8288 23935 928 4738 1537 20964 9698 1187 1372 24565 31966 889 198150 24256 3715 42527 2029 2594 5566 5844 55179
leaf_count=8269 1786 9194 18096 64753 44439 1112 915 2215 64086 8288 23935 928 4738 1537 20964 9698 1187 1372 24565 31966 889 198150 24256 3715 42527 2029 2594 5566 5844 55179
internal_value=0.0129826 0.147204 -0.343597 0.180262 0.4251 -0.451175 0.846507 -2.40458 0.0183377 0.895302 -0.400632 -1.31104 -0.0979088 -1.35122 -0.337216 -0.51383 -1.05333 0.0760779 0.165187 0.159855 2.00634 -0.118038 -0.680798 -2.58762 -0.0737662 -0.789155 0.558463 -0.277094 -0.415062 -0.297169
internal_weight=684792 497524 187268 486793 193777 169172 74845 4255 293016 73930 164917 3143 228930 10731 156648 109747 33460 46901 45529 118932 9177 227144 28994 4902 74493 28558 4623 76287 66589 60745
internal_count=684792 497524 187268 486793 193777 169172 74845 4255 293016 73930 164917 3143 228930 10731 156648 109747 33460 46901 45529 118932 9177 227144 28994 4902 74493 28558 4623 76287 66589 60745
is_linear=0
shrinkage=0.04


Tree=43
num_leaves=31
num_cat=0
split_feature=31 13 28 36 4 51 28 19 23 7 3 5 21 10 43 33 4 0 23 31 17 2 7 14 17 8 13 32 7 13
split_gain=1.9843e+07 1.30597e+07 1.1824e+07 1.31087e+07 1.17642e+07 1.06908e+07 1.1576e+07 1.00032e+07 1.35825e+07 1.07537e+07 1.084e+07 1.10962e+07 8.90639e+06 1.00906e+07 1.50278e+07 1.01168e+07 8.8287e+06 8.51288e+06 8.26853e+06 8.25924e+06 8.08736e+06 7.82107e+06 7.79891e+06 7.70632e+06 7.11081e+06 6.97907e+06 6.95177e+06 7.7574e+06 6.20571e+06 7.06103e+06
threshold=47.674999237060554 1.6190963387489321 0.88762187957763683 -0.50542956590652455 0.086544990539550795 -0.0025003813207149501 0.15861959010362628 2.5000000000000004 -0.052277505397796624 0.9190625548362733 0.19706869125366214 -0.28175759315490717 50.944061279296882 -0.35551592707633967 34.500000000000007 18.446086883544925 0.14505219459533694 -0.0035583972930908199 -0.1557565629482269 64.625000000000014 0.026518409140408043 -0.057234525680541985 0.037199199199676521 0.69795164465904247 0.030348001047968868 0.021637678146362308 0.72427439689636242 1.9356380701065066 0.37422806024551397 0.97601163387298595
decision_type=10 10 10 10 10 8 10 2 10 8 10 10 10 10 2 10 10 10 8 10 2 10 8 8 2 10 10 10 10 8
left_child=1 2 4 7 12 6 -2 8 9 10 11 -4 13 14 20 -16 19 -12 22 -8 -1 -6 -9 -15 -17 -7 -13 -28 29 -25
right_child=5 -3 3 -5 21 25 16 18 -10 -11 17 26 -14 23 15 24 -18 -19 -20 -21 -22 -23 -24 28 -26 -27 27 -29 -30 -31
leaf_value=-1.399376640499788 -3.9150451915335451 -3.5352203880341522 0.33294853147241676 0.27311716751509624 2.5296914186798598 -0.33482024789597475 0.26297298986697248 0.70104244180206265 -0.2200659914716018 -2.4185058910125288 3.8365253773942052 -2.2166344139230829 0.30060287409791758 0.20976151451193203 -2.822980258130491 -2.3757358007609022 2.1036218675157694 -0.54779919055727833 -0.25366665138717726 0.97238411703707084 1.4750140504056384 0.5135436544404931 3.7918785381531497 -2.2324563125485359 -0.28700612149157773 0.27051075314464268 -0.77846465549821831 -2.2379471671751241 1.0242094208435186 -0.46788772211041191
leaf_weight=2284 926 1839 10491 43750 3359 55428 86077 5417 83913 7096 1401 7440 57374 46704 6747 3687 5588 1419 12668 37782 4930 35851 1714 5287 8863 67665 57962 6473 2748 11542
leaf_count=2284 926 1839 10491 43750 3359 55428 86077 5417 83913 7096 1401 7440 57374 46704 6747 3687 5588 1419 12668 37782 4930 35851 1714 5287 8863 67665 57962 6473 2748 11542
internal_value=-0.0155479 -0.180721 -0.166263 -0.35287 0.0699817 0.265286 0.517694 -0.49261 -0.588402 -0.923274 -0.798451 -0.881997 -0.0911276 -0.333344 -0.992729 -1.5748 0.549704 1.63623 0.359724 0.479433 0.564286 0.686862 1.44822 -0.0694935 -0.902046 -0.00207103 -1.05935 -0.925406 -0.735467 -1.02324
internal_weight=684425 430959 429120 239744 189376 253466 130373 195994 176195 92282 85186 82366 150166 92792 26511 19297 129447 2820 19799 123859 7214 39210 7131 66281 12550 123093 71875 64435 19577 16829
internal_count=684425 430959 429120 239744 189376 253466 130373 195994 176195 92282 85186 82366 150166 92792 26511 19297 129447 2820 19799 123859 7214 39210 7131 66281 12550 123093 71875 64435 19577 16829
is_linear=0
shrinkage=0.04


Tree=44
num_leaves=31
num_cat=0
split_feature=31 28 4 35 3 19 12 10 10 5 1 2 15 7 10 22 8 46 47 51 23 17 23 47 31 32 22 28 10 51
split_gain=1.81558e+07 1.48795e+07 1.44173e+07 1.20255e+07 1.31569e+07 1.26372e+07 1.18715e+07 1.72923e+07 1.65935e+07 1.05114e+07 1.0319e+07 9.96323e+06 9.2561e+06 8.80073e+06 1.77825e+07 1.11725e+07 1.2646e+07 1.37581e+07 8.67609e+06 8.23786e+06 8.21538e+06 8.08612e+06 7.96354e+06 7.75897e+06 7.66829e+06 7.36125e+06 7.03101e+06 7.68214e+06 6.71391e+06 6.7056e+06
threshold=48.764999389648445 1.0851091146469118 0.019543647766113285 0.02697774209082127 0.043882608413696296 1.0000000180025095e-35 0.052423795685172088 -0.71715325117111195 -0.30520066618919367 -0.28175759315490717 -0.066804647445678697 -0.075511455535888658 -0.69999635219573964 -0.2690416276454925 -0.39828094840049738 0.4200685471296311 -0.083854675292968736 0.023598435334861282 -0.017909730784595009 0.028539160266518596 -0.053293794393539422 0.074216172099113478 -0.06495428085327147 -0.27895608544349665 14.074999809265138 1.9356380701065066 0.26723054051399237 0.50562775135040294 -0.31711474061012263 -0.050328083336353295
decision_type=10 10 10 8 10 2 10 10 10 8 10 10 2 8 8 10 10 8 8 10 8 2 8 10 10 8 10 10 8 10
left_child=1 2 6 -3 9 20 13 26 -9 -5 -7 -4 28 23 15 16 -15 -18 -13 -2 21 -6 -21 -1 -20 -14 27 -8 29 -11
right_child=19 3 11 4 5 10 7 8 -10 12 -12 18 25 14 -16 -17 17 -19 24 22 -22 -23 -24 -25 -26 -27 -28 -29 -30 -31
leaf_value=0.4043616756667151 0.39352707045396079 0.063540360266808565 2.1362344345518856 0.35676937667055231 -0.77154151572334984 4.9672465082759905 -5.7462325881536724 0.71957778134817763 -3.6809639724371022 -1.5755068190800663 0.45893346895723869 -1.5492703583654523 -0.89867171336996776 -0.82642901053318119 -0.060077739493008757 0.43244113203200407 0.181283050915692 -4.5483929180281919 -0.91919242302937065 -1.221549390508853 -0.35222828679945173 -3.4083388142855675 0.085051223945228238 2.9296055246641028 0.4420715273769979 -2.8264984631726588 -7.1756783842679646 -0.83730660496295872 -1.8351394608522427 -6.0937556630696115
leaf_weight=11101 198731 51974 4866 6858 4890 848 857 5085 1866 855 15333 3952 37173 5878 117909 3578 1270 4349 7061 9838 35747 3002 30819 2352 104235 3458 849 1249 6217 1392
leaf_count=11101 198731 51974 4866 6858 4890 848 857 5085 1866 855 15333 3952 37173 5878 117909 3578 1270 4349 7061 9838 35747 3002 30819 2352 104235 3458 849 1249 6217 1392
internal_value=0.00659576 -0.144735 0.0356005 -0.441923 -0.668827 -0.256356 -0.217584 -1.55701 -0.465341 -1.10968 0.698123 0.365141 -1.31456 -0.126875 -0.225522 -1.51865 -2.1257 -3.48097 0.290183 0.287397 -0.610348 -1.77758 -0.231337 0.8477 0.355633 -1.0634 -4.11469 -2.85262 -2.51754 -4.38913
internal_weight=683592 444204 276457 167747 115773 59820 156343 9906 6951 55953 16181 120114 49095 146437 132984 15075 11497 5619 115248 239388 43639 7892 40657 13453 111296 40631 2955 2106 8464 2247
internal_count=683592 444204 276457 167747 115773 59820 156343 9906 6951 55953 16181 120114 49095 146437 132984 15075 11497 5619 115248 239388 43639 7892 40657 13453 111296 40631 2955 2106 8464 2247
is_linear=0
shrinkage=0.04


Tree=45
num_leaves=31
num_cat=0
split_feature=16 31 14 8 21 4 28 33 8 15 10 32 10 50 5 35 43 14 11 22 29 6 32 38 4 43 50 29 13 13
split_gain=1.81597e+07 1.82102e+07 1.28823e+07 1.17803e+07 1.79439e+07 1.10607e+07 9.68217e+06 9.39115e+06 2.53711e+07 1.27507e+07 1.17983e+07 9.45e+06 8.16363e+06 9.1315e+06 8.11585e+06 7.17538e+06 8.00186e+06 7.15279e+06 7.12801e+06 7.02421e+06 6.9962e+06 6.79387e+06 8.28561e+06 6.66646e+06 6.41392e+06 6.25423e+06 1.00636e+07 6.38948e+06 6.16935e+06 6.11132e+06
threshold=0.028667148202657703 24.795000076293949 0.97953951358795177 0.027889966964721683 18.579905509948734 0.12765312194824222 0.81808283925056469 18.508213996887211 -0.090027481317520128 -0.66635379195213307 -0.22227165102958676 1.9127094149589541 -0.026566267013549801 -0.026319275610148903 0.57474732398986828 0.042334184050560004 16.500000000000004 0.35833513736724859 0.028983235359191898 0.69318178296089183 1.9975964426994326 -0.52823901176452626 0.86467719078063976 -0.82164436578750599 -0.36352562904357905 3.5000000000000004 -0.020448414608836171 1.6291190981864931 0.78394019603729259 0.83880397677421581
decision_type=10 10 8 10 10 10 10 10 8 2 10 8 8 8 10 10 2 10 10 10 10 10 10 10 8 2 10 10 8 10
left_child=1 2 12 7 5 23 -6 9 21 10 28 18 13 17 15 16 20 -1 -10 -11 -8 22 -9 -5 -2 26 27 -15 -3 -27
right_child=24 3 -4 4 6 -7 14 8 11 19 -12 -13 -14 25 -16 -17 -18 -19 -20 -21 -22 -23 -24 -25 -26 29 -28 -29 -30 -31
leaf_value=-1.6342247381473189 1.5179120165757964 -0.70794912292059442 -1.9860207458516184 1.3619703637486742 0.62544081054484968 2.9875099163182148 0.36276929341173586 -2.6463683645586271 -1.0820876132266235 -0.33914501894052074 0.059118497540966403 -1.3374351246968486 0.49065993766583016 -5.0204526218188965 -1.6097020443350281 -1.0337253952285226 0.019803463565825224 1.0161980412606679 0.0049143011235765859 1.0461503606981202 1.9047504296204856 1.1653934295663431 0.5418956261036314 -0.2170796050346373 -1.6034541640152447 -0.99640593782709419 0.28599069140660094 -1.0667965765916556 -2.9567653770636992 -0.27330413378275514
leaf_weight=1931 1130 2733 7761 15163 62900 5126 14448 1646 10203 47150 5106 9658 17586 1723 4662 8588 108382 10150 175788 6677 6978 36847 6129 5954 14182 27327 1839 1061 6887 59232
leaf_count=1931 1130 2733 7761 15163 62900 5126 14448 1646 10203 47150 5106 9658 17586 1723 4662 8588 108382 10150 175788 6677 6978 36847 6129 5954 14182 27327 1839 1061 6887 59232
internal_value=-0.0106782 0.0204761 -0.407333 0.122179 0.337427 1.3223 0.211877 -0.0396695 0.0781562 -0.452587 -1.49513 -0.118153 -0.305793 -0.441466 0.0300092 0.0853567 0.159468 0.591559 -0.0547709 -0.167143 0.865615 0.938726 -0.135605 0.916861 -1.37226 -0.578384 -2.0104 -3.5229 -2.31929 -0.501679
internal_weight=684947 669635 128610 541025 232201 26243 205958 308824 240271 68553 14726 195649 120849 103263 143058 138396 129808 12081 185991 53827 21426 44622 7775 21117 15312 91182 4623 2784 9620 86559
internal_count=684947 669635 128610 541025 232201 26243 205958 308824 240271 68553 14726 195649 120849 103263 143058 138396 129808 12081 185991 53827 21426 44622 7775 21117 15312 91182 4623 2784 9620 86559
is_linear=0
shrinkage=0.04


Tree=46
num_leaves=31
num_cat=0
split_feature=31 35 5 21 5 17 21 31 30 13 40 30 17 47 2 9 21 11 28 11 7 5 5 7 7 43 52 4 48 14
split_gain=1.6963e+07 1.24156e+07 1.2124e+07 1.94929e+07 1.39108e+07 9.04246e+06 8.84663e+06 1.04452e+07 1.32919e+07 8.4404e+06 8.23099e+06 8.67764e+06 8.67589e+06 7.60365e+06 7.54506e+06 7.48148e+06 1.50983e+07 1.40569e+07 7.22671e+06 7.59093e+06 6.72979e+06 6.6612e+06 5.86473e+06 5.80731e+06 5.78868e+06 5.87086e+06 7.60871e+06 7.69504e+06 5.77952e+06 5.77553e+06
threshold=47.475000381469734 0.051137421280145652 0.0703866481781006 12.269020557403566 0.92229580879211437 0.039755359292030341 36.230127334594734 28.48499965667725 1.0819752216339114 0.94224283099174511 0.0023822188377380375 1.2596080899238589 0.009002710226923229 0.0056885925587266692 -0.057234525680541985 0.092536211013793959 66.463470458984389 1.0186548233032229 1.6173594594001772 1.2293503284454348 0.23610889911651614 -0.27158308029174799 0.043261528015136726 1.029480576515198 -0.62384316325187672 13.500000000000002 -0.018210257403552529 0.095464229583740248 -0.090606652200222002 0.67877218127250682
decision_type=10 10 10 10 10 2 10 10 10 10 8 8 2 10 10 8 10 10 8 10 8 8 8 8 10 2 10 10 8 10
left_child=1 2 6 14 5 -5 7 9 -9 20 -2 -12 -13 24 -4 17 -17 -7 -8 -20 29 -3 -22 -19 -11 -26 -27 -28 -10 -1
right_child=10 21 3 4 -6 15 18 8 28 13 11 12 -14 -15 -16 16 -18 23 19 -21 22 -23 -24 -25 25 26 27 -29 -30 -31
leaf_value=-1.5524945906912977 -0.25950866825260444 1.5499762671098989 2.364483382664698 0.29893338286694093 -3.3820520945286154 0.044992112059010159 0.04454860870953202 0.18079940357846366 1.8000423440513831 -3.6062981774874614 0.50186601162213385 -4.1918076628819563 -0.030931839716588052 1.7776187652409376 0.65657784969652544 1.9878659604525299 -0.34458410204930018 -1.1797074200162467 -0.49672771989458803 -3.0050614344983386 2.7669448918130781 -1.3573232005293927 -1.502677340712429 -3.6209960917179917 -2.1446383478025179 0.53146768730049099 -2.3016287860847551 1.9931865556452173 -1.2560346129310349 -3.2702107612390412
leaf_weight=9619 40595 1350 7686 95747 1902 24011 112136 37236 1036 1118 164734 805 49504 1980 8977 6077 16407 18532 22548 2102 886 17600 1200 1696 3252 7689 3717 805 18982 4665
leaf_count=9619 40595 1350 7686 95747 1902 24011 112136 37236 1036 1118 164734 805 49504 1980 8977 6077 16407 18532 22548 2102 886 17600 1200 1696 3252 7689 3717 805 18982 4665
internal_value=0.00492269 -0.148786 -0.102507 0.142111 0.0099207 0.0498355 -0.295911 -0.598755 -0.266096 -1.14377 0.262839 0.361453 -0.0983303 -0.559378 1.44531 -0.307609 0.286437 -0.609523 -0.0917858 -0.711755 -1.80563 -1.1495 0.315335 -1.38608 -0.839351 -0.637095 -0.234183 -1.53436 -1.09705 -2.11538
internal_weight=684594 428956 410006 181035 164372 162470 228971 92185 57254 34931 255638 215043 50309 18561 16663 66723 22484 44239 136786 24650 16370 18950 2086 20228 16581 15463 12211 4522 20018 14284
internal_count=684594 428956 410006 181035 164372 162470 228971 92185 57254 34931 255638 215043 50309 18561 16663 66723 22484 44239 136786 24650 16370 18950 2086 20228 16581 15463 12211 4522 20018 14284
is_linear=0
shrinkage=0.04


Tree=47
num_leaves=31
num_cat=0
split_feature=32 38 16 5 0 12 36 14 9 36 7 6 32 47 32 38 8 52 5 4 6 3 8 33 6 23 22 43 0 17
split_gain=1.75423e+07 1.09093e+07 1.21529e+07 1.42344e+07 1.16295e+07 1.10645e+07 1.02777e+07 1.00632e+07 1.05076e+07 1.21102e+07 9.9557e+06 9.60942e+06 9.46285e+06 9.16416e+06 9.99504e+06 9.0823e+06 9.35296e+06 8.56967e+06 1.1127e+07 1.16718e+07 1.0127e+07 8.33996e+06 1.25795e+07 9.78883e+06 9.39101e+06 9.06565e+06 9.98837e+06 8.21739e+06 8.12284e+06 9.1598e+06
threshold=2.0733857154846196 0.19054905325174334 0.0090639903210103529 0.10350465774536134 -0.00058579444885253895 0.056779554113745696 -0.55208471417427052 0.99777778983116161 -0.12715971469879148 -0.72527137398719776 -0.71614858508110035 -0.11718511581420897 1.2685588598251345 0.024632113054394725 0.95170697569847118 1.8777803778648379 -0.11575433611869811 -0.035990726202726357 -0.14453876018524167 0.03609967231750489 0.37076568603515631 0.027775764465332035 -0.10189172625541686 18.840466499328617 -0.0038337707519531246 -0.1982859671115875 0.29226005077362066 46.500000000000007 -0.047368049621582024 0.06775378063321115
decision_type=8 10 10 10 10 10 10 10 10 10 10 10 10 10 8 10 10 8 8 10 8 10 10 10 10 10 10 2 10 2
left_child=1 2 3 10 -5 -6 11 8 -2 17 -1 15 -8 14 28 16 -3 18 -10 20 27 22 23 -16 25 -24 -27 -20 29 -12
right_child=7 6 -4 4 5 -7 12 -9 9 -11 13 -13 -14 -15 21 -17 -18 -19 19 -21 -22 -23 24 -25 -26 26 -28 -29 -30 -31
leaf_value=-1.2015350555970854 0.9214779950911367 1.5369455031275323 -0.25299821736277389 0.91743890535896211 0.27266198765105243 -2.9301901490359286 -0.2743377137907701 -4.7087637739163419 -0.3912770699894918 0.36566239818859908 -5.2623285813170853 -0.39527326090865877 0.69548616336330538 0.85832031873441428 -0.73788271029166896 -5.5165116568325612 -1.7382118940633102 -0.80802389849242706 -3.7715431507774824 0.64951836241143091 -2.4460421000162147 0.32000570322651356 2.7665401142593322 0.89908141237633044 -0.30408928654368694 -2.2846169807027774 -0.72453225622603956 -8.3421940697455259 0.37329633697390707 -0.32494319524513077
leaf_weight=9806 5189 1592 108045 69224 72270 1758 48029 1044 3155 7582 841 51756 24200 22968 8959 875 10890 13298 1450 1033 3216 33325 851 16773 37602 11655 15055 1147 99534 2053
leaf_count=9806 5189 1592 108045 69224 72270 1758 48029 1044 3155 7582 841 51756 24200 22968 8959 875 10890 13298 1450 1033 3216 33325 851 16773 37602 11655 15055 1147 99534 2053
internal_value=-0.00987205 0.0385689 0.123676 0.224748 0.544774 0.196216 -0.277894 -0.8555 -0.742698 -1.02254 0.0480167 -0.642295 0.0506487 0.0971507 0.019981 -1.59845 -1.31959 -1.47426 -2.35843 -3.26311 -3.95832 -0.221218 -0.419662 0.329081 -0.715335 -1.27609 -1.40588 -5.81449 0.31249 -1.77293
internal_weight=685175 648061 510719 402674 143252 74028 137342 37114 36070 30881 259422 65113 72229 249616 226648 13357 12482 23299 10001 6846 5813 124220 90895 25732 65163 27561 26710 2597 102428 2894
internal_count=685175 648061 510719 402674 143252 74028 137342 37114 36070 30881 259422 65113 72229 249616 226648 13357 12482 23299 10001 6846 5813 124220 90895 25732 65163 27561 26710 2597 102428 2894
is_linear=0
shrinkage=0.04


Tree=48
num_leaves=31
num_cat=0
split_feature=16 31 22 1 3 48 5 7 7 13 36 32 33 12 8 15 33 13 35 12 51 51 46 8 5 36 33 32 33 7
split_gain=1.38035e+07 1.33912e+07 1.14362e+07 1.27323e+07 1.21251e+07 1.86921e+07 1.31309e+07 1.03572e+07 1.06072e+07 9.66217e+06 9.0697e+06 9.61812e+06 9.02492e+06 8.48913e+06 7.9564e+06 7.5624e+06 7.48059e+06 7.41834e+06 7.39071e+06 7.05998e+06 7.05903e+06 6.91803e+06 6.98771e+06 6.76324e+06 6.81898e+06 6.53893e+06 6.52759e+06 6.31368e+06 6.24298e+06 8.41162e+06
threshold=0.028667148202657703 48.104999542236335 0.22941381484270099 -0.069287061691284166 -0.082144260406494127 0.040373820811510093 -0.01806998252868652 -0.054572373628616326 -0.26060113310813898 0.61664760112762462 -0.4180349707603454 1.9356380701065066 16.898509025573734 0.03423933498561383 -0.090027481317520128 -0.65643984079360951 18.508213996887211 1.1862499713897707 0.051137421280145652 0.06501584500074388 -0.034605007618665688 -0.0025003813207149501 -0.014174717944115399 -0.16316962242126462 0.22804117202758792 -0.85883128643035878 20.240303993225101 1.4702924489974978 18.023576736450199 -0.1396972835063934
decision_type=10 10 8 8 10 8 10 10 8 10 10 10 8 10 10 2 10 10 10 10 10 8 8 8 10 8 10 10 10 10
left_child=1 2 4 -4 6 14 16 8 15 -10 11 18 -3 27 -6 -7 -1 -2 19 -5 -19 -14 -23 -21 -25 26 -13 -9 29 -27
right_child=17 12 3 10 5 7 -8 13 9 -11 -12 25 21 -15 -16 -17 -18 20 -20 23 -22 22 -24 24 -26 28 -28 -29 -30 -31
leaf_value=-1.7485955007729634 -1.8299775401607397 1.1698507956042536 1.4671502999165384 0.021858522476709521 2.098246055696269 -3.4515095929511852 1.1656820735824505 -0.073787174328748831 -6.0915884330966081 -2.370600327735453 0.47709846852880622 -1.0520312878077784 0.43038622149323125 -3.6377240044343666 -0.23312611798339833 0.72928956572260373 -0.12535617715787203 2.159500411614546 -1.1658290832436218 1.115563933742254 -0.92901209281202468 -1.2098664353196456 0.072268008127690492 -4.2496294468591094 -0.55367334574817184 0.40152730211542159 -5.4199406582838332 -1.8610328127501388 -0.44733374979461049 -4.8565404004888233
leaf_weight=5693 9794 17017 9352 248625 3332 911 11170 12651 1245 10584 48485 1264 115815 1515 7823 2778 22331 1676 9096 1081 3967 7275 102409 1712 1496 802 964 4207 18444 1223
leaf_count=5693 9794 17017 9352 248625 3332 911 11170 12651 1245 10584 48485 1264 115815 1515 7823 2778 22331 1676 9096 1081 3967 7275 102409 1712 1496 802 964 4207 18444 1223
internal_value=0.0172221 0.044505 -0.0903682 0.0123193 -0.507877 -0.955436 0.0066193 -1.4228 -2.18345 -2.76705 -0.0285576 -0.114683 0.281851 -0.77951 0.464511 -0.3097 -0.455619 -1.16494 -0.0462402 -0.00592992 -0.0095106 0.214791 -0.0128745 -1.61308 -2.53316 -0.904412 -2.95769 -0.520642 -0.679583 -2.78235
internal_weight=684737 669300 426784 342544 84240 45046 39194 33891 15518 11829 333192 284707 242516 18373 11155 3689 28024 15437 262010 252914 5643 225499 109684 4289 3208 22697 2228 16858 20469 2025
internal_count=684737 669300 426784 342544 84240 45046 39194 33891 15518 11829 333192 284707 242516 18373 11155 3689 28024 15437 262010 252914 5643 225499 109684 4289 3208 22697 2228 16858 20469 2025
is_linear=0
shrinkage=0.04


Tree=49
num_leaves=31
num_cat=0
split_feature=5 6 14 2 17 38 5 48 22 46 48 6 14 3 5 51 22 51 47 25 11 11 6 14 48 38 9 50 5 11
split_gain=1.56639e+07 1.02127e+07 1.64001e+07 1.48541e+07 1.31385e+07 1.13101e+07 1.06258e+07 9.58261e+06 1.0694e+07 9.53707e+06 8.92881e+06 9.3582e+06 9.5817e+06 1.06949e+07 1.00307e+07 8.79267e+06 7.64708e+06 7.19722e+06 7.07201e+06 7.22224e+06 7.21329e+06 6.75084e+06 6.45333e+06 6.48912e+06 6.44373e+06 6.38801e+06 6.28886e+06 6.18697e+06 6.14684e+06 6.12921e+06
threshold=0.92229580879211437 -0.037559628486633294 0.9879153072834016 -0.0944540500640869 0.037620099261403091 -0.57242891192436207 -0.30276584625244135 -0.18334504961967465 0.29226005077362066 -0.014832721557468174 0.043873848393559463 -1.0896478891372678 0.83415859937667858 -0.068687438964843736 0.14911913871765139 -0.014765636995434759 0.034173829481005676 -0.060012092813849442 -0.17069574445486066 1.0000000180025095e-35 0.45094937086105352 3.1445968151092534 -0.71772944927215565 0.55752351880073558 -0.0089775840751826746 -0.76817733049392689 -0.1101822257041931 -0.087240986526012407 -0.20363092422485349 1.1873097419738772
decision_type=10 10 10 8 2 10 10 8 8 10 8 8 10 10 10 10 10 10 10 2 10 10 8 10 10 8 8 10 10 8
left_child=1 2 6 27 5 -5 18 -8 10 28 -9 -12 13 17 25 -10 -4 -13 19 20 -1 -2 23 -21 -20 -14 -24 -3 -7 -6
right_child=21 3 16 4 29 9 7 8 15 -11 11 12 14 -15 -16 -17 -18 -19 24 22 -22 -23 26 -25 -26 -27 -28 -29 -30 -31
leaf_value=0.79692940739975937 -1.3168238182095757 1.6027533264462122 -5.1714142442761535 0.42898648911162374 -0.055210775393498175 2.3821312456856716 3.1110521027338796 0.058258129917289632 0.44215023187736086 0.11080908781460577 1.6929451968023423 -1.3708753888881158 -0.20542701880775976 -1.4638964497419917 1.5029422753283672 -0.28089854213655108 -1.5608303095065403 0.41148589333238395 2.8741965677311545 0.73192904470430276 -2.6261268575300187 -5.5661990477661645 1.5874416540342677 -3.0912358893933503 -0.30941071532530112 -3.8714076798591934 -0.91308765855898277 -1.057798399454223 -0.93152778028069561 -0.62198364158211727
leaf_weight=22234 1358 13973 1168 176902 92390 923 1327 17664 36866 81129 1976 5204 923 22131 823 99557 4706 11884 3315 983 1021 1071 2694 2520 1463 4341 3965 1547 22758 45586
leaf_count=22234 1358 13973 1168 176902 92390 923 1327 17664 36866 81129 1976 5204 923 22131 823 99557 4706 11884 3315 983 1021 1071 2694 2520 1463 4341 3965 1547 22758 45586
internal_value=-0.00576254 0.00568126 -0.199881 0.122238 0.0772838 0.233909 -0.148911 -0.264235 -0.286631 -0.0953593 -0.709065 -0.99568 -1.11329 -0.883674 -2.58885 -0.0854888 -2.28634 -0.131801 0.463007 0.256926 0.645578 -3.20561 -0.632236 -2.01936 1.90078 -3.23022 0.099403 1.33704 -0.801422 -0.242499
internal_weight=684402 681973 246765 435208 419688 281712 240891 202696 201369 104810 64946 47282 45306 39219 6087 136423 5874 17088 38195 33417 23255 2429 10162 3503 4778 5264 6659 15520 23681 137976
internal_count=684402 681973 246765 435208 419688 281712 240891 202696 201369 104810 64946 47282 45306 39219 6087 136423 5874 17088 38195 33417 23255 2429 10162 3503 4778 5264 6659 15520 23681 137976
is_linear=0
shrinkage=0.04


Tree=50
num_leaves=31
num_cat=0
split_feature=31 14 10 7 49 36 40 21 17 52 41 8 51 11 32 46 5 32 11 12 14 23 37 4 13 48 36 31 10 31
split_gain=1.43064e+07 1.01951e+07 1.00029e+07 1.15501e+07 1.12586e+07 9.83127e+06 9.72982e+06 1.19768e+07 1.25785e+07 1.07872e+07 9.78997e+06 8.27025e+06 8.25625e+06 7.66981e+06 7.58472e+06 7.51325e+06 8.20768e+06 8.19848e+06 6.85931e+06 6.73834e+06 7.82698e+06 6.97698e+06 6.79379e+06 6.60047e+06 6.47483e+06 6.22995e+06 6.68393e+06 8.77837e+06 6.66357e+06 5.62493e+06
threshold=28.045000076293949 0.98976975679397594 -0.38901802897453303 -0.18769073486328122 -0.061520209535956376 -0.4180349707603454 0.008732497692108156 4.645616054534913 0.071854528039693846 -0.031661067157983773 1.0000000180025095e-35 0.019869744777679447 0.015256400220096113 0.91014516353607189 0.77341252565383922 -0.026273182593286034 -0.092253446578979478 1.3902435898780825 2.3457140922546391 0.025576896034181121 0.98976975679397594 -0.085438758134841905 0.16485241055488589 -0.18456983566284177 1.1491068005561831 0.1151443049311638 -0.8029847741127013 10.375000000000002 -0.19359171390533444 17.394999504089359
decision_type=10 8 10 8 8 10 8 10 2 8 2 10 8 10 8 10 10 10 10 8 10 10 8 8 10 10 8 10 8 10
left_child=1 5 4 -4 -2 25 10 18 11 13 15 12 -9 -10 -6 16 -5 -18 -8 21 -21 22 -16 -24 -13 26 27 -1 -27 -3
right_child=2 29 3 6 14 -7 7 8 9 -11 -12 24 -14 -15 19 -17 17 -19 -20 20 -22 -23 23 -25 -26 28 -28 -29 -30 -31
leaf_value=-4.3574660071141045 3.5023581779514039 -3.2439878310786017 1.5953903764121706 0.41339351720037848 -1.2255852546412387 0.57136352893754205 1.1121948852593122 0.20659041501370268 -0.98955957215943036 -0.21490776172264217 2.5322794975270506 0.34668807346170627 -0.65069413483942096 -4.1441535506010823 0.42270390394356533 -0.013223857462713422 -1.4998040103433845 0.18603026726814118 4.7047592738366903 0.22630806139078083 -3.3924290178885794 -0.027043657382711975 0.73916411569528639 -2.6923321847013648 1.0103985712079233 3.0480370167175326 -0.3453757508933642 -0.92804421405792215 0.14394523780951124 -0.65313709142184495
leaf_weight=1279 1180 2877 8820 7955 14716 19455 16160 84942 2847 14617 2187 105696 22788 2177 2056 121713 17977 6206 889 33992 974 8865 1048 6058 30246 1504 118903 16456 7668 2515
leaf_count=1279 1180 2877 8820 7955 14716 19455 16160 84942 2847 14617 2187 105696 22788 2177 2056 121713 17977 6206 889 33992 974 8865 1048 6058 30246 1504 118903 16456 7668 2515
internal_value=-0.0116233 -0.328948 0.0937162 0.163121 -0.354797 -0.273036 0.134138 0.275039 0.208487 -0.765045 -0.119029 0.286986 0.0252065 -2.36203 -0.422524 -0.156879 -0.700757 -1.06728 1.30217 -0.199328 0.124565 -0.827285 -1.60071 -2.18592 0.494422 -0.385734 -0.453484 -1.17768 0.622951 -2.03898
internal_weight=684766 170657 514109 445220 68889 165265 436400 280362 263313 19641 156038 243672 107730 5024 67709 153851 32138 24183 17049 52993 34966 18027 9162 7106 135942 145810 136638 17735 9172 5392
internal_count=684766 170657 514109 445220 68889 165265 436400 280362 263313 19641 156038 243672 107730 5024 67709 153851 32138 24183 17049 52993 34966 18027 9162 7106 135942 145810 136638 17735 9172 5392
is_linear=0
shrinkage=0.04


Tree=51
num_leaves=31
num_cat=0
split_feature=31 4 2 15 33 17 10 51 30 14 32 51 6 28 9 0 32 41 13 51 30 5 31 9 19 0 9 11 51 17
split_gain=1.46124e+07 1.21341e+07 2.0152e+07 1.14384e+07 1.36965e+07 1.03097e+07 1.01171e+07 9.88841e+06 9.42242e+06 8.91577e+06 1.15263e+07 8.94297e+06 8.01201e+06 7.7282e+06 7.30999e+06 7.17722e+06 6.7286e+06 6.54988e+06 6.4206e+06 6.3635e+06 6.25584e+06 6.07084e+06 7.75079e+06 6.49834e+06 6.07052e+06 6.01212e+06 6.92378e+06 7.30757e+06 5.85878e+06 7.14962e+06
threshold=52.295000076293952 0.056515216827392585 -0.058535933494567864 -0.42528766393661493 18.784564971923832 0.041809113696217544 -0.22227165102958676 0.075879588723182692 1.1287406086921694 0.71460893750190746 0.59243047237396251 -0.0097429379820823652 0.15290617942810061 1.7093833684921267 0.086335062980651869 0.017185568809509281 0.22301655262708667 1.0000000180025095e-35 0.67179623246192943 -0.064519036561250673 1.2445757985115053 -0.27158308029174799 14.484999656677248 -0.21885859966278073 3.5000000000000004 -0.00093245506286621083 0.071560382843017592 1.3252483606338503 -0.028820979408919808 0.012435202021151783
decision_type=10 10 10 2 8 2 8 10 10 10 10 10 8 10 10 10 10 2 8 10 10 8 10 10 2 10 8 8 8 2
left_child=1 3 24 4 5 -1 9 12 13 11 -11 -4 28 18 -12 -16 -7 25 -6 -18 -14 23 -23 -5 -3 26 27 -8 29 -2
right_child=7 2 6 21 8 16 17 -9 -10 10 14 -13 20 -15 15 -17 19 -19 -20 -21 -22 22 -24 -25 -26 -27 -28 -29 -30 -31
leaf_value=-0.60624392987354658 -2.9331708380883494 1.5394137490996846 1.4253130771066551 -1.8169702991612746 -1.3019530168262206 -5.5662870045880526 0.57297630755427065 -1.4211209903167819 -1.0100981315940154 -5.2113000786409245 -1.5123272072355654 -0.40893127355588754 0.78812021958660528 -1.3386468736051407 1.158365367203068 -1.1740023047255623 -0.36226111991956284 2.9136411533491251 0.21528254592655624 -2.3675078839309398 0.06752278082720703 -1.1433465781826009 -0.090988901366813785 0.77961511154126839 4.2987663586663478 -0.019588619367375257 1.2684528499450303 -0.8361605364738649 -0.10430847660032769 0.77832592753060259
leaf_weight=15516 854 6694 5817 1671 4882 832 23565 5281 23720 1014 11546 15734 69682 6872 4378 4058 3362 1428 50837 10298 26649 12006 164526 18725 1574 76464 14879 7839 72346 21561
leaf_count=15516 854 6694 5817 1671 4882 832 23565 5281 23720 1014 11546 15734 69682 6872 4378 4058 3362 1428 50837 10298 26649 12006 164526 18725 1574 76464 14879 7839 72346 21561
internal_value=-0.00666053 -0.12386 0.142934 -0.2729 -0.587386 -1.32338 0.0472855 0.284721 -0.331378 -0.484965 -1.0714 0.0865955 0.331935 -0.0740443 -0.858813 0.0363564 -2.09024 0.229679 0.0821353 -1.8746 0.588802 -0.087122 -0.162621 0.566096 2.06928 0.19822 0.557987 0.221076 0.0707776 0.635675
internal_weight=684610 488237 174990 313247 116319 30008 166722 196373 86311 42547 20996 21551 191092 62591 19982 8436 14492 124175 55719 13660 96331 196928 176532 20396 8268 122747 46283 31404 94761 22415
internal_count=684610 488237 174990 313247 116319 30008 166722 196373 86311 42547 20996 21551 191092 62591 19982 8436 14492 124175 55719 13660 96331 196928 176532 20396 8268 122747 46283 31404 94761 22415
is_linear=0
shrinkage=0.04


Tree=52
num_leaves=31
num_cat=0
split_feature=16 5 21 5 29 15 48 51 31 43 29 43 8 14 50 34 35 6 51 43 43 12 36 11 6 48 6 5 29 46
split_gain=1.51248e+07 1.16274e+07 1.56532e+07 1.31722e+07 9.04278e+06 8.92101e+06 8.60783e+06 8.2164e+06 8.18376e+06 1.01688e+07 1.12885e+07 9.66791e+06 9.84272e+06 1.28112e+07 1.64928e+07 8.11451e+06 8.08447e+06 7.26331e+06 6.78673e+06 6.53205e+06 6.19151e+06 8.72579e+06 7.26726e+06 6.84642e+06 7.53938e+06 6.76036e+06 1.04851e+07 6.0052e+06 5.8823e+06 5.86222e+06
threshold=0.028667148202657703 0.1329305171966553 12.269020557403566 0.54337453842163097 10.490275382995607 -0.64705973863601673 -0.156102180480957 -0.035201998427510255 28.48499965667725 7.5000000000000009 1.1757633090019228 57.500000000000007 -0.11891099810600279 0.84920409321784984 -0.0029850419377908106 0.16991220414638522 0.049700764939188964 0.3763337135314942 0.0028077684110030536 9.5000000000000018 44.500000000000007 0.030680723488330845 -0.22121378779411313 0.028983235359191898 -0.32035422325134272 0.071515131741762175 -0.40285778045654291 0.92229580879211437 2.5628890991210942 0.026807458139956001
decision_type=10 10 10 10 10 2 8 10 10 2 10 2 8 10 8 10 10 10 10 2 2 8 8 10 8 8 10 10 8 10
left_child=1 4 -3 16 6 28 18 -7 9 10 -8 12 13 -10 -15 17 19 20 -1 -4 22 25 -14 24 -24 -22 -27 -5 -2 -11
right_child=5 2 3 27 -6 7 8 -9 11 29 -12 -13 15 14 -16 -17 -18 -19 -20 -21 21 -23 23 -25 -26 26 -28 -29 -30 -31
leaf_value=2.6727595427807804 -1.971897570495917 1.3611950862659439 1.1420645326412768 -0.66342985157998247 -3.8648236420281292 1.2881083341448336 -3.2416828679696352 -1.246911026366496 1.9306492855412984 -0.35170434047120203 -0.59918446008313386 -0.26166919672788685 -0.3053964686114749 2.026477676322346 -3.6869657569569045 -1.1205105554749955 -1.1181878178630513 0.74968889724187404 -0.18233181019163236 0.23550941700572103 1.6200418996845667 -3.1951287660051997 -4.6597643805443543 0.40927547277786092 -0.38821611449018611 -4.1738598804130369 0.50645795777667924 -3.0415602838631264 -5.475403558405664 1.0506421713848801
leaf_weight=3200 3686 18986 13921 13474 1006 2708 4032 8270 9944 91229 7200 146422 79696 1534 1688 8449 6551 27226 2275 146067 9401 897 844 52024 2937 809 11794 1936 967 5023
leaf_count=3200 3686 18986 13921 13474 1006 2708 4032 8270 9944 91229 7200 146422 79696 1534 1688 8449 6551 27226 2275 146067 9401 897 844 52024 2937 809 11794 1936 967 5023
internal_value=-0.0146618 0.0141035 0.268575 0.154494 -0.0952435 -1.24423 -0.0870339 -0.620982 -0.105768 -0.411412 -1.54981 -0.0128696 0.162917 1.22086 -0.968931 0.091088 0.258039 0.146292 1.48823 0.314458 0.0425401 0.650695 -0.0602844 0.289756 -1.35149 0.808851 0.202952 -0.96398 -2.71019 -0.27842
internal_weight=684196 668565 200935 181949 467630 15631 466624 10978 461149 107484 11232 353665 207243 13166 3222 194077 166539 185628 5475 159988 158402 22901 135501 55805 3781 22004 12603 15410 4653 96252
internal_count=684196 668565 200935 181949 467630 15631 466624 10978 461149 107484 11232 353665 207243 13166 3222 194077 166539 185628 5475 159988 158402 22901 135501 55805 3781 22004 12603 15410 4653 96252
is_linear=0
shrinkage=0.04


Tree=53
num_leaves=31
num_cat=0
split_feature=31 7 33 28 6 10 50 12 17 6 3 5 22 48 3 10 21 7 12 22 1 36 14 10 9 2 12 6 1 41
split_gain=1.25444e+07 1.02109e+07 9.83806e+06 1.01766e+07 9.05404e+06 8.79522e+06 8.05529e+06 7.14445e+06 1.17869e+07 8.62665e+06 9.50583e+06 8.01863e+06 7.06083e+06 8.83635e+06 8.61774e+06 8.05041e+06 1.73105e+07 1.44152e+07 6.98387e+06 6.69326e+06 6.96463e+06 6.68566e+06 7.5643e+06 7.26992e+06 6.9287e+06 6.83517e+06 6.5789e+06 6.57577e+06 6.51361e+06 6.27815e+06
threshold=52.975000381469734 1.029480576515198 22.666954040527347 1.2772300839424136 0.4459292888641358 -0.07975751161575316 -0.085546657443046556 0.062338503077626235 0.069729484617710127 0.19483292102813723 0.10850131511688234 0.085619688034057631 0.36896543204784399 0.048020195215940482 -0.082144260406494127 -0.35930177569389338 22.43549728393555 -0.24510332942008969 0.022912973538041118 1.0000000180025095e-35 -0.016187906265258786 -0.82096782326698292 0.71460893750190746 -0.085943937301635728 -0.072053998708724962 -0.058535933494567864 0.04926454275846482 -0.34888076782226557 -0.0097210407257080061 1.0000000180025095e-35
decision_type=10 8 10 10 10 10 10 10 2 10 8 8 10 8 10 10 10 10 10 10 10 8 10 10 10 10 10 10 8 2
left_child=1 2 3 12 6 29 -4 9 -9 11 -11 -3 13 -1 -15 16 -16 27 28 -2 -21 22 -14 -24 -23 -26 -20 -18 -13 -5
right_child=19 7 4 5 -6 -7 -8 8 -10 10 -12 18 21 14 15 -17 17 -19 26 20 -22 24 23 -25 25 -27 -28 -29 -30 -31
leaf_value=0.48793834410406639 -2.6455533243510558 -1.5436702038446422 -4.8550122087750998 -0.6257243173693523 0.74968545706970435 0.10716349384026475 -1.4172274228966852 -6.0614700004466773 -0.4264646712638045 -3.4747746230698238 -0.2300588162047047 -3.2578431297608446 0.035335148754773338 0.18088147442333244 -3.0678858400405371 -0.35452759935569939 2.0925238680956442 -1.8225439469438451 1.2422458241008774 0.66855360392675678 0.13412914308618998 -2.9828565839267362 -2.6681471341952081 0.19273826241953881 1.4834484151875982 0.2642058637135819 -1.5213124645518619 -1.5732651658746142 0.057801851988870362 2.2285533852584827
leaf_weight=26433 1239 5576 1430 83045 2205 45398 4557 1061 1337 3186 2639 1485 14628 33839 6061 48775 3559 4968 8604 55437 131688 1015 3927 2222 7668 176229 1632 995 2590 1242
leaf_count=26433 1239 5576 1430 83045 2205 45398 4557 1061 1337 3186 2639 1485 14628 33839 6061 48775 3559 4968 8604 55437 131688 1015 3927 2222 7668 176229 1632 995 2590 1242
internal_value=-0.00489384 -0.110374 -0.0659085 -0.0414239 -1.43906 -0.341673 -2.24507 -0.850694 -2.9345 -0.655284 -2.00768 -0.258352 0.0764623 -0.161113 -0.335858 -0.607543 -1.39875 -0.334194 0.243176 0.273018 0.292483 0.220413 -0.459762 -1.6357 0.29686 0.315123 0.800577 1.2899 -1.15549 -0.583406
internal_weight=684670 496306 468196 460004 8192 129685 5987 28110 2398 25712 5825 19887 330319 124630 98197 64358 15583 9522 14311 188364 187125 205689 20777 6149 184912 183897 10236 4554 4075 84287
internal_count=684670 496306 468196 460004 8192 129685 5987 28110 2398 25712 5825 19887 330319 124630 98197 64358 15583 9522 14311 188364 187125 205689 20777 6149 184912 183897 10236 4554 4075 84287
is_linear=0
shrinkage=0.04


Tree=54
num_leaves=31
num_cat=0
split_feature=31 29 3 28 5 0 28 32 4 5 9 5 10 47 7 3 21 32 10 21 12 39 16 14 12 39 8 51 21 4
split_gain=1.17381e+07 1.19619e+07 9.2219e+06 1.08028e+07 1.04418e+07 9.92553e+06 8.33704e+06 7.19892e+06 1.06952e+07 6.90461e+06 6.70245e+06 7.61248e+06 6.79541e+06 8.99086e+06 8.78626e+06 1.10181e+07 8.02031e+06 7.34484e+06 7.17816e+06 6.94992e+06 7.53472e+06 6.89018e+06 6.68652e+06 7.05134e+06 7.7116e+06 6.87622e+06 6.52409e+06 6.39807e+06 6.35952e+06 6.06103e+06
threshold=41.764999389648445 15.750433921813967 0.043882608413696296 1.242064952850342 0.78882777690887462 -0.027737855911254879 0.71125888824462902 1.6542116999626162 -0.25746536254882807 0.10350465774536134 -0.28013899922370905 -0.29180383682250971 -0.33044490218162531 -0.07445963472127913 -0.25291365385055536 -0.19058072566986081 47.041891098022468 1.1747961044311526 -0.40311345458030695 4.645616054534913 0.06501584500074388 -0.081979211419820772 0.031074883416295055 0.76044785976409923 0.026935389265418056 -0.23448914289474485 -0.015427321195602415 0.078432768583297743 2.0175821781158452 -0.1151447296142578
decision_type=10 10 10 8 10 10 10 8 8 10 10 8 8 8 8 10 10 8 10 10 10 10 10 8 10 10 10 10 10 10
left_child=1 2 3 10 5 -4 -7 -5 -9 27 -1 28 13 -13 -15 -16 17 18 26 21 -21 -14 23 24 25 -11 -17 29 -12 -2
right_child=9 -3 4 7 -6 6 -8 8 -10 22 11 12 19 14 15 16 -18 -19 -20 20 -22 -23 -24 -25 -26 -27 -28 -29 -30 -31
leaf_value=-2.4037167249402125 0.60013582494269979 -3.2103301677159171 1.5939933188317179 -0.55262649583946788 -2.4183988075327223 0.91360435637845538 -0.043134098552286546 2.0895422763629559 -2.169735468326619 0.82238048979580725 -2.2305315806129271 2.6649999070482258 1.9591280024025068 0.32350410219728459 2.8248279181657838 -6.0946840436680496 -0.44454601931228838 -1.2113202665362177 -1.541999056990218 -0.096741642759721871 -3.1344074824874282 -0.39644503193202801 -1.7594484926390614 1.2231716727640101 -0.46396876322080699 0.00089115310303494017 -2.3220965882018749 -1.4914654099880056 0.93930656103245158 0.0015606823001987884
leaf_weight=2049 31542 2021 7767 39865 2452 17419 88924 1042 9275 44704 1077 1240 5189 8616 1065 1615 10291 9671 2769 119116 1311 3211 2139 17641 15444 25658 1372 4178 14913 190383
leaf_count=2049 31542 2021 7767 39865 2452 17419 88924 1042 9275 44704 1077 1240 5189 8616 1065 1615 10291 9671 2769 119116 1311 3211 2139 17641 15444 25658 1372 4178 14913 190383
internal_value=0.0113849 -0.149407 -0.131654 -0.276608 0.158953 0.214543 0.113651 -0.796617 -1.73795 0.182154 -0.134369 -0.108613 -0.189165 -0.669753 -0.787287 -1.14461 -1.31002 -1.8867 -3.01738 -0.0524418 -0.130068 1.05928 0.4492 0.495035 0.345211 0.522861 -4.37538 0.0574331 0.724543 0.0866588
internal_weight=683959 352270 350249 233687 116562 114110 106343 50182 10317 331689 183505 181456 165466 36639 35399 26783 25718 15427 5756 128827 120427 8400 105586 103447 85806 70362 2987 226103 15990 221925
internal_count=683959 352270 350249 233687 116562 114110 106343 50182 10317 331689 183505 181456 165466 36639 35399 26783 25718 15427 5756 128827 120427 8400 105586 103447 85806 70362 2987 226103 15990 221925
is_linear=0
shrinkage=0.04


Tree=55
num_leaves=31
num_cat=0
split_feature=32 31 28 51 0 14 36 3 0 4 21 36 29 2 21 31 51 8 29 18 40 30 0 17 8 48 29 3 9 28
split_gain=1.31277e+07 1.01144e+07 9.77655e+06 9.10883e+06 8.17956e+06 8.84105e+06 7.57749e+06 7.32579e+06 8.5309e+06 7.26555e+06 8.40094e+06 7.21719e+06 7.63636e+06 7.52039e+06 9.97846e+06 7.81539e+06 6.8623e+06 6.82114e+06 6.71181e+06 6.26966e+06 5.94013e+06 7.21781e+06 5.97135e+06 1.31618e+07 5.81881e+06 5.98518e+06 5.80363e+06 7.8326e+06 5.78723e+06 6.95018e+06
threshold=2.0733857154846196 55.344999313354499 1.2772300839424136 0.045255238190293319 -0.064559221267700181 0.99777778983116161 -0.42177316546440119 0.044765949249267585 -0.008209943771362303 0.086544990539550795 8.6024913787841815 -0.67860522866249073 0.52527204155921947 -0.0944540500640869 65.985748291015639 48.98500061035157 0.044264586642384536 -0.44697439670562739 10.490275382995607 -0.028912956826388832 0.0034213066101074223 1.2758711576461794 -0.040213823318481438 0.066838975995779051 -0.25069844722747797 -0.048343937844038003 1.472383499145508 0.0063469409942626962 -0.10197040438652037 0.66108071804046642
decision_type=8 10 8 10 8 10 10 10 10 10 8 10 8 8 10 10 10 10 10 2 8 10 10 2 8 8 10 10 10 10
left_child=1 2 9 20 -2 11 7 24 -9 17 -11 12 -6 19 15 16 -15 -1 -10 -14 -3 -22 23 -23 -4 -26 28 -28 29 -19
right_child=4 3 6 -5 5 -7 -8 8 18 10 -12 -13 13 14 -16 -17 -18 26 -20 -21 21 22 -24 -25 25 -27 27 -29 -30 -31
leaf_value=-2.3909124168960219 2.2948204484581947 -0.11601535482995413 1.3193467822989018 -0.69280212550195841 1.71032630964928 -4.6300389440780121 0.37343132646586513 0.88899113091772297 -0.26976268594500891 2.4432355214810997 0.32382556030813681 0.36880845051998601 3.2551161963944315 -2.795819580583832 -0.35391136069748591 0.19457140234886974 0.083108183441185715 -0.36154723806606931 -2.7961248940403221 -0.70042538702209411 0.7107493372777961 -6.0400618441401086 0.1364385753873725 0.6410826224943178 0.70865212402777478 -0.93895110646796454 -0.98414798348210752 0.16416340752011663 0.010301658201856937 1.5209227249609942
leaf_weight=1937 1366 27858 2070 13066 1515 953 20661 10669 44423 3112 72289 7352 1016 11015 8583 2084 1505 4845 1739 1702 89256 803 26766 1120 3761 55290 21230 17196 219959 8880
leaf_count=1937 1366 27858 2070 13066 1515 953 20661 10669 44423 3112 72289 7352 1016 11015 8583 2084 1505 4845 1739 1702 89256 803 26766 1120 3761 55290 21230 17196 219959 8880
internal_value=-0.000557831 0.041406 -0.0488321 0.318612 -0.732292 -0.848648 -0.333072 -0.456848 -0.129893 0.0639218 0.411612 -0.743709 -1.04203 -1.20359 -1.4369 -2.07271 -2.44996 -0.0317528 -0.36552 0.784685 0.40929 0.533363 -0.0185675 -2.16562 -0.760783 -0.833912 -0.014872 -0.470359 0.0600432 0.856621
internal_weight=684021 646930 488061 158869 37091 35725 138613 117952 56831 349448 75401 34772 27420 25905 23187 14604 12520 274047 46162 2718 145803 117945 28689 1923 61121 59051 272110 38426 233684 13725
internal_count=684021 646930 488061 158869 37091 35725 138613 117952 56831 349448 75401 34772 27420 25905 23187 14604 12520 274047 46162 2718 145803 117945 28689 1923 61121 59051 272110 38426 233684 13725
is_linear=0
shrinkage=0.04


Tree=56
num_leaves=31
num_cat=0
split_feature=31 28 6 2 17 7 29 51 5 36 38 47 15 39 13 4 29 29 38 8 23 33 4 2 31 21 3 0 8 46
split_gain=1.17067e+07 1.22021e+07 1.04845e+07 1.06001e+07 1.09298e+07 9.55625e+06 1.02865e+07 9.5219e+06 8.79756e+06 8.58927e+06 1.10219e+07 1.23361e+07 1.02998e+07 9.79413e+06 7.91017e+06 7.89787e+06 7.54921e+06 7.23393e+06 7.01106e+06 6.75473e+06 9.84342e+06 7.27234e+06 6.72754e+06 6.69043e+06 7.78232e+06 6.28249e+06 5.93727e+06 1.01422e+07 9.22657e+06 6.41836e+06
threshold=63.895000457763679 0.15861959010362628 -0.0038337707519531246 -0.098119020462036119 0.071854528039693846 -0.25291365385055536 0.79822522401809703 -0.0090074012987315637 -0.24718058109283444 -0.36996755003929133 -0.017364915460348126 0.00047939372598193591 -0.42528766393661493 -0.16513696312904355 0.80198907852172863 0.050935506820678718 1.7604409456253054 0.97428330779075634 1.6939331293106081 0.067890942096710219 -0.086977064609527574 20.548661231994632 0.38780117034912115 0.036595106124877937 27.144999504089359 66.463470458984389 0.0019233226776123049 -0.036472082138061516 -0.15699476003646848 0.0070700692012906083
decision_type=10 8 10 8 2 10 8 10 10 10 10 10 2 10 8 10 10 10 10 10 10 8 10 10 10 10 8 10 8 8
left_child=2 -2 9 -4 5 6 -5 -3 -8 10 11 12 19 -11 -7 17 -12 -16 -18 21 -21 23 -14 24 -1 -17 28 -28 -6 -30
right_child=1 7 3 4 26 14 8 -9 -10 13 16 -13 22 -15 15 25 18 -19 -20 20 -22 -23 -24 -25 -26 -27 27 -29 29 -31
leaf_value=-2.3163679202048613 -4.399156036507474 0.99624074912385052 1.2320034175546051 -5.2362090499317482 1.7243620125582706 -0.23633657421460211 2.1920690355386818 0.12077792834179875 -2.3012745585808876 -1.7728746675931313 -0.74395555881272557 0.84767846289372428 -0.028717915620734908 0.68034847730027936 0.35917118707994716 0.81373755877806275 -1.7527419162419002 -0.21857458695632401 -5.7428496567634832 1.5268143375570871 -0.8075802604347021 0.16476137277937367 -2.2585551875436463 0.28049538993530437 -0.98799026343030538 0.1944613499470938 1.9045830674345983 -0.787656950029064 1.2078779965400697 -2.5390534946394818
leaf_weight=9436 812 35008 12258 1044 1136 75794 1100 45983 1866 2914 29027 15712 99532 23793 61832 50705 4711 78925 823 4786 7263 8081 2203 4680 28040 54265 2705 12760 815 6702
leaf_count=9436 812 35008 12258 1044 1136 75794 1100 45983 1866 2914 29027 15712 99532 23793 61832 50705 4711 78925 823 4786 7263 8081 2203 4680 28040 54265 2705 12760 815 6702
internal_value=0.00112493 0.450114 -0.0598007 0.0763181 0.035768 0.09665 -1.84153 0.499269 -0.633063 -0.264203 -0.348506 -0.222682 -0.32526 0.412114 0.12088 0.231067 -1.0026 0.0352262 -2.35543 -0.730318 0.120165 -0.934283 -0.0772207 -1.14495 -1.32299 0.493647 -0.785682 -0.315828 -1.62409 -2.13174
internal_weight=684711 81803 602908 361907 349649 325531 4010 80991 2966 241001 214294 179733 164021 26707 321521 245727 34561 140757 5534 62286 12049 50237 101735 42156 37476 104970 24118 15465 8653 7517
internal_count=684711 81803 602908 361907 349649 325531 4010 80991 2966 241001 214294 179733 164021 26707 321521 245727 34561 140757 5534 62286 12049 50237 101735 42156 37476 104970 24118 15465 8653 7517
is_linear=0
shrinkage=0.04


Tree=57
num_leaves=31
num_cat=0
split_feature=31 35 43 3 15 0 8 1 33 8 23 16 0 21 23 13 22 29 1 10 17 14 47 10 11 28 31 6 33 52
split_gain=1.03517e+07 8.35218e+06 8.95251e+06 1.19262e+07 8.27061e+06 1.18726e+07 7.54869e+06 1.36176e+07 1.04697e+07 2.0103e+07 1.66235e+07 8.65106e+06 7.48792e+06 7.17602e+06 6.79372e+06 1.09413e+07 1.03441e+07 1.41873e+07 8.16577e+06 7.5925e+06 7.4527e+06 9.40817e+06 6.73897e+06 6.42761e+06 6.42219e+06 6.29394e+06 6.1161e+06 6.37078e+06 8.49507e+06 5.97425e+06
threshold=32.82500076293946 -0.0059220844414085141 6.5000000000000009 0.041412115097045905 -0.92307448387145985 -0.047368049621582024 0.019869744777679447 -0.042967319488525384 18.609333038330082 -0.080101430416107164 -0.071052432060241685 -0.027214558795094487 -0.0095179080963134748 3.1455153226852421 -0.17499998211860654 1.6190963387489321 0.42436194419860845 1.6564679741859438 -0.064799308776855455 -0.38456666469573969 0.036506175994873054 0.78012326359748851 -0.10503282397985457 -0.20558869838714597 0.028983235359191898 0.81808283925056469 64.975002288818374 0.60894274711608898 19.465677261352543 -0.2273459583520889
decision_type=10 8 2 10 2 8 10 10 10 8 10 10 10 8 8 8 8 10 8 10 2 10 10 8 8 10 10 8 10 8
left_child=1 -1 3 22 5 -2 8 -8 10 11 12 -10 13 -6 15 -4 17 19 -18 -16 21 -20 -3 -19 -11 -9 27 -13 -29 -14
right_child=4 2 14 -5 6 -7 7 25 9 24 -12 26 29 -15 16 -17 18 23 20 -21 -22 -23 -24 -25 -26 -27 -28 28 -30 -31
leaf_value=0.2815804006156768 -5.6166721185233426 -3.0221069366288629 0.52387634408433592 0.39032897703299874 -0.11516871402032265 0.026640213560349874 1.6080584558881177 0.53074410195009836 -1.7149903557438471 -1.3603476324569934 0.62401110718500119 1.0071986323890201 1.8964595562631303 -1.8579603616229967 -1.7051528706983714 -3.3191400682629832 2.0287430522927785 -5.4492509135132696 0.44545958183547163 -0.37917268835179258 -0.53703914799681385 -0.80329453223347802 -0.898311005203702 -1.8019382596794615 -0.062537046812589953 0.042753375301129791 2.5074952591656889 -3.6907907968439084 0.84912960647466385 -0.58124802791314711
leaf_weight=40435 978 5510 23996 4486 4967 1505 11631 62287 1935 6378 15791 31930 1655 15829 9154 1237 2615 1451 37714 28118 58367 12963 4237 1674 135684 131670 3960 1106 1605 24075
leaf_count=40435 978 5510 23996 4486 4967 1505 11631 62287 1935 6378 15791 31930 1655 15829 9154 1237 2615 1451 37714 28118 58367 12963 4237 1674 135684 131670 3960 1106 1605 24075
internal_value=-0.0234456 -0.240748 -0.351033 -1.31589 0.0878297 -2.20975 0.100542 0.279249 -0.0494745 0.103312 -0.497107 0.888903 -0.877669 -1.44196 -0.273504 0.33424 -0.374371 -0.922791 -0.175894 -0.705203 -0.228945 0.125937 -2.10076 -3.50744 -0.120895 0.199485 1.01984 0.849105 -1.00977 -0.421203
internal_weight=684943 231957 191522 14233 452986 2483 450503 205588 244915 182598 62317 40536 46526 20796 177289 25233 152056 40397 111659 37272 109044 50677 9747 3125 142062 193957 38601 34641 2711 25730
internal_count=684943 231957 191522 14233 452986 2483 450503 205588 244915 182598 62317 40536 46526 20796 177289 25233 152056 40397 111659 37272 109044 50677 9747 3125 142062 193957 38601 34641 2711 25730
is_linear=0
shrinkage=0.04


Tree=58
num_leaves=31
num_cat=0
split_feature=5 16 5 19 39 33 31 17 23 23 13 10 5 28 2 9 43 10 10 5 3 17 5 33 11 20 34 47 9 10
split_gain=1.37338e+07 8.64424e+06 9.561e+06 1.17873e+07 8.33219e+06 7.76458e+06 7.2621e+06 7.39185e+06 6.1719e+06 9.59532e+06 5.76854e+06 5.69417e+06 6.12776e+06 5.45909e+06 5.26097e+06 5.38412e+06 9.19725e+06 9.17398e+06 8.93107e+06 1.33493e+07 9.49071e+06 8.47271e+06 8.07608e+06 7.35455e+06 7.22659e+06 7.21052e+06 7.042e+06 6.92692e+06 6.91034e+06 7.01797e+06
threshold=0.92229580879211437 0.031074883416295055 0.12851738929748538 2.5000000000000004 0.089439775794744505 18.952273368835453 18.045000076293949 0.12246124818921091 -0.34803175926208491 -0.17499998211860654 1.3007981181144717 -0.16044911742210385 0.3756625652313233 0.72460797429084789 0.1950182914733887 0.017994701862335209 59.500000000000007 -0.7799873650074004 -0.55555555224418629 -0.37344264984130854 -0.29324173927307123 0.03582801669836045 -0.2549376487731933 18.051949501037601 0.028983235359191898 1.0000000180025095e-35 0.15552681684494021 -0.012061324436217545 -0.094618707895278917 -0.46079763770103449
decision_type=10 8 10 2 10 10 10 2 8 8 8 8 10 10 10 8 2 8 10 8 8 2 8 8 8 2 10 10 10 10
left_child=1 2 6 4 11 -2 7 8 -1 -10 -5 -4 -13 -14 15 16 26 22 19 24 -20 25 -18 -17 -19 -21 28 -28 -8 -30
right_child=5 -3 3 10 -6 -7 14 -9 9 -11 -12 12 13 -15 -16 23 17 18 20 21 -22 -23 -24 -25 -26 -27 27 -29 29 -31
leaf_value=-3.6937980638943912 -6.0151502487411213 -1.0257548850653562 -0.21820762802969568 0.98866626412683456 -0.82282577392420353 -1.3087016729093299 1.1388135032006381 2.2125261078750231 0.78674692987644412 -0.91053473979092348 3.3474864168465945 0.49246866577414578 0.72853683033165406 -0.46851219570310376 -2.9283355151936714 0.95154433168212016 0.11330506032698905 -1.7825361077517232 3.4469279324063717 -2.1372215550105982 -0.35840915487693492 -3.0393687515875358 3.6858091752867601 0.076880551627604446 1.6397880137633689 1.467944761576176 -2.0852925630730259 -0.00097651070582264283 -1.1464762213639788 0.12542510763872694
leaf_weight=1061 864 12690 35518 16222 12819 1587 10238 1438 6456 30348 1841 107369 8332 22628 986 17908 2783 1492 1050 2104 98576 6504 1582 108664 2872 1521 4655 5630 7265 151209
leaf_count=1061 864 12690 35518 16222 12819 1587 10238 1438 6456 30348 1841 107369 8332 22628 986 17908 2783 1492 1050 2104 98576 6504 1582 108664 2872 1521 4655 5630 7265 151209
internal_value=-0.00271727 0.00804965 0.0276724 0.255388 0.16094 -2.98547 -0.0727308 -0.592863 -0.699959 -0.612672 1.2308 0.233523 0.349519 -0.146229 -0.0246217 -0.0178012 -0.110771 -0.384127 -0.453005 -1.38045 -0.317961 -2.17666 1.41355 0.200697 0.468336 -0.624667 0.0701828 -0.945449 0.13215 0.0670481
internal_weight=684212 681761 669071 204729 186666 2451 464342 39303 37865 36804 18063 173847 138329 30960 425039 424053 297481 118484 114119 14493 99626 10129 4365 126572 4364 3625 178997 10285 168712 158474
internal_count=684212 681761 669071 204729 186666 2451 464342 39303 37865 36804 18063 173847 138329 30960 425039 424053 297481 118484 114119 14493 99626 10129 4365 126572 4364 3625 178997 10285 168712 158474
is_linear=0
shrinkage=0.04


Tree=59
num_leaves=31
num_cat=0
split_feature=31 3 29 4 0 28 32 21 4 7 40 35 22 30 13 21 13 9 29 40 13 29 43 43 23 33 4 7 7 23
split_gain=9.45336e+06 8.8286e+06 1.41838e+07 8.15667e+06 7.78278e+06 2.4382e+07 8.17168e+06 8.0734e+06 1.07813e+07 7.48379e+06 7.33275e+06 7.7742e+06 7.9533e+06 7.22512e+06 7.07148e+06 6.77206e+06 6.87532e+06 6.76577e+06 6.43667e+06 6.28826e+06 6.07335e+06 5.92102e+06 1.35337e+07 6.61982e+06 1.65467e+07 7.5361e+06 7.19213e+06 6.89862e+06 8.65382e+06 6.31235e+06
threshold=32.614999771118171 0.09943640232086183 10.490275382995607 0.43315505981445318 -0.049760222434997552 0.38621665537357336 1.2283957600593569 69.544029235839858 0.16033625602722171 0.42982971668243414 1.0181497335433962 0.025837648659944538 0.014625555370002987 1.2207382917404177 1.2011955380439761 1.5014843344688418 1.0354590415954592 0.21072649955749514 1.113455653190613 1.7417099475860598 1.3259876966476443 1.1491900086402895 7.5000000000000009 42.500000000000007 -0.1557565629482269 19.574344635009769 -0.046810150146484368 -0.43535435199737543 -0.0285077691078186 -0.058109700679779046
decision_type=10 10 10 10 8 10 8 8 10 8 10 10 10 10 10 10 10 10 10 10 8 10 2 2 10 10 8 8 8 10
left_child=1 2 10 -3 5 -2 13 8 9 -6 11 12 -1 -7 18 -8 -17 -9 -11 -12 -5 22 29 24 -24 -26 -25 -28 -29 -14
right_child=4 3 -4 20 7 6 15 17 -10 14 19 -13 21 -15 -16 16 -18 -19 -20 -21 -22 -23 23 26 25 -27 27 28 -30 -31
leaf_value=-3.1088524408816332 -7.5052975499484589 0.53815398922668889 -5.2093849846739841 -3.0182624764495847 0.28900085566762312 -0.48877944081796998 3.8085453501683095 -0.043401458438282754 1.3241630195201355 -0.18388628693822687 3.7804495992288354 -1.1507093687733079 -2.8717086682521842 -3.3846350435889243 1.5040125108066043 -1.8005247091382048 1.3808250788375653 -2.3207271913310579 -1.6965588843413815 0.45955825399382982 1.0228743246530345 -0.50432044792385333 2.5223385317515978 -0.72990300882862558 1.0342789918696238 -0.30713917035469002 3.6595649891408226 -0.93349926952471862 0.51124895125024661 0.35929319432790602
leaf_weight=1523 810 35295 924 1854 254746 4897 956 148884 15135 12187 1015 16542 3716 1911 2526 1792 2729 2107 7129 8339 868 66500 5583 22297 10167 19610 886 9247 23397 1304
leaf_count=1523 810 35295 924 1854 254746 4897 956 148884 15135 12187 1015 16542 3716 1911 2526 1792 2729 2107 7129 8339 868 66500 5583 22297 10167 19610 886 9247 23397 1304
internal_value=0.0283117 -0.181315 -0.29209 0.375301 0.133662 -0.827019 -0.380946 0.162095 0.284982 0.228072 -0.26792 -0.32444 -0.24115 -1.30542 -0.482355 0.768469 0.118635 -0.0753319 -0.742761 0.82356 -1.73058 -0.214118 -0.0134927 0.0979161 0.526074 0.151065 -0.173318 0.19691 0.101837 -2.03337
internal_weight=684876 229067 191050 38017 455809 13095 12285 442714 291723 276588 190126 180772 164230 6808 21842 5477 4521 150991 19316 9354 2722 162707 96207 91187 35360 29777 55827 33530 32644 5020
internal_count=684876 229067 191050 38017 455809 13095 12285 442714 291723 276588 190126 180772 164230 6808 21842 5477 4521 150991 19316 9354 2722 162707 96207 91187 35360 29777 55827 33530 32644 5020
is_linear=0
shrinkage=0.04


Tree=60
num_leaves=31
num_cat=0
split_feature=16 5 2 47 13 4 48 14 52 13 35 39 6 10 50 5 51 22 33 23 0 33 48 7 16 33 13 52 28 51
split_gain=8.46028e+06 8.74764e+06 1.11793e+07 1.00548e+07 8.49446e+06 8.47557e+06 8.37459e+06 8.36507e+06 9.49601e+06 8.29749e+06 8.89505e+06 7.28973e+06 7.13216e+06 1.07964e+07 7.23958e+06 7.02593e+06 6.91838e+06 7.54462e+06 8.28739e+06 1.63453e+07 1.08024e+07 8.51975e+06 7.99743e+06 7.87281e+06 7.86216e+06 7.13502e+06 6.9234e+06 6.90719e+06 6.88698e+06 6.85115e+06
threshold=0.028667148202657703 0.083663225173950209 -0.075511455535888658 -0.020573288202285763 1.1862499713897707 -0.17769968509674069 -0.156102180480957 0.72193819284439098 -0.27359706163406367 0.93746721744537365 -0.0030711493454873558 0.30417078733444219 0.72840988636016857 -0.23317694664001462 -0.0023612963268533345 0.92229580879211437 0.095412481576204314 0.60503587126731884 18.446086883544925 -0.15796026587486264 -0.025305509567260739 21.182561874389652 -1.0000000180025095e-35 0.20106482505798343 -0.024565228261053559 16.565836906433109 0.99326601624488842 -0.15659049153327939 1.5655625462532046 1.0000000180025095e-35
decision_type=10 10 10 8 10 8 8 8 8 8 8 10 8 10 8 10 10 10 10 10 8 10 8 8 10 10 10 8 10 10
left_child=1 6 -3 -4 -2 -5 29 8 -8 12 -11 15 13 14 -9 -7 17 18 20 21 -10 24 -19 -21 -20 -22 27 -26 -15 -1
right_child=4 2 3 5 -6 11 7 9 16 10 -12 -13 -14 28 -16 -17 -18 22 19 23 25 -23 -24 -25 26 -27 -28 -29 -30 -31
leaf_value=2.7637315558004429 -1.6405460863185153 1.3977800191713132 -1.116561846201191 -2.8094559391100722 0.30842263467062786 0.24872377002039592 3.0744190574942398 1.0936738293463142 -2.1569041398521889 0.58495806873732348 -0.46664825454715941 -2.2400456364474479 0.51583611825161424 -4.0249855519627298 -1.3040014554094628 -2.2226913185705333 -2.1192605728101475 -0.70545975617505097 -2.4069094820235564 -0.10647608749018117 0.98509318562058479 3.0515640524023548 0.41539885178300334 -1.4692737863949332 -2.0622260418485423 -0.61990885287750674 1.6825778787672341 0.75335348894593857 -0.011686401278020597 -0.14837688101414429
leaf_weight=2940 9800 11832 9780 1487 5628 236623 1573 2401 6480 16391 59770 1918 3603 3352 12308 1845 2509 11586 1199 133374 5207 2882 83747 7136 1881 29453 8908 5295 859 2299
leaf_count=2940 9800 11832 9780 1487 5628 236623 1573 2401 6480 16391 59770 1918 3603 3352 12308 1845 2509 11586 1199 133374 5207 2882 83747 7136 1881 29453 8908 5295 859 2299
internal_value=-0.0040763 0.0172982 0.196702 0.140177 -0.92984 0.191037 -0.0993763 -0.120208 -0.0154939 -0.43981 -0.24028 0.209714 -1.11411 -1.42462 -0.912144 0.22951 -0.0318159 -0.0141197 -0.152646 -0.0229291 -0.659136 1.04175 0.279119 -0.175787 0.705034 -0.378574 0.938368 0.0134805 -3.20828 1.48798
internal_weight=684066 668638 263485 251653 15428 241873 405153 399914 301230 98684 76161 240386 22523 18920 14709 238468 299657 297148 201815 160675 41140 20165 95333 140510 17283 34660 16084 7176 4211 5239
internal_count=684066 668638 263485 251653 15428 241873 405153 399914 301230 98684 76161 240386 22523 18920 14709 238468 299657 297148 201815 160675 41140 20165 95333 140510 17283 34660 16084 7176 4211 5239
is_linear=0
shrinkage=0.04


Tree=61
num_leaves=31
num_cat=0
split_feature=52 5 28 36 35 51 11 43 49 8 14 13 10 32 13 16 51 3 52 19 14 13 5 11 28 6 40 40 32 4
split_gain=9.98412e+06 1.22277e+07 1.30276e+07 1.21722e+07 1.12338e+07 1.07457e+07 1.03019e+07 9.83538e+06 9.67165e+06 1.11988e+07 9.13284e+06 9.07743e+06 9.51144e+06 9.07386e+06 1.6476e+07 7.76388e+06 7.57002e+06 7.51267e+06 7.66179e+06 7.27833e+06 6.95514e+06 7.98706e+06 7.28652e+06 1.21837e+07 6.87498e+06 6.65554e+06 6.53134e+06 6.48013e+06 6.69983e+06 5.92677e+06
threshold=-0.13894280791282651 -0.28175759315490717 0.38621665537357336 -0.55208471417427052 0.066301759332418456 0.0050611861515790233 0.028983235359191898 12.500000000000002 0.034732084721326835 -0.11891099810600279 0.86141595244407665 1.1757948994636538 -0.32711121439933771 1.7141915559768679 0.81658142805099498 0.025065803900361065 -0.043006911873817437 -0.11625647544860838 -0.072519354522228227 2.5000000000000004 0.91842278838157665 1.4090511798858645 0.22091031074523929 0.48632073402404791 0.52394142746925365 -1.2127201557159422 -0.012330651283264158 0.25554031133651739 2.5689637660980229 -0.074551820755004869
decision_type=8 8 10 8 8 8 8 2 8 10 10 8 10 10 10 8 8 8 10 2 10 10 8 10 10 10 10 10 10 10
left_child=1 2 -1 8 -3 6 25 -7 9 -2 11 12 29 -14 -15 -9 -10 18 24 -12 26 22 23 -22 -8 -5 -11 28 -19 -6
right_child=3 4 -4 5 10 7 17 15 16 20 19 -13 13 14 -16 -17 -18 27 -20 -21 21 -23 -24 -25 -26 -27 -28 -29 -30 -31
leaf_value=-3.8307102177786847 1.8781762562361892 0.18795004850313113 0.6065052215235025 2.7338797153851182 -3.3032576429575888 0.62655386426072612 -2.4720569022771235 -0.11236821336809656 -2.6209757886652616 3.2951409551830197 -4.0365130180215765 0.9383055250613147 0.014683377800424174 0.62743727094859791 -7.1597433326031625 -1.378417715250247 -0.66049888531297896 0.28982272292117794 1.9670020263036054 0.01817579230788139 -1.3003679376231418 1.9085620873256808 0.93332751558276639 -6.1660019157394288 0.81328022625448182 -0.9421681209612891 -0.13342255850439078 1.2995395886741816 -2.0126214622350256 0.39746024758357723
leaf_weight=1127 4407 8296 15368 827 4966 28840 1263 193172 3485 887 3399 2825 6508 873 853 8064 32234 220105 9113 894 2260 868 902 1292 5101 13574 99689 10196 2031 802
leaf_count=1127 4407 8296 15368 827 4966 28840 1263 193172 3485 887 3399 2825 6508 873 853 8064 32234 220105 9113 894 2260 868 902 1292 5101 13574 99689 10196 2031 802
internal_value=-0.000763506 -0.570434 0.301201 0.0402188 -1.05914 0.135352 0.310404 -0.0641533 -0.280489 -0.0952138 -1.54886 -1.12748 -1.54463 -0.670685 -3.24011 -0.163168 -0.852457 0.370853 1.22391 -3.19406 -0.177507 -1.58534 -2.26899 -3.08253 0.158417 -0.729315 -0.102861 0.313975 0.268682 -2.7889
internal_weight=684221 45911 16495 638310 29416 492286 262210 230076 146024 110305 21120 16827 14002 8234 1726 201236 35719 247809 15477 4293 105898 5322 4454 3552 6364 14401 100576 232332 222136 5768
internal_count=684221 45911 16495 638310 29416 492286 262210 230076 146024 110305 21120 16827 14002 8234 1726 201236 35719 247809 15477 4293 105898 5322 4454 3552 6364 14401 100576 232332 222136 5768
is_linear=0
shrinkage=0.04


Tree=62
num_leaves=31
num_cat=0
split_feature=13 14 36 43 3 29 34 12 17 38 10 5 21 10 5 14 51 23 9 10 15 5 43 3 21 48 11 38 41 28
split_gain=8.84567e+06 1.30285e+07 1.25285e+07 1.25447e+07 9.08694e+06 8.7823e+06 8.4946e+06 8.05969e+06 1.15265e+07 1.09728e+07 1.04437e+07 1.1406e+07 9.80562e+06 9.37703e+06 8.64683e+06 8.49544e+06 7.90813e+06 7.56019e+06 7.47756e+06 8.98247e+06 1.27869e+07 8.8878e+06 7.68442e+06 8.67146e+06 7.27119e+06 7.17798e+06 6.73594e+06 7.60288e+06 6.61175e+06 6.52279e+06
threshold=1.1212560534477236 0.71813344955444347 -0.67177838087081898 4.5000000000000009 0.079006671905517592 1.7963144779205324 0.22512909770011905 0.06501584500074388 0.16170045733451846 -0.32367351651191706 -0.3339849710464477 0.38543760776519781 70.429412841796889 -0.52452212572097767 0.081690549850463881 0.95189735293388378 0.0089830425567924994 -0.051247775554656975 0.010662436485290529 -0.3801195621490478 -0.67354848980903614 -0.37344264984130854 9.5000000000000018 -0.073359727859497056 10.030746459960939 0.053629100322723396 0.52995920181274425 -2.3397474288940425 1.0000000180025095e-35 0.81343200802803051
decision_type=10 10 10 2 10 8 10 10 2 10 8 10 10 10 8 10 10 8 10 10 2 10 2 10 10 8 8 10 2 10
left_child=1 16 3 5 6 -3 -5 9 10 12 13 29 14 -9 15 -2 18 -18 19 20 25 -22 -21 -24 -16 -1 27 -17 -11 -12
right_child=7 2 -4 4 -6 -7 -8 8 -10 28 11 -13 -14 -15 24 26 17 -19 -20 22 21 -23 23 -25 -26 -27 -28 -29 -30 -31
leaf_value=1.3403823224838831 0.54801172926946884 -4.8908994956252858 0.2556233497254769 -0.83045877543597857 0.13028928948513868 -0.61739219368056864 -4.7850912453483669 -1.4834627546027779 2.8774278439510899 -0.2960880736747013 -7.2353910031756934 -0.39920542145391191 -0.0016247025702260634 1.6010249696640579 2.7647111253956935 -4.2656345725861806 -0.6595917535147956 -0.021192086220057523 0.51323910155339303 -0.64610780471663898 1.1457753841407547 -0.6215605285028627 1.0358808623783844 0.12214509121185078 1.0089133057235999 -2.5517163191593544 1.5481009978669227 0.20162819700250598 3.0440277703461636 -2.594524562195923
leaf_weight=856 49621 1922 27436 53276 18563 1284 874 4087 1216 44327 1010 1529 42481 2554 4294 1565 42172 100146 70185 17054 6223 16880 19445 113972 30946 6267 855 993 959 956
leaf_count=856 49621 1922 27436 53276 18563 1284 874 4087 1216 44327 1010 1529 42481 2554 4294 1565 42172 100146 70185 17054 6223 16880 19445 113972 30946 6267 855 993 959 956
internal_value=0.0110887 -0.077282 -0.476895 -0.741615 -0.633389 -3.18661 -0.89516 0.245246 -0.787342 0.311873 -1.2294 -2.99594 0.497714 -0.296605 0.737988 0.415152 0.0277682 -0.210397 0.162875 0.0267689 -0.602358 -0.145223 0.153177 0.255386 1.22358 -2.08276 -1.51243 -2.53744 -0.2247 -5.00324
internal_weight=683948 496555 103355 75919 72713 3206 54150 187393 11352 176041 10136 3495 130755 6641 88274 53034 393200 142318 250882 180697 30226 23103 150471 133417 35240 7123 3413 2558 45286 1966
internal_count=683948 496555 103355 75919 72713 3206 54150 187393 11352 176041 10136 3495 130755 6641 88274 53034 393200 142318 250882 180697 30226 23103 150471 133417 35240 7123 3413 2558 45286 1966
is_linear=0
shrinkage=0.04


Tree=63
num_leaves=31
num_cat=0
split_feature=31 14 8 12 10 14 36 48 38 6 5 4 21 32 6 32 11 14 32 11 8 48 9 4 18 46 36 31 11 30
split_gain=9.63521e+06 7.02639e+06 6.62141e+06 8.54689e+06 1.2956e+07 6.68196e+06 6.67365e+06 1.06506e+07 8.61731e+06 9.61423e+06 7.43379e+06 9.53054e+06 9.92691e+06 7.94499e+06 7.56444e+06 7.05393e+06 1.03023e+07 6.75796e+06 7.06074e+06 6.96367e+06 6.54383e+06 6.39893e+06 6.27503e+06 8.30227e+06 7.74427e+06 7.285e+06 6.15802e+06 6.31924e+06 5.929e+06 9.76103e+06
threshold=28.695000648498539 0.97953951358795177 0.45192205905914312 0.04926454275846482 -0.0080873072147369367 0.89949622750282299 -0.55208471417427052 -0.052569014951586716 -0.67731586098670948 -0.037559628486633294 0.083663225173950209 -0.22968232631683347 5.574425697326661 2.1882588863372807 1.0785042047500613 1.5024881958961489 0.15450054407119754 0.85301086306571972 1.0935270190238955 1.3008654117584231 0.019869744777679447 0.074085954576730742 0.064046919345855727 0.43315505981445318 -0.030826305039227005 0.026392973959445957 -0.59823614358901966 12.684999942779543 0.028983235359191898 1.2347286939620974
decision_type=10 8 8 10 8 8 8 8 10 10 8 10 10 10 8 10 8 10 10 10 10 8 8 10 2 10 8 10 10 10
left_child=1 22 6 5 -5 -4 7 -2 -9 -10 14 -12 -13 17 28 16 -16 18 -14 -20 -18 -11 25 24 -24 -1 -3 -28 29 -8
right_child=2 26 3 4 -6 -7 10 8 9 21 11 12 13 -15 15 -17 20 -19 19 -21 -22 -23 23 -25 -26 -27 27 -29 -30 -31
leaf_value=-0.38423560860275274 1.0297903410584799 -3.2813379615620648 -1.0539720507283785 -0.20738022082427454 -6.3426774132105264 1.835598835837003 -0.12523752538628607 0.24057295229922956 -1.3272214836152914 0.27302072331857735 -3.6666525226004949 1.9211947891124439 0.51173205562210666 -2.0375040862898373 1.0828607352283073 1.2059043905168536 -2.8995148873454144 1.1326232043395958 0.18815440780743134 -0.93439801657303889 -0.36898364560638575 -0.65243359681462065 2.5533551204529719 -2.3181924376647394 0.2430883361783916 0.97612414881661713 -2.5469430645063973 -0.047682759676653114 0.16586091345691556 -2.4315531130174062
leaf_weight=124418 10910 1967 4662 1150 1048 1754 14722 33269 18337 21034 905 6805 85942 2169 2089 2006 5096 17555 34248 11908 2410 27669 2483 1879 33809 6625 2280 5523 195939 3658
leaf_count=124418 10910 1967 4662 1150 1048 1754 14722 33269 18337 21034 905 6805 85942 2169 2089 2006 5096 17555 34248 11908 2410 27669 2483 1879 33809 6625 2280 5523 195939 3658
internal_value=0.00799441 -0.244193 0.0973284 -1.00154 -3.14815 -0.262397 0.116406 -0.156546 -0.285666 -0.546813 0.195167 0.404199 0.427654 0.360588 0.047548 -0.946847 -1.3977 0.395479 0.297439 -0.101598 -2.08859 -0.252772 -0.183932 0.267344 0.40181 -0.315392 -1.28666 -0.78028 0.101416 -0.585315
internal_weight=684269 178984 505285 8614 2198 6416 496671 111219 100309 67040 385452 159532 158627 151822 225920 11601 9595 149653 132098 46156 7506 48703 169214 38171 36292 131043 9770 7803 214319 18380
internal_count=684269 178984 505285 8614 2198 6416 496671 111219 100309 67040 385452 159532 158627 151822 225920 11601 9595 149653 132098 46156 7506 48703 169214 38171 36292 131043 9770 7803 214319 18380
is_linear=0
shrinkage=0.04


Tree=64
num_leaves=31
num_cat=0
split_feature=5 13 14 31 52 7 52 21 9 48 17 40 51 10 52 39 14 43 9 6 8 10 47 31 52 8 10 40 47 11
split_gain=8.8137e+06 8.29851e+06 8.08858e+06 1.37856e+07 7.65847e+06 1.65322e+07 1.18617e+07 9.75405e+06 1.57606e+07 9.65328e+06 9.46064e+06 8.71598e+06 8.2427e+06 8.20104e+06 9.05803e+06 8.16166e+06 9.85242e+06 8.04487e+06 7.38693e+06 6.97912e+06 8.49432e+06 8.9301e+06 6.67712e+06 9.47044e+06 7.21961e+06 6.53373e+06 1.07539e+07 7.51403e+06 6.48282e+06 6.27445e+06
threshold=0.92229580879211437 0.80198907852172863 0.92932036519050609 27.375000000000004 -0.054664056748151772 0.21766525506973269 -0.2009366378188133 66.463470458984389 0.092536211013793959 -0.14691860973834989 0.061023633927106864 0.50869852304458629 -0.0090074012987315637 -0.024393826723098751 0.21625466644763949 0.32356724143028265 0.74520760774612438 5.5000000000000009 -0.1101822257041931 1.2928402423858645 0.13565003871917727 -0.010359257459640501 -0.010687774512916802 54.375000000000007 -0.16808675974607465 -0.14665329456329343 -0.71715325117111195 0.0067723989486694345 0.0014820817741565408 1.378440856933594
decision_type=10 10 10 8 10 8 10 10 8 8 2 8 10 8 10 8 10 2 10 8 8 10 10 10 10 10 10 10 10 10
left_child=1 2 19 -4 5 9 -7 8 11 18 -9 15 -13 14 -12 28 -17 22 -3 20 -1 -22 23 24 -11 26 -19 -28 -6 -14
right_child=-2 4 3 -5 7 6 -8 10 -10 17 13 12 29 -15 -16 16 -18 25 -20 -21 21 -23 -24 -25 -26 -27 27 -29 -30 -31
leaf_value=-0.2151676650984885 -2.402203959207319 -0.57852709637952615 -0.27169610978027531 -5.3270476755548408 -0.36311101646042365 -4.4860718011909722 -1.0183547785763201 0.046642123251048391 1.6872124525208332 -5.6017460579245801 -1.0101825592289155 0.74584773461973219 0.27332457518535419 0.15347914734521126 -3.9802205782551101 -0.055991102311611175 -5.987060996202322 -1.3970224149870643 4.0692945784120313 0.57038058078998921 -2.113186835598114 0.41536236301957147 0.52986051097167453 1.3621933652004521 -1.8836243450006551 -0.1669551598477538 0.75894188786858519 4.1596309146898474 0.36373167005793094 -0.87565254594500874
leaf_weight=133696 2462 831 2396 1340 42085 1768 14171 138546 12817 1033 13257 69084 57391 8847 1868 990 809 3708 1579 16300 7687 3145 2498 1163 4319 73896 19802 1088 36786 8756
leaf_count=133696 2462 831 2396 1340 42085 1768 14171 138546 12817 1033 13257 69084 57391 8847 1868 990 809 3708 1579 16300 7687 3145 2498 1163 4319 73896 19802 1088 36786 8756
internal_value=-0.0180804 -0.00943436 -0.256822 -2.09429 0.0693 -0.202102 -1.40558 0.15661 0.324962 -0.0274747 -0.0803248 0.244017 0.440301 -0.813843 -1.37938 -0.0850357 -2.74151 -0.0837056 2.4709 -0.214011 -0.302508 -1.37933 -1.22687 -1.90023 -2.61038 0.0210176 0.585554 0.937963 -0.0241032 0.121123
internal_weight=684118 681656 164564 3736 517092 125856 15939 391236 228718 109917 162518 215901 135231 23972 15125 80670 1799 107507 2410 160828 144528 10832 9013 6515 5352 98494 24598 20890 78871 66147
internal_count=684118 681656 164564 3736 517092 125856 15939 391236 228718 109917 162518 215901 135231 23972 15125 80670 1799 107507 2410 160828 144528 10832 9013 6515 5352 98494 24598 20890 78871 66147
is_linear=0
shrinkage=0.04


Tree=65
num_leaves=31
num_cat=0
split_feature=19 28 3 3 52 7 5 5 43 52 13 7 7 7 18 39 38 35 38 8 23 5 3 5 28 18 23 13 48 15
split_gain=9.46426e+06 1.32045e+07 1.01654e+07 1.04875e+07 1.00007e+07 1.24622e+07 1.08325e+07 8.67312e+06 8.4967e+06 1.02569e+07 7.86748e+06 8.64053e+06 7.72821e+06 7.18144e+06 6.972e+06 9.05393e+06 6.81476e+06 6.39994e+06 6.0711e+06 7.14215e+06 7.39432e+06 5.94441e+06 5.85918e+06 5.77299e+06 5.65795e+06 5.45937e+06 5.24938e+06 5.07524e+06 5.04175e+06 5.43366e+06
threshold=2.5000000000000004 0.21353093534708026 -0.12919759750366208 0.058638572692871101 -0.12244202569127081 0.12588757276535037 0.57474732398986828 0.1329305171966553 8.5000000000000018 -0.2009366378188133 0.63075700402259838 -0.38714325428009028 0.03897452354431153 -0.56148302555084217 -0.033901486545801156 -0.37144351005554194 0.086079016327857985 0.052628951147198684 1.0242162942886355 -0.030011594295501706 -0.17212954163551328 -0.059933900833129876 0.038277387619018562 0.11357617378234865 1.1528818607330324 -0.02021369710564613 -0.13782685995101926 1.0850574970245364 -0.014636166859418152 -0.69999635219573964
decision_type=2 8 8 10 8 8 10 8 2 10 10 8 10 10 2 10 10 10 8 10 8 10 10 10 8 2 10 10 8 2
left_child=4 -2 21 12 5 8 7 10 9 -1 25 13 23 22 15 -10 27 -9 -7 20 -20 -3 -12 28 -13 -6 -22 -14 -4 -30
right_child=1 2 3 -5 6 18 -8 17 14 -11 11 24 16 -15 -16 -17 -18 -19 19 -21 26 -23 -24 -25 -26 -27 -28 -29 29 -31
leaf_value=-5.649275980680839 -4.0510974492845939 0.9738527885974666 0.74694477803457648 1.9253927875178347 -2.4461894734115144 1.1499648037312344 -1.1119960581050177 0.29651417599390445 -2.5377903689744206 -0.83750825987577615 1.081749731326628 0.053062605989278283 0.59042503579595873 2.2008749571020898 0.17782047807696652 1.7404791961098269 -0.56217786971526107 -0.98646495703026815 -1.9999788923053405 -0.9720118033979952 -7.5104540422999913 2.9519220772359871 -3.2715635704582122 1.5372557141334253 -0.29267430191493488 -0.56257016487173173 -3.1888451573627048 1.9637717716126935 -1.4411918227148628 -0.2423703093215617
leaf_weight=947 1045 8864 5515 5630 2746 969 13864 170443 3366 2751 1262 213808 15063 4838 27509 1026 5815 6447 3110 4302 848 3349 800 2734 117261 23208 1001 6027 8274 22445
leaf_count=947 1045 8864 5515 5630 2746 969 13864 170443 3366 2751 1262 213808 15063 4838 27509 1026 5815 6447 3110 4302 848 3349 800 2734 117261 23208 1001 6027 8274 22445
internal_value=0.000560203 0.396205 0.452197 0.269925 -0.0552905 -0.623117 -0.00836466 0.0199475 -0.269306 -2.08164 -0.0917313 -0.0401818 0.128165 1.35975 -0.0586319 -1.53668 0.649455 0.249701 -1.85286 -2.16796 -3.20141 1.51824 -0.614856 -0.231827 -0.0693987 -0.762727 -5.20059 0.983638 -0.365699 -0.56563
internal_weight=685267 84761 83716 71503 600506 45829 554677 540813 35599 3698 363923 337969 65873 6900 31901 4392 26905 176890 10230 9261 4959 12213 2062 38968 331069 25954 1849 21090 36234 30719
internal_count=685267 84761 83716 71503 600506 45829 554677 540813 35599 3698 363923 337969 65873 6900 31901 4392 26905 176890 10230 9261 4959 12213 2062 38968 331069 25954 1849 21090 36234 30719
is_linear=0
shrinkage=0.04


Tree=66
num_leaves=31
num_cat=0
split_feature=31 15 34 52 29 15 8 14 40 36 19 9 17 43 46 11 6 31 52 21 29 28 32 6 2 7 10 11 18 11
split_gain=9.02497e+06 9.70428e+06 1.02945e+07 1.03281e+07 6.84342e+06 6.28208e+06 6.02116e+06 5.97592e+06 5.95848e+06 5.72847e+06 5.46947e+06 1.04429e+07 7.59376e+06 5.4048e+06 7.90145e+06 5.29559e+06 5.25486e+06 6.19975e+06 5.2496e+06 5.71254e+06 5.20114e+06 5.19006e+06 5.18347e+06 5.49513e+06 5.22346e+06 5.06882e+06 4.98903e+06 7.39586e+06 5.29397e+06 6.48987e+06
threshold=53.204999923706062 -0.61467725038528431 0.065019372850656523 -0.045255878940224641 1.0797110199928286 -0.8620694875717162 -0.10189172625541686 0.94833147525787365 0.0030997395515441899 -0.89816996455192555 1.0000000180025095e-35 0.10873395204544069 0.041809113696217544 24.500000000000004 0.034810749813914306 0.042185246944427497 -0.76047980785369862 11.644999980926515 0.059100307524204261 6.2295782566070566 10.490275382995607 0.52394142746925365 1.2993254661560061 0.12621998786926272 -0.0029995441436767574 0.11258298158645631 -0.024393826723098751 0.31782460212707525 0.073587734252214446 2.440474390983582
decision_type=10 2 8 10 8 2 10 8 8 8 2 10 2 2 8 8 8 10 10 10 10 10 8 8 10 8 8 10 2 8
left_child=1 2 6 7 15 -2 -1 -4 -7 16 12 -12 21 14 -10 -5 -3 -18 -6 -20 26 -11 23 -16 -25 -8 27 -14 -28 -30
right_child=5 9 3 4 18 8 25 -9 13 10 11 -13 20 -15 22 -17 17 -19 19 -21 -22 -23 -24 24 -26 -27 28 -29 29 -31
leaf_value=1.6759675797158122 -1.3110599339542484 2.6208886043353541 -1.0991865138322765 -2.7338808861312334 -1.1969749098962483 -0.21902222231405011 -0.39809559582291448 -3.1240783490974895 0.069174561119108219 0.74455399574766534 0.16987868132116368 1.8049917940736506 0.078235276923570712 0.25074282550709759 0.78324250813078022 0.49181054389555412 -3.3504895676139848 -0.47161068814942625 3.0128963045555133 -0.33726955600956138 -2.5349026929269143 0.010976555106012474 -0.39595099254006583 3.3227110234909101 1.4171774621229736 0.78196498221373145 0.012284647179579363 -0.84220759618233576 0.20033656922402288 4.9038541821317594
leaf_weight=3801 4102 831 25945 848 15333 32683 18316 2557 12898 17531 125950 6566 21848 116784 7492 16021 1235 31227 854 14170 1752 128300 2387 4039 5398 8527 15881 38705 1084 819
leaf_count=3801 4102 831 25945 848 15333 32683 18316 2557 12898 17531 125950 6566 21848 116784 7492 16021 1235 31227 854 14170 1752 128300 2387 4039 5398 8527 15881 38705 1084 819
internal_value=-0.00286893 -0.0916125 -0.430408 -0.6807 -0.317681 0.235053 0.18814 -1.28188 0.270031 0.000394274 0.0470178 0.251027 -0.0726517 0.377313 0.835944 0.328132 -0.501423 -0.582134 -0.676541 -0.144961 -0.385558 0.0992082 1.34764 1.59358 2.23539 -0.0230836 -0.337171 -0.510146 0.251752 2.23966
internal_weight=683884 498101 106372 75728 47226 185783 30644 28502 181681 391729 358436 132516 225920 148998 32214 16869 33293 32462 30357 15024 80089 145831 19316 16929 9437 26843 78337 60553 17784 1903
internal_count=683884 498101 106372 75728 47226 185783 30644 28502 181681 391729 358436 132516 225920 148998 32214 16869 33293 32462 30357 15024 80089 145831 19316 16929 9437 26843 78337 60553 17784 1903
is_linear=0
shrinkage=0.04


Tree=67
num_leaves=31
num_cat=0
split_feature=5 32 38 47 5 52 4 21 6 5 8 33 3 16 6 7 12 5 22 36 14 34 21 12 25 32 3 14 2 32
split_gain=9.34442e+06 7.52072e+06 9.11492e+06 1.20586e+07 9.43172e+06 1.3374e+07 1.22419e+07 1.35203e+07 9.5215e+06 9.3544e+06 7.85615e+06 2.13783e+07 1.00698e+07 9.54337e+06 8.38072e+06 7.82892e+06 1.29554e+07 1.02545e+07 9.10513e+06 7.79484e+06 7.61069e+06 7.43514e+06 7.0896e+06 6.9533e+06 6.9699e+06 7.50853e+06 7.25338e+06 6.76483e+06 7.1488e+06 6.62536e+06
threshold=0.92229580879211437 1.9356380701065066 0.19054905325174334 0.012733631301671268 0.10350465774536134 0.26137563586235052 -0.16049075126647946 12.269020557403566 0.83094060420990001 -0.24718058109283444 -0.080101430416107164 18.589837074279789 0.0088984966278076189 -0.024565228261053559 -0.092573881149291978 -0.16985073685646054 0.031527405604720123 0.021451234817504886 0.15458269417285922 -0.55579656362533558 0.86533480882644664 0.18715170770883563 54.797201156616218 0.017250783741474155 1.0000000180025095e-35 1.1747961044311526 -0.13420867919921872 0.99777778983116161 -0.0944540500640869 0.9894188940525056
decision_type=10 8 10 10 8 8 8 10 8 10 8 10 10 10 10 10 10 10 10 10 10 8 10 10 2 10 10 10 8 10
left_child=1 2 3 4 5 8 -6 -8 10 -4 11 23 15 -13 -15 16 17 18 -12 21 -18 -11 -14 -1 25 -25 -26 28 -3 -17
right_child=-2 27 9 -5 6 -7 7 -9 -10 19 12 13 22 14 -16 29 20 -19 -20 -21 -22 -23 -24 24 26 -27 -28 -29 -30 -31
leaf_value=1.7306844209804086 -2.4730872043003163 1.0465715741862551 1.6387272140628728 0.71584598672898292 -2.2773367925002082 -4.6436171781122102 1.428526144453494 0.21916906277469361 -0.86998129792212919 -0.50525104232936968 -5.2078907318418235 -1.3321104561269725 0.68415001437684331 0.52974682486257263 1.6565982126982643 0.018475198443943221 2.2130024606201308 1.6669572150014742 -1.9219544293572677 -0.015437935331515025 -1.8013530121878003 -2.1371491712506518 -0.085612097875899865 -1.0502010033782883 -0.44265275519990666 0.87185052649861572 -2.8373969428519792 -3.5078857069675689 -0.55732548444781382 -0.6701011588244401
leaf_weight=1844 2429 4940 4071 49523 2903 1016 16399 150071 21827 56538 1784 2956 29963 24586 18520 52327 2072 954 5546 69347 1177 4842 52981 7914 3730 5506 4425 1133 43745 39026
leaf_count=1844 2429 4940 4071 49523 2903 1016 16399 150071 21827 56538 1784 2956 29963 24586 18520 52327 2072 954 5546 69347 1177 4842 52981 7914 3730 5506 4425 1133 43745 39026
internal_value=-0.00162136 0.00722144 0.0445313 0.123649 0.0581023 -0.0851908 0.293417 0.338382 -0.0683124 -0.247192 0.000255081 0.363098 -0.135422 0.863331 1.01416 -0.399785 -1.38137 -2.22021 -2.7277 -0.306043 0.757676 -0.634312 0.192509 -0.620742 -0.822425 -0.261554 -1.74395 -0.465898 -0.394399 -0.275726
internal_weight=684095 681666 631848 497050 447527 278154 169373 166470 277138 134798 255311 69481 185830 46062 43106 102886 11533 8284 7330 130727 3249 61380 82944 23419 21575 13420 8155 49818 48685 91353
internal_count=684095 681666 631848 497050 447527 278154 169373 166470 277138 134798 255311 69481 185830 46062 43106 102886 11533 8284 7330 130727 3249 61380 82944 23419 21575 13420 8155 49818 48685 91353
is_linear=0
shrinkage=0.04


Tree=68
num_leaves=31
num_cat=0
split_feature=31 16 41 10 38 7 39 23 52 7 51 28 10 12 4 10 52 30 18 33 7 4 33 43 4 10 23 7 43 43
split_gain=1.0507e+07 1.11944e+07 9.73806e+06 8.17411e+06 7.91063e+06 8.75246e+06 7.83626e+06 7.20988e+06 7.14781e+06 1.41349e+07 1.16636e+07 9.8871e+06 7.7469e+06 7.02101e+06 7.80331e+06 1.60189e+07 1.36878e+07 6.73498e+06 7.01152e+06 6.46049e+06 6.40152e+06 6.37874e+06 7.45839e+06 6.70085e+06 7.59599e+06 7.11938e+06 6.52753e+06 6.71801e+06 5.95936e+06 5.94213e+06
threshold=18.045000076293949 0.031074883416295055 1.0000000180025095e-35 -0.024393826723098751 0.20802017301321032 -0.17844548821449277 0.16446311771869662 -0.34803175926208491 -0.12244202569127081 -0.21879407763481137 -0.0090074012987315637 0.37520506978034979 -0.069887548685073839 0.01698379032313824 -0.24283027648925778 -0.3339849710464477 -0.17475711554288861 1.3078325986862185 -0.021352592855691906 18.878958702087406 0.065639495849609389 0.089535474777221694 21.921918869018558 40.500000000000007 -0.12088632583618163 -0.46079763770103449 -0.13782685995101926 0.55780732631683361 7.5000000000000009 7.5000000000000009
decision_type=10 10 2 8 10 8 8 8 8 8 10 10 10 10 10 10 10 8 2 10 8 10 10 2 10 8 10 10 2 2
left_child=3 2 4 17 8 -6 -7 -3 9 11 21 -2 -12 -11 -15 16 -16 18 -1 -13 -19 22 23 24 -10 -26 -23 -28 -27 -14
right_child=1 7 -4 -5 5 6 -8 -9 10 13 12 19 29 14 15 -17 -18 20 -20 -21 -22 26 -24 -25 25 28 27 -29 -30 -31
leaf_value=0.42957960959359848 -3.5935869866704184 2.1998284666584587 1.8602878533743197 0.60285806856544022 1.1159743005016634 -0.19657485537572814 -1.3539067963884341 -1.4841510713439541 2.1344433986688593 1.0123645565023514 -0.14835267433547528 0.060819863140188703 1.475752088634281 0.45345297019792458 -5.7247120107593368 -0.70928993141390762 -1.7157134580640121 -1.0956467541879225 -0.79441960559105274 1.8104081356226338 -5.2629631158941628 2.5150045073608336 2.2065093728434522 0.065144747929553326 -1.9804344085205432 -0.3200174811044092 1.0104566999162168 -0.73559423580239558 0.80828635102674551 0.22136295952911639
leaf_weight=9089 809 916 4849 9366 7486 114235 10187 10501 4908 2868 163930 6773 6490 4447 2117 15521 3830 1540 42356 6726 953 3788 3294 85887 1796 9387 23099 4153 36956 85910
leaf_count=9089 809 916 4849 9366 7486 114235 10187 10501 4908 2868 163930 6773 6490 4447 2117 15521 3830 1540 42356 6726 953 3788 3294 85887 1796 9387 23099 4153 36956 85910
internal_value=0.00342651 0.0534829 0.0767388 -0.487439 0.0624038 -0.211481 -0.291432 -1.18691 0.138837 -0.352239 0.188101 0.674976 0.0167393 -0.862924 -1.07077 -1.38657 -3.15004 -0.676839 -0.578129 0.933263 -2.70335 0.441596 0.328172 0.283482 0.636908 0.483816 0.961042 0.744199 0.579723 0.309619
internal_weight=684167 620863 609446 63304 604597 131908 124422 11417 472689 43091 429598 14308 256330 28783 25915 21468 5947 53938 51445 13499 2493 173268 142228 138934 53047 48139 31040 27252 46343 92400
internal_count=684167 620863 609446 63304 604597 131908 124422 11417 472689 43091 429598 14308 256330 28783 25915 21468 5947 53938 51445 13499 2493 173268 142228 138934 53047 48139 31040 27252 46343 92400
is_linear=0
shrinkage=0.04


Tree=69
num_leaves=31
num_cat=0
split_feature=16 15 5 13 19 9 17 3 50 40 5 22 8 10 33 6 10 29 12 21 5 6 7 10 6 21 43 0 29 13
split_gain=9.49789e+06 7.12388e+06 8.10362e+06 6.86978e+06 9.47579e+06 1.12025e+07 6.89303e+06 6.5627e+06 6.37691e+06 8.29704e+06 7.21481e+06 7.09858e+06 9.25377e+06 7.76041e+06 8.58853e+06 9.18111e+06 6.82499e+06 6.42822e+06 6.22873e+06 6.32899e+06 6.13464e+06 6.66375e+06 6.0043e+06 6.20322e+06 6.00378e+06 6.44112e+06 7.14968e+06 5.71718e+06 6.66621e+06 5.50616e+06
threshold=0.031074883416295055 -0.87499991059303273 0.92229580879211437 0.94954547286033641 2.5000000000000004 0.067715167999267592 0.012435202021151783 -0.12919759750366208 -0.0035971743054687973 0.008732497692108156 0.010807752609252931 0.36896543204784399 -0.076521575450897203 -0.28564181923866266 20.518520355224613 -0.046362400054931634 -0.23317694664001462 5.4223687648773202 0.017250783741474155 44.204126358032234 -0.22659802436828611 -0.11718511581420897 0.052239239215850837 -0.11647471785545348 -0.14935922622680661 29.018050193786625 31.500000000000004 -0.047368049621582024 0.99109718203544628 1.1043184995651247
decision_type=8 2 10 8 2 10 2 10 8 8 8 10 8 8 10 10 8 8 10 10 8 8 10 10 10 10 2 10 10 10
left_child=1 27 3 8 -5 6 -6 -8 20 24 11 12 16 14 15 -14 18 -12 -11 -20 21 -3 -9 -24 25 26 -10 28 -1 -2
right_child=29 2 -4 4 5 -7 7 22 9 10 17 -13 13 -15 -16 -17 -18 -19 19 -21 -22 -23 23 -25 -26 -27 -28 -29 -30 -31
leaf_value=-5.786875332065887 -1.8629656595241841 0.59864239895332827 -2.4255720588413006 0.082475816876480312 -2.9454357506638327 4.1278090144516124 1.7186974300076825 -0.0083073417166538138 -0.53874228256961654 1.5469331928266623 0.18734976081428475 -0.0023374943928712155 -2.0720643422048695 -0.75356477093995611 1.1508232500168925 -5.6492116303230793 1.8988110701682974 -2.8153771776017829 -1.2501587518322048 0.69125891008560214 0.17924693900901545 4.2943487248608685 2.3592118804279862 0.49614652411492544 -0.37412886181257643 -0.73759074428805138 -3.8362290715746132 -0.49596805488300072 -1.2239737048700738 -0.20989910569435757
leaf_weight=805 6763 2166 2129 315649 854 1474 7686 20326 1708 2197 107328 43379 4265 10773 896 1573 2298 1143 10230 3635 52687 1214 4179 9033 45439 9685 2745 5426 1399 6158
leaf_count=805 6763 2166 2129 315649 854 1474 7686 20326 1708 2197 107328 43379 4265 10773 896 1573 2298 1143 10230 3635 52687 1214 4179 9033 45439 9685 2745 5426 1399 6158
internal_value=-0.00211113 0.0185413 0.0325001 0.0404351 0.1588 0.711821 0.591206 0.665168 -0.0997177 -0.187042 -0.0565026 -0.346607 -0.762864 -1.42055 -2.48489 -3.04391 -0.135299 0.155452 -0.427321 -0.741044 0.285406 1.93479 0.423288 1.08678 -0.59827 -1.31788 -2.57548 -1.19594 -2.90916 -1.0759
internal_weight=685242 672321 664691 662562 359201 43552 42078 41224 303361 247294 187717 79246 35867 17507 6734 5838 18360 108471 16062 13865 56067 3380 33538 13212 59577 14138 4453 7630 2204 12921
internal_count=685242 672321 664691 662562 359201 43552 42078 41224 303361 247294 187717 79246 35867 17507 6734 5838 18360 108471 16062 13865 56067 3380 33538 13212 59577 14138 4453 7630 2204 12921
is_linear=0
shrinkage=0.04


Tree=70
num_leaves=31
num_cat=0
split_feature=31 15 0 13 21 11 13 31 17 15 33 52 29 6 12 11 12 37 33 12 5 12 5 33 48 12 13 33 17 33
split_gain=8.82997e+06 8.59838e+06 9.57395e+06 6.46555e+06 6.87002e+06 9.2383e+06 5.89852e+06 5.86846e+06 6.45275e+06 6.08684e+06 1.02326e+07 9.73444e+06 7.30163e+06 5.8711e+06 7.01073e+06 5.82218e+06 6.04397e+06 5.73898e+06 1.00003e+07 6.12075e+06 5.74668e+06 6.3863e+06 5.68251e+06 5.68199e+06 5.58754e+06 5.56252e+06 5.76521e+06 5.44102e+06 5.43628e+06 5.34077e+06
threshold=28.48499965667725 -0.92307448387145985 -0.049760222434997552 1.1459846496582033 56.205001831054695 0.51321953535079967 1.6190963387489321 69.274997711181655 0.0074518495239317426 -0.49999982118606562 19.774761199951175 -0.056898683309555047 1.0475398898124697 -0.50931501388549794 0.030879272148013118 1.3252483606338503 0.037442822009325034 0.67511320114135753 18.508213996887211 0.035429839044809348 -0.19323503971099851 0.03423933498561383 -0.18822574615478513 18.802358627319339 -0.16858036071062085 0.024586066603660587 0.75722035765647899 16.686437606811527 0.055958639830350883 22.564469337463382
decision_type=10 2 8 10 10 8 10 10 2 2 10 8 10 10 10 10 8 8 10 8 8 10 8 10 8 10 10 10 2 10
left_child=6 2 -2 7 5 17 24 9 -9 10 11 13 -13 25 -15 16 -14 19 -19 -5 -20 -22 -12 -17 -1 -3 -27 -10 -6 -26
right_child=1 3 -4 4 28 -7 -8 8 27 -11 22 12 15 14 -16 23 -18 18 20 -21 21 -23 -24 -25 29 26 -28 -29 -30 -31
leaf_value=1.9277506919464185 -5.4064818415167437 -4.5435351514565205 -0.35874918142905965 -0.43895125211570013 0.20699803186958612 1.2552168905699597 -3.2554715642232832 -2.6449679028399986 1.9001978659668093 0.067748018968686249 1.4579664637701963 0.3261295710881707 -0.69516922704989281 -0.60342669910896685 -2.8014893897718385 -1.1186940354067045 2.1381491332575906 -0.36397935182510738 2.6913678161149615 1.9310769161402312 1.3957018724213155 -1.0507454173279203 -0.018906119267026088 -4.312484578006111 -0.2278011107622489 1.0063471696293693 -2.935391567170937 0.39284062458068614 -0.8077989739486553 -1.8383060148608916
leaf_weight=1880 945 1628 1627 18582 42202 23381 1031 1014 4351 242799 4566 16787 14260 12077 2867 2773 1306 8595 3817 1914 7916 2168 46800 1311 169878 908 1683 31645 10549 3350
leaf_count=1880 945 1628 1627 18582 42202 23381 1031 1014 4351 242799 4566 16787 14260 12077 2867 2773 1306 8595 3817 1914 7916 2168 46800 1311 169878 908 1683 31645 10549 3350
internal_value=-0.00925781 0.0752925 -2.22713 0.0870419 0.344696 0.615471 -0.253325 0.00767917 0.486593 -0.0430091 -0.294396 -0.670383 -0.286399 -1.39997 -1.02672 -0.809582 -0.456231 0.267337 0.708328 -0.216795 1.37112 0.86921 0.112634 -2.15196 -0.235464 -2.71651 -1.55548 0.575519 0.00394707 -0.25905
internal_weight=684610 508471 2572 505899 119124 66373 176139 386775 37010 349765 106966 55600 36437 19163 14944 19650 15566 42992 22496 20496 13901 10084 51366 4084 175108 4219 2591 35996 52751 173228
internal_count=684610 508471 2572 505899 119124 66373 176139 386775 37010 349765 106966 55600 36437 19163 14944 19650 15566 42992 22496 20496 13901 10084 51366 4084 175108 4219 2591 35996 52751 173228
is_linear=0
shrinkage=0.04


Tree=71
num_leaves=31
num_cat=0
split_feature=16 15 31 38 4 33 12 0 7 51 2 4 48 22 14 21 13 7 0 23 33 16 33 7 14 47 12 43 7 32
split_gain=7.71838e+06 1.00793e+07 8.1011e+06 7.91201e+06 7.984e+06 1.18017e+07 8.83192e+06 8.42156e+06 7.55288e+06 7.36284e+06 7.3131e+06 6.98944e+06 6.37227e+06 7.55223e+06 5.78005e+06 6.7196e+06 6.42896e+06 5.76916e+06 5.66893e+06 5.42603e+06 5.3474e+06 5.28531e+06 5.17605e+06 5.14634e+06 5.94462e+06 5.08825e+06 6.65835e+06 6.48796e+06 6.20978e+06 6.15603e+06
threshold=0.0079484023153781908 -0.60975408554077137 24.545000076293949 0.19054905325174334 0.011679410934448244 19.121905326843265 0.020445592701435093 -0.016074419021606442 -0.29662001132965082 0.004688424989581109 -0.047006845474243157 0.040304899215698249 0.076120868325233473 0.22110764682292941 0.97953951358795177 77.84625625610353 0.83045324683189403 -0.23781114816665647 -0.019644021987915036 -0.037399262189865105 20.672714233398441 0.028667148202657703 21.488079071044925 0.52311772108078014 0.9334913194179536 -0.094285279512405382 0.019460394047200683 27.500000000000004 0.031308114528656013 1.5810215473175051
decision_type=8 2 10 10 8 10 8 10 10 10 10 10 8 10 10 10 8 8 10 10 10 8 10 10 8 10 10 2 10 10
left_child=2 20 14 4 5 6 8 22 -4 -3 11 -6 17 -14 16 18 19 -5 -16 -1 21 -2 -7 24 -8 -19 27 -27 -28 -30
right_child=1 9 3 12 10 7 23 -9 -10 -11 -12 -13 13 -15 15 -17 -18 25 -20 -21 -22 -23 -24 -25 -26 26 28 -29 29 -31
leaf_value=-1.09998112833339 -0.82449433963060648 0.25238502220511794 -2.0968186900181736 2.4249692029489887 -0.027664185558267631 0.7577309818828607 -0.6983820159758346 0.10399677148558004 0.36024463254014932 -0.38418763063852795 0.36816189686337875 2.0926243210275466 -1.7485789129112419 -0.29844503290227936 -0.45907965607796947 1.1512651882364313 0.024064269122535131 1.8317747390469687 -3.571686213798464 0.13948659370076683 0.15246520415431669 -2.3292726596102167 2.6204108109371562 1.9184258753765955 -2.7675639558562444 -0.27843339877118678 -1.2596984369682027 0.71114338567300861 -0.34906957130577182 2.5187588582950746
leaf_weight=18244 27889 58521 2155 1658 3650 23034 35629 69632 26538 57751 147645 7799 6749 38393 1540 1116 64671 2433 2391 8182 7607 4308 2656 1115 2361 20022 11120 22508 5825 1497
leaf_count=18244 27889 58521 2155 1658 3650 23034 35629 69632 26538 57751 147645 7799 6749 38393 1540 1116 64671 2433 2391 8182 7607 4308 2656 1115 2361 20022 11120 22508 5825 1497
internal_value=-0.00475051 -0.251898 0.0682315 0.142072 0.242135 0.0454887 -0.35791 0.332414 0.17504 -0.0637993 0.443741 1.41723 -0.150483 -0.515588 -0.263855 -1.58016 -0.190763 0.102874 -2.35656 -0.71631 -0.801202 -1.0265 0.951252 -0.748902 -0.827672 0.04178 -0.0299358 0.245321 -0.664508 0.2399
internal_weight=684639 156076 528563 432419 322214 163120 67798 95322 28693 116272 159094 11449 110205 45142 96144 5047 91097 65063 3931 26426 39804 32197 25690 39105 37990 63405 60972 42530 18442 7322
internal_count=684639 156076 528563 432419 322214 163120 67798 95322 28693 116272 159094 11449 110205 45142 96144 5047 91097 65063 3931 26426 39804 32197 25690 39105 37990 63405 60972 42530 18442 7322
is_linear=0
shrinkage=0.04


Tree=72
num_leaves=31
num_cat=0
split_feature=16 3 0 31 4 5 40 19 29 4 35 9 51 12 1 9 36 12 48 8 9 12 7 4 16 23 30 31 9 28
split_gain=6.80303e+06 6.8817e+06 1.27526e+07 9.36703e+06 8.50208e+06 8.44274e+06 8.54634e+06 8.31561e+06 8.12656e+06 1.0415e+07 9.12766e+06 7.39288e+06 9.67854e+06 6.97742e+06 6.63783e+06 6.53746e+06 6.11483e+06 7.03706e+06 6.251e+06 6.01911e+06 6.66632e+06 5.38666e+06 5.27095e+06 7.03419e+06 5.25542e+06 1.06462e+07 5.2412e+06 5.35826e+06 7.18661e+06 5.85682e+06
threshold=0.028667148202657703 0.11340594291687013 -0.018816351890563961 34.274999618530281 -0.56833577156066883 -0.27158308029174799 1.305091977119446 1.5000000000000002 1.3141821622848513 -0.060311079025268548 0.025837648659944538 -0.094618707895278917 -0.0032124064164236184 0.058410480618476875 -0.02006125450134277 0.10251021385192872 -0.82096782326698292 0.027852631174027923 0.006061661522835494 -0.092190980911254869 -0.082902640104293809 0.053734187036752708 0.21766525506973269 -0.061826229095458977 0.0038117169169709091 -0.1668438911437988 1.1990116834640505 62.555000305175788 -0.060428410768508904 1.6339849233627322
decision_type=10 8 10 10 8 8 10 2 10 10 8 8 10 10 10 10 8 10 8 8 10 10 8 8 10 8 10 10 10 10
left_child=1 3 7 4 -1 16 8 21 11 10 -10 12 -7 14 15 -4 17 -6 -18 -12 -21 -3 -2 -24 25 -11 27 -5 29 -29
right_child=22 2 13 26 5 6 -8 -9 9 24 19 -13 -14 -15 -16 -17 18 -19 -20 20 -22 -23 23 -25 -26 -27 -28 28 -30 -31
leaf_value=-3.6590042338639628 -0.26794995403787764 1.6909317242054496 0.47319736464884271 0.099944844004373298 -4.3160430744172853 1.8524805196860732 0.86713178564255278 3.8317183060604045 -0.33624161312142975 3.4067242231710542 -1.4020868900852372 -0.24543645602967248 -2.13308170898335 -1.5366481189052805 0.19942118924771327 4.2222987321210157 2.7797212063188756 0.34137828568885215 0.52277889092140917 -7.1845474078904417 -3.021240085872583 -1.4084903756966167 -4.8228693228843715 -1.1417748019437899 -0.94617237649997221 -0.3173701424989494 -0.14809845513152806 1.2684868259842836 0.40083745629100154 4.6553078512527621
leaf_weight=1145 9835 4269 1677 240643 827 5387 9535 2501 3262 1278 2235 114051 1181 3441 42028 1332 2236 1363 15681 832 2416 1127 1002 4698 24777 26458 106459 3544 47568 1057
leaf_count=1145 9835 4269 1677 240643 827 5387 9535 2501 3262 1278 2235 114051 1181 3441 42028 1332 2236 1363 15681 832 2416 1127 1002 4698 24777 26458 106459 3544 47568 1057
internal_value=-0.00225115 0.01699 0.43984 -0.021972 -0.236401 -0.217701 -0.299613 1.92936 -0.360824 -0.735977 -2.01334 -0.170253 1.13368 0.196851 0.329609 2.14131 0.561831 -1.42901 0.805834 -3.00867 -4.10648 1.04218 -0.829475 -1.79619 -0.522915 -0.144608 0.0922423 0.179626 0.547087 2.05496
internal_weight=683845 668310 56375 611935 212664 211519 191412 7897 181877 61258 8745 120619 6568 48478 45037 3009 20107 2190 17917 5483 3248 5396 15535 5700 52513 27736 399271 292812 52169 4601
internal_count=683845 668310 56375 611935 212664 211519 191412 7897 181877 61258 8745 120619 6568 48478 45037 3009 20107 2190 17917 5483 3248 5396 15535 5700 52513 27736 399271 292812 52169 4601
is_linear=0
shrinkage=0.04


Tree=73
num_leaves=31
num_cat=0
split_feature=29 13 14 40 6 33 39 33 31 38 43 43 11 50 13 8 5 43 31 5 11 11 10 33 23 51 17 9 6 16
split_gain=1.00267e+07 8.24175e+06 9.43746e+06 8.2633e+06 1.19361e+07 1.11756e+07 9.81855e+06 8.01597e+06 1.50252e+07 7.33486e+06 1.10328e+07 1.21847e+07 1.03729e+07 9.54796e+06 8.58247e+06 7.98348e+06 8.88762e+06 7.53549e+06 8.00874e+06 7.00185e+06 6.72988e+06 6.3236e+06 9.57674e+06 9.68434e+06 6.39542e+06 6.23349e+06 7.48595e+06 7.1005e+06 7.58245e+06 6.98237e+06
threshold=15.750433921813967 1.1459846496582033 0.71460893750190746 0.34003859758377081 0.76709342002868663 19.483299255371097 -0.37144351005554194 21.560738563537601 16.375000000000004 0.43172526359558111 37.500000000000007 56.500000000000007 0.71896153688430797 -0.0035971743054687973 1.04057914018631 0.062000930309295661 -0.44291782379150385 43.500000000000007 27.144999504089359 0.70842289924621593 0.018674969673156742 0.50778579711914074 -0.29933625459671015 20.768790245056156 -0.072919309139251695 -0.0021145367063581939 0.027734309434890751 0.010662436485290529 -0.32035422325134272 -0.024565228261053559
decision_type=10 10 8 8 10 10 10 10 10 8 2 2 8 8 8 8 8 2 10 10 8 10 8 10 10 8 2 10 8 8
left_child=1 2 25 4 5 -3 -7 21 -9 10 -4 12 13 -12 -13 16 -11 -15 -19 -5 -18 22 23 -8 -23 27 -27 29 -29 -1
right_child=-2 3 9 19 -6 6 7 8 -10 15 11 14 -14 17 -16 -17 20 18 -20 -21 -22 24 -24 -25 -26 26 -28 28 -30 -31
leaf_value=-1.7205412469909285 -2.5350017862985479 1.4889350042938572 0.94568639965001289 0.50372995187788494 3.2288418134930215 -4.5263169281133067 -0.12151250534382767 -6.1076006280317667 -0.83345368442478551 0.81459997484575031 -0.45009821630271851 -0.36644854793670806 0.92487455235054361 -1.7399932094475188 2.8029350718802699 -0.17405281025534297 -4.2525882815660516 -8.3666721724765338 -3.0368027396659474 -1.8682640246654039 -1.0382085223637345 2.6136822892495828 -0.8006371161421717 2.9825336275752115 0.14384939824530363 0.11627542719438973 -0.37109583882276509 2.2074163741946502 0.45079944613031719 0.092482849450348695
leaf_weight=3467 2469 5319 14432 107842 1619 914 4868 925 11506 4169 1736 4828 1556 1245 1896 42446 1062 935 897 2019 39070 2532 19233 2391 4936 99317 102414 4317 43167 150972
leaf_count=3467 2469 5319 14432 107842 1619 914 4868 925 11506 4169 1736 4828 1556 1245 1896 42446 1062 935 897 2019 39070 2532 19233 2391 4936 99317 102414 4317 43167 150972
internal_value=0.00429244 0.0135219 -0.0647485 0.260539 -0.143394 -0.247736 -0.443281 -0.361879 -1.2305 -0.385645 0.183222 -0.657298 -1.90972 -2.82613 0.530074 -0.566148 -0.941702 -4.16086 -5.78767 0.459972 -1.12431 -0.0436525 -0.333497 0.903608 0.983613 0.0261028 -0.131157 0.183212 0.610933 0.0516735
internal_weight=684499 682030 517926 164104 54243 52624 47305 46391 12431 114272 27525 13093 6369 4813 6724 86747 44301 3077 1832 109861 40132 33960 26492 7259 7468 403654 201731 201923 47484 154439
internal_count=684499 682030 517926 164104 54243 52624 47305 46391 12431 114272 27525 13093 6369 4813 6724 86747 44301 3077 1832 109861 40132 33960 26492 7259 7468 403654 201731 201923 47484 154439
is_linear=0
shrinkage=0.04


Tree=74
num_leaves=31
num_cat=0
split_feature=15 28 19 17 9 9 17 5 49 36 16 5 31 38 52 38 52 15 32 32 36 11 47 52 34 0 48 35 6 2
split_gain=7.19033e+06 1.01848e+07 6.44427e+06 1.02938e+07 9.77238e+06 1.07186e+07 6.92981e+06 6.81037e+06 6.254e+06 8.12147e+06 6.74246e+06 7.82322e+06 6.21387e+06 6.09432e+06 7.96087e+06 6.02908e+06 6.01244e+06 6.58755e+06 5.92205e+06 5.89724e+06 7.73417e+06 8.3615e+06 6.65327e+06 5.93198e+06 5.3041e+06 5.25472e+06 5.19598e+06 6.85153e+06 5.13165e+06 5.12921e+06
threshold=-0.92307448387145985 0.5575319528579713 2.5000000000000004 0.011783267837017776 0.051974594593048103 -0.1101822257041931 0.03582801669836045 0.05584454536437989 -0.013185469433665274 -0.67177838087081898 0.0078420834615826624 -0.57386803627014149 47.674999237060554 -0.88220316171646107 -0.10273088514804839 0.19054905325174334 -0.11680394783616065 -0.48148088157176966 2.1076766252517705 1.6767851710319521 -0.8163054585456847 2.5431114435195927 -0.0023768859682604666 -0.021500797010958191 0.20890752226114276 -0.015452146530151365 -0.0079793552868068201 0.033547261729836471 -0.024724245071411129 -0.064395427703857408
decision_type=2 10 2 2 10 8 2 10 8 8 10 8 8 10 10 10 8 2 10 10 10 10 8 10 8 10 8 10 10 10
left_child=1 -1 6 -4 5 -5 15 12 -8 13 16 -12 26 14 -10 19 17 -11 -15 22 21 23 24 -21 -2 -6 -7 28 -28 -9
right_child=2 -3 3 4 25 7 8 29 9 10 11 -13 -14 18 -16 -17 -18 -19 -20 20 -22 -23 -24 -25 -26 -27 27 -29 -30 -31
leaf_value=-5.7889432361527735 -0.21904071512971945 -0.48116324426512336 -2.9248086759601186 1.4906208094970996 4.5884990611431409 0.77312990589814179 0.57590301302641489 1.7009579336831855 3.1330861001098764 -1.9712185292729223 1.5881537598493938 -0.57775598071260437 0.35874069767420724 -1.3912125789280563 -0.70885392615441389 -0.18553744271835171 0.074644818550871531 -0.17366789716896758 -4.8757654953115255 -1.7744795453063233 0.64509885499272723 2.4166195221448663 0.31977353519296831 -0.25074903721415576 -2.597109342896359 1.2692242987308724 -1.2511890983440848 -3.32465045207808 0.062328967960430193 0.34046001754420135
leaf_weight=803 23342 2012 1508 10667 1239 3756 15557 5804 1004 4940 2765 69699 19809 10004 5783 99924 121543 9572 839 9099 7894 1155 205329 7423 1594 1991 10033 1629 9043 18709
leaf_count=803 23342 2012 1508 10667 1239 3756 15557 5804 1004 4940 2765 69699 19809 10004 5783 99924 121543 9572 839 9099 7894 1155 205329 7423 1594 1991 10033 1629 9043 18709
internal_value=0.0034701 -2.01038 0.011816 0.339434 0.399317 0.311462 -0.034353 0.128405 -0.19962 -0.252993 -0.183265 -0.494904 -0.167774 -1.07713 -0.136743 0.0779334 -0.0172588 -0.786504 -1.66508 0.180843 -0.395345 -0.860077 0.244843 -1.09046 -0.372036 2.5527 -0.594129 -0.84241 -0.628808 0.663151
internal_weight=684469 2815 681654 84188 82680 79450 597466 68783 241706 226149 208519 72464 44270 17630 6787 355760 136055 14512 10843 255836 25571 17677 230265 16522 24936 3230 24461 20705 19076 24513
internal_count=684469 2815 681654 84188 82680 79450 597466 68783 241706 226149 208519 72464 44270 17630 6787 355760 136055 14512 10843 255836 25571 17677 230265 16522 24936 3230 24461 20705 19076 24513
is_linear=0
shrinkage=0.04


Tree=75
num_leaves=31
num_cat=0
split_feature=51 5 12 4 21 34 48 47 4 5 29 23 1 51 38 2 0 17 18 5 0 23 7 8 10 29 5 14 0 3
split_gain=8.35884e+06 7.2911e+06 1.13457e+07 8.80929e+06 8.62206e+06 8.39549e+06 7.98107e+06 7.40233e+06 7.11338e+06 6.74399e+06 7.73633e+06 6.7428e+06 6.31904e+06 6.27179e+06 5.4889e+06 5.22853e+06 5.32706e+06 5.09213e+06 4.88533e+06 5.60511e+06 5.83145e+06 5.98868e+06 4.7641e+06 6.03891e+06 1.43858e+07 9.62082e+06 1.11375e+07 1.38996e+07 1.10304e+07 9.07513e+06
threshold=0.14533288776874545 0.06845331192016603 0.06501584500074388 -0.0098793506622314436 4.645616054534913 -0.010430610273033379 -0.156102180480957 -0.042023204267024987 -0.095306396484374986 0.22804117202758792 1.3663778901100161 -0.18081793189048764 -0.016602277755737301 -0.0057464963756501666 2.1895881891250615 0.067496538162231459 0.0035846233367919926 0.02592300716787577 0.10545009002089502 0.60981869697570812 0.015775799751281742 -0.030404597520828244 -0.71614858508110035 -0.11272749304771422 -0.52452212572097767 0.72170808911323558 -0.51897740364074696 0.28493121266365057 -0.033275365829467766 0.010850906372070314
decision_type=10 8 10 8 8 8 8 8 8 8 8 8 10 10 10 8 10 2 2 10 10 10 10 10 10 10 10 10 10 8
left_child=1 6 4 -4 5 -3 13 -6 9 -9 -11 -5 -10 -1 22 17 -17 -14 19 20 -2 -22 -8 24 25 28 -27 -28 -24 -25
right_child=18 2 3 11 7 -7 14 8 12 10 -12 -13 15 -15 -16 16 -18 -19 -20 -21 21 -23 23 29 -26 26 27 -29 -30 -31
leaf_value=2.725077076583486 0.46003105234428504 -1.8856183979515297 -4.911312477429008 2.1027589372182338 -1.3619470744877635 1.6834436402004949 -0.9035118103296903 0.063966400439480944 0.60903200908889055 -0.96572728930507279 -4.6536406853392318 -2.0338417032330365 0.28683378916407376 0.031065411298976477 -2.2935833488363202 1.2633862793478305 0.24057678302721985 -0.15395897447517842 1.6199277832335157 -3.7872832745983898 -4.1099686530675203 -0.65173760001422731 -5.470350804204255 -0.32232704962427927 0.71579557448407172 1.4330345067887182 -5.9491429958677875 -0.43583142527225605 -1.0584997876538582 0.12311992150282436
leaf_weight=2849 2414 1172 1125 903 4977 9884 11350 5907 56407 3319 1248 2031 74024 2678 1819 11740 26594 96697 831 1484 1390 1884 1214 181464 40418 4773 810 6810 3525 122619
leaf_count=2849 2414 1172 1125 903 4977 9884 11350 5907 56407 3319 1248 2031 74024 2678 1819 11740 26594 96697 831 1484 1390 1884 1214 181464 40418 4773 810 6810 3525 122619
internal_value=0.0152624 0.0304779 0.179336 -1.91831 0.208562 1.30374 -0.0853871 0.165414 0.193011 -0.828949 -1.98147 -0.757898 0.233363 1.42216 -0.107655 0.131976 0.554066 0.0371728 -1.26907 -1.6056 -1.03075 -2.128 -0.0969337 -0.0715946 0.304104 -0.667015 -0.0803405 -1.02892 -2.19783 -0.142706
internal_weight=684360 676357 296028 4059 291969 11056 380329 280913 275936 10474 4567 2934 265462 5527 374802 209055 38334 170721 8003 7172 5688 3274 372983 361633 57550 17132 12393 7620 4739 304083
internal_count=684360 676357 296028 4059 291969 11056 380329 280913 275936 10474 4567 2934 265462 5527 374802 209055 38334 170721 8003 7172 5688 3274 372983 361633 57550 17132 12393 7620 4739 304083
is_linear=0
shrinkage=0.04


Tree=76
num_leaves=31
num_cat=0
split_feature=29 33 8 13 52 7 35 13 10 32 4 17 22 8 12 14 10 39 52 33 0 4 17 3 32 33 3 0 32 33
split_gain=7.01653e+06 7.0191e+06 8.62993e+06 6.33761e+06 8.91315e+06 1.36461e+07 9.44936e+06 8.38842e+06 8.64686e+06 1.03592e+07 1.00784e+07 7.79883e+06 7.15536e+06 6.59326e+06 1.06432e+07 1.09217e+07 1.00273e+07 9.75074e+06 9.91978e+06 8.44662e+06 7.29362e+06 8.02786e+06 6.44128e+06 7.74054e+06 8.06727e+06 6.95763e+06 9.74279e+06 1.12685e+07 7.8886e+06 6.83799e+06
threshold=15.750433921813967 22.666954040527347 -0.13724505901336667 1.1459846496582033 -0.15146155655384061 -0.24510332942008969 -0.041895909234881394 0.52097743749618541 -0.33731770515441889 0.71786847710609447 -0.24283027648925778 0.065923362970352187 0.3219508975744248 -0.16983544826507566 0.06501584500074388 0.83024585247039806 -0.71715325117111195 -0.14369539171457288 -0.21296317130327222 19.901988029479984 0.030593633651733402 0.093961238861083998 0.041809113696217544 -0.11625647544860838 1.2339914441108706 19.68331336975098 0.0076255798339843759 -0.047368049621582024 0.49545283615589147 20.287021636962894
decision_type=10 8 8 10 8 8 10 8 10 8 10 2 10 10 10 10 8 8 10 10 10 10 2 10 10 10 10 10 8 10
left_child=1 3 -3 4 5 6 -1 -7 9 -9 11 -11 -12 16 19 -16 -5 -18 -19 20 21 -15 -6 24 -24 26 27 -25 -29 -27
right_child=-2 2 -4 13 22 7 -8 8 -10 10 12 -13 -14 14 15 -17 17 18 -20 -21 -22 -23 23 25 -26 29 -28 28 -30 -31
leaf_value=-0.048506285649580344 -2.1089051259895388 -4.8774182249019082 -0.63771908060736848 -1.1347691794660011 0.081492886130324294 2.3716514499016381 3.7171111863760409 -7.0485745046243951 -0.89203928240504338 -2.1217240642662158 -4.4404386174002441 3.1612272539962958 -0.14009950550747852 0.3741449883258357 -5.8595367175662361 -0.8089794668464021 -2.2620281719832191 0.22563105438764278 2.5662189558893709 -0.096808352357867083 -0.46296655670629155 1.36034248903448 -0.42100997904671966 -3.7439876288107521 1.6967674402785613 0.74099347707069096 -0.20558015020668019 1.2032120609845953 -1.1314392941858811 -0.29608185795338632
leaf_weight=5767 2506 808 12721 2908 354448 854 1298 806 8940 988 2669 800 806 40670 833 3681 1040 4449 8307 68437 10175 19556 5248 2442 6354 15056 43586 2549 24512 31309
leaf_count=5767 2506 808 12721 2908 354448 854 1298 806 8940 988 2669 800 806 40670 833 3681 1040 4449 8307 68437 10175 19556 5248 2442 6354 15056 43586 2549 24512 31309
internal_value=-0.000440218 0.00733792 -0.894344 0.0255995 -0.0435042 -0.814006 0.647599 -1.46497 -1.6847 -2.84895 -2.19365 0.246448 -3.44627 0.245102 0.157431 -1.75189 0.996945 1.44678 1.75069 0.21963 0.52721 0.694546 -0.0071011 -0.246696 0.739283 -0.342514 -0.585629 -1.14683 -0.911165 0.0407724
internal_weight=684523 682017 13529 668488 508432 22928 7065 15863 15009 6069 5263 1788 3475 160056 143352 4514 16704 13796 12756 138838 70401 60226 485504 131056 11602 119454 73089 29503 27061 46365
internal_count=684523 682017 13529 668488 508432 22928 7065 15863 15009 6069 5263 1788 3475 160056 143352 4514 16704 13796 12756 138838 70401 60226 485504 131056 11602 119454 73089 29503 27061 46365
is_linear=0
shrinkage=0.04


Tree=77
num_leaves=31
num_cat=0
split_feature=16 43 36 5 3 19 31 48 23 16 13 47 43 5 38 48 48 48 15 12 5 10 31 52 36 9 43 15 10 5
split_gain=6.65956e+06 6.56646e+06 1.14102e+07 5.85562e+06 7.1688e+06 8.68508e+06 7.96935e+06 5.80229e+06 5.73902e+06 5.61589e+06 5.46819e+06 5.25759e+06 6.53184e+06 6.09949e+06 5.69479e+06 5.24033e+06 6.913e+06 7.8664e+06 4.75311e+06 9.92174e+06 4.69214e+06 4.95391e+06 4.63147e+06 4.89449e+06 7.34207e+06 6.1332e+06 8.44932e+06 7.75419e+06 9.98463e+06 5.4969e+06
threshold=0.031074883416295055 1.0000000180025095e-35 -0.29260136187076563 0.92229580879211437 0.12494921684265138 1.5000000000000002 24.795000076293949 0.19775981456041339 -0.34803175926208491 0.0055904777254909286 1.3326694369316103 0.012733631301671268 5.5000000000000009 -0.075558423995971666 0.20802017301321032 0.092677570879459395 0.021521199494600299 -0.042706096544861787 -0.92307448387145985 0.028012653812766079 -0.20863032341003415 -0.18769323825836179 69.274997711181655 -0.056898683309555047 -0.64475858211517323 -0.14332723617553708 57.500000000000007 -0.2588533461093902 -0.3801195621490478 -0.37344264984130854
decision_type=10 2 10 10 10 2 10 8 8 10 10 10 2 10 10 10 10 10 2 8 8 10 10 8 10 10 2 2 10 10
left_child=1 2 9 4 6 -6 11 -2 -9 -1 18 12 13 -3 15 16 17 -14 19 -8 -12 -22 23 24 25 26 -20 28 29 -27
right_child=7 3 -4 -5 5 -7 10 8 -10 -11 20 -13 14 -15 -16 -17 -18 -19 22 -21 21 -23 -24 -25 -26 27 -28 -29 -30 -31
leaf_value=-0.95450189554343801 1.4231086104755055 -3.6800060547107898 2.8436876766026056 -2.0328867782352726 0.33239501167030938 2.1333127136205583 0.35504472040863888 1.7358085236789513 -1.4782092983945514 -3.5067913374013147 1.4938573602052996 0.35583550626481836 -0.30408333351952765 -0.77818848749153591 -1.4123360480194762 1.9534963583289031 -2.3015266915854644 1.8297231235702245 3.8576387410238384 -5.3308758347490688 -0.41229040236084735 0.75335815702888387 0.44318334178872837 0.080067614277678167 0.49135783769396135 -0.45997122430930171 0.056211345746237554 -0.048223151214328776 -0.478764916518783 -2.4130560225694913
leaf_weight=4072 1513 1804 961 2183 40670 4780 1244 963 10468 2085 6951 16268 73788 3230 7302 1686 2642 2862 1206 800 9290 15646 42118 326421 18379 3230 4057 36994 32654 8095
leaf_count=4072 1513 1804 961 2183 40670 4780 1244 963 10468 2085 6951 16268 73788 3230 7302 1686 2642 2862 1206 800 9290 15646 42118 326421 18379 3230 4057 36994 32654 8095
internal_value=0.000347211 0.0176787 -1.18992 0.0306359 0.03747 0.522226 0.00173425 -0.897973 -1.20617 -1.82309 0.0685815 -0.307576 -0.423258 -1.82333 -0.343225 -0.246657 -0.29368 -0.224182 0.0345498 -1.88548 0.575572 0.3191 0.0428839 0.00375987 -0.234321 -0.38902 0.93296 -0.47505 -0.833993 -1.85691
internal_weight=684362 671418 7118 664300 662117 45450 616667 12944 11431 6157 507085 109582 93314 5034 88280 80978 79292 76650 475198 2044 31887 24936 473154 431036 104615 86236 5263 80973 43979 11325
internal_count=684362 671418 7118 664300 662117 45450 616667 12944 11431 6157 507085 109582 93314 5034 88280 80978 79292 76650 475198 2044 31887 24936 473154 431036 104615 86236 5263 80973 43979 11325
is_linear=0
shrinkage=0.04


Tree=78
num_leaves=31
num_cat=0
split_feature=29 38 48 32 32 46 9 11 52 43 4 43 32 36 12 5 4 1 52 32 12 10 11 52 12 36 12 11 52 8
split_gain=6.92068e+06 6.17252e+06 1.2094e+07 9.98726e+06 9.6752e+06 9.37583e+06 7.71142e+06 9.87426e+06 9.02768e+06 8.21106e+06 8.24356e+06 1.08429e+07 8.34325e+06 7.66479e+06 7.58676e+06 7.57674e+06 9.4618e+06 8.52771e+06 8.48692e+06 7.97121e+06 8.08662e+06 7.39151e+06 7.28208e+06 7.0419e+06 6.94879e+06 7.02978e+06 6.29542e+06 6.28292e+06 7.48062e+06 6.4412e+06
threshold=15.750433921813967 0.19054905325174334 0.13362931460142138 1.2932479381561282 1.6767851710319521 -0.014523858670145271 -0.12715971469879148 0.89724600315094005 -0.11168925464153288 8.5000000000000018 -0.0029604434967041011 56.500000000000007 1.9595401883125307 -0.6314847171306609 0.035747520625591285 0.097435712814331069 -0.1276130676269531 -0.035365343093872063 0.26137563586235052 0.88381263613700878 0.041742512956261642 -0.19945403933525083 1.3519297838211062 -0.31614080071449274 0.073001541197299971 -0.84916532039642323 0.019640922546386722 1.609109163284302 -0.15146155655384061 -0.17679315805435178
decision_type=10 10 10 8 8 10 8 10 8 2 10 2 10 10 10 8 10 10 8 10 10 10 10 10 10 8 10 8 10 8
left_child=1 2 4 5 15 26 7 23 9 -8 11 -11 14 -5 -13 18 19 -18 27 -17 -21 -4 -19 -6 25 -10 -3 29 -29 -1
right_child=-2 3 21 13 6 -7 8 -9 24 10 -12 12 -14 -15 -16 16 17 22 -20 20 -22 -23 -24 -25 -26 -27 -28 28 -30 -31
leaf_value=0.71899446441928505 -2.1178224810189672 -0.66557999217440222 3.3732427292449989 -0.55719336899358984 -2.6711123713150102 -0.23407244738729222 -5.0230438478940425 5.0742332763008653 -1.7721209993327651 -0.029839926598446222 1.7933077914175732 -2.9091450031689372 -4.648982307618077 0.63108356934887266 1.4246878864179242 -4.3585736245926556 1.1156037566702355 0.41241732897739647 -3.7945395989692621 1.1295615035410402 -2.8893684280077618 0.8105841437107264 -0.23198348476888547 1.1593846503968124 -3.2252334514321115 -0.1131176675073301 -2.026037095123058 -3.8237365711320979 -0.56857064596337015 -0.032581347026263585
leaf_weight=19714 2465 15513 2054 12277 968 75075 979 824 4412 3845 1277 1822 2262 29626 991 1153 20695 110573 945 1961 1340 14235 37591 3566 1264 53913 8387 1252 10825 243288
leaf_count=19714 2465 15513 2054 12277 968 75075 979 824 4412 3845 1277 1822 2262 29626 991 1153 20695 110573 945 1961 1340 14235 37591 3566 1264 53913 8387 1252 10825 243288
internal_value=-0.00646962 0.00118549 0.0625231 -0.234677 0.0292373 -0.453804 -0.387745 1.07405 -0.498561 -1.54128 -1.20241 -1.63281 -2.84482 0.282885 -1.38273 0.099886 0.307165 0.355199 -0.0302692 -1.5106 -0.505673 1.1356 0.24892 0.337503 -0.302772 -0.238895 -1.14364 -0.0172001 -0.908912 0.0237802
internal_weight=685092 682627 541749 140878 525460 98975 76123 5358 70765 11176 10197 8920 5075 41903 2813 449337 173313 168859 276024 4454 3301 16289 148164 4534 59589 58325 23900 275079 12077 263002
internal_count=685092 682627 541749 140878 525460 98975 76123 5358 70765 11176 10197 8920 5075 41903 2813 449337 173313 168859 276024 4454 3301 16289 148164 4534 59589 58325 23900 275079 12077 263002
is_linear=0
shrinkage=0.04


Tree=79
num_leaves=31
num_cat=0
split_feature=16 15 30 3 40 29 43 32 11 21 13 4 23 23 38 51 43 9 9 11 48 9 13 7 32 1 14 31 14 52
split_gain=7.06844e+06 7.2547e+06 6.83564e+06 6.94509e+06 6.19574e+06 6.63105e+06 9.76899e+06 9.09666e+06 9.32551e+06 8.059e+06 7.01222e+06 7.94132e+06 8.18486e+06 6.58694e+06 6.55811e+06 9.38735e+06 1.29097e+07 1.01019e+07 9.57832e+06 9.75964e+06 8.44673e+06 8.02811e+06 7.89004e+06 9.05644e+06 7.60914e+06 6.86692e+06 6.28792e+06 6.2419e+06 6.20582e+06 7.86587e+06
threshold=0.028667148202657703 -0.67354848980903614 2.3225569725036626 -0.057681560516357415 1.0082004070281985 1.1284468770027163 5.5000000000000009 1.9356380701065066 0.11657416820526124 21.141571998596195 0.83317363262176525 0.018577575683593753 -0.16445264220237729 -0.058109700679779046 -0.30664828419685358 0.0043003559112548837 40.500000000000007 0.015904366970062259 -0.1101822257041931 0.06668949127197267 -0.013429795391857622 -0.053872942924499505 0.94954547286033641 0.46553927659988409 1.3766102194786074 -0.0062301158905029288 0.56589385867118847 38.555000305175788 0.94833147525787365 -0.27359706163406367
decision_type=8 2 8 8 10 10 2 8 8 10 8 8 10 8 10 8 2 10 8 10 10 10 10 10 10 10 10 10 8 10
left_child=2 -2 4 -4 5 6 13 10 -9 -10 -7 -12 -13 -1 15 16 18 20 -8 -20 22 24 23 25 -16 28 -24 -23 29 -18
right_child=1 -3 3 -5 -6 7 14 8 9 -11 11 12 -14 -15 21 -17 17 -19 19 -21 -22 27 26 -25 -26 -27 -28 -29 -30 -31
leaf_value=-2.0625113643567814 -2.2932873556362323 -0.34264576335488811 -4.5883475820018793 -0.50721537295118002 0.557806358848144 -0.5049313724873854 3.7129803464261157 -3.6116963361385723 1.1591343490668049 -1.1372014991604986 -0.2982239029524334 2.0617312627007562 0.13018517769912896 0.221895898623199 0.070443065187309917 -0.10885521789618724 2.8213580777633958 0.9449766122710781 -0.43640006719891505 1.113468574146065 1.6921455440107023 -0.81910998782758759 0.91367221744764959 1.7256698956505456 2.8976717391071651 0.094023598926334495 -0.18108087910669213 -0.029456022893319164 -3.9121637290535554 -0.90718583614588089
leaf_weight=5474 4169 11315 1014 1923 30785 55820 1941 1979 3001 13032 91333 3590 140711 3194 3909 81215 925 22289 7822 38340 4440 24686 17244 2990 2486 17492 16343 45573 1046 28934
leaf_count=5474 4169 11315 1014 1923 30785 55820 1941 1979 3001 13032 91333 3590 140711 3194 3909 81215 925 22289 7822 38340 4440 24686 17244 2990 2486 17492 16343 45573 1046 28934
internal_value=-0.0243478 -0.868989 -0.00480143 -1.92702 0.00369659 -0.023141 0.102651 -0.155792 -1.0279 -0.706927 -0.101862 -0.00635978 0.178379 -1.22146 0.138817 0.241309 0.419262 0.183301 0.96705 0.850811 -0.00665279 -0.183434 -0.0956058 -0.407188 1.17231 -0.539287 0.381084 -0.306984 -0.89765 -0.790774
internal_weight=685015 15484 669531 2937 666594 635809 326343 309466 18012 16033 291454 235634 144301 8668 317675 241021 159806 111703 48103 46162 89414 76654 84974 51387 6395 48397 33587 70259 30905 29859
internal_count=685015 15484 669531 2937 666594 635809 326343 309466 18012 16033 291454 235634 144301 8668 317675 241021 159806 111703 48103 46162 89414 76654 84974 51387 6395 48397 33587 70259 30905 29859
is_linear=0
shrinkage=0.04


Tree=80
num_leaves=31
num_cat=0
split_feature=29 19 17 13 12 17 23 4 15 35 49 4 16 29 9 31 11 23 7 14 9 10 12 14 11 15 51 14 12 0
split_gain=6.61869e+06 5.95706e+06 1.01984e+07 9.32752e+06 8.87832e+06 8.15355e+06 8.05976e+06 7.52872e+06 6.13686e+06 5.7135e+06 9.9592e+06 5.48652e+06 5.37073e+06 7.12875e+06 5.86495e+06 5.98139e+06 5.35328e+06 8.73477e+06 8.23134e+06 8.06678e+06 6.35813e+06 6.20433e+06 5.70761e+06 6.17515e+06 7.25344e+06 6.64896e+06 5.52214e+06 5.84518e+06 6.31506e+06 6.06217e+06
threshold=15.750433921813967 2.5000000000000004 0.010995622724294664 0.93985280394554149 0.048357717692852027 0.040494689717888839 -0.2122465372085571 -0.061826229095458977 -0.92307448387145985 0.048353450372815139 -0.059234401211142533 0.16033625602722171 -0.016831506974995133 0.80277141928672802 -0.12715971469879148 34.48500061035157 1.1873097419738772 -0.045131355524063103 1.2071516513824465 0.82633152604103099 0.11973762512207033 -0.078549563884735094 0.035429839044809348 0.98976975679397594 0.0072334408760070809 -0.13081923872232434 -0.011969845741987227 0.922304928302765 0.068150650709867491 0.048258304595947273
decision_type=10 2 2 10 10 2 8 10 2 10 8 10 10 10 8 10 10 8 8 10 10 10 8 10 8 2 8 8 10 10
left_child=1 5 -3 4 12 -1 7 -5 -7 10 -10 -8 13 -4 -14 -16 22 18 19 -18 -21 -20 -12 24 -24 -25 -26 28 29 -28
right_child=-2 2 3 6 -6 8 11 -9 9 -11 16 -13 14 -15 15 -17 17 -19 21 20 -22 -23 23 25 26 -27 27 -29 -30 -31
leaf_value=0.084968202880598614 -2.0417736392381229 -3.4592093836234823 -4.7702075652684908 1.5171239114001498 -4.1921000256328282 -3.5444470703307163 0.40346049018056335 5.5524212496365513 2.5557178544047687 -1.1413826437904337 -0.25513824752802572 2.3283480328963426 2.405739597133433 -0.11654256587694174 -0.77515242647729254 0.38196869266371841 -1.2802313932873515 0.25376913675620932 -5.1988049500584603 -0.36475488718281462 2.0835544278769764 -1.3682126539780035 -2.533254785388138 -3.8539907903745063 1.0765837597079955 0.37105518653055242 0.33019038857114391 1.1021129481437337 -3.1044325119287963 -1.48883773582533
leaf_weight=402730 2474 1105 837 7067 807 880 34641 819 2119 10091 90760 2534 1733 1394 10315 23217 17307 13987 1190 8681 2099 1574 1297 1153 16029 1219 14000 7194 1144 3697
leaf_count=402730 2474 1105 837 7067 807 880 34641 819 2119 10091 90760 2534 1733 1394 10315 23217 17307 13987 1190 8681 2099 1574 1297 1153 16029 1219 14000 7194 1144 3697
internal_value=0.0192378 0.0267483 0.341139 0.391922 -0.0670059 -0.0177283 0.78195 1.94271 -0.230451 -0.2152 -0.164194 0.53526 0.0228697 -1.87594 0.143494 0.025894 -0.196118 -0.575264 -0.951086 -0.745476 0.113451 -3.03021 -0.071535 0.292813 0.401658 -1.69025 0.492734 0.132999 -0.237423 -0.0504407
internal_weight=684094 681620 84469 83364 38303 597151 45061 7886 194421 193541 183450 37175 37496 2231 35265 33532 181331 44838 30851 28087 10780 2764 136493 45733 43361 2372 42064 26035 18841 17697
internal_count=684094 681620 84469 83364 38303 597151 45061 7886 194421 193541 183450 37175 37496 2231 35265 33532 181331 44838 30851 28087 10780 2764 136493 45733 43361 2372 42064 26035 18841 17697
is_linear=0
shrinkage=0.04


Tree=81
num_leaves=31
num_cat=0
split_feature=41 10 42 13 48 51 38 48 39 19 17 15 33 9 10 12 0 8 33 33 36 32 23 10 29 26 43 17 3 3
split_gain=6.11842e+06 9.02259e+06 7.6591e+06 8.03941e+06 5.78246e+06 7.4334e+06 6.68109e+06 8.32105e+06 7.7039e+06 7.02421e+06 9.55494e+06 8.01989e+06 8.3689e+06 1.01783e+07 1.04987e+07 1.11116e+07 7.49248e+06 7.91772e+06 6.97336e+06 8.52932e+06 6.76854e+06 6.53376e+06 6.35752e+06 6.336e+06 6.61162e+06 5.89954e+06 5.74523e+06 5.7127e+06 6.23372e+06 6.19092e+06
threshold=1.0000000180025095e-35 -0.38901802897453303 1.0000000180025095e-35 1.0205793380737307 -0.156102180480957 1.0000000180025095e-35 0.20802017301321032 0.1165326088666916 0.35070322453975683 3.5000000000000004 0.013791339471936228 -0.61467725038528431 20.488614082336429 0.011197566986083986 -0.33731770515441889 0.053734187036752708 -0.034354925155639641 0.27456164360046392 17.131856918334964 18.528898239135746 -0.33596505224704737 1.6767851710319521 -0.11214956641197203 -0.68812492489814747 0.92918649315834057 1.0000000180025095e-35 2.5000000000000004 0.037159314379096038 -0.10640645027160643 0.02212929725646973
decision_type=2 10 2 10 8 10 10 10 10 2 2 2 10 10 10 10 10 10 8 10 10 8 10 10 10 2 2 2 8 10
left_child=2 -2 4 -4 5 -1 7 8 9 11 -11 12 13 14 18 -16 -15 21 -6 -20 -8 -18 -14 24 -12 -21 -22 -13 -29 -30
right_child=1 -3 3 -5 6 -7 20 -9 -10 10 23 27 22 16 15 -17 17 -19 19 25 26 -23 -24 -25 -26 -27 -28 28 29 -31
leaf_value=2.6101399859693744 -1.4612709280078693 2.1292021088911959 -1.9854450869674098 0.046051745441124128 0.54689231334795096 -0.29786355323971175 -0.41195680747177249 0.88064814527866486 -2.5301676845824219 -3.5892291539857841 -2.5817128549275314 0.22519165776143937 1.5475548755063235 1.5248379247844426 -0.31861392847829639 -4.9709847576748292 0.27033941816691887 -2.6808075830609592 -3.152152831460985 -0.39154633450310061 2.3129948920728305 -1.9101370719977684 -0.055400254078015784 0.90872446631951731 1.3890896383892009 -2.6628923885444937 0.11535231784682518 0.58749294127376095 -0.49046359146320556 0.049303399249982463
leaf_weight=3090 1465 4662 6295 6163 1963 2571 98734 19593 1848 831 1753 221142 5805 4903 32166 833 19380 1872 5912 5437 2019 2470 12400 28791 1075 2751 30753 19095 59719 78919
leaf_count=3090 1465 4662 6295 6163 1963 2571 98734 19593 1848 831 1753 221142 5805 4903 32166 833 19380 1872 5912 5437 2019 2470 12400 28791 1075 2751 30753 19095 59719 78919
internal_value=0.0123978 1.26972 0.00102173 -0.981228 0.0194147 1.29124 0.00848918 0.0719562 0.0408144 0.0502313 0.619508 0.0113094 -0.315455 -0.496342 -0.846008 -0.437525 0.103055 -0.191326 -1.68438 -1.99518 -0.246636 0.0230897 0.456301 0.731221 -1.07273 -1.15699 0.251408 0.0940185 -0.0898891 -0.183222
internal_weight=684410 6127 678283 12458 665825 5661 660164 528658 509065 507217 32450 474767 95892 77687 49062 32999 28625 23722 16063 14100 131506 21850 18205 31619 2828 8188 32772 378875 157733 138638
internal_count=684410 6127 678283 12458 665825 5661 660164 528658 509065 507217 32450 474767 95892 77687 49062 32999 28625 23722 16063 14100 131506 21850 18205 31619 2828 8188 32772 378875 157733 138638
is_linear=0
shrinkage=0.04


Tree=82
num_leaves=31
num_cat=0
split_feature=33 8 50 48 10 8 33 11 2 1 5 9 37 52 10 6 33 13 51 9 9 14 51 14 5 13 9 10 2 6
split_gain=5.85305e+06 9.56765e+06 7.68649e+06 6.49201e+06 6.42021e+06 7.62689e+06 1.17919e+07 7.76769e+06 7.63487e+06 6.73101e+06 6.66152e+06 9.24106e+06 7.71819e+06 6.53874e+06 6.49975e+06 8.48716e+06 1.08981e+07 9.71002e+06 6.41824e+06 5.737e+06 5.47388e+06 5.43305e+06 5.2597e+06 8.90286e+06 8.436e+06 8.8638e+06 7.68208e+06 7.1188e+06 7.09863e+06 6.6775e+06
threshold=22.666954040527347 -0.13314104080200193 0.0012366464361548426 -0.156102180480957 -0.074803769588470445 -0.16983544826507566 18.896656990051273 0.028983235359191898 -0.098119020462036119 -0.004886150360107421 0.3756625652313233 0.10251021385192872 -0.1488600671291351 -0.11168925464153288 -0.52452212572097767 -0.4920822381973266 20.256242752075199 0.98578825592994701 -0.029890574514865872 -0.12050005793571471 -0.12050005793571471 0.83024585247039806 -0.0021145367063581939 0.7296607792377473 0.21404051780700686 1.0330290794372561 0.031351029872894294 -0.22013133764266965 0.012356758117675783 -0.62237858772277821
decision_type=8 8 8 8 8 8 10 10 10 10 10 10 8 8 10 8 10 10 10 10 10 10 10 8 10 10 10 10 10 10
left_child=3 -2 -3 19 5 6 9 -7 13 -5 11 -6 -12 -9 20 -16 -17 -18 -4 -1 -8 -13 23 26 25 28 -10 -28 -25 -27
right_child=1 2 18 4 10 7 14 8 22 -11 12 21 -14 -15 15 16 17 -19 -20 -21 -22 -23 -24 24 -26 29 27 -29 -30 -31
leaf_value=-1.2552450129064958 -4.9606824209902971 0.62496958449169271 1.5326915053439185 -0.90457721208987762 0.1925749804226575 -0.86451321019221528 -0.65043074510058052 -0.64442267548083909 0.089508624780043317 1.0156119502272711 -4.057108435850032 0.66845145268282113 -0.26531525249331167 1.2133616430916325 5.7871011702469728 3.0889110495876948 -3.5412368073272757 1.1714358606927133 -1.8499381998433109 2.0521979140928921 1.6268712153539986 2.288038503566757 -0.27129545251801712 -1.7583963126844293 0.5602248096697845 -2.3888085511526804 1.9758569065497944 0.12483490923265034 0.47532778370388623 0.0045116504897673724
leaf_weight=1036 830 5216 1036 9496 166251 21447 3797 4001 136293 4207 877 9300 27212 12428 848 3961 884 3206 6394 4279 3026 5150 188085 14094 10855 2029 6981 6341 2710 21886
leaf_count=1036 830 5216 1036 9496 166251 21447 3797 4001 136293 4207 877 9300 27212 12428 848 3961 884 3206 6394 4279 3026 5150 188085 14094 10855 2029 6981 6341 2710 21886
internal_value=-0.00132763 -0.82639 -0.551337 0.0152624 0.00412922 -0.0798947 0.542884 -0.122808 -0.0835779 -0.314743 0.187865 0.276946 -0.385105 0.760813 1.2901 2.00167 1.59627 0.1467 -1.37686 1.40636 0.360455 1.24686 -0.119233 0.0229308 -0.430224 -0.694334 0.179157 1.09556 -1.39809 -0.199456
internal_weight=684156 13476 12646 670680 665365 456575 29425 427150 405703 13703 208790 180701 28089 16429 15722 8899 8051 4090 7430 5315 6823 14450 389274 201189 51574 40719 149615 13322 16804 23915
internal_count=684156 13476 12646 670680 665365 456575 29425 427150 405703 13703 208790 180701 28089 16429 15722 8899 8051 4090 7430 5315 6823 14450 389274 201189 51574 40719 149615 13322 16804 23915
is_linear=0
shrinkage=0.04


Tree=83
num_leaves=31
num_cat=0
split_feature=33 6 12 12 8 4 10 13 33 33 8 47 14 52 36 12 7 8 4 7 11 7 13 12 14 33 21 34 32 6
split_gain=6.56612e+06 6.65358e+06 8.31915e+06 6.22332e+06 1.38668e+07 1.10795e+07 8.49208e+06 8.29819e+06 8.12041e+06 7.95965e+06 8.34253e+06 7.06467e+06 6.73128e+06 7.66892e+06 7.42239e+06 1.00978e+07 8.2983e+06 7.40147e+06 7.06159e+06 6.85281e+06 6.62178e+06 1.14274e+07 6.4843e+06 6.32461e+06 6.28988e+06 7.68239e+06 6.11709e+06 8.89366e+06 6.94817e+06 1.21136e+07
threshold=22.791291236877445 0.4459292888641358 0.017665868625044826 0.06501584500074388 -0.14665329456329343 -0.011795163154602049 -0.71715325117111195 1.1459846496582033 19.483299255371097 20.006549835205082 -0.18516311049461362 -0.049524923786520951 0.71813344955444347 -0.27359706163406367 -0.8302558660507201 0.032681167125701911 0.1978331804275513 -0.25069844722747797 -0.13442015647888181 -0.27782642841339106 0.98960423469543468 -0.048140674829483025 0.94224283099174511 0.029917018488049511 0.8724660873413087 19.792547225952152 57.658292770385749 -0.039440346881747239 1.4861579537391665 -0.087842941284179674
decision_type=8 10 8 10 8 10 10 8 10 10 8 8 10 8 10 10 10 10 8 8 10 10 10 10 10 10 10 8 10 8
left_child=3 2 -2 7 6 8 -5 12 -6 -9 11 -11 13 -1 15 16 18 -17 23 -16 -19 22 -22 -14 -23 -26 27 -20 -29 -30
right_child=1 -3 -4 4 5 -7 -8 9 -10 10 -12 -13 14 -15 19 17 -18 20 26 -21 21 24 -24 -25 25 -27 -28 28 29 -31
leaf_value=2.8373619878215273 -0.24678479039618084 1.0179525783473511 -2.7455162102400301 -1.3558989549969243 -6.4016015729333535 -0.96218720617997844 1.535861288591293 0.54350096596568331 -1.4437070081049346 -0.67575280931867598 -0.12388082933066409 3.1561671642742208 1.6052305461961021 0.020059165062360815 2.3091327077147628 -2.439938420214272 -0.12592027816495471 0.56591346859453462 1.2658887683043465 -9.6079726275309735e-05 -5.6073033039397506 -0.9468678569380069 -1.2621477551931621 -2.3083256841356765 1.4750518523039922 -1.3136471879300107 -0.92443735466319743 -1.7216951388099428 -5.9188084538695103 -1.9926511093547379
leaf_weight=1542 4318 2122 4205 2641 1339 4232 4189 87344 881 1147 67841 2312 1981 394682 2182 2067 9994 17601 979 33177 986 7730 1243 979 5454 2215 7850 5537 2300 2794
leaf_count=1542 4318 2122 4205 2641 1339 4232 4189 87344 881 1147 67841 2312 1981 394682 2182 2067 9994 17601 979 33177 986 7730 1243 979 5454 2215 7850 5537 2300 2794
internal_value=0.00255559 -0.982652 -1.48136 0.0181481 -0.838783 -2.16708 0.417338 0.0354073 -4.44937 0.287533 -0.0260646 1.88722 -0.044387 0.0310947 -0.329011 -0.568425 -1.08472 -0.119545 -1.51186 0.143019 0.0172541 -0.530575 -3.20069 0.307434 -0.142251 0.668944 -1.78861 -2.37161 -2.70746 -3.77348
internal_weight=683864 10645 8523 673219 13282 6452 6830 659937 2220 158644 71300 3459 501293 396224 105069 69710 32414 37296 22420 35359 35229 17628 2229 2960 15399 7669 19460 11610 10631 5094
internal_count=683864 10645 8523 673219 13282 6452 6830 659937 2220 158644 71300 3459 501293 396224 105069 69710 32414 37296 22420 35359 35229 17628 2229 2960 15399 7669 19460 11610 10631 5094
is_linear=0
shrinkage=0.04


Tree=84
num_leaves=31
num_cat=0
split_feature=36 38 49 48 6 50 38 52 33 5 51 11 3 23 6 7 6 51 7 10 51 33 36 12 6 51 6 0 3 10
split_gain=6.06815e+06 1.02308e+07 1.35351e+07 8.5986e+06 1.02611e+07 7.14056e+06 7.0459e+06 6.59785e+06 1.09651e+07 1.05817e+07 9.86116e+06 8.28529e+06 1.45002e+07 7.325e+06 6.95647e+06 6.86381e+06 9.27371e+06 8.50128e+06 6.48723e+06 8.70978e+06 6.69263e+06 6.09674e+06 7.64981e+06 5.73681e+06 8.47287e+06 5.52248e+06 5.57817e+06 5.42845e+06 9.78368e+06 6.82552e+06
threshold=-0.55885484814643849 -0.57242891192436207 0.045493707060813911 -0.052569014951586716 -0.042012453079223626 -0.079092457890510545 1.8231466412544253 -0.11680394783616065 20.473588943481449 -0.28175759315490717 0.006627783179283143 0.028983235359191898 -0.12019443511962889 -0.10022944211959837 -0.14371275901794431 0.12588757276535037 -0.52823901176452626 -0.085772205144166933 -0.12284660339355467 -0.68812492489814747 -0.028820979408919808 21.664118766784672 -0.82096782326698292 0.06501584500074388 0.86736321449279796 -0.031578510999679558 0.16408360004425052 -0.010903000831604002 0.16189861297607425 -0.026566267013549801
decision_type=8 10 8 8 10 8 10 10 10 8 10 8 10 8 8 8 8 10 10 8 10 8 10 10 8 10 8 10 8 8
left_child=1 5 3 -3 6 -1 -5 8 9 -2 11 -9 25 15 -15 16 -11 -17 19 -10 -21 -4 -23 27 -25 -13 -27 28 -12 -29
right_child=7 2 21 4 -6 -7 -8 10 18 13 23 12 -14 14 -16 17 -18 -19 -20 20 -22 22 -24 24 -26 26 -28 29 -30 -31
leaf_value=1.4181180642769078 0.32713094695990819 0.87609927359046424 -1.2173433897666166 -1.0235392817862188 -0.12360710957675736 0.042001904246277172 -4.3669958325384934 -0.70061480733090464 -1.8134837326876605 -2.9845910003025597 0.17603147612801148 2.277921058823015 0.27066457801078458 3.3359145311480867 -0.36790011477243256 0.10584275227348823 -0.42270639478252847 -2.9753867883725325 -0.29844890883638492 3.9266404338052459 0.85244812684503046 -6.4993894065091062 -1.8291757142240332 -0.41211243149406301 -4.4372073575323574 2.0507853891672396 -0.87026716525733971 -0.30922180935545135 2.358139432271817 0.2332863023542065
leaf_weight=6813 13417 9283 11736 17935 51088 52120 1060 12832 892 2715 36934 8198 232566 934 5765 1848 13299 6355 4245 2424 2133 833 1716 2959 1158 1948 2237 121386 3599 53432
leaf_count=6813 13417 9283 11736 17935 51088 52120 1060 12832 892 2715 36934 8198 232566 934 5765 1848 13299 6355 4245 2424 2133 833 1716 2959 1158 1948 2237 121386 3599 53432
internal_value=0.0107582 -0.21157 -0.471377 -0.267267 -0.418817 0.201303 -1.21232 0.0746142 -0.344302 -0.610776 0.122044 0.289808 0.341719 -1.01778 0.152702 -1.3415 -0.858638 -2.28195 0.87372 1.78576 2.49272 -1.60441 -3.37481 -0.0750116 -1.55227 1.67491 0.491048 -0.0466991 0.370319 -0.143404
internal_weight=683860 152584 93651 79366 70083 58933 18995 531276 54027 44333 477249 257781 244949 30916 6699 24217 16014 8203 9694 5449 4557 14285 2549 219468 4117 12383 4185 215351 40533 174818
internal_count=683860 152584 93651 79366 70083 58933 18995 531276 54027 44333 477249 257781 244949 30916 6699 24217 16014 8203 9694 5449 4557 14285 2549 219468 4117 12383 4185 215351 40533 174818
is_linear=0
shrinkage=0.04


Tree=85
num_leaves=31
num_cat=0
split_feature=48 39 52 13 14 11 52 6 23 7 13 21 47 36 14 13 10 6 33 31 33 47 7 0 11 9 21 52 32 33
split_gain=5.98621e+06 5.79971e+06 6.59394e+06 5.14002e+06 8.30032e+06 1.02074e+07 8.09548e+06 7.66936e+06 7.4714e+06 6.5195e+06 7.79991e+06 6.14581e+06 9.06023e+06 9.66155e+06 1.10796e+07 6.04999e+06 8.50953e+06 6.39713e+06 1.186e+07 6.68312e+06 6.33923e+06 5.96438e+06 9.82623e+06 7.57188e+06 1.01253e+07 7.00128e+06 8.13647e+06 5.60074e+06 5.54475e+06 5.77748e+06
threshold=-0.156102180480957 -0.15320143103599546 -0.087383087724447236 0.80198907852172863 0.71460893750190746 0.15450054407119754 -0.2469137832522392 1.1519308090209963 -0.12521809339523313 inf 1.1043184995651247 63.740346908569343 0.014895907603204252 -0.72931852936744679 0.91496315598487865 1.1183072924613955 -0.41905474662780756 1.7494645118713381 18.840466499328617 17.394999504089359 18.784564971923832 -0.0043792792130261651 -0.18265765905380246 0.025254487991333011 0.054577112197875984 0.10555905103683473 67.747005462646499 0.1459668576717377 2.0733857154846196 20.768790245056156
decision_type=8 8 10 10 10 10 8 8 10 8 10 10 8 8 10 10 8 8 10 8 10 8 10 10 10 10 10 10 10 10
left_child=1 -1 -3 4 6 8 -2 9 -6 21 -11 12 -7 -14 -15 16 -9 19 -19 -17 -21 22 -5 24 28 -26 -27 -24 29 -23
right_child=3 2 -4 7 5 11 -8 15 -10 10 -12 -13 13 14 -16 17 -18 18 -20 20 -22 23 27 -25 25 26 -28 -29 -30 -31
leaf_value=-1.2988145615533997 3.2456941789311653 4.1985795979722393 0.92141252107114835 1.1861075297168393 -0.67264525549036924 1.1708398342012358 -0.10806820396924803 -4.5937970820277814 2.3696994745845457 -4.1064957474883954 0.92934437678545634 -0.47703084903093085 -6.456521263888531 -1.4110484403854668 -5.7359512280016638 -4.0876990371627464 -0.75923718590046163 2.1233880722752483 -0.7890514126395769 -2.0976494281691149 1.1473407434763518 -0.60086819272328984 -0.31709139872240288 -0.25024248126848103 0.26513909949108849 2.0572964811222083 0.35940254317396281 -2.7888776296612803 -3.0610787951354905 1.0412068964975529
leaf_weight=1103 1151 1404 3245 7162 3132 1180 142174 962 2184 1246 804 6252 902 6159 1113 917 19812 4809 4168 1734 2142 23003 62831 56837 302413 7716 10881 1492 1260 4019
leaf_count=1103 1151 1404 3245 7162 3132 1180 142174 962 2184 1246 804 6252 902 6159 1113 917 19812 4809 4168 1734 2142 23003 62831 56837 302413 7716 10881 1492 1260 4019
internal_value=0.0161213 1.29997 1.91801 0.00521773 -0.189582 -0.933632 -0.0809106 0.0674425 0.57936 0.108902 -2.13654 -1.44906 -2.09753 -2.57021 -2.07995 -0.508113 -0.938932 0.142049 0.771776 -1.03654 -0.306028 0.118584 -0.218316 0.177888 0.247559 0.311486 1.0646 -0.37485 -0.477885 -0.356346
internal_weight=684207 5752 4649 678455 164247 20922 143325 514208 5316 479664 2050 15606 9354 8174 7272 34544 20774 13770 8977 4793 3876 477614 71485 406129 349292 321010 18597 64323 28282 27022
internal_count=684207 5752 4649 678455 164247 20922 143325 514208 5316 479664 2050 15606 9354 8174 7272 34544 20774 13770 8977 4793 3876 477614 71485 406129 349292 321010 18597 64323 28282 27022
is_linear=0
shrinkage=0.04


Tree=86
num_leaves=31
num_cat=0
split_feature=5 33 15 31 33 36 38 33 32 36 52 5 43 36 15 19 6 50 9 32 51 52 1 21 5 3 12 14 30 30
split_gain=6.53416e+06 8.16919e+06 6.51856e+06 5.96471e+06 7.09036e+06 8.25244e+06 9.86556e+06 9.15332e+06 7.25387e+06 8.27452e+06 7.20929e+06 8.80449e+06 9.42589e+06 8.77281e+06 8.1515e+06 7.93319e+06 7.12956e+06 7.45128e+06 6.81429e+06 6.62147e+06 6.37526e+06 6.0284e+06 5.81204e+06 5.70866e+06 6.41137e+06 8.42825e+06 6.23838e+06 8.7393e+06 7.87666e+06 5.69653e+06
threshold=0.92229580879211437 19.009734153747562 -0.87499991059303273 52.055000305175788 22.666954040527347 -0.58480674028396595 -0.60569593310356129 21.885466575622562 2.0405899286270146 -0.92811295390129078 -0.081227470189332948 -0.30276584625244135 9.5000000000000018 -1.1135290265083311 -0.49350702762603754 3.5000000000000004 0.4459292888641358 -0.091238137334585176 -0.088256597518920885 1.1182520985603335 -0.027212856337428089 -0.17475711554288861 -0.01047086715698242 4.3291754722595224 -0.012534379959106444 -0.097898483276367174 0.06501584500074388 0.79898202419281017 1.1381229758262636 1.3788036704063418
decision_type=10 10 2 10 10 10 10 8 10 10 8 8 2 10 2 2 10 10 10 8 10 10 8 10 8 10 10 10 8 8
left_child=2 -2 29 4 5 6 7 10 -8 -10 11 12 -4 14 15 21 17 -6 -15 -14 -5 -13 -9 24 -12 -26 -25 -28 -29 -1
right_child=1 -3 3 20 16 -7 8 22 9 -11 23 13 19 18 -16 -17 -18 -19 -20 -21 -22 -23 -24 26 25 -27 27 28 -30 -31
leaf_value=-0.70926406948623988 -5.0643641441002556 -0.29370167867098657 -3.5416311289531461 0.58304953588493569 -4.6086493510586379 0.25784169280404023 -0.51994503775757894 3.2698154367301751 -5.9684997535358777 -1.1943580145076567 -0.10321013383457789 -3.7148084807588004 -0.50094484831765518 3.6570611529399577 -0.50695733812778909 0.42158925454456431 0.63467735397681024 -1.2127014474570752 0.061096215070941734 1.3460219644457316 0.046139987643049087 -1.6129796772081146 0.50943883344401808 -0.0027093283596473679 4.5927233603882467 0.93863101301655716 -5.0851884636251699 -1.618088513019585 2.3241310059957225 -3.6891203414723894
leaf_weight=6823 914 1521 904 46328 1350 97939 59568 2035 815 1987 4819 2783 4943 1054 25344 2432 2247 4362 4064 8326 149704 10199 3038 229870 1377 3743 849 3374 1057 1200
leaf_count=6823 914 1521 904 46328 1350 97939 59568 2035 815 1987 4819 2783 4943 1054 25344 2432 2247 4362 4064 8326 149704 10199 3038 229870 1377 3743 849 3374 1057 1200
internal_value=-0.0336644 -2.0978 -0.0262697 -0.0127795 -0.0889157 -0.0688754 -0.154763 -0.0624614 -0.613761 -2.59927 -0.0905016 -0.483258 0.387944 -0.752435 -0.948446 -1.67355 -1.27208 -2.02197 0.807336 0.658126 0.17305 -2.06607 1.621 0.00574309 0.944254 1.92842 -0.0339631 -1.39205 -0.67457 -1.159
internal_weight=684969 2435 682534 674511 478479 470520 372581 310211 62370 2802 305138 60049 14173 45876 40758 15414 7959 5712 5118 13269 196032 12982 5073 245089 9939 5120 235150 5280 4431 8023
internal_count=684969 2435 682534 674511 478479 470520 372581 310211 62370 2802 305138 60049 14173 45876 40758 15414 7959 5712 5118 13269 196032 12982 5073 245089 9939 5120 235150 5280 4431 8023
is_linear=0
shrinkage=0.04


Tree=87
num_leaves=31
num_cat=0
split_feature=41 42 48 34 7 11 29 13 43 31 22 51 29 9 33 1 43 52 52 29 5 52 5 11 51 5 43 13 33 11
split_gain=6.25474e+06 7.3518e+06 9.80745e+06 7.09144e+06 7.00701e+06 6.35559e+06 6.05773e+06 5.91674e+06 5.56447e+06 5.48604e+06 6.98753e+06 9.63886e+06 6.70338e+06 1.11795e+07 1.30327e+07 1.06928e+07 9.42509e+06 9.29396e+06 7.2529e+06 7.2318e+06 6.85535e+06 8.31315e+06 6.82889e+06 6.29878e+06 6.24829e+06 6.04927e+06 5.72235e+06 5.96708e+06 5.56596e+06 7.72429e+06
threshold=1.0000000180025095e-35 1.0000000180025095e-35 0.092677570879459395 0.051739702001214034 -0.072578340768814073 0.52448648214340221 1.0564052462577822 1.0154973864555361 35.500000000000007 61.585000991821296 1.0000000180025095e-35 -0.027725785970687863 1.1387988924980166 0.020739495754241947 19.086501121521 -0.064799308776855455 5.5000000000000009 0.096484903246164336 -0.10472817718982695 3.7093299627304082 -0.24718058109283444 -0.2273459583520889 0.60981869697570812 0.057503819465637214 0.11325988546013833 0.050360918045043952 9.5000000000000018 0.83317363262176525 17.9932975769043 1.1677153110504153
decision_type=2 2 8 8 10 10 10 10 2 10 10 10 8 8 10 8 2 10 10 10 8 8 8 8 10 8 2 8 10 10
left_child=1 9 5 7 6 -3 -2 8 -4 12 -11 -12 16 14 17 22 18 28 -1 20 23 -22 -15 -16 -18 -23 -17 -28 29 -14
right_child=4 2 3 -5 -6 -7 -8 -9 -10 10 11 -13 13 15 19 26 24 -19 -20 -21 21 25 -24 -25 -26 -27 27 -29 -30 -31
leaf_value=-4.3430919323370549 -3.313912799729454 -0.60450017569827386 -0.099714820619894701 -2.893277288075824 2.1928921062521871 2.7103550100092337 1.1725828585719567 0.87330721866973582 -4.0890566729550049 -3.1862330562838497 1.0285022993968225 0.094502057658193167 -0.15062282843242564 3.6568297126943259 -0.17555779956424861 0.67526614432801613 0.14211634599578243 1.0329987362505828 -0.78641298557817596 -2.2319393059891981 -4.1151169197780515 -0.51869548305492974 -0.55984948686268776 2.0475851824920337 -2.9537315829526616 0.21394334060923906 -0.63377186583344924 0.038526107132172818 -1.6991688963847806 -3.0602522060095296
leaf_weight=1043 816 2342 1147 4216 4180 1517 1146 2193 1083 913 22982 76512 9535 2086 3983 17501 280607 2935 7186 2719 874 43203 866 4165 1037 30937 26286 107373 21042 1714
leaf_count=1043 816 2342 1147 4216 4180 1517 1146 2193 1083 913 22982 76512 9535 2086 3983 17501 280607 2935 7186 2719 874 43203 866 4165 1037 30937 26286 107373 21042 1714
internal_value=-0.00075671 -0.0122774 -0.973047 -1.72133 1.26893 0.70223 -0.700703 -0.600229 -2.04675 0.00578015 0.278219 0.310327 -0.0426316 -0.184016 -0.471584 0.0419814 0.0916073 -1.11937 -1.24194 -0.205779 -0.139273 -0.259 2.42211 0.96196 0.130613 -0.212994 -0.00465721 -0.0937287 -1.31527 -0.596285
internal_weight=684139 677997 12498 8639 6142 3859 1962 4423 2230 665499 100407 99494 565092 275219 121107 154112 289873 35226 8229 85881 83162 75014 2952 8148 281644 74140 151160 133659 32291 11249
internal_count=684139 677997 12498 8639 6142 3859 1962 4423 2230 665499 100407 99494 565092 275219 121107 154112 289873 35226 8229 85881 83162 75014 2952 8148 281644 74140 151160 133659 32291 11249
is_linear=0
shrinkage=0.04


Tree=88
num_leaves=31
num_cat=0
split_feature=16 31 36 34 49 9 11 4 14 14 6 50 47 48 14 32 14 52 11 19 52 0 9 33 8 39 49 52 47 15
split_gain=6.68349e+06 7.06197e+06 6.54571e+06 5.37188e+06 6.62613e+06 5.33269e+06 8.02117e+06 5.52184e+06 5.20049e+06 5.17187e+06 6.46804e+06 6.06093e+06 5.09969e+06 5.20692e+06 4.92948e+06 4.79078e+06 4.70734e+06 5.88612e+06 4.67542e+06 4.63173e+06 4.89767e+06 4.62633e+06 4.57036e+06 4.55021e+06 4.53734e+06 4.51994e+06 4.23735e+06 7.77963e+06 4.19456e+06 4.1898e+06
threshold=0.028667148202657703 17.394999504089359 -0.8302558660507201 0.12769491970539096 -0.049505030736327164 0.064046919345855727 1.4357088804244997 0.20001792907714847 0.89182224869728099 0.99466660618782055 0.1791338920593262 -0.017869813367724415 -0.0023768859682604666 0.017366599291563038 0.922304928302765 1.4191520810127261 0.29296146333217626 0.0667557828128338 0.18675756454467776 2.5000000000000004 -0.028210396878421303 0.025254487991333011 0.0091440677642822283 20.397322654724125 -0.13314104080200193 0.0020561523269861941 -0.016081538051366803 -0.084208019077777849 -0.0043792792130261651 0.91905689239501964
decision_type=8 10 10 10 8 10 10 10 8 8 8 10 8 10 8 8 10 10 10 2 8 10 10 10 8 10 10 10 10 2
left_child=1 2 5 4 15 6 9 21 23 10 11 16 13 22 -8 24 -1 18 -18 20 -12 -7 -4 -5 -3 -14 27 -10 -25 -6
right_child=-2 3 12 8 29 7 14 -9 26 -11 19 -13 25 -15 -16 -17 17 -19 -20 -21 -22 -23 -24 28 -26 -27 -28 -29 -30 -31
leaf_value=1.4361205858247814 -0.81487380637478335 2.8811894220752374 1.1173216786849276 0.35775436668911331 0.078307105312832082 1.9049859360541195 -1.7898431032908084 -0.80545862922428868 -0.28917066968885169 -3.5474296083965817 -1.2775019360488205 -3.8300521241945522 -0.070363612810006831 -2.7404849002484362 -4.9391969652675138 2.3861183479369634 -0.54506474916615388 1.2311576420708186 -2.224884327593132 2.8359233460324083 0.79071388931412445 -0.8025208455375521 -2.4336183330970416 -1.5185730311033581 0.12415779277682305 1.4384696281350504 -0.038654123887919736 -4.598451205497506 -0.14927882171993953 -1.7663163442027106
leaf_weight=1319 15537 1110 2032 11335 569267 3328 3702 5090 1201 952 3018 1159 6635 1598 1012 3140 5175 1542 5444 1016 4628 1441 800 6026 6493 6083 1480 1511 8801 1967
leaf_count=1319 15537 1110 2032 11335 569267 3328 3702 5090 1201 952 3018 1159 6635 1598 1012 3140 5175 1542 5444 1016 4628 1441 800 6026 6493 6083 1480 1511 8801 1967
internal_value=0.00499578 0.0240683 -0.405957 0.0633835 0.0904437 -0.693371 -0.966778 0.110097 -0.455299 -0.672735 -0.553813 -1.06619 0.244823 -0.922604 -2.47497 1.07417 -0.825895 -1.07221 -1.40753 0.312352 -0.0262467 1.08692 0.109198 -0.245403 0.529926 0.651872 -1.76155 -2.69817 -0.706437 0.0719245
internal_weight=683842 668305 55974 612331 581977 38826 28967 9859 30354 24253 23301 14639 17148 4430 4714 10743 13480 12161 10619 8662 7646 4769 2832 26162 7603 12718 4192 2712 14827 571234
internal_count=683842 668305 55974 612331 581977 38826 28967 9859 30354 24253 23301 14639 17148 4430 4714 10743 13480 12161 10619 8662 7646 4769 2832 26162 7603 12718 4192 2712 14827 571234
is_linear=0
shrinkage=0.04


Tree=89
num_leaves=31
num_cat=0
split_feature=35 14 43 36 5 0 17 19 28 2 51 43 43 11 9 14 13 43 13 48 7 29 48 31 36 47 47 11 11 14
split_gain=6.43281e+06 7.74407e+06 5.68254e+06 6.83622e+06 5.19637e+06 6.90483e+06 8.43356e+06 5.65568e+06 8.58876e+06 5.54673e+06 5.10585e+06 9.09744e+06 8.50043e+06 1.12498e+07 9.22689e+06 7.54599e+06 7.87689e+06 1.24571e+07 9.22692e+06 7.54513e+06 6.99695e+06 6.39164e+06 6.52591e+06 6.77572e+06 6.05075e+06 5.55446e+06 5.47227e+06 5.41777e+06 6.26818e+06 5.31086e+06
threshold=0.049700764939188964 0.95189735293388378 1.0000000180025095e-35 -0.3269787728786468 0.12851738929748538 -0.022173643112182614 0.039999965578317649 1.5000000000000002 0.33607858419418341 -0.14136934280395505 -0.013551559764891861 6.5000000000000009 40.500000000000007 0.85342866182327282 0.020739495754241947 0.59766712784767162 0.94724097847938549 59.500000000000007 0.64948898553848278 -0.052569014951586716 0.47941243648529058 1.8503014445304873 -0.05054874159395694 36.704999923706062 -1.5184391736984251 -0.0018362790578976271 -0.043043542653322213 1.3008654117584231 0.52448648214340221 0.88392442464828502
decision_type=10 8 2 10 8 8 2 2 8 10 10 2 2 10 10 8 10 2 10 10 8 8 8 10 10 10 10 10 10 10
left_child=2 -2 3 -1 10 7 -7 -6 -9 -10 11 21 13 19 15 -14 17 24 -19 -13 -18 22 -4 25 -17 -24 -21 28 -20 -23
right_child=1 -3 4 -5 5 6 -8 8 9 -11 -12 12 14 -15 -16 16 20 18 27 26 -22 29 23 -25 -26 -27 -28 -29 -30 -31
leaf_value=-1.7807073407543887 -0.38487755527442025 -2.8005035171009629 1.9121124910119027 2.1828752768795772 0.23888762408036893 0.31710478301345374 -0.2478575960642915 -2.2856057889713264 4.3057387000707061 1.3701593491771262 -0.14810719803831712 0.82918509392951278 0.13090287199411432 2.4033264751573555 1.0017617733454618 -6.5642115645955323 -0.04950492222307358 2.5456029326295768 -1.0479498579893212 -1.6884044766768573 -3.1592958363910131 1.1428513715893152 -3.9868298198101444 -0.82349643753018487 -2.4526874771008726 -0.22901891436203417 0.12094663823691371 1.2199806205601817 -4.1033921384500065 -2.2013096148416231
leaf_weight=4921 26760 2297 832 802 15013 117603 65990 956 1121 11899 262147 31827 54570 5001 12556 932 21353 1136 4149 3053 1214 3411 2715 4935 1515 820 21078 1099 1445 967
leaf_count=4921 26760 2297 832 802 15013 117603 65990 956 1121 11899 262147 31827 54570 5001 12556 932 21353 1136 4149 3053 1214 3411 2715 4935 1515 820 21078 1099 1445 967
internal_value=0.00554681 -0.576734 0.0313839 -1.22243 0.0424532 0.204641 0.114034 0.778231 1.35701 1.62602 -0.0364914 0.131082 0.215279 0.587524 -0.0117446 -0.157423 -0.636381 -1.55381 -0.772884 0.424845 -0.218123 -0.858829 -1.4515 -1.78377 -4.03901 -3.11825 -0.108573 -1.33909 -1.84312 0.400869
internal_weight=684117 29057 655060 5723 649337 212582 183593 28989 13976 13020 436755 174608 160928 60959 99969 87413 32843 10276 7829 55958 22567 13680 9302 8470 2447 3535 24131 6693 5594 4378
internal_count=684117 29057 655060 5723 649337 212582 183593 28989 13976 13020 436755 174608 160928 60959 99969 87413 32843 10276 7829 55958 22567 13680 9302 8470 2447 3535 24131 6693 5594 4378
is_linear=0
shrinkage=0.04


Tree=90
num_leaves=31
num_cat=0
split_feature=15 10 32 33 22 6 8 43 36 6 8 6 41 42 48 14 6 39 9 33 22 14 28 50 7 6 11 9 8 33
split_gain=5.06014e+06 9.0493e+06 4.93868e+06 4.94177e+06 5.38725e+06 6.02434e+06 7.16857e+06 4.92942e+06 8.93898e+06 5.07894e+06 4.86843e+06 6.02154e+06 4.79268e+06 6.80938e+06 8.4021e+06 6.95706e+06 8.35874e+06 6.46989e+06 6.15664e+06 7.28684e+06 5.12111e+06 4.63271e+06 4.06917e+06 4.05661e+06 3.92254e+06 6.07955e+06 4.90277e+06 3.87365e+06 3.80908e+06 1.6985e+07
threshold=-0.87499991059303273 -0.55555555224418629 1.0000000180025095e-35 22.666954040527347 0.13319649547338488 0.4459292888641358 -0.080101430416107164 1.0000000180025095e-35 -0.28222736716270441 0.45236635208129888 -0.08586567640304564 0.2905035018920899 1.0000000180025095e-35 1.0000000180025095e-35 0.088893733918666853 0.94833147525787365 -0.14371275901794431 0.025163500569760803 0.066491186618804946 20.5334005355835 0.33066691458225256 0.67877218127250682 0.86382639408111583 0.017293546348810199 -0.048140674829483025 -0.21550846099853513 1.0186548233032229 0.044467866420745857 -0.080101430416107164 18.528898239135746
decision_type=2 10 8 10 10 10 8 2 10 10 8 10 2 2 8 10 8 8 10 10 10 10 10 8 8 8 8 10 8 10
left_child=1 -1 10 7 -5 6 -6 8 9 -4 -2 21 13 28 15 16 -15 20 19 -19 -16 -12 -7 -8 25 -14 -26 -3 29 -9
right_child=2 27 3 4 5 22 23 12 -10 -11 11 -13 24 14 17 -17 -18 18 -20 -21 -22 -23 -24 -25 26 -27 -28 -29 -30 -31
leaf_value=-4.3308095584092321 1.2107419926953191 -0.77846454249335229 -1.0042680184406865 1.462723964681764 -5.0691949936122427 2.5348833580095458 -0.33217669660446875 -0.53149413804700996 2.824573322374087 -4.0587051872179511 -1.6722451727389436 0.23516055883114487 1.6741629479419562 -3.4955514715207427 -2.6857278586318452 3.9193308964598748 1.3007469627604906 -1.7399053457778846 0.33427961926196648 -5.6213149280652637 0.40206357510402541 -5.0565121797244048 -0.66517522421698161 -2.1120983213706026 2.8200649992456035 -2.7258258982451133 -0.48208273632658855 2.156356298854746 0.040654085030884128 0.65135885570947882
leaf_weight=1097 1339 6152 5001 1588 810 1089 4497 27135 848 1048 3282 2227 1172 852 1203 830 1776 1661 813 1461 2941 803 1501 3760 2812 864 962 805 536053 68280
leaf_count=1097 1339 6152 5001 1588 810 1089 4497 27135 848 1048 3282 2227 1172 852 1203 830 1776 1661 813 1461 2941 803 1501 3760 2812 864 962 805 536053 68280
internal_value=0.0246414 -0.971438 0.0365124 0.0480764 -0.716581 -1.01446 -1.50011 0.0635328 -0.999423 -1.53928 -0.973323 -1.43782 0.0748474 0.0645035 -0.898096 0.750348 -0.261574 -1.60372 -2.7633 -3.56843 -0.498627 -2.34822 0.684907 -1.14428 1.21755 -0.19722 1.97929 -0.436266 0.0821043 0.314948
internal_weight=684662 8054 676608 668957 13245 11657 9067 655712 6897 6049 7651 6312 648815 643005 11537 3458 2628 8079 3935 3122 4144 4085 2590 8257 5810 2036 3774 6957 631468 95415
internal_count=684662 8054 676608 668957 13245 11657 9067 655712 6897 6049 7651 6312 648815 643005 11537 3458 2628 8079 3935 3122 4144 4085 2590 8257 5810 2036 3774 6957 631468 95415
is_linear=0
shrinkage=0.04


Tree=91
num_leaves=31
num_cat=0
split_feature=29 51 22 3 3 19 48 22 18 7 6 8 32 37 6 33 16 29 33 7 32 8 14 6 3 33 32 21 28 0
split_gain=5.70501e+06 4.79266e+06 8.83575e+06 1.00658e+07 6.50643e+06 9.15626e+06 8.10143e+06 8.12584e+06 9.32138e+06 7.8114e+06 1.21345e+07 8.66767e+06 9.06092e+06 6.33793e+06 7.93033e+06 6.04082e+06 5.45924e+06 5.26073e+06 5.92073e+06 5.63473e+06 5.44784e+06 5.1305e+06 4.97871e+06 4.91108e+06 4.81872e+06 7.12049e+06 4.90058e+06 4.73507e+06 6.09244e+06 5.84347e+06
threshold=10.490275382995607 -0.0090074012987315637 1.0000000180025095e-35 -0.068687438964843736 -0.12919759750366208 2.5000000000000004 -0.16858036071062085 0.25446519255638128 -0.049694607034325593 0.027590990066528324 0.60894274711608898 -0.081841617822647081 1.7417016029357912 0.14644694328308108 -0.092573881149291978 22.666954040527347 -0.014942641369998453 0.98671963810920726 17.202544212341312 -0.0285077691078186 2.3700801134109502 -0.048962116241455071 0.79575523734092724 0.060442686080932624 -0.030179262161254879 18.466876983642582 0.95170697569847118 14.155399322509767 0.72910761833190929 -0.015753984451293942
decision_type=10 10 10 8 10 2 8 10 2 10 10 8 10 8 8 8 10 10 10 8 10 10 10 8 10 10 10 8 10 10
left_child=1 2 3 -1 5 -4 -6 8 13 10 11 16 22 -8 -15 27 -10 -9 -19 24 -21 -14 -13 -24 25 -20 -27 -3 -29 -30
right_child=-2 15 4 -5 6 -7 7 17 9 -11 -12 12 21 14 -16 -17 -18 18 19 20 -22 -23 23 -25 -26 26 -28 28 29 -31
leaf_value=-5.3922574931757552 -1.3317320053738986 -0.66653372019833745 0.16610253143912013 0.43064981248758971 2.9731103228272553 1.6358767070236195 0.64248146682464824 0.48810947507622021 -1.9211853820972744 0.40326459694914846 -4.5200516512691777 -0.42592598485754651 -5.5128085796523099 -5.6661855812353501 -1.4828571335505027 -1.1658807914156857 0.40316935166879292 1.2926928442735777 -3.4436987630075704 -0.18656537100188636 -2.7336818319867326 -1.5730885370805603 -1.0468420224703254 -4.8283150795742564 0.8594105400458949 1.8707057976699213 -0.70687136974340137 0.26184322842489854 0.37526214891376436 -0.19091638511741538
leaf_weight=977 5155 19868 18254 913 1530 10783 1036 71745 1730 27698 1118 28550 912 1111 2083 8140 22839 5584 1044 62776 1363 1268 1694 809 16204 1765 3512 85919 33099 244961
leaf_count=977 5155 19868 18254 913 1530 10783 1036 71745 1730 27698 1118 28550 912 1111 2083 8140 22839 5584 1044 62776 1363 1268 1694 809 16204 1765 3512 85919 33099 244961
internal_value=-0.00736547 0.00270442 0.126808 -2.59193 0.144902 0.712284 0.0806138 0.063132 -0.240321 -0.150664 -0.411087 -0.330843 -0.751914 -2.07155 -2.95113 -0.0882552 0.238787 0.231242 0.0314337 -0.0499725 -0.241111 -3.23891 -0.576334 -2.28341 0.494152 -0.442072 0.157159 -0.0653729 -0.0325408 -0.12351
internal_weight=684440 679285 287298 1890 285408 29037 256371 254841 90848 86618 58920 57802 33233 4230 3194 391987 24569 163993 92248 86664 64139 2180 31053 2503 22525 6321 5277 383847 363979 278060
internal_count=684440 679285 287298 1890 285408 29037 256371 254841 90848 86618 58920 57802 33233 4230 3194 391987 24569 163993 92248 86664 64139 2180 31053 2503 22525 6321 5277 383847 363979 278060
is_linear=0
shrinkage=0.04


Tree=92
num_leaves=31
num_cat=0
split_feature=15 34 31 3 0 30 33 46 32 21 21 38 36 32 33 51 10 11 50 1 11 31 9 11 2 8 26 21 11 12
split_gain=5.67277e+06 6.92196e+06 8.19925e+06 8.74401e+06 7.81731e+06 5.60141e+06 7.17513e+06 5.59287e+06 7.78211e+06 5.31442e+06 5.2536e+06 5.11387e+06 4.92302e+06 6.58608e+06 1.30858e+07 5.91079e+06 6.96878e+06 8.78503e+06 5.82156e+06 5.58203e+06 5.46337e+06 5.97632e+06 5.29809e+06 4.89826e+06 5.65001e+06 4.87548e+06 4.84198e+06 7.72922e+06 4.83954e+06 4.73345e+06
threshold=-0.61467725038528431 0.066334407776594176 45.795000076293952 0.061690092086791999 -0.05190682411193847 1.0175762772560122 19.392810821533207 -0.014174717944115399 1.3633726239204409 5.9158525466918954 46.556114196777351 -0.57242891192436207 -0.83522871136665333 1.4861579537391665 21.008820533752445 0.0073977918364107617 -0.068707406520843492 0.31782460212707525 0.016715582460165027 -0.046896696090698235 0.032492637634277351 12.684999942779543 -0.1101822257041931 0.063662111759185805 -0.012869119644165037 -0.10189172625541686 1.0000000180025095e-35 4.3291754722595224 1.3008654117584231 0.060200085863471038
decision_type=2 8 10 8 8 8 10 8 10 10 10 10 8 10 10 10 8 10 8 10 8 10 8 10 10 8 2 10 10 8
left_child=1 25 3 5 -5 6 -3 8 -2 -4 11 23 13 -9 -15 20 17 -17 -16 -19 -14 29 -23 -8 -25 -1 27 -7 -6 -22
right_child=7 2 9 4 28 26 10 12 -10 -11 -12 -13 15 14 18 16 -18 19 -20 -21 21 22 -24 24 -26 -27 -28 -29 -30 -31
leaf_value=1.4644975437949865 -0.7115516326299981 -1.1946435723510309 0.85880391025780489 3.2440179226125059 0.47372784234865228 1.9307524730452716 -1.3529673133526359 -0.087673149841005354 0.51911609119452573 -0.21787752983092637 -1.6851988841094274 -0.92466160162808197 -0.47217372094806792 -0.53387116662039868 -2.1611083289273352 0.11997746368694649 0.24500588741524934 1.1970710610612887 -6.9747235742439457 -0.64257352090099473 -0.4235228362682345 1.2864182196239085 0.3030566536008788 2.2856727088262914 -0.15145490033365469 0.056104105841248454 -2.3777716465532595 -1.3185385911364405 -1.3055459533996034 -3.5304845164941452
leaf_weight=4397 31518 13943 9354 1237 7656 1269 1186 33640 11113 33842 2164 3032 15445 6174 824 59354 84604 2753 800 59272 7275 9129 215642 4317 2346 36549 6151 14052 3582 870
leaf_count=4397 31518 13943 9354 1237 7656 1269 1186 33640 11113 33842 2164 3032 15445 6174 824 59354 84604 2753 800 59272 7275 9129 215642 4317 2346 36549 6151 14052 3582 870
internal_value=-0.0109239 -0.232913 -0.40616 -0.704965 0.239276 -0.94804 -0.564122 0.0488951 -0.390696 0.0154203 0.110202 0.468489 0.0867015 -0.33062 -1.37722 0.124769 -0.0336529 -0.227889 -4.56052 -0.56074 0.256156 0.304471 0.343051 1.00714 1.42863 0.207666 -1.4301 -1.04832 -0.0940544 -0.759312
internal_weight=683490 145077 104131 60935 12475 48460 26988 538413 42631 43196 13045 10881 495782 41438 7798 454344 205983 121379 1624 62025 248361 232916 224771 7849 6663 40946 21472 15321 11238 8145
internal_count=683490 145077 104131 60935 12475 48460 26988 538413 42631 43196 13045 10881 495782 41438 7798 454344 205983 121379 1624 62025 248361 232916 224771 7849 6663 40946 21472 15321 11238 8145
is_linear=0
shrinkage=0.04


Tree=93
num_leaves=31
num_cat=0
split_feature=29 10 13 29 33 11 14 36 11 23 28 10 4 32 32 47 38 11 4 33 14 14 7 21 48 14 8 7 10 32
split_gain=6.38574e+06 5.08321e+06 4.73277e+06 6.7756e+06 5.85249e+06 5.79031e+06 7.53443e+06 9.03754e+06 5.77925e+06 5.6597e+06 5.37111e+06 5.32204e+06 6.0928e+06 6.56044e+06 5.24509e+06 6.41152e+06 8.63086e+06 5.74338e+06 8.67576e+06 9.68686e+06 7.44808e+06 6.5196e+06 5.80535e+06 6.38667e+06 6.8929e+06 8.98465e+06 5.6921e+06 7.30194e+06 5.11621e+06 7.64874e+06
threshold=10.490275382995607 -0.22661480307579038 0.83317363262176525 1.8503014445304873 22.666954040527347 2.2488135099411015 0.71031260490417492 -0.82553386688232411 0.17837494611740115 -0.10902485251426695 0.60924756526947033 -0.33044490218162531 -0.034971475601196282 1.6884330511093142 0.28542096912860876 0.0052175112068653115 0.62469723820686351 1.252155661582947 -0.0089144706726074201 19.901988029479984 0.9550921916961671 0.44675451517105108 0.031308114528656013 67.332969665527358 0.065767999738454833 0.86889225244522106 -0.099250376224517808 -0.22462615370750424 -0.15703400969505307 1.3180830478668215
decision_type=10 10 8 10 8 8 10 8 10 10 10 8 8 8 8 10 10 10 8 10 8 10 10 10 8 10 8 10 8 8
left_child=2 -2 3 5 14 6 -1 9 -5 -8 -7 -6 -13 -14 26 17 -17 22 19 -19 -20 -21 -16 24 25 -24 -4 -28 -18 -30
right_child=1 -3 4 8 11 10 7 -9 -10 -11 -12 12 13 -15 15 16 28 18 20 21 -22 -23 23 -25 -26 -27 27 -29 29 -31
leaf_value=-0.058540547448532161 -3.4963453425585143 -0.64498664160225883 1.8512303207886023 0.82123236684338907 -3.5751093309398847 2.202606976708986 -0.77313624844762485 -0.60442797334004783 -1.2680292655126999 -5.0710339878814326 0.25058115262587061 1.1883831866929209 -1.6481659729714508 2.1649881307368428 -0.031634335549410079 0.78471940059116141 -0.73204270962453721 -1.9479538758150481 -0.23253926246849108 3.4498534239821588 1.4242653920039032 -0.41420149598214051 0.05426320816431008 -0.026664416707705571 0.68482813568944523 -3.3188851166078095 -3.822846873894334 -0.50193367453730697 -0.070703321514184264 1.6141916735010937
leaf_weight=142217 1365 3695 1515 2497 1043 3078 802 15100 13742 1268 8376 2332 5880 814 184481 48285 11381 9180 37242 842 4904 3873 9465 52980 69761 1448 1110 19700 20395 5456
leaf_count=142217 1365 3695 1515 2497 1043 3078 802 15100 13742 1268 8376 2332 5880 814 184481 48285 11381 9180 37242 842 4904 3873 9465 52980 69761 1448 1110 19700 20395 5456
internal_value=-0.00523942 -1.41956 0.00531842 -0.165929 0.0704246 -0.0916851 -0.154128 -0.945371 -0.946465 -3.41758 0.776607 -0.883534 -0.568897 -1.18194 0.0903701 0.119452 0.431908 0.0480314 -0.325319 -1.19171 -0.0394656 0.281678 0.113807 0.314545 0.538599 -0.395934 -0.508242 -0.680821 -0.0257298 0.28539
internal_weight=684227 5060 679167 187080 492087 170841 159387 17170 16239 2070 11454 10069 9026 6694 482018 459693 85517 374176 56041 13895 42146 4715 318135 133654 80674 10913 22325 20810 37232 25851
internal_count=684227 5060 679167 187080 492087 170841 159387 17170 16239 2070 11454 10069 9026 6694 482018 459693 85517 374176 56041 13895 42146 4715 318135 133654 80674 10913 22325 20810 37232 25851
is_linear=0
shrinkage=0.04


Tree=94
num_leaves=31
num_cat=0
split_feature=5 46 19 17 38 28 9 9 29 21 10 4 29 8 8 7 26 8 41 5 8 13 6 15 6 29 11 52 4 46
split_gain=6.21578e+06 5.54485e+06 6.3204e+06 7.79967e+06 8.05803e+06 7.47231e+06 6.96716e+06 6.59885e+06 7.71566e+06 6.1148e+06 5.77347e+06 6.99518e+06 7.59209e+06 5.60266e+06 5.48205e+06 5.90422e+06 5.71036e+06 5.5692e+06 5.43828e+06 5.352e+06 5.77686e+06 9.86418e+06 5.43269e+06 5.11781e+06 6.14396e+06 5.08914e+06 6.30297e+06 5.40527e+06 6.44548e+06 7.20773e+06
threshold=0.92229580879211437 0.031227719970047477 2.5000000000000004 0.010471616871654989 -0.29099187254905695 1.242064952850342 0.051974594593048103 0.030743300914764408 3.4083433151245122 79.456615447998061 -0.53458142280578602 -0.25746536254882807 0.88799539208412182 0.30849546194076544 -0.11272749304771422 0.037199199199676521 1.0000000180025095e-35 -0.083854675292968736 1.0000000180025095e-35 -0.6508880853652953 -0.25069844722747797 1.1973183155059817 -0.32035422325134272 -0.67777812480926503 0.95824718475341808 0.42002686858177191 1.0490934848785403 -0.059092083945870393 -0.19961595535278318 -0.053261099383234971
decision_type=10 10 2 2 10 8 10 8 10 10 10 8 10 8 10 10 2 10 2 10 10 10 10 2 8 10 10 10 10 10
left_child=1 2 5 -4 6 7 10 8 13 -3 11 -5 -13 19 -12 16 -16 -18 23 -1 21 -21 -23 24 -7 26 -22 28 -27 -30
right_child=-2 9 3 4 -6 18 -8 -9 -10 -11 14 12 -14 -15 15 -17 17 -19 -20 20 25 22 -24 -25 -26 27 -28 -29 29 -31
leaf_value=1.3415766275276757 -2.0044588388613223 1.1640805840874153 -3.4065411147070668 1.2632816637676869 -0.38115830812476686 -0.63076131434715688 2.5203561275176667 0.30974181476765095 -2.0253213940815273 0.0016614137978711056 1.4972595501735619 -2.4646324815472971 0.28459111687623251 -1.8011233380982563 0.55643485147702954 0.90191641191122018 0.80103027836016649 -1.3673870101954142 2.1138341446366531 -4.1567138245377855 0.29873158142162676 -1.4835372248370973 2.6075020510744964 -0.21594849350402226 -2.759694284516828 0.68988902423908149 3.0719178955603197 0.062267644511832192 -0.74983255865174403 0.13423954106367539
leaf_weight=4507 2455 13660 885 2664 18771 20181 2768 102562 3164 15395 9597 3403 3034 2858 11604 21738 2613 6835 1499 1462 4642 1348 831 155521 2422 8678 1819 189546 46162 21681
leaf_count=4507 2455 13660 885 2664 18771 20181 2768 102562 3164 15395 9597 3403 3034 2858 11604 21738 2613 6835 1499 1462 4642 1348 831 155521 2422 8678 1819 189546 46162 21681
internal_value=0.000547921 0.00779624 -0.0162723 0.30778 0.347777 -0.0640756 0.560746 0.034403 -0.0641028 0.548377 0.472135 -0.457412 -1.17039 -0.0421466 0.633678 0.439688 -0.037804 -0.767463 -0.277478 -0.0241722 -0.0465086 -1.62707 0.081437 -0.297719 -0.860004 -0.0253333 1.08302 -0.0522876 -0.336017 -0.467326
internal_weight=684305 681850 652795 83912 83027 568883 64256 389260 286698 29055 61488 9101 6437 283534 52387 42790 21052 9448 179623 280676 276169 3641 2179 178124 22603 272528 6461 266067 76521 67843
internal_count=684305 681850 652795 83912 83027 568883 64256 389260 286698 29055 61488 9101 6437 283534 52387 42790 21052 9448 179623 280676 276169 3641 2179 178124 22603 272528 6461 266067 76521 67843
is_linear=0
shrinkage=0.04


Tree=95
num_leaves=31
num_cat=0
split_feature=13 41 10 15 6 38 19 14 34 47 18 29 48 16 1 17 3 6 17 1 11 14 3 14 5 6 31 10 3 2
split_gain=4.89444e+06 7.63452e+06 6.79955e+06 9.53723e+06 1.03057e+07 6.48386e+06 6.95337e+06 6.53416e+06 1.07234e+07 9.25069e+06 7.41036e+06 7.00094e+06 6.20272e+06 6.07976e+06 6.15389e+06 5.41869e+06 5.79588e+06 5.8572e+06 5.32786e+06 6.67174e+06 5.19087e+06 6.78866e+06 6.73338e+06 6.32931e+06 5.5986e+06 5.56459e+06 5.32682e+06 5.1403e+06 5.55831e+06 5.7649e+06
threshold=0.98578825592994701 1.0000000180025095e-35 -0.3801195621490478 0.10714273527264596 0.060442686080932624 0.77680745720863353 2.5000000000000004 0.95856454968452465 -0.024898813106119629 -0.025038336403667923 0.073587734252214446 10.490275382995607 -0.14691860973834989 -0.034568704664707177 -0.025485277175903317 0.014027715194970371 -0.15169322490692136 0.2905035018920899 0.055414333939552314 -0.0089962482452392561 0.16344904899597171 0.70602175593376171 0.07097411155700685 0.53369331359863292 0.51862788200378429 -0.059780836105346673 46.004999160766609 -0.098761618137359605 0.0070033073425292977 0.0052084922790527352
decision_type=10 2 8 2 10 10 2 10 10 10 2 10 8 8 10 2 10 8 2 10 10 10 10 10 10 10 8 10 10 10
left_child=2 5 3 4 -1 6 7 13 10 -10 11 27 -7 14 -2 -8 -17 -18 19 -6 23 -22 -23 25 -24 26 -4 28 -9 -30
right_child=1 -3 20 -5 18 12 15 8 9 -11 -12 -13 -14 -15 -16 16 17 -19 -20 -21 21 22 24 -25 -26 -27 -28 -29 29 -31
leaf_value=-0.6375355001200893 -3.2235348483534696 1.9637426350789429 -0.82068011829300225 0.21365648744289406 -5.249033210525198 2.8520943882299594 -2.4382283149557522 0.26877475618418223 -4.8686223086310925 -0.44450203323339149 3.0315844061542534 -2.8436160333738023 -0.40220110791591263 0.1726332648573822 0.011150711323335718 1.9704165654521 0.10368913788992705 1.3055413893786849 -0.71474586378593075 -1.4961328785745405 -0.021478877447156052 -0.92305967097107366 0.64380640076255102 1.092890533057342 -1.629057525745512 0.64949188041361328 0.23952450372961204 1.3689595687395633 -3.8941510429248059 -0.58728463922657814
leaf_weight=31476 1697 3497 13802 18824 1735 946 851 5114 1621 1414 1041 1704 47683 218874 2097 5437 17724 10226 1520 1359 201847 28394 9378 12659 2117 17866 16804 2847 1304 2368
leaf_count=31476 1697 3497 13802 18824 1735 946 851 5114 1621 1414 1041 1704 47683 218874 2097 5437 17724 10226 1520 1359 201847 28394 9378 12659 2117 17866 16804 2847 1304 2368
internal_value=-0.00451535 0.107482 -0.106704 -0.516182 -0.896808 0.0873218 0.162786 0.0867211 -0.659279 -2.81566 -0.202455 -0.456965 -0.338321 0.145087 -1.44035 0.695979 0.776573 0.543718 -2.66032 -3.61075 -0.0324453 -0.115721 -0.592484 0.296827 0.224168 0.0887432 -0.238694 -0.105227 -0.583933 -1.76901
internal_weight=684226 326445 357781 54914 36090 322948 274319 240081 17413 3035 14378 13337 48629 222668 3794 34238 33387 27950 4614 3094 302867 241736 39889 61131 11495 48472 30606 11633 8786 3672
internal_count=684226 326445 357781 54914 36090 322948 274319 240081 17413 3035 14378 13337 48629 222668 3794 34238 33387 27950 4614 3094 302867 241736 39889 61131 11495 48472 30606 11633 8786 3672
is_linear=0
shrinkage=0.04


Tree=96
num_leaves=31
num_cat=0
split_feature=52 13 36 7 10 32 11 9 10 7 33 33 6 48 33 48 23 10 10 52 33 50 36 32 16 47 6 39 50 10
split_gain=5.00529e+06 7.52716e+06 7.44776e+06 7.20066e+06 1.02702e+07 8.27977e+06 7.4334e+06 6.88835e+06 7.52613e+06 7.29789e+06 8.57685e+06 6.72882e+06 6.68084e+06 6.14811e+06 6.08283e+06 7.79559e+06 6.03822e+06 5.91237e+06 6.64181e+06 5.7879e+06 5.78532e+06 5.62894e+06 6.09199e+06 5.56494e+06 5.69323e+06 5.24849e+06 5.19727e+06 5.12338e+06 6.1153e+06 5.12059e+06
threshold=-0.13894280791282651 0.5626625418663026 -0.55208471417427052 -0.22462615370750424 -0.64471131563186634 1.7141915559768679 0.042185246944427497 -0.14332723617553708 -0.38456666469573969 -0.19242471456527707 19.140919685363773 20.596650123596195 -0.024724245071411129 -0.054708158597350114 20.95683574676514 0.11370553448796274 -0.30138897895812983 -0.54453739523887623 -0.37572225928306574 0.0053670024499297151 18.239552497863773 -0.070875741541385637 -0.89263021945953358 1.4191520810127261 0.0065827651415020236 0.042049376294016845 -0.99669289588928212 0.32356724143028265 0.011569308117032053 -0.29367724061012263
decision_type=8 8 8 8 10 10 8 8 10 10 10 10 10 8 10 10 10 8 10 10 10 10 10 10 10 10 10 10 10 8
left_child=1 -1 12 4 5 26 11 23 9 -9 -11 -5 13 -2 17 21 -6 -15 19 -19 -18 22 -16 24 -8 -20 -3 -14 -29 -23
right_child=2 3 -4 6 16 -7 7 8 -10 10 -12 -13 27 14 15 -17 20 18 25 -21 -22 29 -24 -25 -26 -27 -28 28 -30 -31
leaf_value=1.8864747612299559 0.354277491594848 0.45102890954631747 0.082363141753763219 -4.2079356018068887 -0.71770828025854616 -4.0149794781471329 -1.8605597757012819 -0.71117648173777404 -0.61333506023347839 -6.199825873074599 -1.1626968164008662 0.15271244756693911 0.0024133194399671783 1.7733879524980882 -6.2465872376021894 1.3394875088787543 -0.7466423535924418 -1.1113270944866134 -0.6595479246996665 -3.9912111246312816 1.970884529610434 0.37615929440979151 -2.3212447745427682 3.0581514745221039 2.3037086669014255 0.84548303481361309 -2.4412728914101192 -0.32968069604155736 -4.646494491999384 -2.1386494721909237
leaf_weight=2141 8744 3290 492687 1910 2845 1303 1368 1933 16810 1276 943 802 92131 1668 872 1219 1559 4040 20364 1540 6291 1916 2324 1248 839 4523 1413 1422 824 3973
leaf_count=2141 8744 3290 492687 1910 2845 1303 1368 1933 16810 1276 943 802 92131 1668 872 1219 1559 4040 20364 1540 6291 1916 2324 1248 839 4523 1413 1422 824 3973
internal_value=-0.0209455 -0.424015 0.00809257 -0.537281 0.116139 -1.20632 -0.939431 -0.718057 -0.990804 -2.5139 -4.07404 -2.92257 -0.243285 -0.611217 -0.810181 -1.6555 0.859225 -0.538702 -0.665824 -1.91185 1.43092 -2.05839 -3.40838 0.93482 -0.274246 -0.385792 -0.421289 -0.0437021 -1.92699 -1.3212
internal_weight=684218 45971 638247 43830 16701 6006 27129 24417 20962 4152 2219 2712 145560 51183 42439 10304 10695 32135 30467 5580 7850 9085 3196 3455 2207 24887 4703 94377 2246 5889
internal_count=684218 45971 638247 43830 16701 6006 27129 24417 20962 4152 2219 2712 145560 51183 42439 10304 10695 32135 30467 5580 7850 9085 3196 3455 2207 24887 4703 94377 2246 5889
is_linear=0
shrinkage=0.04


Tree=97
num_leaves=31
num_cat=0
split_feature=20 3 19 29 8 16 10 17 8 51 3 8 5 4 14 13 0 17 42 13 7 23 11 16 5 6 46 8 6 34
split_gain=4.07873e+06 5.04517e+06 8.68485e+06 7.38706e+06 5.6309e+06 9.34845e+06 9.03471e+06 7.65126e+06 7.52052e+06 9.1437e+06 8.70858e+06 7.38116e+06 7.97231e+06 7.23076e+06 7.16575e+06 8.57547e+06 6.74975e+06 6.41498e+06 6.4783e+06 1.05647e+07 6.31252e+06 6.05561e+06 5.56993e+06 5.54595e+06 5.10998e+06 9.83772e+06 5.39857e+06 5.064e+06 7.59031e+06 7.84839e+06
threshold=3.5000000000000004 0.14047217369079593 1.5000000000000002 10.490275382995607 -0.080101430416107164 -0.027214558795094487 -0.71715325117111195 0.083566408604383483 -0.0043430626392364493 -0.054802002385258668 -0.051871538162231438 -0.12239462137222289 -0.6508880853652953 -0.18456983566284177 0.9879153072834016 0.4132648259401322 -0.047368049621582024 0.054381523281335838 1.0000000180025095e-35 1.0230337381362917 0.52311772108078014 -0.09496819972991942 0.20228272676467898 0.00020188985945424068 0.54337453842163097 -0.2949156761169433 -0.016645109280943867 -0.16983544826507566 -0.50931501388549794 0.090462565422058119
decision_type=2 10 2 10 8 10 10 2 10 10 10 10 10 10 8 10 10 2 2 10 8 8 10 10 10 8 8 10 8 8
left_child=1 3 -3 4 5 7 11 16 9 14 20 12 23 -14 15 -6 -1 18 -11 -20 -10 -19 -23 -7 26 -26 -12 -8 -29 -30
right_child=-2 2 -4 -5 8 6 27 -9 10 17 24 -13 13 -15 -16 -17 -18 21 19 -21 -22 22 -24 -25 25 -27 -28 28 29 -31
leaf_value=-4.8572227272708028 -0.39480987989654381 0.25576397055031619 2.2875149254684248 -2.4476334785924134 2.3877144739527214 -2.5386693202872919 0.9989522020431304 0.34312654454827074 0.46621662762829813 -0.046618335070134943 -0.70717672638921703 1.9540632374655633 -1.559200460854095 -5.8269871861780462 -4.6391888203732119 -1.1696842061452173 -1.1196498336819247 -1.5674152811003672 -3.7445471414054823 0.98498849255874976 2.1084979324920661 1.2494692300203369 -1.1078290973671296 0.78441712074755165 -5.146929823586647 -0.52964093879638852 0.059624917706101607 -0.87325889937433476 1.1284461806745194 0.1347530600162169
leaf_weight=1258 42435 27014 3836 1981 1151 1169 22038 2570 19567 137570 15480 1166 1756 995 869 16542 2002 9603 1904 1243 4624 3065 3342 2514 809 7531 284563 7789 18775 39382
leaf_count=1258 42435 27014 3836 1981 1151 1169 22038 2570 19567 137570 15480 1166 1756 995 869 16542 2002 9603 1904 1243 4624 3065 3342 2514 809 7531 284563 7789 18775 39382
internal_value=-0.0150495 0.0100535 0.509059 -0.015139 -0.00718996 0.264918 0.359808 -1.28877 -0.0615308 -0.273543 0.0502189 -0.962538 -1.49331 -3.11832 -1.11277 -0.937043 -2.57238 -0.174085 -0.0877346 -1.87928 0.780873 -0.932515 0.0200522 -0.274363 -0.00712041 -0.983157 0.0200414 0.474128 0.298616 0.455689
internal_weight=684543 642108 30850 611258 609277 101414 95584 5830 507863 175289 332574 7600 6434 2751 18562 17693 3260 156727 140717 3147 24191 16010 6407 3683 308383 8340 300043 87984 65946 58157
internal_count=684543 642108 30850 611258 609277 101414 95584 5830 507863 175289 332574 7600 6434 2751 18562 17693 3260 156727 140717 3147 24191 16010 6407 3683 308383 8340 300043 87984 65946 58157
is_linear=0
shrinkage=0.04


Tree=98
num_leaves=31
num_cat=0
split_feature=35 7 46 48 3 17 17 14 17 46 32 7 11 36 15 4 51 2 7 2 9 36 51 32 14 9 17 2 4 7
split_gain=5.44267e+06 5.04288e+06 4.59633e+06 6.94844e+06 5.55771e+06 8.16468e+06 7.87357e+06 7.80323e+06 6.32719e+06 6.09582e+06 1.15341e+07 5.63103e+06 5.30133e+06 5.22796e+06 4.93643e+06 5.41603e+06 5.38598e+06 5.1732e+06 4.85587e+06 4.72415e+06 4.66627e+06 4.62614e+06 5.48884e+06 5.06989e+06 4.75253e+06 4.89991e+06 4.68521e+06 4.52546e+06 1.04743e+07 9.02944e+06
threshold=0.044696344062685973 -0.28686913847923273 -0.10350788757205008 -0.18334504961967465 -0.12919759750366208 0.01969065144658089 0.060354493558406837 0.86533480882644664 0.09473710879683496 -0.014523858670145271 1.3633726239204409 0.9190625548362733 0.06060606241226197 -0.85883128643035878 -0.87499991059303273 -0.072814702987670885 -0.085772205144166933 0.034570455551147468 -0.18265765905380246 0.0073901414871215829 0.11572915315628053 -0.84461915493011464 -0.023363786749541756 2.9999803304672246 0.72599446773529064 -0.013482302427291868 0.029828447848558429 -0.039626359939575188 -0.018942594528198239 -0.71614858508110035
decision_type=10 8 8 8 10 2 2 8 2 8 8 10 10 8 2 10 10 10 10 10 10 8 10 10 10 10 2 10 10 10
left_child=2 -2 -1 12 5 -5 9 8 -8 10 13 21 -4 -6 -7 17 -17 -16 -12 -13 -21 22 24 27 -11 26 -26 28 29 -23
right_child=1 -3 3 4 6 14 7 -9 -10 11 18 19 -14 -15 15 16 -18 -19 -20 20 -22 23 -24 -25 25 -27 -28 -29 -30 -31
leaf_value=-2.780285104533037 1.9493594688273468 -0.59332847501285757 4.3886640873509011 -3.3625406639483288 0.12767734385494742 -2.0889279807440349 -0.40737133393624125 0.2512281875874916 -1.4395438654725845 -0.52232991652395167 2.7863707914826819 0.52772100565310753 0.72968235119813019 -1.0591333566006034 0.60123544870437917 4.2167824227261796 1.1480941805083265 -1.9695973105695714 0.3793615199231149 -4.2175970160935057 -0.87651493697699712 -2.6242703665148195 -0.03341522636761235 -2.3834278261079564 -3.1381308394412102 -4.4458005471937456 0.65820973918551484 0.10017991133844019 1.1392578332498622 0.18905550141262609
leaf_weight=920 1289 32021 975 839 7789 1043 41139 21838 12352 7139 1558 1369 1790 24962 27277 1221 3617 1303 9297 1189 1528 1936 30334 1260 1005 1157 1061 392861 22933 29426
leaf_count=920 1289 32021 975 839 7789 1043 41139 21838 12352 7139 1558 1369 1790 24962 27277 1221 3617 1303 9297 1189 1528 1936 30334 1260 1005 1157 1061 392861 22933 29426
internal_value=0.00424958 -0.494378 0.0297657 0.0337845 0.0252233 0.51318 -0.00292371 -0.385852 -0.645942 0.0508184 -0.402448 0.0909012 2.03109 -0.776928 0.608488 0.693276 1.92966 0.48338 0.727082 -1.38605 -2.34873 0.103268 -0.305031 0.140329 -1.09937 -2.37195 -1.19473 0.147493 0.489756 0.0146056
internal_weight=684428 33310 651118 650198 647433 35300 612133 75329 53491 536804 43606 493198 2765 32751 34461 33418 4838 28580 10855 4086 2717 489112 40696 448416 10362 3223 2066 447156 54295 31362
internal_count=684428 33310 651118 650198 647433 35300 612133 75329 53491 536804 43606 493198 2765 32751 34461 33418 4838 28580 10855 4086 2717 489112 40696 448416 10362 3223 2066 447156 54295 31362
is_linear=0
shrinkage=0.04


Tree=99
num_leaves=31
num_cat=0
split_feature=29 2 5 5 28 23 11 10 6 3 8 33 22 6 8 5 39 52 50 6 1 29 3 40 36 10 29 24 40 52
split_gain=7.80341e+06 5.63628e+06 6.65638e+06 5.38986e+06 9.69252e+06 1.23738e+07 8.20001e+06 6.9354e+06 9.30137e+06 7.69263e+06 6.38786e+06 6.31966e+06 8.43847e+06 1.52577e+07 8.15441e+06 9.68872e+06 7.64926e+06 8.34775e+06 7.20533e+06 6.31962e+06 6.93295e+06 6.37386e+06 6.04293e+06 5.92227e+06 5.85698e+06 5.73336e+06 5.55565e+06 5.58672e+06 5.52771e+06 5.50419e+06
threshold=8.176340579986574 0.23628723621368411 0.27480947971344 -0.28175759315490717 0.4252855926752091 -0.1333244442939758 0.44613122940063482 -0.38456666469573969 0.49904322624206549 -0.051871538162231438 0.13565003871917727 20.580871582031254 0.27122351527214056 -1.0896478891372678 -0.081841617822647081 -0.0089116096496582014 -0.16921163350343701 -0.027347126975655552 -0.017252635210752484 -0.11718511581420897 0.045892000198364265 0.78493642807006847 -0.054139375686645501 0.0030663609504699711 -0.73324245214462269 -0.33731770515441889 1.0564052462577822 1.0000000180025095e-35 0.68733203411102306 0.11183354631066324
decision_type=10 10 8 10 10 8 10 8 10 10 8 10 10 8 8 10 10 10 10 10 10 10 10 10 8 10 10 2 10 10
left_child=1 3 -3 4 5 -1 19 8 11 -10 25 12 13 -5 -15 16 17 -16 -14 20 28 -21 -7 -20 -13 -8 27 -9 -6 -26
right_child=-2 2 -4 7 6 22 10 26 9 -11 -12 24 18 14 15 -17 -18 -19 23 21 -22 -23 -24 -25 29 -27 -28 -29 -30 -31
leaf_value=-2.7056071200814524 -1.2431953296735816 -4.8432880308668462 -0.10465811204009587 2.4507273750474643 0.24262705680979313 -1.9753709716530055 -0.93076325813167093 0.28704666374359389 -0.45394930057155281 -5.8080373157441683 -3.9643928389357166 -1.4041178340644189 0.026507005550359133 -0.84472336815148763 -6.7185099164313735 -0.86338045883218617 -0.96463184656699497 -2.1154356249256763 0.057337424461705692 0.1318353902678025 1.8284280706456812 2.7287302982598223 2.0917640330678706 -4.1037023434498927 1.2327231962792657 2.0651678611710946 -0.063138478226122424 -0.19589165374482684 3.4363481437207368 -1.5615178202311137
leaf_weight=3375 7773 816 1115 1622 28936 821 4394 194837 814 903 834 2148 30365 9111 1781 2679 980 992 955 2217 5994 4754 1966 1271 9082 1321 312142 47703 884 1279
leaf_count=3375 7773 816 1115 1622 28936 821 4394 194837 814 903 834 2148 30365 9111 1781 2679 980 992 955 2217 5994 4754 1966 1271 9082 1321 312142 47703 884 1279
internal_value=0.0161458 0.0306426 -2.12174 0.036839 0.41443 -1.08015 0.60129 0.00296184 -0.391336 -3.28708 -0.716007 -0.310969 -0.513014 -1.23053 -1.61601 -2.70555 -4.01475 -5.08535 -0.134854 0.803045 0.588239 1.90421 0.89088 -2.32626 0.492454 -0.235868 0.04845 0.192058 0.338424 0.886619
internal_weight=683864 676091 1931 674160 55496 6162 49334 618664 63982 1717 6549 62265 49756 17165 15543 6432 3753 2773 32591 42785 35814 6971 2787 2226 12509 5715 554682 242540 29820 10361
internal_count=683864 676091 1931 674160 55496 6162 49334 618664 63982 1717 6549 62265 49756 17165 15543 6432 3753 2773 32591 42785 35814 6971 2787 2226 12509 5715 554682 242540 29820 10361
is_linear=0
shrinkage=0.04


Tree=100
num_leaves=31
num_cat=0
split_feature=31 51 33 22 9 28 3 36 49 21 43 3 43 8 2 5 14 33 9 21 16 43 32 3 51 8 16 2 7 2
split_gain=6.41687e+06 6.71851e+06 6.47358e+06 7.08874e+06 5.87343e+06 5.68071e+06 6.57473e+06 6.15603e+06 5.95773e+06 5.72856e+06 5.61996e+06 4.94944e+06 4.94779e+06 4.80188e+06 7.6093e+06 7.32657e+06 5.01183e+06 5.0839e+06 5.81398e+06 5.61368e+06 6.38397e+06 4.73484e+06 4.6454e+06 5.31987e+06 5.45086e+06 4.59427e+06 4.58104e+06 4.56289e+06 4.49974e+06 4.26879e+06
threshold=52.975000381469734 0.048394260928034789 16.898509025573734 1.0000000180025095e-35 -0.014535427093505858 1.2965671420097353 0.043017864227294929 -0.32250213623046869 -0.055446295067667954 32.620439529418952 7.5000000000000009 -0.13932514190673825 2.5000000000000004 -0.25069844722747797 0.012799978256225588 -0.6508880853652953 0.99777778983116161 18.079902648925785 -0.10197040438652037 4.9497797489166269 -0.0050511071458458892 34.500000000000007 1.7010730504989626 -0.090608596801757799 -0.031040714122354981 -0.16316962242126462 0.031074883416295055 0.099778652191162123 -0.62384316325187672 -0.13179874420166013
decision_type=10 8 10 10 10 8 10 10 8 10 2 10 2 10 10 10 8 10 8 10 10 2 10 10 10 10 10 10 8 10
left_child=5 2 4 -4 25 8 7 22 -1 -8 -3 21 -10 14 16 -15 17 18 -14 -19 -21 -5 -7 24 29 -2 27 -11 -17 -24
right_child=1 10 3 11 -6 6 9 -9 12 26 -12 -13 13 15 -16 28 -18 19 -20 20 -22 -23 23 -25 -26 -27 -28 -29 -30 -31
leaf_value=1.1715736764305607 2.454997193403226 2.0105402233738361 -3.1280464520365845 3.9231875873507587 1.8015703951709583 -0.55931374770125697 1.4961087200210799 0.66591099366099704 -1.1565613647757822 -0.27163332930828238 -0.87480198331610481 0.17147435504756792 -0.83915499952987394 2.2398487102419606 0.94825435160773563 2.6149992822701074 -3.5650670533930731 1.8787242560416355 -4.9227406020471856 -3.3313693948257606 -0.11513671303476607 0.84053298634994122 0.70637566455426515 -2.1985683330038843 2.6811689784379658 -0.47844106569480455 -1.7222984134170627 0.46460178620818737 0.0046572678097053927 -3.0779495361365146
leaf_weight=6828 1051 1167 1013 975 7919 51938 3715 5738 6019 44158 13180 154668 1340 2371 3200 1050 1333 1395 952 1342 3665 4231 924 6155 800 4374 2714 19368 329904 969
leaf_count=6828 1051 1167 1013 975 7919 51938 3715 5738 6019 44158 13180 154668 1340 2371 3200 1050 1333 1395 952 1342 3665 4231 924 6155 800 4374 2714 19368 329904 969
internal_value=-0.00573405 0.192865 0.261387 0.191131 1.10768 -0.0812619 -0.300951 -0.585619 0.00216949 -0.0302006 -0.638868 0.212356 -0.0205101 -0.000746125 -0.747908 0.0289243 -1.28962 -0.937048 -2.54932 -0.356758 -0.982089 1.42428 -0.703849 -1.55069 -0.0672626 0.0933333 -0.116015 -0.0471299 0.0130177 -1.23676
internal_weight=684456 188578 174231 160887 13344 495878 136479 66524 359399 69955 14347 159874 352571 346552 13227 333325 10027 8694 2292 6402 5007 5206 60786 8848 2693 5425 66240 63526 330954 1893
internal_count=684456 188578 174231 160887 13344 495878 136479 66524 359399 69955 14347 159874 352571 346552 13227 333325 10027 8694 2292 6402 5007 5206 60786 8848 2693 5425 66240 63526 330954 1893
is_linear=0
shrinkage=0.04


Tree=101
num_leaves=31
num_cat=0
split_feature=32 22 17 12 33 12 12 39 33 7 36 5 6 6 33 12 12 48 33 31 16 5 39 6 0 3 32 15 51 48
split_gain=4.29407e+06 6.20979e+06 6.10489e+06 8.95717e+06 1.07577e+07 6.50942e+06 8.1933e+06 6.11364e+06 6.20837e+06 7.0449e+06 6.03484e+06 7.84813e+06 7.11715e+06 5.73838e+06 5.65997e+06 5.37078e+06 5.46045e+06 6.18099e+06 4.6398e+06 6.80596e+06 4.87471e+06 8.00874e+06 7.94729e+06 5.28069e+06 6.44577e+06 5.55616e+06 5.43578e+06 5.02366e+06 5.5199e+06 4.80354e+06
threshold=2.1076766252517705 1.0000000180025095e-35 0.13111449778079989 0.04926454275846482 18.840466499328617 0.024586066603660587 0.016564158722758297 -0.11955163255333899 20.785014152526859 0.091676115989685072 -0.54889681935310353 -0.11677050590515135 0.29960012435913091 0.52844333648681652 18.214642524719242 0.041742512956261642 0.029193035326898101 0.033013451844453819 16.686437606811527 67.415000915527358 0.0072357559110969314 0.19174861907958987 0.074722189456224455 1.5579099655151369 -0.023644685745239254 0.07097411155700685 1.1903815865516665 -0.60975408554077137 0.017980230972170833 0.23378856480121615
decision_type=8 10 2 10 10 8 10 10 10 8 10 8 8 8 10 10 8 8 10 10 8 8 10 10 10 10 10 2 10 10
left_child=1 -1 3 5 -5 6 -2 8 9 -6 11 -8 -13 14 -7 16 -16 -18 19 -3 21 29 23 24 25 -23 -25 -22 -29 -20
right_child=2 18 -4 4 7 13 10 -9 -10 -11 -12 12 -14 -15 15 -17 17 -19 20 -21 27 22 -24 26 -26 -27 -28 28 -30 -31
leaf_value=-3.4410079728086993 1.7732067603173836 0.15212510746876226 2.268076389044821 -4.4605889438612811 1.7921817392772317 -2.9838130432839156 0.20826206274521655 -3.8130133184578261 3.0047635163296174 -2.9039572068172346 0.31395311518727104 -5.8183248096275193 -2.073665799098908 0.94712686397668711 0.79604170681917719 2.1734690476837653 1.8725202659817124 -1.8354650744564376 -0.0052736671307929287 1.7337933778250598 -0.56936599837746282 0.91838561577962552 -0.87139811601151229 -3.8999415748080635 0.44087317312507412 2.9011697916655232 0.57356884553318932 0.17920564973761885 -0.38882062017034974 1.4118302275765586
leaf_weight=809 1213 14218 1291 1858 837 1228 1238 804 834 1282 1602 1309 2163 8398 3302 1399 843 4626 381031 6265 38073 8127 6933 852 69787 3132 872 71042 44516 3856
leaf_count=809 1213 14218 1291 1858 837 1228 1238 804 834 1282 1602 1309 2163 8398 3302 1399 843 4626 381031 6265 38073 8127 6933 852 69787 3132 872 71042 44516 3856
internal_value=0.0168086 0.0398225 -0.4198 -0.525814 -1.97939 -0.22646 -1.22705 -0.74375 0.101953 -1.04929 -1.80551 -2.52554 -3.49812 0.154319 -0.430138 -0.11916 -0.4869 -1.26154 0.0442164 0.63651 0.024895 0.0882905 0.428634 0.537619 0.584287 1.47204 -1.64698 -0.170937 -0.0396278 0.00895994
internal_weight=683740 649513 34227 32936 5615 27321 7525 3757 2953 2119 6312 4710 3472 19796 11398 10170 8771 5469 648704 20483 628221 474590 89703 82770 81046 11259 1724 153631 115558 384887
internal_count=683740 649513 34227 32936 5615 27321 7525 3757 2953 2119 6312 4710 3472 19796 11398 10170 8771 5469 648704 20483 628221 474590 89703 82770 81046 11259 1724 153631 115558 384887
is_linear=0
shrinkage=0.04


Tree=102
num_leaves=31
num_cat=0
split_feature=40 5 48 52 7 9 12 8 16 36 2 15 48 48 50 28 12 2 5 15 15 16 23 4 3 18 5 43 7 52
split_gain=4.70395e+06 6.86114e+06 5.46501e+06 5.15795e+06 7.81748e+06 8.81099e+06 8.44014e+06 6.9262e+06 7.79202e+06 7.26594e+06 7.86074e+06 6.86736e+06 6.4495e+06 6.17218e+06 6.54591e+06 6.30094e+06 6.90576e+06 5.8182e+06 5.5307e+06 7.63316e+06 5.43993e+06 5.42748e+06 6.15571e+06 5.73171e+06 5.31981e+06 5.23707e+06 5.3881e+06 5.1589e+06 5.10731e+06 4.91674e+06
threshold=0.68733203411102306 -0.26299834251403803 -0.014636166859418152 -0.15146155655384061 -0.21879407763481137 -0.14332723617553708 0.034812903031706817 -0.080101430416107164 -0.027214558795094487 -0.62486729025840748 -0.0944540500640869 0.23146671056747439 -0.0079793552868068201 -0.015862104482948777 -0.011846626177430151 0.69323953986167919 0.06501584500074388 -0.033405780792236321 0.026958227157592777 -0.5592437982559203 0.30054628849029547 0.0034731021150946621 -0.17784380912780759 -0.074551820755004869 0.05190014839172364 0.10545009002089502 0.39538121223449713 1.0000000180025095e-35 0.10400766134262086 -0.067229315638542161
decision_type=10 8 10 8 8 8 10 8 10 8 8 2 8 8 10 8 10 10 10 2 2 10 8 8 8 2 10 2 8 8
left_child=3 -2 -3 4 6 -6 -1 8 17 27 21 -8 -10 14 -12 16 24 20 19 28 -5 22 -11 -23 -15 26 -17 -9 -7 -29
right_child=1 2 -4 7 5 18 11 9 12 10 13 -13 -14 15 -16 25 -18 -19 -20 -21 -22 23 -24 -25 -26 -27 -28 29 -30 -31
leaf_value=1.3882492666125945 3.0115459135464522 -0.39351367201261594 0.58802023218585842 -1.2108088062388114 0.86921508651860324 -2.4256017367956435 -1.2020530736743313 -2.7997555551887339 1.3998011598598061 3.6766798116268138 0.47666873397150911 1.2211585898120165 0.30868266517518134 0.20142441905497632 -1.0821005515123678 -0.018841430562864844 -2.6014793209674001 0.95156906002669162 -0.33021008965123516 -1.1034833192974534 -5.1506005822704228 -2.4531016553564466 0.91182103789426805 0.89788153037338703 0.94343270103687982 2.1375462467870965 -0.61461027725800987 -1.0697495417418548 -5.759901643849294 -0.21256248725948423
leaf_weight=5931 1543 12719 31629 1832 3465 3077 6815 1367 10147 2100 5914 2569 59188 83285 15840 274955 1284 1172 5914 7959 804 1058 3333 3461 18976 1717 26632 12437 971 76632
leaf_count=5931 1543 12719 31629 1832 3465 3077 6815 1367 10147 2100 5914 2569 59188 83285 15840 274955 1284 1172 5914 7959 804 1058 3333 3461 18976 1717 26632 12437 971 76632
internal_value=0.0069572 0.39808 0.306491 -0.0211451 -0.481454 -0.975304 0.208349 0.00691899 0.371728 -0.0435288 0.0237932 -0.538072 0.468544 -0.00202467 -0.658312 0.033082 0.30248 -1.38768 -1.33222 -1.82508 -2.4274 1.13458 1.9853 0.109656 0.339194 -0.0588949 -0.0714701 -0.369963 -3.23763 -0.332361
internal_weight=684726 45891 44348 638835 36701 21386 15315 602134 73143 528991 438555 9384 69335 428603 21754 406849 103545 3808 17921 12007 2636 9952 5433 4519 102261 303304 301587 90436 4048 89069
internal_count=684726 45891 44348 638835 36701 21386 15315 602134 73143 528991 438555 9384 69335 428603 21754 406849 103545 3808 17921 12007 2636 9952 5433 4519 102261 303304 301587 90436 4048 89069
is_linear=0
shrinkage=0.04


Tree=103
num_leaves=31
num_cat=0
split_feature=5 47 33 33 10 32 6 12 14 41 52 33 52 4 6 39 33 6 12 23 14 43 21 14 17 25 10 34 32 23
split_gain=4.39974e+06 8.01391e+06 9.88559e+06 7.52487e+06 6.62659e+06 1.13742e+07 2.02942e+07 1.21234e+07 9.22605e+06 7.67701e+06 7.04773e+06 6.94045e+06 6.63229e+06 8.46322e+06 6.61221e+06 7.02048e+06 8.98357e+06 7.73261e+06 7.68863e+06 8.15888e+06 6.44244e+06 1.11245e+07 6.15203e+06 6.13984e+06 6.40782e+06 6.10355e+06 1.02413e+07 5.86421e+06 5.78789e+06 5.63667e+06
threshold=-0.27158308029174799 -0.1303257346153259 22.249516487121586 21.083939552307132 -0.37572225928306574 0.77341252565383922 0.080188751220703139 0.035747520625591285 0.84160655736923229 1.0000000180025095e-35 0.0021920241415500645 20.207259178161625 0.26137563586235052 0.0039050579071044926 -1.3762149810791013 -0.32628202438354487 17.701019287109379 0.10694050788879396 0.023234459571540359 -0.059798032045364373 0.40310128033161169 39.500000000000007 63.261608123779304 0.9879153072834016 0.089521285146474852 1.0000000180025095e-35 -0.62669265270233143 0.1941272169351578 0.82954415678977977 -0.13947668671607968
decision_type=10 10 8 10 8 10 8 8 10 2 10 10 10 8 10 10 10 10 10 10 10 2 10 10 2 2 8 10 8 10
left_child=1 23 3 28 5 6 -2 8 11 27 -10 14 13 -9 -7 16 -16 18 19 20 -18 -22 -12 25 -25 -1 -27 -6 -3 -15
right_child=4 2 -4 -5 9 7 -8 12 10 -11 22 -13 -14 29 15 -17 17 -19 -20 -21 21 -23 -24 24 -26 26 -28 -29 -30 -31
leaf_value=0.53655893178316716 -1.0295860935301753 -1.9506410660549685 -2.4613709080713195 4.0058417160700284 0.0002043814916404196 1.5822143896229366 -6.7877979652138354 -0.017910284253767925 -0.91713773981157187 1.6170185344010282 -5.6028267607953604 0.61070182549485719 -2.4243812700676988 3.9528631625020392 0.4756316833954638 0.53755593308519389 -2.0266662183022062 -4.4573072306664843 -0.53952967028961163 -0.41121276195769829 -2.1797969186306001 -8.8660782022211286 -1.4294789957954024 -2.6051018069341394 1.4720676782383368 -2.1948837611972447 0.19221848147242557 -0.81982791831919233 1.757785240460175 1.2895372497830928
leaf_weight=33700 10484 801 883 2100 538703 1901 1071 7992 3534 4606 1278 9251 1011 1585 3874 4517 1738 1450 7298 1838 800 800 1023 2396 822 3897 10888 14314 3991 6373
leaf_count=33700 10484 801 883 2100 538703 1901 1071 7992 3534 4606 1278 9251 1011 1585 3874 4517 1738 1450 7298 1838 800 800 1023 2396 822 3897 10888 14314 3991 6373
internal_value=-0.0216202 0.307103 1.50356 2.01438 -0.0528854 -0.426199 -1.56871 -0.19132 -0.577012 -0.00747616 -2.04336 -0.320819 0.702217 0.901793 -0.676784 -0.869849 -1.22714 -1.70089 -1.37717 -2.5549 -3.73052 -5.55724 -3.76162 0.126925 -1.5623 0.23934 -0.438027 -0.0210353 1.13514 1.82429
internal_weight=684919 59478 7775 6892 625441 67818 11555 56263 39302 557623 5835 33467 16961 15950 24216 22315 17798 13924 12474 5176 3338 1600 2301 51703 3218 48485 14785 553017 4792 7958
internal_count=684919 59478 7775 6892 625441 67818 11555 56263 39302 557623 5835 33467 16961 15950 24216 22315 17798 13924 12474 5176 3338 1600 2301 51703 3218 48485 14785 553017 4792 7958
is_linear=0
shrinkage=0.04


Tree=104
num_leaves=31
num_cat=0
split_feature=16 15 3 19 48 31 29 43 35 15 13 43 1 8 33 49 49 13 29 43 28 2 11 2 29 29 4 28 41 33
split_gain=4.68418e+06 5.42536e+06 4.5315e+06 1.00836e+07 5.04541e+06 5.20606e+06 7.16246e+06 9.24287e+06 6.351e+06 7.04923e+06 8.95082e+06 6.39127e+06 6.30911e+06 5.84413e+06 5.61569e+06 5.49644e+06 5.29954e+06 5.26361e+06 7.71054e+06 5.08902e+06 5.24401e+06 7.16202e+06 5.05696e+06 4.98881e+06 5.0097e+06 4.93861e+06 4.83095e+06 4.82741e+06 4.62564e+06 4.50742e+06
threshold=0.028667148202657703 -0.67354848980903614 0.14047217369079593 1.5000000000000002 -0.18334504961967465 61.585000991821296 1.0299522876739504 5.5000000000000009 0.0046030064113438138 -0.5110793113708495 0.79636877775192272 3.5000000000000004 -0.048059940338134759 inf 16.898509025573734 0.069169644266366972 0.025437370873987678 0.48216281831264501 0.48055011034011846 7.5000000000000009 0.21353093534708026 -0.034103631973266595 0.66194152832031261 0.018660306930541996 1.6420053243637087 0.90448310971260082 0.027347087860107425 0.38621665537357336 1.0000000180025095e-35 16.42058086395264
decision_type=10 2 10 2 8 10 8 2 8 2 8 2 8 8 8 8 10 10 10 2 10 10 10 10 8 10 10 8 2 10
left_child=2 -2 4 -4 -1 6 7 15 28 10 22 -12 26 16 -7 -6 17 18 -9 -16 -21 25 -10 24 -14 -22 -13 -11 -8 -19
right_child=1 -3 3 -5 5 14 8 13 9 27 11 12 23 -15 19 -17 -18 29 -20 20 21 -23 -24 -25 -26 -27 -28 -29 -30 -31
leaf_value=1.5306511864291659 -1.9236128216492066 -0.23795344206288338 0.22078751478995315 2.4346461790241101 -0.21655584475702011 1.1849875503066643 0.047621363310876574 4.4212054457666685 -1.0305207380569237 1.1011441040280627 -2.0602178127080597 -0.12360269187426177 -0.49219218532323367 -3.1076157919243652 1.2412245475584969 -2.6374350673295073 -0.81960110591089663 -1.297640065277528 0.65552910259306585 -3.102201799115456 -0.28875011654947241 -0.083459117545365016 -2.8233414161854742 0.0018742908012441099 -1.6293665470494392 1.3487886451533009 1.4888890722871819 -0.19971456024028045 1.6549284749849256 0.17371827145858329
leaf_weight=3353 4176 11320 31824 3662 2930 9235 73513 1079 6689 4703 3693 8963 16682 878 6312 3070 8783 3374 4351 819 4076 65472 4046 14766 9866 10597 4437 144797 2971 214249
leaf_count=3353 4176 11320 31824 3662 2930 9235 73513 1079 6689 4703 3693 8963 16682 878 6312 3070 8783 3374 4351 819 4076 65472 4046 14766 9866 10597 4437 144797 2971 214249
internal_value=-0.00585739 -0.693168 0.0100683 0.44987 -0.0145663 -0.0228098 -0.071688 0.0912211 -0.203456 -0.3132 -0.647147 -0.451865 -0.34295 0.131214 0.247534 -1.45757 0.143613 0.181576 1.41056 0.148214 0.0628593 0.095586 -1.70823 -0.587542 -0.915253 0.894011 0.411037 -0.158721 0.110265 0.150848
internal_weight=684686 15496 669190 35486 633704 630351 533840 238714 295126 218642 69142 58407 54714 232714 96511 6000 231836 223053 5430 87276 80964 80145 10735 41314 26548 14673 13400 149500 76484 217623
internal_count=684686 15496 669190 35486 633704 630351 533840 238714 295126 218642 69142 58407 54714 232714 96511 6000 231836 223053 5430 87276 80964 80145 10735 41314 26548 14673 13400 149500 76484 217623
is_linear=0
shrinkage=0.04


Tree=105
num_leaves=31
num_cat=0
split_feature=49 34 48 35 31 31 1 21 18 47 15 14 31 52 33 18 0 32 38 9 0 0 48 11 14 11 37 12 39 32
split_gain=4.22877e+06 6.12576e+06 4.93349e+06 4.51208e+06 5.42491e+06 4.31029e+06 1.60113e+07 3.91914e+06 4.87096e+06 3.91453e+06 5.5525e+06 8.5755e+06 6.50947e+06 7.32988e+06 9.57212e+06 6.83315e+06 5.58351e+06 5.57928e+06 5.4856e+06 5.33822e+06 6.32542e+06 5.25828e+06 5.21578e+06 4.92921e+06 4.98395e+06 4.86555e+06 5.29732e+06 5.20646e+06 4.81605e+06 5.05665e+06
threshold=-0.064153354614973054 0.10157021507620813 -0.048343937844038003 0.027569409459829334 56.07500076293946 92.055000305175795 -0.016602277755737301 1.5014843344688418 -0.0057306562084704629 -0.0023768859682604666 -0.49999982118606562 0.98976975679397594 65.354999542236342 -0.054664056748151772 21.369535446166996 -0.062116453424096101 -0.018481492996215817 1.1287811994552615 0.24402514100074771 0.046073198318481452 -0.05190682411193847 -0.0067784786224365226 -0.015862104482948777 1.0333538055419924 0.94147637486457836 2.9519660472869877 -0.0040213763713836661 0.023348038084805015 0.065804891288280501 1.280706584453583
decision_type=8 8 8 10 10 8 8 8 2 10 2 8 10 8 10 2 10 8 10 8 10 8 8 10 10 10 10 10 8 8
left_child=1 -1 -3 5 -5 7 -7 8 -2 10 11 12 13 14 15 17 19 -9 21 -15 -21 -11 -20 24 -18 26 -17 -28 -12 -30
right_child=3 2 -4 4 -6 6 -8 9 -10 18 28 -13 -14 16 -16 25 23 -19 22 20 -22 -23 -24 -25 -26 -27 27 -29 29 -31
leaf_value=1.7364678530076867 1.0291812070503032 2.4922855879466712 -0.96541707804270205 -0.57221051965725811 0.44140588490215665 -6.1572429674680631 0.3871563842734031 -5.1267171495529302 -1.081224840695042 1.1786860039714719 -0.27620392244390424 -2.5542425023965865 0.59021187783689955 -0.0058498888249828218 1.3351124583373246 -1.0255091490717163 -0.062262059001715463 -1.451255449503162 -1.0689970352767342 3.6648820158117985 0.67046862748430303 0.27286183955278925 0.090955296820076845 -1.073747414269425 -2.3351843670950916 1.9741382760076338 -0.46593845817361712 3.176458025357491 0.23007521828646257 -0.13351616915130116
leaf_weight=5287 11173 807 3433 42757 10520 836 2038 1051 2066 14054 62151 2534 14558 29274 3199 29374 37423 1784 6947 1304 8062 37880 57172 12313 1600 984 1788 956 190003 90270
leaf_count=5287 11173 807 3433 42757 10520 836 2038 1051 2066 14054 62151 2534 14558 29274 3199 29374 37423 1784 6947 1304 8062 37880 57172 12313 1600 984 1788 956 190003 90270
internal_value=-0.00695634 0.829437 -0.302996 -0.0187896 -0.372018 0.0115302 -1.53125 0.0187305 0.699276 0.00381914 -0.0457811 -0.252128 -0.21135 -0.301768 -0.758678 -0.94538 -0.102968 -2.82706 0.212641 0.260191 1.09084 0.518169 -0.0348673 -0.376312 -0.15603 -0.783419 -0.86849 0.809986 0.0423274 0.11297
internal_weight=683598 9527 4240 674071 53277 620794 2874 617920 13239 604681 488628 146204 143670 129112 39136 35937 89976 2835 116053 38640 9366 51934 64119 51336 39023 33102 32118 2744 342424 280273
internal_count=683598 9527 4240 674071 53277 620794 2874 617920 13239 604681 488628 146204 143670 129112 39136 35937 89976 2835 116053 38640 9366 51934 64119 51336 39023 33102 32118 2744 342424 280273
is_linear=0
shrinkage=0.04


Tree=106
num_leaves=31
num_cat=0
split_feature=32 31 51 9 48 13 49 42 13 15 19 52 8 11 5 48 11 5 31 32 49 5 21 19 36 38 15 48 8 36
split_gain=4.23013e+06 4.35159e+06 6.7325e+06 4.75098e+06 6.64023e+06 5.7443e+06 8.33739e+06 9.14708e+06 6.79899e+06 5.90366e+06 5.82727e+06 6.50421e+06 7.17224e+06 6.82963e+06 5.72363e+06 5.63242e+06 5.61577e+06 5.75678e+06 5.54212e+06 7.11074e+06 5.39186e+06 5.14543e+06 6.29746e+06 5.0281e+06 4.97819e+06 4.92302e+06 4.8222e+06 5.30455e+06 4.82107e+06 4.80527e+06
threshold=0.05225550755858422 62.23500061035157 0.028539160266518596 0.020739495754241947 -0.015862104482948777 0.98333284258842479 0.018058529123663906 1.0000000180025095e-35 0.48216281831264501 -0.20470516383647916 3.5000000000000004 -0.27359706163406367 -0.16983544826507566 0.20538294315338138 -0.232693076133728 -0.062715370208024965 0.63978838920593273 -0.039346456527709954 14.894999980926515 1.61158162355423 -0.028589074499905106 0.39538121223449713 13.78053140640259 1.0000000180025095e-35 -0.87042674422264088 1.9426332116127016 -0.8620694875717162 0.13513375073671344 0.037133574485778816 -0.86502256989479054
decision_type=8 10 10 8 8 10 8 2 8 2 2 10 8 10 10 8 10 8 10 10 10 10 10 2 10 8 2 8 8 8
left_child=-1 3 -3 5 -5 6 14 8 -8 29 11 13 15 25 24 -13 17 -9 19 -16 28 23 -23 -6 -2 -7 27 -14 -12 -10
right_child=1 2 -4 4 21 10 7 16 9 -11 20 12 26 -15 18 -17 -18 -19 -20 -21 -22 22 -24 -25 -26 -27 -28 -29 -30 -31
leaf_value=-0.79453191892383834 -1.1031507183371521 0.40498380071089274 -0.53880588985068445 -0.76268523528277032 0.072364331228397014 -0.097089281656666776 1.2006349753654162 -3.2579392318788885 -2.3816491756715799 -0.16500079566750148 0.80272167386841253 -1.2629037803019589 0.43562537003556889 1.0651614886148117 -0.043347661972559522 1.2571567320513832 -5.0816778645234955 1.132531785055475 0.067025620605687078 -4.8838683935253036 -1.0486651326954779 2.8656628622662983 -0.45894926245654943 0.49818441381314837 2.4518225483972631 -3.6244524981809474 -0.044641187274093934 -3.4282861333219756 3.0903641479980481 -0.66769757878309577
leaf_weight=10847 810 77355 14325 13419 121249 900 3969 1120 2729 51654 10915 1625 950 1121 1155 10811 1010 821 56984 828 2155 933 27465 69967 2754 2129 131051 1398 1697 59821
leaf_count=10847 810 77355 14325 13419 121249 900 3969 1120 2729 51654 10915 1625 950 1121 1155 10811 1010 821 56984 828 2155 933 27465 69967 2754 2129 131051 1398 1697 59821
internal_value=-0.0112696 0.0013639 0.257474 -0.0390226 0.100783 -0.132532 -0.286359 -0.479991 -0.424931 -0.481525 0.0389505 -0.0357149 0.00877164 -1.59528 0.0887279 0.927113 -2.676 -1.40458 -0.00547881 -2.07887 0.796821 0.153576 -0.348751 0.228192 1.64305 -2.58014 -0.0769029 -1.86973 1.11274 -0.742844
internal_weight=683967 673120 91680 581440 233033 348407 183655 121124 118173 114204 164752 149985 145835 4150 62531 12436 2951 1941 58967 1983 14767 219614 28398 191216 3564 3029 133399 2348 12612 62550
internal_count=683967 673120 91680 581440 233033 348407 183655 121124 118173 114204 164752 149985 145835 4150 62531 12436 2951 1941 58967 1983 14767 219614 28398 191216 3564 3029 133399 2348 12612 62550
is_linear=0
shrinkage=0.04


Tree=107
num_leaves=31
num_cat=0
split_feature=29 32 46 21 4 51 31 52 11 7 3 21 6 11 7 6 32 7 36 5 52 14 1 14 5 32 29 41 4 51
split_gain=4.61859e+06 4.63551e+06 4.47345e+06 4.72843e+06 8.12144e+06 5.7714e+06 5.43358e+06 5.57195e+06 5.16593e+06 5.05108e+06 4.76605e+06 4.62348e+06 4.59693e+06 6.77307e+06 8.73801e+06 1.97604e+07 9.96881e+06 6.15514e+06 6.15071e+06 5.97918e+06 7.55403e+06 8.07468e+06 6.11714e+06 5.8095e+06 6.78191e+06 5.8016e+06 5.47343e+06 5.36305e+06 5.31101e+06 5.74455e+06
threshold=15.750433921813967 0.95626187324523937 0.031227719970047477 4.9497797489166269 0.11518859863281251 -0.022468979470431801 80.575000762939467 -0.41820436716079706 0.06060606241226197 -0.33297660946846003 -0.14549183845520017 79.065219879150405 -0.0038337707519531246 1.0333538055419924 -0.20217898488044736 1.5579099655151369 1.0504085421562197 0.55780732631683361 -0.27714164555072779 -0.232693076133728 0.0053670024499297151 0.99466660618782055 -0.11792838573455809 0.75277811288833629 0.57474732398986828 0.99413257837295543 0.42002686858177191 1.0000000180025095e-35 0.0096819400787353533 -0.038501407951116555
decision_type=10 10 10 8 10 8 8 10 8 8 10 8 8 10 10 8 10 10 10 8 10 10 10 8 10 8 10 2 10 10
left_child=2 -2 3 4 5 6 7 -1 -7 -9 -11 -4 17 27 15 16 -15 18 19 20 21 22 -5 24 28 -17 -16 -14 -21 -30
right_child=1 -3 11 12 -6 8 -8 9 -10 10 -12 -13 13 14 26 25 -18 -19 -20 23 -22 -23 -24 -25 -26 -27 -28 -29 29 -31
leaf_value=3.7453599317784891 0.10460999663169068 -3.3551776361104584 1.0140844854933952 -2.466202632864726 3.5265347847892801 -2.4704677416339811 -2.4858645300835556 -1.0335108650362572 -0.14722493658896157 1.6474716017426787 0.40047396677084285 0.0012947845253421209 0.095947695513491249 -1.5441111922013273 1.866783165911359 -2.2205794498884588 -7.0900712027469321 2.1283350842871052 0.51235677379267375 -0.48429087256369668 -0.93107054750023144 -2.8204960500067777 0.77469616893617443 -0.86896742633396684 -3.3703997525572778 1.4105775065911268 -0.22107671567510601 2.0258628108848487 1.5228812782341956 -0.061670086800896091
leaf_weight=845 1162 1316 13514 960 1241 1936 956 3216 7194 5969 27342 15452 295400 893 2041 1054 1250 1759 15917 65073 7632 1112 23933 34709 1114 2071 98235 2312 3977 44721
leaf_count=845 1162 1316 13514 960 1241 1936 956 3216 7194 5969 27342 15452 295400 893 2041 1054 1250 1759 15917 65073 7632 1112 23933 34709 1114 2071 98235 2312 3977 44721
internal_value=-0.0186137 -1.73889 -0.0123362 -0.0339206 0.345201 0.261285 0.476572 0.552998 -0.642028 0.478142 0.624351 0.473996 -0.0644851 0.0133955 -0.261913 -1.84826 -4.79694 -0.220798 -0.241653 -0.307177 0.174651 0.499394 0.648771 -0.415523 -0.278465 0.182684 -0.178399 0.111003 -0.247897 0.0680209
internal_weight=684306 2478 681828 652862 48699 47458 38328 37372 9130 36527 33311 28966 604163 403256 105544 5268 2143 200907 199148 183231 33637 26005 24893 149594 114885 3125 100276 297712 113771 48698
internal_count=684306 2478 681828 652862 48699 47458 38328 37372 9130 36527 33311 28966 604163 403256 105544 5268 2143 200907 199148 183231 33637 26005 24893 149594 114885 3125 100276 297712 113771 48698
is_linear=0
shrinkage=0.04


Tree=108
num_leaves=31
num_cat=0
split_feature=35 13 12 8 10 15 6 4 6 40 7 46 16 50 14 12 12 46 31 8 7 6 13 6 14 12 31 17 11 1
split_gain=4.8348e+06 4.54252e+06 6.6867e+06 9.00396e+06 7.65609e+06 6.41628e+06 5.95316e+06 6.64273e+06 5.56624e+06 5.26769e+06 6.36618e+06 5.68281e+06 5.50174e+06 5.33589e+06 5.13977e+06 5.84504e+06 7.02985e+06 5.07806e+06 5.93526e+06 5.03777e+06 6.63645e+06 5.22347e+06 5.11182e+06 5.21044e+06 4.80053e+06 1.02349e+07 5.60797e+06 6.67989e+06 6.19752e+06 6.15748e+06
threshold=0.061698816716670997 1.1183072924613955 0.020734003745019439 -0.15699476003646848 -0.40311345458030695 -0.92307448387145985 -0.059780836105346673 -0.057432413101196282 0.32942056655883795 0.0059153437614440927 -0.084795743227004991 -0.079081270843744264 -0.0060754774603992692 -0.14535363018512723 0.95189735293388378 0.043953340500593192 0.038549181073904044 -0.011266157496720551 15.644999980926515 -0.083854675292968736 -0.12957555055618283 -0.20195937156677243 0.82778972387313854 -0.1957592964172363 0.73348909616470348 0.056779554113745696 17.394999504089359 0.09473710879683496 2.3457140922546391 -0.0138094425201416
decision_type=10 10 10 8 10 2 10 8 8 8 10 10 8 8 10 10 10 10 10 10 10 10 10 10 10 10 10 2 10 10
left_child=1 2 3 -1 6 -4 7 -5 9 10 11 12 -3 -11 -15 16 -16 18 -12 20 22 -21 -6 -24 25 -10 27 28 -26 -28
right_child=-2 8 5 4 19 -7 -8 -9 24 13 17 -13 -14 14 15 -17 -18 -19 -20 21 -22 -23 23 -25 26 -27 29 -29 -30 -31
leaf_value=2.9055286888689187 -0.60784190296161034 -3.6058255105077728 -3.422739983618917 -1.929672995584844 3.6812424936791492 -0.20634141111363724 -3.8452917604904333 -0.065581003092542306 0.22623012469959261 3.4082154721924751 -4.7088200463287437 0.79081011983174176 -0.12945929207885701 0.286833057757577 -0.28606277259529062 -0.23158745272184425 -5.4770168771698149 -0.2994981867402487 -1.1500331724439121 -0.48838671231342945 0.13932685974774614 0.13742015382871414 2.6629073450222256 -0.68629563938443394 -0.24252581994924555 -4.105363472860212 1.7542263240367515 2.6064738087992958 -3.7899466128708568 0.57020057974421934
leaf_weight=1781 20986 958 987 4254 1882 214780 948 10823 27871 815 811 10734 2946 68740 836 6514 826 16552 8865 23741 7149 210246 1498 1459 3448 891 10935 961 1012 19679
leaf_count=1781 20986 958 987 4254 1882 214780 948 10823 27871 815 811 10734 2946 68740 836 6514 826 16552 8865 23741 7149 210246 1498 1459 3448 891 10935 961 1012 19679
internal_value=-0.0102423 0.00868407 -0.0560673 0.079021 0.0596971 -0.221212 -0.787175 -0.592468 0.177993 0.0150956 -0.352516 0.31563 -0.989556 0.208383 0.174039 -0.773476 -2.88325 -0.72539 -1.45287 0.1149 0.914306 0.0739058 2.05659 1.01365 0.476093 0.0906642 0.78362 -0.401601 -1.05413 0.993557
internal_weight=683928 662942 479548 263781 262000 215767 16025 15077 183394 118597 40866 14638 3904 77731 76916 8176 1662 26228 9676 245975 11988 233987 4839 2957 64797 28762 36035 5421 4460 30614
internal_count=683928 662942 479548 263781 262000 215767 16025 15077 183394 118597 40866 14638 3904 77731 76916 8176 1662 26228 9676 245975 11988 233987 4839 2957 64797 28762 36035 5421 4460 30614
is_linear=0
shrinkage=0.04


Tree=109
num_leaves=31
num_cat=0
split_feature=47 48 51 11 9 18 6 11 52 32 13 7 11 23 51 7 15 33 52 13 6 0 21 32 12 1 33 46 8 6
split_gain=6.80377e+06 5.99894e+06 6.19695e+06 4.78143e+06 5.14062e+06 7.7798e+06 7.12176e+06 7.89987e+06 7.03884e+06 6.30761e+06 7.84614e+06 6.76268e+06 6.08915e+06 5.98881e+06 6.80722e+06 9.42039e+06 6.40295e+06 5.53942e+06 6.85468e+06 6.39041e+06 6.35105e+06 5.73324e+06 5.37805e+06 1.1359e+07 5.23132e+06 6.61118e+06 6.02801e+06 5.29796e+06 1.00771e+07 7.52348e+06
threshold=-0.27895608544349665 -0.18334504961967465 -0.011969845741987227 0.011221587657928469 -0.14332723617553708 -0.039842590689659112 -0.14371275901794431 0.31424516439437872 -0.14710818976163861 2.1076766252517705 0.7357853651046754 -0.21879407763481137 0.054577112197875984 -0.17212954163551328 0.060102770105004318 0.04463553428649903 0.72633478045463573 19.009734153747562 0.065410725772380843 0.7357853651046754 -0.35835838317871088 -0.040213823318481438 22.43549728393555 0.99413257837295543 0.06501584500074388 0.044081449508666999 19.919356346130375 -0.014174717944115399 -0.092190980911254869 0.81458711624145519
decision_type=8 8 10 8 10 2 8 8 8 8 8 8 10 10 10 8 2 10 10 8 8 10 10 10 10 10 10 8 10 10
left_child=-1 2 -2 -3 5 -5 -7 -8 9 11 -11 -6 -13 14 16 -16 17 18 21 -19 -21 -10 23 -9 27 26 -26 28 -15 -30
right_child=1 3 -4 4 8 6 7 22 13 10 -12 12 -14 24 15 -17 -18 19 -20 20 -22 -23 -24 -25 25 -27 -28 -29 29 -31
leaf_value=-3.4590825021410092 3.8716339781369413 -0.61766637820628223 0.17438571677512571 2.2059427177693518 0.73357112844326522 -1.3465525167784254 3.9357438920846581 -3.9152372364598143 -2.0825975187149308 1.0993715239266435 -3.420780118816523 -2.992733826713263 -0.56318223325381012 1.5200428829310093 0.40793606754878292 -4.846412573262878 -1.7362412451196787 -1.5420469949851028 2.3504467696033435 3.2133306099804857 1.1431478275802422 0.27530577711669174 1.3130278693917521 2.0002357077675232 -4.8028285456553856 0.31355447341655868 -0.34551006205114199 0.028241332304859049 -0.66967747273042333 2.8635396493504084
leaf_weight=906 1279 20567 1661 4169 6002 3356 1136 1164 1959 813 2455 1841 15329 3944 1462 860 1638 1116 2126 3025 10954 10173 3137 923 1224 1730 803 535320 42391 977
leaf_count=906 1279 20567 1661 4169 6002 3356 1136 1164 1959 813 2455 1841 15329 3944 1462 860 1638 1116 2126 3025 10954 10173 3137 923 1224 1730 803 535320 42391 977
internal_value=-0.0140254 -0.00940854 1.79049 -0.0172098 0.00150997 0.762744 0.141857 0.928131 -0.0148598 -0.653891 -2.29635 -0.42136 -0.825274 0.012415 0.534037 -1.55056 0.690675 0.826651 0.260959 1.36045 1.5931 -0.106835 0.267832 -1.30199 -0.0172272 -1.50305 -3.04742 -0.00762046 -0.413305 -0.589439
internal_weight=684440 683534 2940 680594 660027 13885 9716 6360 646142 26440 3268 23172 17170 619702 33313 2322 30991 29353 14258 15095 13979 12132 5224 2087 586389 3757 2027 582632 47312 43368
internal_count=684440 683534 2940 680594 660027 13885 9716 6360 646142 26440 3268 23172 17170 619702 33313 2322 30991 29353 14258 15095 13979 12132 5224 2087 586389 3757 2027 582632 47312 43368
is_linear=0
shrinkage=0.04


Tree=110
num_leaves=31
num_cat=0
split_feature=5 13 4 39 14 33 13 43 33 5 41 42 34 48 37 11 31 7 43 11 11 48 31 16 2 51 14 9 11 33
split_gain=4.07437e+06 3.49587e+06 5.89594e+06 6.21781e+06 4.95117e+06 8.98231e+06 6.11257e+06 4.16201e+06 3.84374e+06 3.90693e+06 3.7685e+06 4.02784e+06 6.41785e+06 5.93315e+06 7.81891e+06 3.72111e+06 3.55261e+06 3.50283e+06 4.07678e+06 3.66909e+06 3.50223e+06 3.48127e+06 3.41406e+06 5.42065e+06 6.93461e+06 5.23313e+06 4.5631e+06 3.62131e+06 7.05049e+06 6.23988e+06
threshold=0.92229580879211437 1.4823876023292544 0.23335742950439456 -0.29796662926673884 0.98976975679397594 21.921918869018558 1.2087035179138186 23.500000000000004 20.335533142089847 -0.26299834251403803 1.0000000180025095e-35 1.0000000180025095e-35 0.0032692019594833259 0.12926220148801806 -0.010442823171615599 0.49666756391525274 49.414999008178718 -0.074888169765472398 48.500000000000007 0.1250947713851929 0.38387072086334234 0.063929233700037016 70.854999542236342 -0.030353207141160961 -0.041342973709106438 -0.023832605220377442 0.24484481662511828 -0.10197040438652037 0.063662111759185805 18.914936065673832
decision_type=10 10 10 10 10 10 10 2 10 8 2 2 8 8 8 10 10 8 2 10 10 8 10 8 10 10 8 8 8 10
left_child=1 4 3 7 10 6 -6 -3 9 16 11 22 -13 20 -15 -16 -9 19 -19 -12 -14 -5 27 -24 25 26 -25 28 -1 -30
right_child=-2 2 -4 21 5 -7 -8 8 -10 -11 17 12 13 14 15 -17 -18 18 -20 -21 -22 -23 23 24 -26 -27 -28 -29 29 -31
leaf_value=-0.36970044378510381 -1.6446871790917692 -2.5276236652569719 2.9736336872548463 0.6138229200650086 -2.3312907735648181 -4.8983049850592311 0.82346957983634128 0.61441161028142255 -1.9517003840473184 -0.38384112988214009 1.415605723963876 0.43019086795871658 -1.54063161693762 -4.6343113243618834 0.22785842514928512 -2.5704976504889721 3.8256550496721968 0.86424133716467422 3.7610148018540377 -2.3737327632084946 1.6961340929653512 3.090143051169469 -2.6036334071833425 0.58065937417233193 0.22790171771944653 -0.89996321213731967 3.2486498339554739 -0.03145597561790997 0.026107470804558421 1.5835356397357512
leaf_weight=10647 2373 1122 1541 2074 1647 881 2406 1582 1204 3220 811 4418 979 1558 1543 1486 840 2534 1117 805 1155 1615 945 1572 33032 970 2969 579967 6994 9994
leaf_count=10647 2373 1122 1541 2074 1647 881 2406 1582 1204 3220 811 4418 979 1558 1543 1486 840 2534 1117 805 1155 1615 945 1572 33032 970 2969 579967 6994 9994
internal_value=0.00640081 0.0121729 0.656595 0.348007 -0.000560698 -1.2617 -0.461099 -0.280834 0.0905454 0.529042 0.00883646 0.000300999 -0.753521 -1.53111 -2.34027 -1.14893 1.73929 1.07351 1.75834 -0.475018 0.210966 1.70335 0.0132887 0.373645 0.447298 1.75953 2.32835 -0.0101366 0.437137 0.942731
internal_weight=684001 681628 13198 11657 668430 4934 4053 7968 6846 5642 663496 658229 11139 6721 4587 3029 2422 5267 3651 1616 2134 3689 647090 39488 38543 5511 4541 607602 27635 16988
internal_count=684001 681628 13198 11657 668430 4934 4053 7968 6846 5642 663496 658229 11139 6721 4587 3029 2422 5267 3651 1616 2134 3689 647090 39488 38543 5511 4541 607602 27635 16988
is_linear=0
shrinkage=0.04


Tree=111
num_leaves=31
num_cat=0
split_feature=39 33 8 52 13 52 29 10 32 7 5 21 12 5 10 32 14 7 11 33 12 33 15 52 29 10 5 13 20 52
split_gain=4.25976e+06 4.1649e+06 7.83205e+06 7.03445e+06 4.18906e+06 9.8928e+06 6.86398e+06 6.26053e+06 7.96401e+06 5.86449e+06 5.83719e+06 6.52056e+06 5.22107e+06 6.18545e+06 6.12897e+06 5.86775e+06 5.05094e+06 4.62412e+06 7.93432e+06 1.1796e+07 1.15139e+07 8.71609e+06 6.49917e+06 5.33158e+06 5.26748e+06 4.83986e+06 4.755e+06 4.59624e+06 4.447e+06 6.17425e+06
threshold=-0.45900826156139368 22.791291236877445 -0.11891099810600279 -0.016589272767305371 0.72427439689636242 -0.2469137832522392 0.3523125052452088 -0.54453739523887623 0.76771962642669689 -0.26060113310813898 -0.37344264984130854 34.865064620971687 0.014698017854243519 -0.32730102539062494 -0.3801195621490478 0.77856272459030162 0.68272545933723461 1.029480576515198 0.87486428022384655 18.423960685729984 0.031751221045851714 17.701019287109379 0.14285577088594439 -0.14300679415464398 4.3412184715271005 -0.043047338724136346 -0.0016875267028808592 0.83880397677421581 1.5000000000000002 0.26137563586235052
decision_type=8 8 8 8 10 8 8 8 8 8 10 10 8 8 8 8 10 8 10 10 10 10 2 10 10 10 8 10 2 10
left_child=-1 4 -3 -4 5 -2 -7 8 -8 -9 -10 -12 -11 -14 16 -16 -15 28 19 20 -19 25 24 -21 -23 -20 -22 -25 -6 -30
right_child=1 2 3 -5 17 6 7 9 10 12 11 -13 13 14 15 -17 -18 18 21 23 26 22 -24 27 -26 -27 -28 -29 29 -31
leaf_value=-2.4902848653388392 3.3041484814645594 -4.5144244022570463 0.94386536275603705 -1.2707667629284758 0.14415827629956107 2.0247531543458068 -3.8932830988246399 1.7887668134382355 0.78558448340690601 0.090085880973484495 -3.7314937518044236 -0.19552395654826132 1.5666037774611516 -1.2403822703322118 0.65718301049198136 -0.65196941829831545 -4.1705470182205922 -0.37585720749220086 -5.4147757638921421 -3.8643234121799468 1.084954075258231 -0.8513431387728666 0.85973719195841125 1.6397641342845228 -3.9774850080379434 -1.6301188463532836 4.1566935819413118 -1.0115543439777079 -0.078841456838082954 -1.8964583446430825
leaf_weight=1091 1246 820 3590 6323 410412 2037 1632 2247 2372 36670 1520 1838 2145 4499 6388 38140 1186 3185 1127 866 1328 3519 2641 1250 1136 1054 2079 6170 133018 3049
leaf_count=1091 1246 820 3590 6323 410412 2037 1632 2247 2372 36670 1520 1838 2145 4499 6388 38140 1186 3185 1127 866 1328 3519 2641 1250 1136 1054 2079 6170 133018 3049
internal_value=-0.00423849 -0.000233819 -0.781609 -0.468593 0.0122435 -0.223963 -0.267953 -0.315501 -1.43679 -0.224913 -0.731577 -1.80241 -0.275932 -0.532249 -0.622202 -0.464053 -1.85792 0.0544204 -0.484744 0.0915964 1.35325 -1.38869 -0.723162 -0.912542 -1.62113 -3.60157 2.96605 -0.563298 0.0784578 -0.119707
internal_weight=684578 683487 10733 9913 672754 101920 100674 98637 7362 91275 5730 3358 89028 52358 50213 44528 5685 570834 24355 14878 6592 9477 7296 8286 4655 2181 3407 7420 546479 136067
internal_count=684578 683487 10733 9913 672754 101920 100674 98637 7362 91275 5730 3358 89028 52358 50213 44528 5685 570834 24355 14878 6592 9477 7296 8286 4655 2181 3407 7420 546479 136067
is_linear=0
shrinkage=0.04


Tree=112
num_leaves=31
num_cat=0
split_feature=51 30 15 39 52 19 17 32 12 10 15 17 21 38 32 46 48 32 10 9 0 5 30 47 43 51 51 9 33 10
split_gain=4.51001e+06 4.03735e+06 4.02818e+06 6.06374e+06 5.41806e+06 4.85898e+06 7.17019e+06 5.37652e+06 4.74891e+06 4.50002e+06 4.4595e+06 3.89705e+06 3.76483e+06 3.65905e+06 6.44503e+06 7.77062e+06 6.01595e+06 5.71234e+06 8.94632e+06 7.80173e+06 9.55278e+06 8.12354e+06 7.85519e+06 6.68138e+06 8.44467e+06 8.05132e+06 7.38305e+06 6.71904e+06 6.55795e+06 6.37015e+06
threshold=0.20438562333583835 0.61145406961441051 -0.74324092268943776 0.057693276554346092 -0.014999971259385346 4.5000000000000009 0.041809113696217544 1.6319330930709841 0.062338503077626235 -0.27473297715187067 -0.87499991059303273 0.097729578614234938 5.9158525466918954 0.19054905325174334 1.3498983383178713 -0.059460947290062897 0.13085976988077166 1.0407089591026308 -0.40311345458030695 0.074490785598754897 -0.017065286636352536 -0.6508880853652953 0.99929529428482067 0.0033174202544614677 5.5000000000000009 -0.015576408244669436 -0.0082891522906720621 -0.14332723617553708 21.123043060302738 -0.55555555224418629
decision_type=10 10 2 8 10 2 2 10 10 8 2 2 10 10 8 10 10 8 8 8 8 8 10 10 2 10 10 10 10 8
left_child=2 -2 3 -1 5 6 7 -5 12 -7 -8 -12 -6 16 15 -15 17 18 28 21 -21 22 -19 24 25 -23 27 29 -4 -26
right_child=1 -3 13 4 8 9 10 -9 -10 -11 11 -13 -14 14 -16 -17 -18 19 -20 20 -22 23 -24 -25 26 -27 -28 -29 -30 -31
leaf_value=0.32606258748893124 0.36333566784858706 -2.8929356379247975 -0.63661885219383696 -0.053528449393274675 1.5336250783897662 2.3478559448871397 -3.5483020058285222 -2.7663516705075781 -2.9082004303974203 -1.0514995362892672 -1.7545086388110864 0.44919347048499325 -0.14359275002398172 -1.7095773714033984 0.32277407047905177 -0.23573714091274187 0.85050037543593715 -0.054375972992501728 0.28317968673853772 2.0975005278974383 0.19693014705266185 -2.822345892545016 3.6129939947137819 0.5056715396868815 -0.71230713348497054 -0.38193693558510478 -0.50596739898450627 -0.066555157991437186 2.1496828660746932 2.3271019606826151
leaf_weight=18046 971 1616 25663 9982 2403 1320 1895 1314 898 1164 8969 1494 19011 6114 32340 87666 15587 2002 205868 4801 35146 4017 1742 18332 1574 4681 82230 82436 1417 3649
leaf_count=18046 971 1616 25663 9982 2403 1320 1895 1314 898 1164 8969 1494 19011 6114 32340 87666 15587 2002 205868 4801 35146 4017 1742 18332 1574 4681 82230 82436 1417 3649
internal_value=-0.0102927 -1.67404 -0.00395497 -0.299685 -0.532775 -0.923473 -1.1002 -0.371264 -0.0748717 0.757092 -1.76566 -1.43972 0.0452464 0.028011 -0.164086 -0.331996 0.0775433 0.0520843 0.193272 -0.0846094 0.425817 -0.186239 1.65705 -0.221367 -0.296022 -1.51094 -0.233735 0.0216652 -0.490082 1.41154
internal_weight=684348 2587 681761 66496 48450 26138 23654 11296 22312 2484 12358 10463 21414 615265 126120 93780 489145 473558 232948 240610 39947 200663 3744 196919 178587 8698 169889 87659 27080 5223
internal_count=684348 2587 681761 66496 48450 26138 23654 11296 22312 2484 12358 10463 21414 615265 126120 93780 489145 473558 232948 240610 39947 200663 3744 196919 178587 8698 169889 87659 27080 5223
is_linear=0
shrinkage=0.04


Tree=113
num_leaves=31
num_cat=0
split_feature=35 29 31 5 43 12 0 15 15 8 33 12 21 3 6 2 23 1 10 6 12 14 33 11 29 31 8 33 6 8
split_gain=6.17445e+06 5.08195e+06 5.75026e+06 5.07533e+06 6.71345e+06 6.41645e+06 4.907e+06 7.55002e+06 5.97723e+06 4.35219e+06 1.58854e+07 1.17414e+07 7.91373e+06 7.8944e+06 7.24806e+06 7.70073e+06 6.03734e+06 5.88406e+06 5.77329e+06 1.35144e+07 8.13106e+06 7.68724e+06 9.21658e+06 7.057e+06 6.48759e+06 6.17511e+06 6.74247e+06 7.99373e+06 5.6702e+06 5.85822e+06
threshold=0.035071771591901786 15.750433921813967 16.73499965667725 0.1329305171966553 8.5000000000000018 0.080387271940708174 -0.023644685745239254 -0.89036473631858815 -0.5744677186012267 -0.080101430416107164 18.528898239135746 0.02082899305969477 37.166088104248054 0.0025267601013183598 -0.08302068710327147 -0.019461154937744137 -0.21772834658622739 -0.059386014938354485 -0.34821528196334833 -0.11718511581420897 0.032681167125701911 0.2969223558902741 20.335533142089847 0.32471895217895513 1.1595541238784792 35.715000152587898 -0.055357068777084344 19.612039566040043 0.56616759300231945 -0.19451835751533506
decision_type=10 10 10 8 2 10 8 2 2 8 10 10 10 8 10 10 10 10 10 8 10 8 10 10 10 10 8 10 10 10
left_child=1 3 -3 9 -5 6 7 -6 -8 10 11 -1 16 18 -12 28 -13 -15 19 20 25 -21 23 -23 -22 -11 27 -27 29 -16
right_child=-2 2 -4 4 5 -7 8 -9 -10 13 14 12 -14 17 15 -17 -18 -19 -20 21 24 22 -24 -25 -26 26 -28 -29 -30 -31
leaf_value=1.3468173940783694 -0.43927801574046743 -4.5302979123916156 -0.40104632682035252 1.0589603597166533 -2.9166374168294973 -3.2871124114514503 -0.43010000650692193 0.84951651775773629 0.20505184806172827 -1.6729047903156951 0.1773612724110972 -0.74269387136351794 -0.1015599058025406 2.0373503429090745 3.7413777113598741 0.15232078235955374 -2.446351106510364 0.065774197968400824 -0.19607852749747334 0.12650441976612395 2.8796581980486367 -2.7399816256238312 0.17499043411706891 -6.4024421420266107 -0.44084075237096493 -4.0108945001991803 0.85907908466198901 0.92144931539215114 -0.084309860732991543 1.4884064455315495
leaf_weight=4221 44643 800 1623 14155 875 852 28698 22858 136065 6449 38388 6764 10167 2446 2125 10804 6566 174930 137260 1311 1993 2012 931 1473 1772 1182 4884 935 3084 14013
leaf_count=4221 44643 800 1623 14155 875 852 28698 22858 136065 6449 38388 6764 10167 2446 2125 10804 6566 174930 137260 1311 1993 2012 931 1473 1772 1182 4884 935 3084 14013
internal_value=0.0154807 0.0472267 -1.77741 0.0541927 0.21899 0.156144 0.171881 0.709494 0.0944033 -0.0231359 0.214298 -0.593386 -0.942349 -0.0907542 0.541571 1.007 -1.58307 0.0930754 -0.294284 -0.881495 -0.320975 -2.56289 -3.35978 -4.30188 1.31984 -0.780919 0.0419507 -1.83837 1.48705 1.7872
internal_weight=684279 639636 2423 637213 203503 189348 188496 23733 164763 433710 96132 27718 23497 337578 68414 30026 13330 177376 160202 22942 17215 5727 4416 3485 3765 13450 7001 2117 19222 16138
internal_count=684279 639636 2423 637213 203503 189348 188496 23733 164763 433710 96132 27718 23497 337578 68414 30026 13330 177376 160202 22942 17215 5727 4416 3485 3765 13450 7001 2117 19222 16138
is_linear=0
shrinkage=0.04


Tree=114
num_leaves=31
num_cat=0
split_feature=15 33 9 7 31 30 19 31 7 11 34 0 11 11 52 48 7 6 18 8 38 47 36 51 28 31 6 23 51 18
split_gain=4.7599e+06 6.20502e+06 7.33881e+06 7.96554e+06 6.85266e+06 6.29429e+06 5.58937e+06 5.33799e+06 5.23691e+06 6.0114e+06 5.00329e+06 4.91587e+06 4.4803e+06 4.26356e+06 4.13907e+06 4.41671e+06 4.35298e+06 4.46302e+06 4.28713e+06 4.36414e+06 4.12536e+06 6.06014e+06 5.4851e+06 5.46301e+06 6.02953e+06 5.4736e+06 4.95416e+06 4.72928e+06 7.78711e+06 6.39141e+06
threshold=-0.63799676299095143 19.774761199951175 0.0075949430465698251 0.9190625548362733 63.895000457763679 1.2397217154502871 4.5000000000000009 27.144999504089359 -0.06121817231178283 0.93455922603607189 0.21705608069896701 -0.059390783309936516 0.16344904899597171 0.41356122493743902 -0.004638546146452426 -0.039352295920252793 -0.50849914550781239 -0.50931501388549794 -0.062116453424096101 -0.080101430416107164 0.19054905325174334 0.00047939372598193591 -0.35310575366020197 -0.0025003813207149501 0.64771324396133434 92.055000305175795 -0.19005107879638669 -0.026291251182556149 0.14533288776874545 -0.015625506639480587
decision_type=2 10 10 10 10 8 2 10 10 10 10 10 10 10 8 10 8 8 2 8 10 10 10 10 8 8 8 8 10 2
left_child=1 2 4 11 6 10 8 -7 9 14 -3 -4 -10 -8 15 16 -1 -18 -19 -20 21 23 26 25 -25 -2 -22 28 29 -26
right_child=20 5 3 -5 -6 7 13 -9 12 -11 -12 -13 -14 -15 -16 -17 17 18 19 -21 22 -23 -24 24 27 -27 -28 -29 -30 -31
leaf_value=0.49017325969786224 0.22825172628623536 0.33785954345458868 3.1744120189878675 -3.7489340712525188 0.37476235612826009 -2.4627473636309887 -0.5358326934372234 -0.34446072808558009 1.7001132113839987 -5.0109542903246789 -1.8056446680446399 0.099150746033598233 -0.86276363719456384 2.429051314928004 -0.25220835959409182 0.97745129560624677 -3.9984977916587061 -4.6145071119177645 -0.5873048814852746 -2.5663370306542221 -1.1274371731869852 0.50283354102708333 0.27698136224074782 0.3858424724044992 0.4038657698635551 -2.52011687109025 -0.21503315696351666 0.10101753475107213 -2.1669376520593859 -0.42233127832522188
leaf_weight=963 180038 49520 854 831 6718 2311 2125 10605 1162 822 1796 22258 16007 1210 3266 810 2022 821 3597 3540 10993 54129 32417 35048 18021 1157 70794 58179 3619 88606
leaf_count=963 180038 49520 854 831 6718 2311 2125 10605 1162 822 1796 22258 16007 1210 3266 810 2022 821 3597 3540 10993 54129 32417 35048 18021 1157 70794 58179 3619 88606
internal_value=-0.000533528 -0.217089 -0.486349 0.0750523 -0.798433 0.0638321 -1.01533 -0.725088 -1.17298 -1.69739 0.262502 0.214107 -0.688419 0.543928 -1.51283 -1.86263 -2.07355 -2.32117 -1.89051 -1.57114 0.0508623 0.106598 -0.163279 0.0508302 -0.0914182 0.210564 -0.337792 -0.19075 -0.344716 -0.282671
internal_weight=684239 131238 67006 23943 43063 64232 36345 12916 33010 15841 51316 23112 17169 3335 15019 11753 10943 9980 7958 7137 553001 438797 114204 384668 203473 181195 81787 168425 110246 106627
internal_count=684239 131238 67006 23943 43063 64232 36345 12916 33010 15841 51316 23112 17169 3335 15019 11753 10943 9980 7958 7137 553001 438797 114204 384668 203473 181195 81787 168425 110246 106627
is_linear=0
shrinkage=0.04


Tree=115
num_leaves=31
num_cat=0
split_feature=41 29 12 38 42 48 36 34 6 9 6 5 33 33 10 6 5 1 14 46 32 48 17 21 32 14 36 46 6 33
split_gain=3.95122e+06 5.72152e+06 4.89206e+06 5.78978e+06 3.99805e+06 6.862e+06 7.89669e+06 5.56618e+06 4.64138e+06 4.54101e+06 4.26668e+06 3.72903e+06 7.66705e+06 1.47024e+07 5.8295e+06 7.60677e+06 7.47724e+06 6.56285e+06 7.37636e+06 4.99968e+06 7.92183e+06 5.65739e+06 5.60652e+06 9.31092e+06 5.34803e+06 4.96776e+06 4.95016e+06 5.72624e+06 4.93652e+06 5.24995e+06
threshold=1.0000000180025095e-35 1.8147080540657046 0.030285460874438289 -0.13936819136142728 1.0000000180025095e-35 0.087914988398551955 -0.73723423480987538 -0.0017520933761261401 -0.042012453079223626 0.068962931632995619 0.46530365943908697 -0.23972463607788083 21.347184181213382 22.666954040527347 -0.68812492489814747 0.33441948890686041 -0.6508880853652953 -0.0052232742309570304 0.56973218917846691 -0.014523858670145271 1.3564489483833315 0.082446631044149413 0.071854528039693846 2.8535939455032353 0.84453672170639049 0.9879153072834016 -0.85883128643035878 -0.059460947290062897 -0.1322979927062988 18.686594009399418
decision_type=2 10 10 10 2 8 10 8 10 10 10 10 10 10 8 10 8 10 10 8 10 10 2 10 10 10 8 10 10 10
left_child=4 2 3 -2 11 6 -6 -7 -8 10 -9 12 14 -14 17 16 -16 18 -1 20 26 -22 -21 24 -24 28 -13 -28 -18 -30
right_child=1 -3 -4 -5 5 7 8 9 -10 -11 -12 19 13 -15 15 -17 25 -19 -20 22 21 -23 23 -25 -26 -27 27 -29 29 -31
leaf_value=0.8062970482141103 2.5843797075165393 2.774659669276859 -1.8318330162583523 -1.139668009367542 -2.2106811803851438 0.085721191061626775 0.03944175507750692 -1.9509613597164708 3.4145791760250774 0.29418160962579892 -4.9430180849835432 0.11116587218495103 2.3955199255535522 -3.0666746748218578 2.9006870108271623 -1.0066479791743332 0.23002703228443999 0.45793520391825426 -2.6053597679737353 0.062687106947424395 0.028861724117300615 2.0902255769809992 -1.193137280435985 -0.57395073415946241 2.5498260168721663 -1.9381882809027662 -3.0637786404979135 -0.79642208181332197 0.057295188781383101 1.9292207429104631
leaf_weight=1375 1687 2006 1314 1094 1025 3015 1175 3723 1455 1086 960 9348 5511 911 1983 6022 32349 3973 3810 503826 9787 2713 802 40668 2486 1403 1905 26055 3807 6466
leaf_count=1375 1687 2006 1314 1094 1025 3015 1175 3723 1455 1086 960 9348 5511 911 1983 6022 32349 3973 3810 503826 9787 2713 802 40668 2486 1403 1905 26055 3807 6466
internal_value=0.0176933 1.03025 0.171048 1.12057 0.0085618 -0.701654 0.753354 -1.30725 1.91254 -2.03413 -2.57355 0.0218529 0.303395 1.61711 0.165272 0.329095 0.504111 -0.764812 -1.70082 -0.0100046 -0.393656 0.477573 0.0248861 -0.408307 1.636 0.395529 -0.68561 -0.951944 0.472785 1.23625
internal_weight=683740 6101 4095 2781 677639 12439 3655 8784 2630 5769 4683 665200 67610 6422 61188 52030 46008 9158 5185 597590 49808 12500 547782 43956 3288 44025 37308 27960 42622 10273
internal_count=683740 6101 4095 2781 677639 12439 3655 8784 2630 5769 4683 665200 67610 6422 61188 52030 46008 9158 5185 597590 49808 12500 547782 43956 3288 44025 37308 27960 42622 10273
is_linear=0
shrinkage=0.04


Tree=116
num_leaves=31
num_cat=0
split_feature=3 29 0 18 12 0 28 32 3 23 29 34 28 0 11 6 7 7 32 43 38 39 4 28 3 49 2 7 3 6
split_gain=5.41864e+06 9.15859e+06 9.09458e+06 4.91725e+06 5.72594e+06 4.35656e+06 1.18627e+07 5.85813e+06 7.59177e+06 9.87539e+06 7.76291e+06 6.70701e+06 4.21807e+06 6.79488e+06 5.02295e+06 5.09443e+06 6.13664e+06 4.41802e+06 4.24512e+06 4.19384e+06 4.71403e+06 4.59316e+06 4.7101e+06 5.44131e+06 5.01119e+06 4.4996e+06 4.12184e+06 5.61273e+06 4.26634e+06 4.02508e+06
threshold=0.16862261295318606 15.750433921813967 -0.0007641315460205077 0.10545009002089502 0.055198851972818382 -0.047368049621582024 0.33607858419418341 1.8734843134880068 0.010171651840209963 -0.17784380912780759 0.77166190743446361 0.075909931212663664 0.77783718705177318 -0.018816351890563961 1.1873097419738772 -0.59444355964660633 -0.17844548821449277 0.042780280113220222 0.59243047237396251 21.500000000000004 -0.13936819136142728 -0.062553096562623964 -0.1151447296142578 0.41560518741607672 -0.068687438964843736 -0.035933868959546082 -0.091155529022216783 0.033336222171783454 0.060669183731079109 0.84793353080749523
decision_type=8 10 8 2 8 10 10 8 10 8 10 8 10 8 10 10 10 10 8 2 10 10 10 10 10 10 10 10 10 10
left_child=1 5 -2 4 -4 6 -1 8 9 10 -8 -11 17 26 -15 -16 -17 -7 -18 25 21 22 23 -21 -25 -19 27 -14 -28 -22
right_child=2 -3 3 -5 -6 12 7 -9 -10 11 -12 -13 13 14 15 16 18 19 -20 20 29 -23 -24 24 -26 -27 28 -29 -30 -31
leaf_value=-5.2232705770973364 1.7125346730205533 -3.6149324241070677 0.2361905397757755 2.8097667941384032 -1.7637471958752065 -0.029771585204337377 -2.3947788160504242 1.101336584691071 1.0405637330684379 0.20792523168278659 0.48350029221044744 -2.8718820629546942 0.5856144164614786 -0.085123742102159117 -2.458238940716273 -3.6298438612792259 0.81091297309449095 1.4324593672145729 -0.5109546563845877 -3.5025860725572158 -0.63705869040651386 1.3430936060715148 0.32730830667988037 1.2662988204471211 -1.9942700577431165 0.27378015771083553 0.037750857520265205 3.1964721281596122 0.99036876444886401 2.2571552785521551
leaf_weight=831 7737 1126 13133 968 2764 111758 1917 3562 3402 1443 6745 5207 5583 315066 2102 936 4339 10318 36665 1077 13107 6591 56066 1665 1362 11166 46311 1717 8971 807
leaf_count=831 7737 1126 13133 968 2764 111758 1917 3562 3402 1443 6745 5207 5583 315066 2102 936 4339 10318 36665 1077 13107 6591 56066 1665 1362 11166 46311 1717 8971 807
internal_value=-0.00471245 -0.0264485 0.578034 0.0568634 -0.112427 -0.0202596 -0.559657 -0.383416 -0.666459 -1.04616 -0.155523 -2.20428 -0.000641704 -0.0740334 -0.141064 -0.541139 -0.444492 0.14403 -0.370912 0.334147 0.201838 0.341428 0.231501 -1.07496 -0.202531 0.83066 0.310564 1.20324 0.19249 -0.467696
internal_weight=684442 659840 24602 16865 15897 658714 23107 22276 18714 15312 8662 6650 635607 421690 359108 44042 41940 213917 41004 102159 80675 66761 60170 4104 3027 21484 62582 7300 55282 13914
internal_count=684442 659840 24602 16865 15897 658714 23107 22276 18714 15312 8662 6650 635607 421690 359108 44042 41940 213917 41004 102159 80675 66761 60170 4104 3027 21484 62582 7300 55282 13914
is_linear=0
shrinkage=0.04


Tree=117
num_leaves=31
num_cat=0
split_feature=5 10 6 13 47 48 1 3 14 5 52 1 52 3 5 33 8 32 48 7 6 33 6 13 14 7 13 51 52 13
split_gain=4.93544e+06 8.72508e+06 7.18866e+06 8.33683e+06 4.86207e+06 5.01123e+06 6.341e+06 4.81943e+06 5.72545e+06 4.70986e+06 5.96319e+06 5.52431e+06 4.26318e+06 4.09935e+06 4.61464e+06 4.0419e+06 7.7145e+06 5.25764e+06 5.51043e+06 6.66556e+06 9.73118e+06 5.68211e+06 6.11074e+06 5.76503e+06 4.70093e+06 4.56661e+06 4.55512e+06 7.1225e+06 6.41951e+06 7.96257e+06
threshold=0.57474732398986828 -0.64471131563186634 -0.39091730117797846 1.0482909083366396 -0.27895608544349665 -0.18334504961967465 -0.011213064193725584 0.33631587028503424 0.97953951358795177 0.19174861907958987 0.28357595205307012 -0.048059940338134759 -0.10075866058468817 0.22476923465728763 0.2648534774780274 16.983814239501957 -0.02902281284332275 0.28542096912860876 0.16687051951885226 0.027590990066528324 0.11042857170104982 18.079902648925785 -0.17864120006561277 0.89584895968437206 0.34683382511138922 -0.077211081981658922 0.64948898553848278 -0.074138455092906938 -0.15146155655384061 1.0054946541786196
decision_type=10 10 10 10 8 8 10 10 8 10 10 10 8 10 10 8 10 8 10 8 10 10 10 10 10 10 8 10 8 10
left_child=4 -2 3 -3 -1 6 -6 8 -4 10 15 12 -11 14 -13 16 -7 18 19 21 -21 25 23 -23 -24 -17 27 -19 29 -28
right_child=1 2 7 -5 5 9 -8 -9 -10 11 -12 13 -14 -15 -16 17 -18 26 -20 20 -22 22 24 -25 -26 -27 28 -29 -30 -31
leaf_value=-2.8770466293327126 3.2997762546377278 -0.73092430425093413 -0.62792894559346812 -5.4536794346443243 3.6277551762055875 -0.28760632351655835 -0.11133257123874807 -3.2298143724311785 2.1950615200930326 -0.88320220118918424 -2.3691905593667948 0.40286931538108001 1.4046466308787324 1.3977068030747775 -0.11032808211862373 -3.8595174936733971 1.2411032269933129 2.2400812234547094 2.5880150127722858 -3.188514198687443 -0.65603673835507947 -3.561528059185866 0.37102992714848065 0.38830533368006231 2.8221692040541111 0.054247314053233388 -1.4526642105577521 -0.56792801065742016 0.0474117113858252 -0.065917781367143574
leaf_weight=918 814 1291 9987 1110 1381 10118 1516 969 1289 1505 1742 48419 9427 4059 66562 1003 11033 1497 802 3509 7852 1033 4537 1361 1721 901 10420 35442 424429 18162
leaf_count=918 814 1291 9987 1110 1381 10118 1516 969 1289 1505 1742 48419 9427 4059 66562 1003 11033 1497 802 3509 7852 1033 4537 1361 1721 901 10420 35442 424429 18162
internal_value=-5.8871e-05 -0.706403 -0.931159 -2.92785 0.0162659 0.0202825 1.67744 -0.537577 -0.303564 0.0130439 -0.0393772 0.229037 1.08916 0.149963 0.105798 -0.0317302 0.510024 -0.0540907 -0.648819 -0.768389 -1.44034 -0.0445136 0.391358 -1.32376 1.04854 -2.01686 -0.0265004 -0.453554 0.00833126 -0.571808
internal_weight=684809 15460 14646 2401 669349 668431 2897 12245 11276 665534 535562 129972 10932 119040 114981 533820 21151 512669 22719 21917 11361 10556 8652 2394 6258 1904 489950 36939 453011 28582
internal_count=684809 15460 14646 2401 669349 668431 2897 12245 11276 665534 535562 129972 10932 119040 114981 533820 21151 512669 22719 21917 11361 10556 8652 2394 6258 1904 489950 36939 453011 28582
is_linear=0
shrinkage=0.04


Tree=118
num_leaves=31
num_cat=0
split_feature=32 29 8 14 5 13 5 8 52 2 13 12 52 52 38 8 16 16 48 52 33 12 32 38 14 5 14 33 33 5
split_gain=4.87282e+06 6.72124e+06 5.31163e+06 4.65307e+06 1.27851e+07 5.27437e+06 4.19189e+06 6.41517e+06 7.56928e+06 6.65885e+06 4.81809e+06 7.74491e+06 1.02313e+07 4.66039e+06 4.76282e+06 4.43043e+06 1.03554e+07 5.28896e+06 5.17078e+06 5.17129e+06 1.2115e+07 7.06343e+06 5.85435e+06 5.69192e+06 5.0269e+06 4.97326e+06 7.78335e+06 9.22312e+06 8.29928e+06 5.70922e+06
threshold=0.05225550755858422 3.2822424173355107 -0.099250376224517808 0.99777778983116161 -0.37344264984130854 1.4477941393852236 -0.6508880853652953 -0.35435876250267023 0.028047432191669944 0.036595106124877937 0.79915687441825878 0.040768301114439971 -0.2273459583520889 -0.21296317130327222 -2.9343899488449092 -0.17679315805435178 -0.015823894180357453 0.015763289295136932 -0.1970393434166908 -0.0753001533448696 18.934029579162601 0.024005639366805557 2.1076766252517705 1.473990857601166 0.80323508381843578 0.54337453842163097 0.81909829378128063 19.68331336975098 18.487825393676761 0.1329305171966553
decision_type=8 8 8 10 10 10 10 10 10 10 8 10 8 8 10 10 10 10 8 10 10 10 10 10 10 10 10 10 10 10
left_child=1 2 -1 6 -5 -6 7 9 -9 -2 11 12 -8 14 -12 16 -15 -18 -17 20 21 -20 23 -22 -24 29 27 28 -27 -21
right_child=3 -3 -4 4 5 -7 10 8 -10 -11 13 -13 -14 15 -16 18 17 -19 19 25 22 -23 24 -25 -26 26 -28 -29 -30 -31
leaf_value=1.9382159964984451 -0.45211954909727298 -3.7103587826670901 -0.85916806770066434 -4.651294643120675 -1.1383800616890123 2.9693316573286292 3.1980712509047504 2.675525070356366 -0.52973305931091308 1.7500010159290735 -1.3483220037903487 -2.3413444199238183 -0.19273408264774147 -1.4688410921457007 0.73301002700524309 2.8031091908385219 1.8119965090847927 -0.22820957696047278 -0.122119316203589 0.020995600347831628 0.29897233564444475 -1.6675662935778184 -4.0200169424868708 -1.6062855896213484 -0.45826213584048547 -1.1355761910330819 0.10195991334852365 0.54355185754669522 -5.1401207287198574 0.34033596566580071
leaf_weight=1238 8809 1159 8377 1254 1293 802 1428 4003 1665 2916 6976 2640 144318 2626 2344 1085 8424 2676 7543 263095 42320 12694 964 2657 1825 1681 8077 1638 1636 135808
leaf_count=1238 8809 1159 8377 1254 1293 802 1428 4003 1665 2916 6976 2640 144318 2626 2344 1085 8424 2676 7543 263095 42320 12694 964 2657 1825 1681 8077 1638 1636 135808
internal_value=-0.00255465 -0.846101 -0.497345 0.010958 -1.47408 0.440754 0.0184046 0.631089 1.73469 0.096571 0.00206239 -0.198271 -0.159294 0.0610386 -0.824638 0.0777392 0.786076 1.32038 0.0575109 0.0512456 -0.271889 -1.09187 0.0756683 0.186088 -1.69932 0.104595 -0.664053 -1.9104 -3.1202 0.129722
internal_weight=683971 10774 9615 673197 3349 2095 669848 17393 5668 11725 652455 148386 145746 504069 9320 494749 13726 11100 481023 479938 68003 20237 47766 44977 2789 411935 13032 4955 3317 398903
internal_count=683971 10774 9615 673197 3349 2095 669848 17393 5668 11725 652455 148386 145746 504069 9320 494749 13726 11100 481023 479938 68003 20237 47766 44977 2789 411935 13032 4955 3317 398903
is_linear=0
shrinkage=0.04


Tree=119
num_leaves=31
num_cat=0
split_feature=49 7 36 43 32 6 5 6 22 6 6 6 52 29 43 12 29 4 5 12 17 14 20 4 43 6 51 12 14 21
split_gain=4.17957e+06 5.32192e+06 4.56241e+06 6.48556e+06 6.84648e+06 7.65242e+06 6.54247e+06 8.86696e+06 7.81186e+06 5.23144e+06 6.02674e+06 8.13829e+06 1.0625e+07 6.45097e+06 6.41418e+06 4.91263e+06 4.85456e+06 5.27795e+06 4.71726e+06 5.78002e+06 5.68854e+06 5.67617e+06 4.93035e+06 4.92823e+06 1.237e+07 6.61046e+06 6.63049e+06 7.6019e+06 6.25243e+06 4.80918e+06
threshold=-0.026509238407015797 -0.20217898488044736 -0.35310575366020197 25.500000000000004 1.2745042443275454 -0.68221497535705555 -0.23972463607788083 0.048739671707153327 0.23355362564325335 -1.2127201557159422 -0.18446040153503415 0.5996994972229005 -0.10927439481019972 0.95369097590446483 11.500000000000002 0.043953340500593192 0.65024852752685558 -0.11243748664855956 0.92229580879211437 0.038934910669922836 0.068741522729396834 0.8724660873413087 4.5000000000000009 0.14228808879852298 53.500000000000007 0.86736321449279796 -0.069699373096227632 0.050217373296618469 0.2406912297010422 52.828401565551765
decision_type=8 8 8 2 8 8 8 10 10 10 10 10 10 10 2 10 10 10 10 10 2 10 2 10 2 10 10 10 10 10
left_child=1 -1 -2 4 5 -4 -7 -8 -9 -6 15 12 14 -13 -12 -11 -14 -18 19 20 -5 -22 23 25 -25 28 -27 -28 -21 -26
right_child=2 -3 3 18 9 6 7 8 -10 10 11 13 16 -15 -16 -17 17 -19 -20 22 21 -23 -24 24 29 26 27 -29 -30 -31
leaf_value=1.5033332100298427 -0.18853040383860351 0.21397606099182975 -3.0972274605344268 -0.035188722407922209 -2.8437405065465566 2.9092466373817216 -0.083764979267287404 2.3594553001482503 0.70843422307795023 0.49284822914756954 -6.0525124059624149 3.2060175082720503 -3.1137589646987767 0.085759849599925886 -1.3618795421035959 3.2917236837959623 2.371642537789723 -0.46611267477763257 -1.8524484722230095 3.4536781207825649 -0.79589120619412357 1.5211829836251523 -1.6550311797129624 -2.3913559726515414 1.857078343835485 1.9971896880096471 -0.69541318814649844 -4.4079197866047775 0.22139276400279781 0.61185275697475106
leaf_weight=5828 177622 41810 873 267913 1079 1981 20802 5360 31525 7870 890 1539 1002 3361 984 1141 1125 13789 2238 972 25423 1803 1960 1713 8604 812 2610 1327 38546 11743
leaf_count=5828 177622 41810 873 267913 1079 1981 20802 5360 31525 7870 890 1539 1002 3361 984 1141 1125 13789 2238 972 25423 1803 1960 1713 8604 812 2610 1327 38546 11743
internal_value=0.0106457 0.371998 -0.0164001 0.0502151 0.347832 0.599906 0.654508 0.576589 0.948929 -0.11776 -0.0241094 -0.371672 -0.769223 1.07031 -3.60986 0.850506 -0.432701 -0.250608 -0.0257471 -0.0144475 -0.0911806 -0.641944 0.31716 0.375681 0.863963 0.13221 -1.27625 -1.95474 0.301749 1.13907
internal_weight=684245 47638 636607 458985 93321 60541 59668 57687 36885 32780 31701 22690 17790 4900 1874 9011 15916 14914 365664 363426 295139 27226 68287 66327 22060 44267 4749 3937 39518 20347
internal_count=684245 47638 636607 458985 93321 60541 59668 57687 36885 32780 31701 22690 17790 4900 1874 9011 15916 14914 365664 363426 295139 27226 68287 66327 22060 44267 4749 3937 39518 20347
is_linear=0
shrinkage=0.04


Tree=120
num_leaves=31
num_cat=0
split_feature=51 4 43 43 33 29 48 48 32 47 11 31 32 52 31 7 31 52 31 50 19 29 11 14 4 36 17 32 32 33
split_gain=3.89215e+06 8.63379e+06 7.9217e+06 9.0148e+06 1.03662e+07 1.04814e+07 8.6121e+06 7.96976e+06 8.7836e+06 9.47749e+06 7.76823e+06 7.69777e+06 7.08686e+06 7.07552e+06 8.59707e+06 6.18745e+06 6.12899e+06 6.40434e+06 6.04216e+06 8.38496e+06 5.85092e+06 6.70896e+06 5.84967e+06 6.24887e+06 5.90359e+06 5.71776e+06 5.65926e+06 5.55187e+06 5.25238e+06 5.10557e+06
threshold=-0.012758061755448578 0.10398197174072267 6.5000000000000009 40.500000000000007 19.574344635009769 1.0797110199928286 0.077348794788122191 -0.087452724575996385 0.75131419301033031 -0.082728877663612352 0.61151713132858287 92.055000305175795 0.39025780558586126 -0.31614080071449274 45.194999694824226 0.14535027742385867 43.805000305175788 -0.10472817718982695 40.364999771118171 -0.093448910862207399 1.5000000000000002 5.4223687648773202 2.9519660472869877 0.95189735293388378 -0.20860934257507321 -0.50542956590652455 0.05246973596513272 1.61158162355423 1.1133744716644289 19.628486633300785
decision_type=10 10 2 2 10 8 8 8 10 10 10 8 8 8 10 8 10 10 10 10 2 10 10 10 8 10 2 8 10 10
left_child=1 2 7 4 5 -4 12 -1 -9 16 18 13 -5 14 28 -12 17 -10 -6 -20 21 -3 23 -15 -25 -11 -22 -26 -8 -24
right_child=-2 20 3 6 10 -7 11 8 9 25 15 -13 -14 22 -16 -17 -18 -19 19 -21 26 -23 29 24 27 -27 -28 -29 -30 -31
leaf_value=2.8846711162615231 -0.077876489166802329 0.55910619863609468 1.8689273441650034 -2.8163545772407748 -0.64902520537210451 0.10490406631431659 -2.059393825827418 0.5465441370026648 -5.382084027677589 -1.1015131280597106 2.3836932510855151 -3.8395668878575875 1.015700384044488 -0.22593179877489722 4.6082754103930004 0.40844701557375923 -0.70056143649490765 -2.2162198784582996 1.3330879552208363 -0.20312360573028745 0.84398080323417501 -2.3668040442947849 2.5181155746233252 1.0918791706333184 -4.5821965552376218 1.4006886591945553 2.8726526034253586 -1.0457071542840146 1.9997982809705073 -0.75151219698341243
leaf_weight=922 423388 19974 13622 807 18044 8915 915 4935 1600 5603 3869 917 14210 106606 1059 7352 2022 2877 8494 17142 6222 1328 2230 813 1373 1966 3405 1476 1127 1154
leaf_count=922 423388 19974 13622 807 18044 8915 915 4935 1600 5603 3869 917 14210 106606 1059 7352 2022 2877 8494 17142 6222 1328 2230 813 1373 1966 3405 1476 1127 1154
internal_value=-0.00298363 0.118514 0.0341417 0.106434 0.449359 1.17149 -0.0937211 -0.727905 -0.904607 -1.41369 0.152764 -0.208861 0.808032 -0.180019 1.70205 1.09103 -2.53294 -3.35712 -0.0884618 0.306192 0.745861 0.375675 -0.231516 -0.281837 -1.90427 -0.450591 1.56374 -2.76009 0.179742 1.40419
internal_weight=684367 260979 230050 210125 77438 22537 132687 19925 19003 14068 54901 117670 15017 116753 3101 11221 6499 4477 43680 25636 30929 21302 113652 110268 3662 7569 9627 2849 2042 3384
internal_count=684367 260979 230050 210125 77438 22537 132687 19925 19003 14068 54901 117670 15017 116753 3101 11221 6499 4477 43680 25636 30929 21302 113652 110268 3662 7569 9627 2849 2042 3384
is_linear=0
shrinkage=0.04


Tree=121
num_leaves=31
num_cat=0
split_feature=35 33 9 0 11 29 29 51 16 50 32 0 23 38 43 29 33 52 29 32 33 22 32 10 23 33 32 38 29 52
split_gain=4.79162e+06 4.50472e+06 4.43101e+06 8.09082e+06 6.02653e+06 8.22767e+06 7.14123e+06 6.05441e+06 5.93722e+06 5.78749e+06 5.49622e+06 7.01626e+06 7.43877e+06 6.71437e+06 8.12943e+06 6.27553e+06 5.00962e+06 4.9893e+06 1.31843e+07 8.26623e+06 6.71102e+06 5.56712e+06 4.79648e+06 4.67883e+06 4.7124e+06 4.49642e+06 6.53724e+06 8.33711e+06 4.9285e+06 4.82238e+06
threshold=0.066301759332418456 20.303023338317875 0.097298860549926772 -0.006972789764404296 0.98960423469543468 6.8516657352447519 0.3523125052452088 0.095412481576204314 0.013960014563053848 -0.063273258507251726 2.1076766252517705 -0.059390783309936516 -0.064364343881607042 -0.76817733049392689 10.500000000000002 0.94978976249694835 16.799008369445804 -0.12244202569127081 1.0475398898124697 1.3902435898780825 18.914936065673832 0.16730492562055591 0.33651858568191534 -0.022243559360504147 -0.059798032045364373 18.023576736450199 2.5689637660980229 0.65481993556022655 0.85853114724159252 -0.10927439481019972
decision_type=10 8 8 10 10 8 10 10 10 8 10 10 10 8 2 10 10 10 10 10 10 10 8 8 8 10 10 8 10 10
left_child=2 -2 4 -4 10 6 -6 9 23 -8 16 -12 13 15 -15 -13 -1 18 20 -20 21 -11 -18 -5 -25 -16 27 -27 -28 -29
right_child=1 -3 3 8 5 -7 7 -9 -10 17 11 12 -14 14 25 -17 22 -19 19 -21 -22 -23 -24 24 -26 26 28 29 -30 -31
leaf_value=0.78851256755220289 0.13067307785516588 -1.1338413160994736 1.243873801948427 -0.14178304900364441 2.5884772978870565 -3.5162400097192426 1.8995796569173247 -2.5327774048769043 -0.81085625548697904 0.72109006877965143 2.9366063922744199 2.6846292347779199 0.61145839015117065 -4.7764010424950794 -3.5201408743344822 -1.3539911706420196 -0.44313715496314632 -0.20764089225123303 -5.4265593977756339 -1.0646968396339409 1.4918614435816804 -2.7225796514118876 0.075193968266572528 -2.0112904177082909 0.96461746458271236 -4.7281469644188983 -1.5925234600786979 -2.9662690860037788 2.2938961152699493 -0.0020021403309188903
leaf_weight=14815 7457 11379 12661 16380 1384 1243 1952 1887 9134 1262 820 1156 4260 1257 1290 1295 30522 89630 1533 1276 2402 1833 443292 890 16005 1151 822 1245 1395 2924
leaf_count=14815 7457 11379 12661 16380 1384 1243 1952 1887 9134 1262 820 1156 4260 1257 1290 1295 30522 89630 1533 1276 2402 1833 443292 890 16005 1151 822 1245 1395 2924
internal_value=-0.00445828 -0.633428 0.0133473 0.356954 -0.0176456 -0.29434 -0.255181 -0.294102 0.0919374 -0.251561 0.0394214 -0.654538 -0.831515 -1.322 -1.77807 0.55397 0.0644514 -0.294626 -1.2319 -3.45597 -0.0911781 -1.32061 0.0417956 0.339924 0.806755 -1.34618 -0.969919 -1.72944 0.852243 -0.892209
internal_weight=684552 18836 665716 55070 610646 104402 103159 101775 42409 99888 506244 17615 16795 12535 10084 2451 488629 97936 8306 2809 5497 3095 473814 33275 16895 8827 7537 5320 2217 4169
internal_count=684552 18836 665716 55070 610646 104402 103159 101775 42409 99888 506244 17615 16795 12535 10084 2451 488629 97936 8306 2809 5497 3095 473814 33275 16895 8827 7537 5320 2217 4169
is_linear=0
shrinkage=0.04


Tree=122
num_leaves=31
num_cat=0
split_feature=29 3 21 23 11 39 50 2 30 14 13 17 8 29 4 21 11 13 46 10 17 4 5 46 29 43 11 33 10 14
split_gain=3.89209e+06 6.05741e+06 6.38642e+06 4.89066e+06 3.80348e+06 7.71187e+06 6.99494e+06 6.74608e+06 8.29363e+06 5.55685e+06 1.63021e+07 5.81672e+06 5.40257e+06 6.45043e+06 5.35738e+06 5.86296e+06 4.86377e+06 7.62506e+06 6.04581e+06 6.04649e+06 7.17402e+06 5.93611e+06 6.42501e+06 5.76082e+06 5.39851e+06 4.84701e+06 4.72568e+06 4.67338e+06 4.73526e+06 4.56274e+06
threshold=10.490275382995607 0.09943640232086183 54.286703109741218 -0.034562736749649041 0.028983235359191898 -0.20874256640672681 0.10772444680333139 -0.1023503541946411 1.8397905230522158 0.83415859937667858 1.4325956702232363 0.062500040978193297 -0.076521575450897203 1.2998888492584231 0.063429355621337905 52.828401565551765 1.252155661582947 0.5511750876903535 -0.029455692507326599 -0.022243559360504147 0.032304532825946815 0.23335742950439456 0.78882777690887462 -0.014174717944115399 0.68265226483345043 17.500000000000004 2.440474390983582 18.859823226928714 -0.14894500374794004 0.43063947558403021
decision_type=10 10 10 10 8 10 8 10 8 8 10 2 10 10 8 10 10 8 8 10 2 10 10 8 10 2 8 10 10 10
left_child=4 -2 -3 -4 5 6 -1 8 14 -8 11 -11 13 25 15 26 23 24 -19 20 -20 -22 -23 -9 -18 -7 27 -6 -29 -27
right_child=1 2 3 -5 7 12 9 16 -10 10 -12 -13 -14 -15 -16 -17 17 18 19 -21 21 22 -24 -25 -26 29 -28 28 -30 -31
leaf_value=-4.6081413110966176 -3.1711257149235794 2.2277687161361737 -2.776010407757759 0.94032647493631627 -0.29689806710651312 -0.14748352215643867 -0.51476808493221404 -0.39186743688398246 -2.9483480706942022 -7.1486559007021144 2.1475392339390478 -2.4791328347916211 -0.83174455441432615 -0.47189427144441781 2.5912995027053398 -2.2285899670676623 3.9189859839366363 3.0815597165863453 0.065703076674054048 0.18116066578442216 -1.0801280580973684 0.90771200613999015 -2.0682979607455358 0.075576884048280141 0.37089714482073227 0.69886012646367646 2.8776257460191847 1.412283830219728 -1.3828649434718716 3.273363135432358
leaf_weight=804 1572 1161 1490 904 5913 1951 14787 46143 945 819 805 914 5254 4301 2519 1073 1100 800 18376 21764 36166 5065 1495 490485 1803 1858 1590 9118 1077 2719
leaf_count=804 1572 1161 1490 904 5913 1951 14787 46143 945 819 805 914 5254 4301 2519 1073 1100 800 18376 21764 36166 5065 1495 490485 1803 1858 1590 9118 1077 2719
internal_value=-0.0151554 -1.11204 -0.195187 -1.37461 -0.00686467 -0.417805 -0.983227 0.0149239 0.699393 -0.812445 -2.53796 -4.71426 0.219762 0.730227 0.862613 0.629373 -0.009508 -0.28771 -0.357715 -0.391286 -0.595183 -0.879372 0.227374 0.0353762 1.72417 1.52176 0.803808 0.597445 1.11594 2.23206
internal_weight=684771 5127 3555 2394 679644 34212 18129 645432 22235 17325 2538 1733 16083 10829 21290 18771 623197 86569 83666 82866 61102 42726 6560 536628 2903 6528 17698 16108 10195 4577
internal_count=684771 5127 3555 2394 679644 34212 18129 645432 22235 17325 2538 1733 16083 10829 21290 18771 623197 86569 83666 82866 61102 42726 6560 536628 2903 6528 17698 16108 10195 4577
is_linear=0
shrinkage=0.04


Tree=123
num_leaves=31
num_cat=0
split_feature=32 13 6 5 6 33 48 12 9 3 13 5 13 25 22 13 51 10 14 7 10 9 33 12 14 6 4 7 3 0
split_gain=4.02151e+06 5.05073e+06 4.65012e+06 5.70742e+06 8.80879e+06 6.94683e+06 6.67663e+06 4.39223e+06 4.34337e+06 3.7582e+06 3.92283e+06 3.55022e+06 6.16732e+06 8.58926e+06 5.40713e+06 4.57572e+06 5.11082e+06 6.33581e+06 7.67989e+06 4.95724e+06 5.08707e+06 4.84191e+06 4.52191e+06 5.90403e+06 4.69585e+06 3.44218e+06 3.44195e+06 3.90328e+06 3.42753e+06 3.36084e+06
threshold=0.33651858568191534 0.53750902414321911 0.63788914680480968 -0.080349445343017564 -0.092573881149291978 21.510443687438968 0.075238347053527846 0.01998969912528992 -0.057694643735885613 0.33631587028503424 1.2127044796943667 -0.6508880853652953 1.5647577047348025 1.0000000180025095e-35 0.61305823922157299 0.64338213205337536 -0.089350115507841096 -0.55555555224418629 0.60532218217849743 -0.25291365385055536 -0.47484093904495234 0.017464160919189457 19.086501121521 0.018166341818869117 0.019017480313777927 0.088101863861083998 -0.040765166282653802 0.121435284614563 -0.026166200637817379 -0.0063607692718505851
decision_type=8 10 10 8 8 10 10 10 10 8 10 8 10 2 10 8 10 10 10 10 10 10 8 10 10 10 10 10 10 10
left_child=1 7 3 4 -3 8 -7 -1 -5 11 -11 12 13 14 -2 16 -13 18 21 28 -21 29 23 24 -22 -6 -25 -28 -19 -18
right_child=9 2 -4 5 25 6 -8 -9 -10 10 -12 15 -14 -15 -16 -17 17 19 -20 20 22 -23 -24 26 -26 -27 27 -29 -30 -31
leaf_value=2.5120220959940864 3.1011719366014354 -1.1257295652350994 0.83148468451940605 -3.4569935399852905 3.3628135541942727 -5.3680450895750367 -0.85687167844602041 -1.0511838493191301 -0.60568969187307575 -2.9286940220901334 0.14420421442711231 2.5633447802527267 -2.2303868199369017 -0.69372941568085222 -0.53256048823596502 0.048511785458902681 -6.1402520151454283 -0.45120411703279323 1.3718476771664765 -3.1311969468781826 -1.6173407449960708 -0.67793840696585594 -0.66074747598222205 0.76396163277034546 1.3137849449914853 0.4817034276720803 -2.6901351659563897 -0.16475997186374267 2.5312841354027209 -2.6486996527913771
leaf_weight=1681 3378 2564 3734 875 1554 1031 1068 816 25561 1396 1259 922 871 2178 809 589284 820 991 805 1054 990 918 23595 1691 7026 1159 1895 2018 1610 1001
leaf_count=1681 3378 2564 3734 875 1554 1031 1068 816 25561 1396 1259 922 871 2178 809 589284 820 991 805 1054 990 918 23595 1691 7026 1159 1895 2018 1610 1001
internal_value=-0.00162117 -0.390528 -0.50648 -0.654439 0.553229 -0.87789 -3.08764 1.34805 -0.701336 0.022547 -1.47645 0.0287705 0.909157 1.3416 2.39948 0.018718 -0.368471 -0.429896 -2.04989 -0.288953 -0.403914 -3.05688 -0.325852 0.254373 0.950218 2.13829 -0.740887 -1.3915 1.39756 -4.2459
internal_weight=684554 40043 37546 33812 5277 28535 2099 2497 26436 644511 2655 641856 7236 6365 4187 634620 45336 44414 3544 40870 38269 2739 37215 13620 8016 2713 5604 3913 2601 1821
internal_count=684554 40043 37546 33812 5277 28535 2099 2497 26436 644511 2655 641856 7236 6365 4187 634620 45336 44414 3544 40870 38269 2739 37215 13620 8016 2713 5604 3913 2601 1821
is_linear=0
shrinkage=0.04


Tree=124
num_leaves=31
num_cat=0
split_feature=40 14 32 5 31 1 11 14 0 16 51 28 38 43 8 47 33 2 22 5 33 32 12 2 32 43 33 52 11 8
split_gain=3.74757e+06 5.37026e+06 5.97467e+06 4.63163e+06 4.27935e+06 7.2514e+06 6.91643e+06 6.87241e+06 6.46521e+06 5.03111e+06 5.27413e+06 4.95115e+06 4.71264e+06 6.75562e+06 7.3741e+06 6.33601e+06 6.01714e+06 7.5687e+06 6.60528e+06 5.98412e+06 5.94429e+06 6.04188e+06 5.10014e+06 4.87475e+06 6.22723e+06 5.65906e+06 5.46049e+06 7.362e+06 5.07434e+06 4.75841e+06
threshold=1.0082004070281985 0.5737273395061494 0.57044717669487011 -0.12863254547119138 21.214999198913578 0.076377630233764662 0.22725540399551394 0.98416876792907726 -0.024204730987548825 0.0089525291696190851 0.11325988546013833 1.7306185960769656 -0.42431157827377314 33.500000000000007 0.033403158187866218 -0.0023768859682604666 21.488079071044925 -0.018403291702270504 0.65547901391983043 -0.19846534729003903 20.902812957763675 1.2626772522926333 0.018854562193155292 -0.082531452178955064 1.6767851710319521 5.5000000000000009 18.187323570251468 -0.047232836484909051 0.11053496599197389 0.26104223728179937
decision_type=10 8 8 8 10 8 10 10 10 8 8 10 10 2 10 8 10 10 8 10 10 8 10 10 8 2 10 10 10 10
left_child=4 3 -3 -2 5 7 -7 -1 -9 12 -11 -12 13 15 16 22 18 -18 -15 20 21 -14 -6 25 26 -17 27 -25 -26 -28
right_child=1 2 -4 -5 9 6 -8 8 -10 10 11 -13 19 14 -16 23 17 -19 -20 -21 -22 -23 -24 24 28 -27 29 -29 -30 -31
leaf_value=-0.31720920633206307 -2.0677452370282565 -1.9574098847980148 1.2961848658729016 0.18314057311507198 -1.1156690684689263 3.0271485493321979 0.24994070830002119 0.70281298242980217 -2.8986713803207147 -0.16677544986692508 -3.4363424267021037 -0.61602966999443798 -1.6384038061544002 -0.34652618450082301 0.30360389635773577 -0.29742089630838575 2.9223188370050139 -0.25029078560741291 0.43780932063155803 -0.18575246804784948 2.0030732434425058 1.5382048009921578 0.4746620810435212 -2.9004786630024642 -2.6961585882876786 2.7787214175735362 0.69911499404635269 0.32659368295414809 -0.07960996912205498 3.771237365969236
leaf_weight=74990 1592 968 11952 16808 6923 1748 7816 1066 3117 105427 1498 2950 2084 101311 97728 1368 2239 2584 20678 127821 4098 1756 6027 1546 1400 3160 61511 4136 7465 808
leaf_count=74990 1592 968 11952 16808 6923 1748 7816 1066 3117 105427 1498 2950 2084 101311 97728 1368 2239 2584 20678 127821 4098 1756 6027 1546 1400 3160 61511 4136 7465 808
internal_value=-0.000979763 0.426369 1.05109 -0.0126274 -0.021475 -0.279681 0.760159 -0.405372 -1.98138 0.0191168 -0.223777 -1.57143 0.0778214 0.161848 0.0425014 0.44586 -0.158726 1.22554 -0.213551 -0.119546 0.94543 -0.185545 -0.375725 0.576606 0.501319 1.85075 0.63131 -0.555005 -0.495399 0.739545
internal_weight=684575 31320 12920 18400 653255 88737 9564 79173 4183 564518 109875 4448 454643 318884 224540 94344 126812 4823 121989 135759 7938 3840 12950 81394 76866 4528 68001 5682 8865 62319
internal_count=684575 31320 12920 18400 653255 88737 9564 79173 4183 564518 109875 4448 454643 318884 224540 94344 126812 4823 121989 135759 7938 3840 12950 81394 76866 4528 68001 5682 8865 62319
is_linear=0
shrinkage=0.04


Tree=125
num_leaves=31
num_cat=0
split_feature=31 33 1 28 33 8 23 35 18 39 32 15 43 32 17 43 33 19 5 2 18 35 15 31 28 5 10 10 10 36
split_gain=3.96132e+06 4.78167e+06 4.60974e+06 7.26248e+06 4.37418e+06 8.74637e+06 7.22692e+06 5.23547e+06 5.15777e+06 5.11954e+06 5.67667e+06 4.92559e+06 6.05772e+06 4.72631e+06 4.25518e+06 3.97245e+06 3.88399e+06 4.29937e+06 5.5482e+06 4.92709e+06 5.4785e+06 4.38274e+06 4.45961e+06 4.22197e+06 4.84923e+06 6.38269e+06 6.3439e+06 4.17956e+06 4.15406e+06 3.93018e+06
threshold=61.585000991821296 16.686437606811527 -0.012305498123168944 0.29933813214302069 22.666954040527347 -0.13314104080200193 -0.12913617491722104 -0.0064477240666747085 -0.036603096872568124 -0.047108856961131089 0.7890414595603944 -0.63799676299095143 3.5000000000000004 0.33651858568191534 0.056552119553089149 4.5000000000000009 21.143013954162601 3.5000000000000004 0.16411209106445315 0.050271749496459968 -0.058179814368486397 0.025837648659944538 -0.87499991059303273 46.215000152587898 0.74643072485923778 -0.28175759315490717 -0.32363116741180414 -0.073584407567977891 -0.32711121439933771 -0.66113489866256703
decision_type=10 8 10 10 8 8 8 8 2 8 8 2 2 10 2 2 10 2 8 10 2 8 2 10 10 10 8 10 8 8
left_child=4 -2 3 -3 7 -6 -7 8 -1 -8 -11 12 -9 14 -14 -4 17 19 -19 21 -21 -15 -23 24 27 -26 -27 28 -24 -18
right_child=1 2 15 -5 5 6 9 11 -10 10 -12 -13 13 16 -16 -17 29 18 -20 20 -22 22 23 -25 25 26 -28 -29 -30 -31
leaf_value=1.8249331459530149 1.1354272670024304 -3.0887285713574464 1.7155028736895201 0.66089330936185353 -4.8111958388270271 2.7629969587104886 -2.3132948582633555 -1.8253263520375398 0.2056659630674641 -3.305427024243254 0.24393734332717779 0.0011839870787501287 -0.75612477763547858 0.27275491939218693 -3.3254402641342349 -0.10133507800355823 -0.66812100819798514 0.084171594453692627 2.7596013108942108 3.3774095461705596 0.14713972150972823 -2.303822997741841 -0.95528406655463483 -0.012758538057039137 0.75081032747560539 -2.7893889957322906 -1.0409419998846456 -1.8994146227064119 0.67434015789435375 0.90101127068309439
leaf_weight=3249 8838 840 1981 30145 804 971 2680 4077 92083 821 5437 381055 4368 9220 1344 58533 3524 7074 1494 945 6988 2549 3943 14164 2260 4532 12437 2027 6812 9211
leaf_count=3249 8838 840 1981 30145 804 971 2680 4077 92083 821 5437 381055 4368 9220 1344 58533 3524 7074 1494 945 6988 2549 3943 14164 2260 4532 12437 2027 6812 9211
internal_value=0.0153064 0.247473 0.16159 0.558278 -0.024581 -0.825017 -0.497061 -0.00961096 0.261038 -0.853917 -0.226242 -0.0635906 -0.318106 -0.251765 -1.36542 -0.041585 -0.178651 -0.289083 0.553359 -0.398718 0.535706 -0.526719 -0.678027 -0.587799 -0.842156 -1.24339 -1.50928 -0.238039 0.0765546 0.466621
internal_weight=684406 100337 91499 30985 584069 10713 9909 573356 95332 8938 6258 478024 96969 92892 5712 60514 87180 74445 8568 65877 7933 57944 48724 46175 32011 19229 16969 12782 10755 12735
internal_count=684406 100337 91499 30985 584069 10713 9909 573356 95332 8938 6258 478024 96969 92892 5712 60514 87180 74445 8568 65877 7933 57944 48724 46175 32011 19229 16969 12782 10755 12735
is_linear=0
shrinkage=0.04


Tree=126
num_leaves=31
num_cat=0
split_feature=41 9 8 13 33 39 3 28 52 47 16 17 5 6 14 3 19 14 7 52 10 2 34 9 33 29 33 1 29 4
split_gain=4.68744e+06 8.56976e+06 7.72596e+06 7.42141e+06 5.64846e+06 3.50995e+06 3.68012e+06 9.98092e+06 5.8144e+06 5.72733e+06 5.22768e+06 8.59645e+06 4.24154e+06 5.01898e+06 1.13529e+07 5.27793e+06 4.07999e+06 4.92198e+06 7.91882e+06 8.4237e+06 4.1708e+06 7.03359e+06 4.16716e+06 4.02933e+06 8.22979e+06 6.55499e+06 6.96585e+06 5.06152e+06 4.43344e+06 4.01132e+06
threshold=1.0000000180025095e-35 -0.085594117641448961 0.0062232017517089852 0.94954547286033641 21.02662563323975 -0.45900826156139368 -0.10954070091247557 0.49929390847682958 0.041036263108253486 -0.1303257346153259 0.003278861404396594 0.044455857947468765 0.54337453842163097 -0.32035422325134272 0.78761798143386852 -0.0310063362121582 2.5000000000000004 0.83415859937667858 -0.46767938137054438 -0.27359706163406367 -0.64471131563186634 -0.098119020462036119 0.09772935509681703 0.073002934455871596 17.701019287109379 0.87148067355155956 18.745792388916019 -0.01419711112976074 6.0220985412597665 -0.25746536254882807
decision_type=2 8 10 10 10 8 8 8 10 8 10 2 10 8 10 10 2 8 8 8 8 10 10 8 10 10 10 10 10 8
left_child=5 -2 3 -3 -4 -1 7 8 10 -9 11 -7 -8 14 -14 -15 17 20 -19 -20 21 -11 -22 25 -25 -17 -27 -26 -29 -18
right_child=1 2 4 -5 -6 6 12 9 -10 16 -12 -13 13 15 -16 23 29 18 19 -21 22 -23 -24 24 27 26 -28 28 -30 -31
leaf_value=-2.2670097178421784 4.8665280144121343 -3.6855307757686875 3.5774064117282114 0.88668277598171208 0.12227289592023413 -4.8975312012272916 -0.011595100779700773 -1.8161092212488696 1.5805037716096717 -3.8149258709303191 -0.36593547887402417 -0.64180177073162725 -5.7233074285177441 1.6968055665826201 0.45841397852686699 1.3207628760812602 2.3669476278160024 2.4391807676137049 -4.1251615103653503 -0.32923274665214847 1.1284837663287637 1.0591062161130551 -1.5343445817102583 -2.7010983961721262 2.6920024700798839 -0.32450676291887398 -3.9935690836544655 0.47709273515457445 -2.0815816792990138 0.80244693018568758
leaf_weight=1087 827 1057 1488 1208 1532 1470 610042 1560 1125 809 3044 1567 927 1685 962 914 3563 1389 1061 7405 15380 1116 993 1700 1245 1411 2000 4867 1383 9929
leaf_count=1087 827 1057 1488 1208 1532 1470 610042 1560 1125 809 3044 1567 927 1685 962 914 3563 1389 1061 7405 15380 1116 993 1700 1245 1411 2000 4867 1383 9929
internal_value=0.0036983 1.10557 0.508974 -1.25384 1.83086 -0.00624166 -0.00258127 0.32619 -1.05102 0.55608 -1.53965 -2.71102 -0.0290136 -0.650267 -2.58934 -0.407822 0.645355 0.371042 -0.349406 -0.809262 0.759042 -0.998383 0.966149 -0.671182 -0.196988 -1.67654 -2.4812 0.373831 -0.0915115 1.21705
internal_weight=684746 6112 5285 2265 3020 678634 677547 50411 7206 43205 6081 3037 627136 17094 1889 15205 41645 28153 9855 8466 18298 1925 16373 13520 9195 4325 3411 7495 6250 13492
internal_count=684746 6112 5285 2265 3020 678634 677547 50411 7206 43205 6081 3037 627136 17094 1889 15205 41645 28153 9855 8466 18298 1925 16373 13520 9195 4325 3411 7495 6250 13492
is_linear=0
shrinkage=0.04


Tree=127
num_leaves=31
num_cat=0
split_feature=46 13 52 49 15 17 14 7 32 17 8 52 33 6 9 14 23 12 8 8 33 7 23 52 8 52 32 33 19 9
split_gain=3.88226e+06 3.93427e+06 6.84443e+06 6.38832e+06 6.52145e+06 5.8054e+06 5.32536e+06 4.44354e+06 3.99657e+06 4.7648e+06 4.1139e+06 4.10731e+06 3.8844e+06 5.18221e+06 5.28837e+06 4.37626e+06 3.84268e+06 5.57106e+06 3.79096e+06 3.68337e+06 1.0124e+07 1.16163e+07 1.06187e+07 9.81262e+06 7.51131e+06 6.93458e+06 6.44005e+06 1.04933e+07 6.26772e+06 8.70292e+06
threshold=-0.10350788757205008 0.79915687441825878 -0.2469137832522392 0.020814957097172741 0.020096477121114734 0.046100119128823287 0.74114662408828746 0.1978331804275513 0.10052780434489252 0.0074518495239317426 -0.099250376224517808 -0.045255878940224641 22.666954040527347 -0.30333375930786127 -0.015106111764907835 0.71031260490417492 -0.074900090694427476 0.026233529672026638 -0.076521575450897203 0.011698544025421144 18.609333038330082 -0.2690416276454925 -0.11424437165260314 0.11183354631066324 -0.094381213188171373 -0.2009366378188133 0.75671541690826427 16.983814239501957 1.5000000000000002 0.10555905103683473
decision_type=8 8 8 10 2 2 10 8 8 2 8 10 8 8 8 10 8 10 8 8 10 8 10 8 10 10 10 10 2 10
left_child=-1 2 -2 4 5 6 -4 -8 10 -10 -3 -12 19 -14 15 -15 -13 -18 -6 20 22 -22 26 24 25 -23 27 -11 -21 -30
right_child=1 8 3 -5 18 -7 7 -9 9 12 11 16 13 14 -16 -17 17 -19 -20 28 21 23 -24 -25 -26 -27 -28 -29 29 -31
leaf_value=-2.4692711693862881 2.5052159040472683 1.811121338735175 -0.089593713226921265 -1.1749561186472821 1.1703601369086762 -1.0314521435755639 -2.3672085269056771 0.070668349704889527 -2.6844355538337825 1.2114315690102526 -3.3691970438671017 1.1375017250197805 -3.6054445831482687 0.017518020091612824 -1.0309488548417467 3.4356081067433339 -0.65089732887889074 -4.1422416059550864 0.097647662252498602 0.10936755583088026 1.1187302181250731 -0.98682833365054867 0.17062084652858628 -2.8448400872201725 -0.079051573199305919 0.77476495262156198 -0.67586313596319159 -2.8072401820938144 0.47331672295365257 2.7049650369485789
leaf_weight=1000 1511 912 65253 9874 5866 15961 3121 1935 986 1268 1023 1492 877 2044 6605 838 5565 833 51231 214979 17014 4026 21267 1877 136799 31404 22927 5640 47408 2962
leaf_count=1000 1511 912 65253 9874 5866 15961 3121 1935 986 1268 1023 1492 877 2044 6605 838 5565 833 51231 214979 17014 4026 21267 1877 136799 31404 22927 5640 47408 2962
internal_value=0.00884293 0.0125046 -0.164879 -0.191369 -0.123549 -0.343008 -0.186599 -1.4359 0.0644229 0.079561 -0.734383 -0.996584 0.0848746 -0.681355 -0.407534 1.01984 -0.68508 -1.11121 0.208041 0.100533 -0.0122484 0.121476 -0.5123 0.0239636 0.055392 0.574369 -0.998994 -2.06891 0.203482 0.605059
internal_weight=684498 683498 154752 153241 143367 86270 70309 5056 528746 518921 9825 8913 517935 10364 9487 2882 7890 6398 57097 507571 242222 191120 51102 174106 172229 35430 29835 6908 265349 50370
internal_count=684498 683498 154752 153241 143367 86270 70309 5056 528746 518921 9825 8913 517935 10364 9487 2882 7890 6398 57097 507571 242222 191120 51102 174106 172229 35430 29835 6908 265349 50370
is_linear=0
shrinkage=0.04


Tree=128
num_leaves=31
num_cat=0
split_feature=13 29 13 7 12 52 2 2 33 52 33 43 33 33 28 51 30 31 18 4 0 17 9 0 52 33 29 13 12 31
split_gain=3.72414e+06 7.04561e+06 5.31289e+06 5.60084e+06 6.40618e+06 6.51769e+06 4.84053e+06 4.62017e+06 4.00686e+06 5.02024e+06 7.48951e+06 6.47618e+06 5.97834e+06 1.02921e+07 4.47237e+06 3.95866e+06 3.94334e+06 3.91275e+06 3.89404e+06 6.46132e+06 4.47976e+06 6.33037e+06 4.84588e+06 4.33757e+06 4.14246e+06 6.47995e+06 7.11651e+06 7.02977e+06 6.70007e+06 7.90213e+06
threshold=0.48216281831264501 0.46160183846950537 0.72427439689636242 0.30687326192855841 0.015163797885179521 0.15435396879911426 0.0064880847930908212 -0.058535933494567864 17.837117195129398 0.034397296607494361 21.510443687438968 57.500000000000007 20.974103927612308 20.518520355224613 0.69323953986167919 -0.032160319387912743 1.281897306442261 23.545000076293949 0.10545009002089502 0.14505219459533694 0.024677395820617679 0.091954041272401824 0.097298860549926772 -0.05190682411193847 -0.14710818976163861 18.934029579162601 3.7093299627304082 1.2738734483718874 0.042268332093954093 33.655000686645515
decision_type=8 10 8 8 10 10 10 10 10 10 10 2 10 10 10 10 10 10 2 8 8 2 10 10 10 10 10 10 8 10
left_child=1 -1 3 4 -2 6 8 -5 14 10 12 -11 13 17 -6 -8 -9 -10 20 -20 22 -22 24 -24 25 27 -27 28 -4 -30
right_child=2 -3 18 7 5 -7 15 16 9 11 -12 -13 -14 -15 -16 -17 -18 -19 19 -21 21 -23 23 -25 -26 26 -28 -29 29 -31
leaf_value=3.5864597178127373 -0.031224106264501478 0.38596005452973881 -0.90756068262593292 2.8356286608906092 -1.4911532769485243 -4.0177111319355872 2.2519840350284044 -0.14645820520574088 -3.5328602778918863 -1.8988248587312102 1.0052164804329373 2.0695725671384118 -4.4502079238287164 1.5034061439032058 1.1677233283812387 -0.34431718164236613 1.4850626142154937 -1.6814905943638352 -0.30252064263218148 3.6698420303854777 -0.11181967895001604 -1.2583463503933328 3.2701879508103513 0.49532993306113365 0.08744183299643625 0.25740964309992792 -3.5495104723696875 0.6660938233050806 -6.1040023084059589 -1.6849343069418696
leaf_weight=1236 32957 9458 7537 1152 1782 969 994 10854 2450 1223 1475 1401 1410 1405 2316 14658 3022 7290 1375 1239 70234 8645 921 28715 444634 18250 811 2959 967 1955
leaf_count=1236 32957 9458 7537 1152 1782 969 994 10854 2450 1223 1475 1401 1410 1405 2316 14658 3022 7290 1375 1239 70234 8645 921 28715 444634 18250 811 2959 967 1955
internal_value=0.0186287 0.758875 0.0068655 -0.288019 -0.437791 -0.796213 -0.709384 0.412727 -1.10982 -1.38538 -1.68554 0.219786 -2.0022 -1.68879 0.0107054 -0.178103 0.209678 -2.15033 0.0496595 1.58713 0.0427699 -0.237621 0.0864184 0.582638 0.055584 -0.380439 0.093658 -1.05349 -1.54015 -3.1632
internal_weight=684294 10694 673600 85358 70330 37373 36404 15028 20752 16654 14030 2624 12555 11145 4098 15652 13876 9740 588242 2614 585628 78879 506749 29636 477113 32479 19061 13418 10459 2922
internal_count=684294 10694 673600 85358 70330 37373 36404 15028 20752 16654 14030 2624 12555 11145 4098 15652 13876 9740 588242 2614 585628 78879 506749 29636 477113 32479 19061 13418 10459 2922
is_linear=0
shrinkage=0.04


Tree=129
num_leaves=31
num_cat=0
split_feature=5 10 11 7 3 21 29 31 51 13 15 51 11 6 22 33 3 32 10 0 32 14 29 6 5 23 2 33 13 33
split_gain=3.92555e+06 5.53091e+06 6.88156e+06 4.69681e+06 3.80999e+06 9.74322e+06 4.88377e+06 7.84296e+06 7.62984e+06 6.36285e+06 6.96719e+06 6.32549e+06 6.72993e+06 7.09221e+06 6.11355e+06 6.5011e+06 5.85717e+06 5.86472e+06 5.84993e+06 5.8012e+06 6.36074e+06 6.85207e+06 5.63649e+06 8.03973e+06 5.43477e+06 5.33962e+06 5.49779e+06 5.23673e+06 5.22415e+06 5.02895e+06
threshold=0.78882777690887462 -0.24479684233665464 2.9519660472869877 1.029480576515198 0.14047217369079593 54.286703109741218 1.0610486865043642 66.99499893188478 -0.031040714122354981 0.83880397677421581 -0.33846679329872126 0.069176595658063902 2.9519660472869877 0.83094060420990001 0.24179716408252719 19.029923439025882 -0.14549183845520017 1.2932479381561282 -0.54453739523887623 -0.047368049621582024 1.164516866207123 0.66741406917572033 1.6162685155868532 0.01177334785461426 -0.44291782379150385 -0.28553029894828791 -0.061338663101196282 17.9932975769043 0.64948898553848278 17.962778091430668
decision_type=10 8 10 8 8 10 8 10 10 8 2 10 10 10 8 10 10 8 8 10 10 10 8 10 8 8 10 10 8 10
left_child=4 -2 3 -3 6 -6 11 9 -9 10 18 12 19 -14 15 16 17 27 -8 20 21 -1 -17 -24 -16 26 -21 -11 -15 -22
right_child=1 2 -4 -5 5 -7 7 8 -10 14 -12 -13 13 28 24 22 -18 -19 -20 25 29 -23 23 -25 -26 -27 -28 -29 -30 -31
leaf_value=-1.2046621206668942 -3.5373538927751911 2.9034174164206581 -2.242873629780973 -0.79294187490995538 1.69025983229553 0.069757315959599581 -3.216714630252302 1.57369747188738 0.13967169104513139 0.94057407522719849 -0.19946579366258602 -1.3944265406010825 4.5736244523793674 3.7137326791394072 2.2391954412818644 0.12281407273951091 -1.9551784652123179 2.0551774164170742 -0.88625535325462257 0.26388679002186188 -2.9007493705396512 -5.3878805020482341 -1.8011891291563604 0.21167601403158909 -0.012694733762435217 0.10307729319561061 2.8621779156567073 -3.1132366391987882 0.25581361173668771 0.53058523849780193
leaf_weight=2263 1148 1120 1766 1065 7488 28508 1854 7525 27992 910 37717 4443 967 832 1720 23913 7698 1367 23208 3030 814 861 7201 5669 194837 277418 2279 1139 4128 3995
leaf_count=2263 1148 1120 1766 1065 7488 28508 1854 7525 27992 910 37717 4443 967 832 1720 23913 7698 1367 23208 3030 814 861 7201 5669 194837 277418 2279 1139 4128 3995
internal_value=-0.00148825 -1.10612 -0.392551 1.10635 0.00681372 0.407235 -0.0155812 -0.118828 0.443857 -0.183889 -0.543061 0.101975 0.124438 1.45763 -0.09163 -0.496806 -1.34415 0.0345005 -1.05987 0.097203 -0.968937 -2.3711 -0.240486 -0.915083 0.00712366 0.127151 1.38254 -1.31704 0.842157 -0.0550371
internal_weight=684875 5099 3951 2185 679776 35996 643780 342750 35517 307233 62779 301030 296587 5927 244454 47897 11114 3416 25062 290660 7933 3124 36783 12870 196557 282727 5309 2049 4960 4809
internal_count=684875 5099 3951 2185 679776 35996 643780 342750 35517 307233 62779 301030 296587 5927 244454 47897 11114 3416 25062 290660 7933 3124 36783 12870 196557 282727 5309 2049 4960 4809
is_linear=0
shrinkage=0.04


Tree=130
num_leaves=31
num_cat=0
split_feature=30 31 31 15 17 5 32 28 9 1 3 10 9 14 43 6 10 23 10 29 5 14 10 29 51 43 13 7 13 17
split_gain=4.44607e+06 6.43671e+06 5.94366e+06 5.18754e+06 4.43504e+06 5.09821e+06 5.08005e+06 5.07597e+06 4.88854e+06 5.82803e+06 4.65747e+06 4.49812e+06 4.37787e+06 5.23804e+06 3.836e+06 6.15363e+06 3.71632e+06 3.64572e+06 3.6034e+06 3.84361e+06 3.58553e+06 3.49676e+06 3.48331e+06 5.0916e+06 6.55652e+06 5.11044e+06 4.3906e+06 4.36118e+06 4.2136e+06 4.88444e+06
threshold=1.2596080899238589 64.24499893188478 12.684999942779543 -0.76566392183303822 0.009002710226923229 -0.41598224639892573 1.0504085421562197 0.33607858419418341 0.031984627246856696 -0.015002489089965819 -0.061617136001586907 -0.56734675168991078 -0.028039574623107907 0.41457095742225653 1.0000000180025095e-35 0.28142070770263677 -0.3801195621490478 -0.27287948131561274 -0.31711474061012263 1.5685259103775027 0.12851738929748538 0.44675451517105108 -0.027597248554229733 1.0610486865043642 0.01702382788062096 7.5000000000000009 1.4201997518539431 0.7148185968399049 0.7204323709011079 0.06775378063321115
decision_type=8 10 10 2 2 8 10 8 10 8 10 8 10 8 2 8 8 8 8 8 10 10 10 10 10 2 10 10 8 2
left_child=1 14 -2 18 -5 6 -6 10 17 -10 -7 -8 13 -3 15 -1 -15 -9 -4 -20 -14 -17 23 24 25 -16 27 -27 29 -25
right_child=2 12 3 4 5 7 11 8 9 -11 -12 -13 20 16 22 21 -18 -19 19 -21 -22 -23 -24 28 -26 26 -28 -29 -30 -31
leaf_value=-0.13641720600588783 -3.0986670987416232 0.54994407954841285 -2.073932129222634 -2.7856668162114526 -0.82939145792655222 -0.72948460066149778 4.023904270315529 1.5511432754942893 1.9175331583891824 0.053623739137061921 2.3070053887060724 0.39413163145340974 0.042527866290837928 4.5686648626129935 -0.87223221182622979 -0.79780753879052613 1.646849834440423 -0.42309352224660368 0.053509715645618385 -1.9237696268234359 0.87776193737219654 -4.1664904571017001 0.2705678487135143 -0.50743010324458848 -0.32958139300893108 0.22028542618405561 1.8081612478983216 2.4884547306004672 -0.10596921647742967 -2.5976019415356513
leaf_weight=4574 1133 8348 3522 969 1050 1191 1320 1523 3039 22430 2479 931 30639 895 6540 847 3134 63665 5366 2215 11231 1189 73984 17489 42826 160888 2896 1358 204492 1984
leaf_count=4574 1133 8348 3522 969 1050 1191 1320 1523 3039 22430 2479 931 30639 895 6540 847 3134 63665 5366 2215 11231 1189 73984 17489 42826 160888 2896 1358 204492 1984
internal_value=0.00284434 0.0476797 -0.229062 -0.199145 -0.106791 -0.0799193 1.46286 -0.134058 -0.193154 0.276694 1.32229 2.53104 0.462228 1.12285 0.00434772 -0.952369 2.3056 -0.376738 -1.01843 -0.525981 0.266723 -2.77583 0.0167064 -0.0261331 0.113143 0.223593 0.26704 0.239422 -0.159527 -0.721611
internal_weight=684147 573314 110833 109700 98597 97628 3301 94327 90657 25469 3670 2251 54247 12377 519067 6610 4029 65188 11103 7581 41870 2036 512457 438473 214508 171682 165142 162246 223965 19473
internal_count=684147 573314 110833 109700 98597 97628 3301 94327 90657 25469 3670 2251 54247 12377 519067 6610 4029 65188 11103 7581 41870 2036 512457 438473 214508 171682 165142 162246 223965 19473
is_linear=0
shrinkage=0.04


Tree=131
num_leaves=31
num_cat=0
split_feature=4 30 21 8 32 51 23 23 32 10 10 5 3 10 52 12 47 32 8 10 48 32 2 32 48 51 48 21 3 15
split_gain=4.3512e+06 8.34418e+06 8.45638e+06 6.0093e+06 8.72244e+06 5.43671e+06 5.12447e+06 1.0553e+07 7.13706e+06 5.38299e+06 4.92479e+06 4.89137e+06 5.67776e+06 4.88457e+06 4.7729e+06 4.54508e+06 4.38613e+06 5.88281e+06 4.83232e+06 7.80673e+06 6.74882e+06 6.91214e+06 6.72515e+06 7.7756e+06 5.66087e+06 5.15561e+06 6.94666e+06 5.71836e+06 5.58138e+06 5.34484e+06
threshold=-0.24283027648925778 1.7250003814697268 11.897853851318361 -0.21698048710823056 1.7010730504989626 -0.028820979408919808 -0.13052976131439206 -0.21772834658622739 1.0311939120292666 -0.50629934668540943 -0.84239459037780751 -0.35577154159545893 0.17658019065856936 -0.81112942099571217 0.0053670024499297151 0.035128021612763412 -0.094285279512405382 1.2394698262214663 0.019869744777679447 -0.84239459037780751 -0.025209105573594567 0.05225550755858422 -0.082531452178955064 0.88381263613700878 0.23378856480121615 -0.054802002385258668 -0.05054874159395694 4.3291754722595224 -0.0097086429595947248 -0.12244760617613791
decision_type=10 8 10 10 10 10 8 10 8 8 8 10 10 8 10 10 8 10 10 8 8 8 10 10 10 10 8 10 10 2
left_child=1 10 -3 4 6 -6 7 8 -2 -9 -1 12 13 -5 15 -15 17 -13 19 -18 -20 -22 23 -23 25 26 -21 -28 29 -29
right_child=3 2 -4 11 5 -7 -8 9 -10 -11 -12 16 -14 14 -16 -17 18 -19 20 24 21 22 -24 -25 -26 -27 27 28 -30 -31
leaf_value=3.0460426534224325 -2.3862072801236751 -5.1288193314901447 0.63880838372040727 -2.0516371581898949 -5.9633799229589703 -1.3193935806363062 0.48486300634877211 -0.76123599066773895 2.3109140981265477 -4.567585513466347 0.57013828833075531 0.020071873936479769 -2.144711226464656 0.83002794573022098 -0.076657403320885178 2.5540929708307019 3.0480167934506497 2.3923084010428974 -0.86757639573903833 1.8690135420630629 -1.4292474319970072 -1.03894938753274 0.10645637216509173 2.2682631035207423 1.8135732398997002 -0.11600819069996245 -0.019051929807725118 -1.9790944377925379 0.23356404586958904 -0.5764385345800469
leaf_weight=1358 800 804 809 855 805 813 4532 954 1425 1588 21513 4150 1059 6207 4289 4045 1208 2792 11716 1681 4588 1506 298404 4576 2296 266770 11114 11024 3941 7190
leaf_count=1358 800 804 809 855 805 813 4532 954 1425 1588 21513 4150 1059 6207 4289 4045 1208 2792 11716 1681 4588 1506 298404 4576 2296 266770 11114 11024 3941 7190
internal_value=-0.00148928 0.522022 -2.24995 -0.0209079 -0.951155 -3.65234 -0.477737 -1.39198 0.618941 -3.14766 0.718416 -0.00525549 0.675385 0.870629 1.04375 1.5121 -0.0229605 0.976229 -0.0340562 -0.147986 0.0743466 0.110079 0.13332 1.44898 -0.160785 -0.175869 -0.632617 -0.759542 -1.13083 -1.42601
internal_weight=684812 24484 1613 660328 10917 1618 9299 4767 2225 2542 22871 649411 16455 15396 14541 10252 632956 6942 626014 305224 320790 309074 304486 6082 304016 301720 34950 33269 22155 18214
internal_count=684812 24484 1613 660328 10917 1618 9299 4767 2225 2542 22871 649411 16455 15396 14541 10252 632956 6942 626014 305224 320790 309074 304486 6082 304016 301720 34950 33269 22155 18214
is_linear=0
shrinkage=0.04


Tree=132
num_leaves=31
num_cat=0
split_feature=49 8 11 39 36 51 52 52 5 2 11 32 30 28 28 23 32 28 0 3 0 30 10 10 4 32 32 6 6 10
split_gain=3.84557e+06 4.55736e+06 6.46712e+06 4.59006e+06 4.50314e+06 6.49607e+06 1.17757e+07 4.73857e+06 7.33312e+06 5.9007e+06 9.48083e+06 6.37526e+06 6.37908e+06 5.44339e+06 5.43994e+06 5.28787e+06 8.48954e+06 5.24773e+06 9.21622e+06 5.28774e+06 5.2104e+06 5.15537e+06 6.46251e+06 4.99652e+06 8.9021e+06 6.79458e+06 6.58687e+06 5.2294e+06 4.71423e+06 4.52634e+06
threshold=-0.010416052304208277 -0.10189172625541686 0.54709279537200939 0.19994172453880313 -0.42177316546440119 -0.042206827551126473 -0.17475711554288861 -0.15146155655384061 -0.28175759315490717 -0.0944540500640869 0.022193610668182377 0.96562284231185924 1.2542767524719241 1.0013001561164858 0.79123640060424816 -0.10495319962501524 2.1076766252517705 0.64771324396133434 -0.0077857971191406241 -0.16784143447875974 0.042754411697387702 1.0214146971702578 -0.30803966522216791 -0.24949559569358823 -0.24283027648925778 0.7993396818637849 1.0034701228141787 0.32942056655883795 -0.0081248283386230451 -0.66416239738464344
decision_type=8 10 8 8 8 8 8 8 8 8 8 8 10 10 10 10 10 8 8 8 10 8 8 10 10 8 10 10 10 8
left_child=1 2 -1 -3 5 6 -2 8 14 10 -9 12 13 -12 -6 16 23 18 19 -11 -13 -21 -23 24 25 -10 -25 -28 29 -7
right_child=4 3 -4 -5 7 28 -8 9 15 17 11 20 -14 -15 -16 -17 -18 -19 -20 21 -22 22 -24 26 -26 -27 27 -29 -30 -31
leaf_value=0.66026579141025832 2.139284352678481 0.21512295397318196 3.8910567382013546 -0.8449934902997539 -0.80676928035887496 2.3160092430243915 -2.2167946957203446 -1.7035478110704818 -3.0588156650254974 -3.3977900473514717 -0.87155206315257683 1.7231078362778161 -3.2686952871922506 2.3620787498389686 0.94852239967305252 0.99887843140323807 -4.2886564542187591 -0.067853599649134108 0.57495350231265174 0.30452317208672669 -1.5260352891802926 -2.1606068315941913 -0.24763243226820003 2.2064786714553684 -2.4958159350193698 1.0471078008594201 1.0456306513164575 -2.5064832757478337 -0.0026425176374865579 -0.57177649706245692
leaf_weight=10945 1195 70928 1081 7188 4613 876 5668 2256 837 825 1936 11749 893 1447 7255 1813 1358 323643 58981 17168 839 3687 12001 1566 5609 2692 1122 1596 77397 44621
leaf_count=10945 1195 70928 1081 7188 4613 876 5668 2256 837 825 1936 11749 893 1447 7255 1813 1358 323643 58981 17168 839 3687 12001 1566 5609 2692 1122 1596 77397 44621
internal_value=-0.0142889 0.22913 0.953669 0.117479 -0.0512541 -0.259547 -1.4563 0.00701345 -0.492939 0.0397028 0.72661 1.05252 -0.28141 0.514444 0.266149 -1.0357 -1.28578 0.0081379 0.273534 -0.254315 1.50551 -0.174374 -0.69831 -0.978996 -1.50694 0.067383 0.148033 -1.0417 -0.192602 -0.515678
internal_weight=683785 90142 12026 78116 593643 129757 6863 463886 28461 435425 19120 16864 4276 3383 11868 16593 14780 416305 92662 33681 12588 32856 15688 13422 9138 3529 4284 2718 122894 45497
internal_count=683785 90142 12026 78116 593643 129757 6863 463886 28461 435425 19120 16864 4276 3383 11868 16593 14780 416305 92662 33681 12588 32856 15688 13422 9138 3529 4284 2718 122894 45497
is_linear=0
shrinkage=0.04


Tree=133
num_leaves=31
num_cat=0
split_feature=35 49 12 10 17 11 29 7 12 7 10 6 21 17 33 33 14 33 33 28 32 2 3 29 32 3 4 33 51 3
split_gain=3.58511e+06 4.73576e+06 4.29718e+06 3.74894e+06 7.01361e+06 4.95202e+06 8.22546e+06 8.18686e+06 6.72937e+06 6.51702e+06 7.07234e+06 8.02883e+06 6.98195e+06 8.85755e+06 5.95808e+06 5.70794e+06 4.79516e+06 8.45429e+06 5.2752e+06 4.38024e+06 4.33723e+06 4.31368e+06 4.16283e+06 4.16249e+06 4.09926e+06 9.26528e+06 5.4677e+06 4.07442e+06 5.18178e+06 4.31777e+06
threshold=0.042334184050560004 -0.026509238407015797 0.024475587531924251 -0.027597248554229733 0.0074518495239317426 1.252155661582947 0.42002686858177191 1.029480576515198 0.029917018488049511 0.62050658464431774 -0.088430404663085924 1.1519308090209963 4.645616054534913 0.054381523281335838 17.062061309814457 17.425079345703129 0.9550921916961671 18.487825393676761 19.809944152832035 0.72910761833190929 1.6650887727737429 0.23628723621368411 -0.13420867919921872 0.94155043363571178 0.91330569982528698 0.14047217369079593 0.13469183444976809 19.159003257751468 -0.015160770155489443 0.035206317901611335
decision_type=10 8 8 8 2 10 10 8 10 10 10 10 10 2 10 10 8 10 10 10 10 10 10 10 10 10 10 10 10 10
left_child=1 2 -1 4 -3 14 8 9 -7 12 11 19 22 20 -6 -9 17 -17 -19 -11 -14 -16 -8 -22 26 27 -12 28 -26 -29
right_child=-2 3 -4 -5 5 6 7 15 -10 10 24 -13 13 -15 21 16 -18 18 -20 -21 23 -23 -24 -25 25 -27 -28 29 -30 -31
leaf_value=0.18486142419111259 -0.38902349680627557 -3.2308601124607561 1.1170737974215319 0.21289926973571063 0.64308539028891065 3.9889010167894718 3.7030594149943505 -4.8464008419942957 -0.455563652417182 4.5132800964803304 3.7318403237106175 -0.91028116251540381 -0.5197670055526965 -1.5660512936564621 -0.023763901805321255 0.85182181769436771 0.88432427701097904 -5.2849461151350896 -1.1453896889709345 1.5769139881492285 1.910042386900858 -2.8579612909598358 0.3973839441292506 -0.31253886692280319 -5.1495925536814093 2.9125280910556759 -0.66824522576612577 1.3330826279118413 -1.0339769556101768 -2.4608287474499808
leaf_weight=27858 35844 1097 11043 104311 22174 1224 836 912 973 1338 804 1342 24644 12379 417647 991 1110 1231 828 2093 2531 851 2191 2867 946 814 1010 1019 1016 890
leaf_count=27858 35844 1097 11043 104311 22174 1224 836 912 973 1338 804 1342 24644 12379 417647 991 1110 1231 828 2093 2531 851 2191 2867 946 814 1010 1019 1016 890
internal_value=0.000349334 0.0218609 0.449712 -0.00542791 -0.0504605 -0.0434833 -0.372273 -0.457907 2.02741 -0.32004 0.540561 1.70802 -0.533558 -0.666067 0.00426689 -1.99601 -1.36099 -2.17836 -3.63386 2.73181 -0.294825 -0.0295953 1.31954 0.731184 -0.318151 -0.942908 1.29173 -1.75905 -3.03442 -0.439293
internal_weight=684814 648970 38901 610069 505758 504661 63989 61792 2197 56720 11272 4773 45448 42421 440672 5072 4160 3050 2059 3431 30042 418498 3027 5398 6499 4685 1814 3871 1962 1909
internal_count=684814 648970 38901 610069 505758 504661 63989 61792 2197 56720 11272 4773 45448 42421 440672 5072 4160 3050 2059 3431 30042 418498 3027 5398 6499 4685 1814 3871 1962 1909
is_linear=0
shrinkage=0.04


Tree=134
num_leaves=31
num_cat=0
split_feature=48 47 52 23 33 29 12 4 7 31 4 13 16 5 52 52 28 7 36 5 29 23 32 19 15 4 5 31 16 52
split_gain=3.5604e+06 5.42712e+06 4.73403e+06 3.05733e+06 1.10704e+07 7.23895e+06 7.01324e+06 7.52605e+06 6.33176e+06 6.19376e+06 7.22445e+06 5.84837e+06 5.79312e+06 5.76128e+06 5.12343e+06 5.41401e+06 4.96219e+06 4.74875e+06 6.06103e+06 4.71158e+06 5.9617e+06 5.40706e+06 5.36343e+06 4.64122e+06 4.35047e+06 6.5162e+06 6.2166e+06 5.88276e+06 5.33673e+06 4.90765e+06
threshold=-0.156102180480957 -0.27895608544349665 -0.087383087724447236 -0.17499998211860654 18.970213890075687 3.5489041805267338 0.029917018488049511 0.03318381309509278 -0.28686913847923273 46.43499946594239 -0.083411931991577135 0.77401140332221996 -0.013405717443674801 -0.47641420364379877 -0.2469137832522392 -0.16185130923986432 0.44989126920700079 0.28103452920913702 -0.91590464115142811 -0.03342080116271972 1.2042381763458254 -0.21772834658622739 1.5189115405082705 2.5000000000000004 -0.66071504354476918 -0.29694652557373041 0.008933305740356447 43.805000305175788 -0.0091379280202090723 -0.2009366378188133
decision_type=8 10 10 10 10 10 8 10 8 10 8 10 8 8 10 10 10 8 10 10 10 8 8 2 2 8 8 8 8 8
left_child=1 -1 -3 4 6 9 19 8 11 10 12 -8 13 -6 -5 -16 -13 18 -11 20 21 -2 -23 -14 26 -26 27 -10 -27 -30
right_child=3 2 -4 14 5 -7 7 -9 24 17 -12 16 23 -15 15 -17 -18 -19 -20 -21 -22 22 -24 -25 25 28 -28 -29 29 -31
leaf_value=-1.7973101604049548 2.5818379255751673 3.6052497706271529 0.78009394341365834 2.9809769022844232 1.7995688856212946 -1.7648479020933519 3.0845281826663662 1.5954446729890588 -6.4953634158092513 2.9932742073059972 1.970364394553783 -2.9019971938313898 0.23099719523407325 -1.9985150316534748 -1.0864657514252565 -0.0076283381341734407 0.15991863745875784 -0.634787834597205 -0.11882070810865944 2.5320982626396451 -2.1320578718539163 -1.2614852768464442 2.4878864252914639 1.7094567071379254 1.3084045329585783 -3.3308463594251396 -0.78753487914070519 -2.0731303889194694 -3.6880354448954265 -0.48254584030262637
leaf_weight=911 1829 1302 3460 901 813 1747 915 2218 868 4794 5014 993 14613 2867 7526 600807 5434 992 1264 1820 1338 2106 848 4418 1749 1750 1786 1097 860 6324
leaf_count=911 1829 1302 3460 901 813 1747 915 2218 868 4794 5014 993 14613 2867 7526 600807 5434 992 1264 1820 1338 2106 848 4418 1749 1750 1786 1097 860 6324
internal_value=0.0203378 1.01737 1.55847 0.0119767 0.26541 0.740972 -0.278522 -0.619497 -0.845729 0.867329 0.59772 0.110593 0.293942 -1.15682 -0.0165043 -0.0209928 -0.316934 1.92525 2.34481 0.75123 0.218446 0.879054 -0.180397 0.574935 -1.33191 -0.918904 -2.5026 -4.04956 -1.35592 -0.87087
internal_weight=683364 5673 4762 677691 68457 36522 31935 23994 21776 34775 27725 7342 22711 3680 609234 608333 6427 7050 6058 7941 6121 4783 2954 19031 14434 10683 3751 1965 8934 7184
internal_count=683364 5673 4762 677691 68457 36522 31935 23994 21776 34775 27725 7342 22711 3680 609234 608333 6427 7050 6058 7941 6121 4783 2954 19031 14434 10683 3751 1965 8934 7184
is_linear=0
shrinkage=0.04


Tree=135
num_leaves=31
num_cat=0
split_feature=33 48 8 23 43 11 6 48 31 28 1 28 43 15 18 41 4 52 6 9 21 14 38 48 10 10 31 11 32 12
split_gain=3.72044e+06 4.43038e+06 3.9225e+06 5.39311e+06 3.73644e+06 3.52748e+06 3.56497e+06 3.63767e+06 3.37294e+06 6.23603e+06 4.283e+06 3.61301e+06 4.1158e+06 5.76497e+06 4.25265e+06 4.31803e+06 4.00863e+06 3.69266e+06 3.84576e+06 3.4846e+06 6.2825e+06 3.37303e+06 3.37172e+06 5.30695e+06 4.81848e+06 3.93213e+06 3.59318e+06 4.21937e+06 5.67801e+06 5.21804e+06
threshold=22.791291236877445 0.23378856480121615 -0.13314104080200193 -0.13189300894737241 53.500000000000007 1.7441947460174563 0.036826610565185554 0.30311925709247595 71.454998016357436 0.21353093534708026 -0.012681722640991209 1.5208429098129275 8.5000000000000018 -0.6190529167652129 0.10545009002089502 1.0000000180025095e-35 0.51344299316406261 0.0667557828128338 0.4586100578308106 0.097298860549926772 29.902640342712406 0.92932036519050609 -1.712307274341583 -0.012198762968182562 -0.26188826560974116 -0.55555555224418629 18.045000076293949 1.3519297838211062 1.7853117585182192 0.028679417446255687
decision_type=8 10 10 10 2 8 10 10 10 10 10 10 2 2 2 2 10 8 10 10 10 10 8 10 8 10 10 10 10 10
left_child=1 8 -2 -4 5 6 -3 -8 11 -10 -11 19 13 -13 15 16 -14 18 -15 22 -21 -16 23 25 -25 -1 27 29 -29 -24
right_child=2 4 3 -5 -6 -7 7 -9 9 10 -12 12 14 17 21 -17 -18 -19 -20 20 -22 -23 26 24 -26 -27 -28 28 -30 -31
leaf_value=2.4683488977749928 -3.3249550757172193 2.8127699052946098 2.5972538835903616 -0.80050918751069189 -1.6707292657104433 3.3713840860788058 1.0545699997883431 -1.1839927143330713 -2.9911822763511111 1.0606003613987975 0.13784496338600324 -1.0825735214001759 -0.34294803925724621 0.54836254655268779 -0.050356705071451457 2.2923845449422484 -2.843385087943215 1.6445980773883064 -1.7696377762184694 2.9259289767491783 0.32038251355925285 3.5408517441002862 -0.70406682267990006 2.9513799716948377 0.70114830795875593 -0.22373302297130462 0.0025899546664508821 -2.0716342238120338 0.76447674665577781 0.31074549279786196
leaf_weight=909 859 1199 805 9040 812 1002 4085 1612 858 11947 24630 3736 107008 9616 864 976 1026 4402 1290 1585 20718 801 17008 1741 11776 15667 406887 4554 1495 15474
leaf_count=909 859 1199 805 9040 812 1002 4085 1612 858 11947 24630 3736 107008 9616 864 976 1026 4402 1290 1585 20718 801 17008 1741 11776 15667 406887 4554 1495 15474
internal_value=-0.00876631 0.00299492 -0.748295 -0.520329 0.898758 1.16471 0.839656 0.420191 -0.00875146 0.360041 0.439448 -0.0307569 -0.21877 0.324271 -0.312232 -0.342938 -0.366956 0.668101 0.272811 0.0182384 0.506778 1.68813 -0.00468587 0.405028 0.992947 -0.0747046 -0.0323751 -0.401511 -1.37059 -0.220677
internal_weight=684382 673678 10704 9845 8710 7898 6896 5697 664968 37435 36577 627533 129719 19044 110675 109010 108034 15308 10906 497814 22303 1665 475511 30093 13517 16576 445418 38531 6049 32482
internal_count=684382 673678 10704 9845 8710 7898 6896 5697 664968 37435 36577 627533 129719 19044 110675 109010 108034 15308 10906 497814 22303 1665 475511 30093 13517 16576 445418 38531 6049 32482
is_linear=0
shrinkage=0.04


Tree=136
num_leaves=31
num_cat=0
split_feature=36 10 31 30 49 6 33 48 14 39 40 12 5 31 38 49 10 18 5 12 14 17 19 9 12 5 14 38 5 52
split_gain=4.15976e+06 9.56325e+06 7.0505e+06 8.35245e+06 5.49464e+06 7.63153e+06 7.85824e+06 5.23501e+06 5.28104e+06 4.23485e+06 4.20922e+06 4.97215e+06 5.10871e+06 6.03516e+06 4.5275e+06 4.15932e+06 3.64388e+06 5.39831e+06 5.66591e+06 8.10598e+06 4.91442e+06 4.77011e+06 5.41458e+06 5.88949e+06 4.637e+06 6.81811e+06 5.08442e+06 5.05429e+06 5.44873e+06 7.44157e+06
threshold=-0.83984082937240589 -0.60974219441413868 11.644999980926515 0.65847226977348339 0.047924673184752471 -0.47482752799987787 20.287021636962894 -0.087452724575996385 0.95856454968452465 -0.061276812106370919 -0.0071081817150115958 0.032928230240941055 -0.18822574615478513 37.73500061035157 -0.84228017926216114 -0.017085837200284001 -0.027597248554229733 0.10545009002089502 0.3756625652313233 0.06501584500074388 0.8724660873413087 0.0074518495239317426 2.5000000000000004 0.058643221855163581 0.02035416662693024 -0.232693076133728 0.072007261216640486 -1.4518566131591795 -0.28175759315490717 -0.11680394783616065
decision_type=8 8 10 10 8 8 10 8 10 10 10 8 8 10 10 10 8 2 10 10 10 2 2 8 8 8 8 8 8 10
left_child=1 -1 3 -3 7 -6 -7 9 10 -4 -9 12 13 -12 -14 -16 21 18 19 20 -18 -2 24 -24 25 -23 -26 -28 -29 -30
right_child=16 2 4 -5 5 6 -8 8 -10 -11 11 -13 14 -15 15 -17 17 -19 -20 -21 -22 22 23 -25 26 -27 27 28 29 -31
leaf_value=3.4337181024323797 -2.6897049512450866 -0.23108135492322845 -1.0447824698210915 -5.6652049665506174 -4.3967713971664573 -0.027735335110998797 -2.0733192986471982 2.5499408383266533 -2.6699614154118083 2.2644633116851405 -4.22173879026065 2.7548542022202311 0.38779982696297188 -0.0073371006833804469 -1.1214367362251476 -0.074833094785635934 0.29544584025552106 3.4715920744023374 -0.44808644108995832 -3.4332268583017047 1.3645369772481859 1.5755959870235936 0.24966396169741181 2.311591680053799 2.082025077245266 0.05545092032257886 0.71965514680032316 0.2963485448377588 -0.96870990827599046 -0.2050480263286682
leaf_weight=1069 1054 951 817 855 968 8701 4580 908 1340 2477 1089 891 15676 1076 9816 15921 78492 813 17021 887 7532 4843 68294 2281 1588 173318 9590 29384 22733 199709
leaf_count=1069 1054 951 817 855 968 8701 4580 908 1340 2477 1089 891 15676 1076 9816 15921 78492 813 17021 887 7532 4843 68294 2281 1588 173318 9590 29384 22733 199709
internal_value=-0.00281446 -0.301817 -0.362771 -2.82074 -0.293263 -0.985916 -0.734191 -0.0957563 -0.204539 1.443 -0.131162 -0.186468 -0.247225 -2.13685 -0.147946 -0.474285 0.0296956 0.244672 0.219098 0.349798 0.3892 -0.0142201 -0.00865707 0.316624 -0.0606996 0.0968596 -0.167431 -0.181175 -0.215507 -0.283132
internal_weight=684674 67135 66066 1806 64260 14249 13281 50011 46717 3294 45377 44469 43578 2165 41413 25737 617539 104745 103932 86911 86024 512794 511740 70575 441165 178161 263004 261416 251826 222442
internal_count=684674 67135 66066 1806 64260 14249 13281 50011 46717 3294 45377 44469 43578 2165 41413 25737 617539 104745 103932 86911 86024 512794 511740 70575 441165 178161 263004 261416 251826 222442
is_linear=0
shrinkage=0.04


Tree=137
num_leaves=31
num_cat=0
split_feature=46 48 18 14 7 30 15 5 52 39 23 2 33 14 40 32 8 33 32 10 11 40 32 33 6 46 33 33 6 39
split_gain=4.53312e+06 4.43244e+06 3.76986e+06 8.20531e+06 4.85627e+06 5.54203e+06 4.87016e+06 4.84924e+06 8.46328e+06 6.44842e+06 6.07826e+06 5.46343e+06 4.58468e+06 5.44528e+06 8.73746e+06 7.81646e+06 5.95685e+06 1.63958e+07 1.54498e+07 1.13617e+07 1.08219e+07 6.56674e+06 6.21124e+06 6.0465e+06 7.39327e+06 5.57606e+06 4.97872e+06 5.545e+06 7.57746e+06 7.36718e+06
threshold=-0.10350788757205008 -0.156102180480957 0.073587734252214446 0.91496315598487865 1.2071516513824465 0.88440904021263134 0.91905689239501964 0.19174861907958987 0.28357595205307012 0.070232197642326369 -0.32087004184722895 -0.031350374221801751 16.898509025573734 0.86141595244407665 0.68733203411102306 1.4047567248344424 -0.11891099810600279 18.214642524719242 1.1133744716644289 -0.71715325117111195 0.35308909416198736 0.0069078803062438974 0.84453672170639049 21.510443687438968 0.60894274711608898 -0.044789770618081086 22.468583106994632 19.392810821533207 0.7420482635498048 -0.29796662926673884
decision_type=8 8 2 8 10 10 2 8 8 10 8 8 8 10 10 10 10 10 8 10 8 8 10 10 10 8 10 10 10 10
left_child=-1 -2 4 -4 6 -6 7 8 12 10 -9 -12 -3 16 15 -15 17 18 20 -19 22 -21 -14 24 -23 -18 27 29 -29 -17
right_child=1 2 3 -5 5 -7 -8 9 -10 -11 11 -13 13 14 -16 26 25 19 -20 21 -22 23 -24 -25 -26 -27 -28 28 -30 -31
leaf_value=-2.6571444493149294 1.1632738841765373 0.54767168502298846 -0.097402790907049702 2.6196342559444012 -4.3924423295863759 -0.35169272338097352 -2.0987898217217897 -3.1809703341839817 -3.4782278209344963 -0.80732967640948661 0.80136556620096033 0.14850249375508762 -2.9795489759626475 -1.1722515509599762 1.4283547670665337 -1.4222346077391468 -1.3060683521802929 -2.1298435737443349 0.88203024035923616 0.022445954499292878 -5.9332494073015383 1.4762048557246279 0.15400762157239939 4.0194636544765716 -1.4502508442643012 -0.078513924577646721 -2.6827862977726888 0.094180092254721515 3.2810064410341839 1.787162455547546
leaf_weight=1033 5034 18227 5128 2712 858 1456 1807 813 1162 9946 25044 113090 2160 22194 3606 7241 6000 1880 3725 7077 1132 18019 1895 1344 1488 398324 1207 18331 1267 1350
leaf_count=1033 5034 18227 5128 2712 858 1456 1807 813 1162 9946 25044 113090 2160 22194 3606 7241 6000 1880 3725 7077 1132 18019 1895 1344 1488 398324 1207 18331 1267 1350
internal_value=-0.0221164 -0.0180953 -0.0268775 0.84461 -0.0370779 -1.8624 -0.0307301 -0.025092 -0.0829574 0.17607 0.246516 0.266917 -0.0752512 -0.09805 -0.472658 -0.605785 -0.0513703 0.422526 -1.082 0.872562 -2.49144 1.07536 -1.51839 1.43255 1.25235 -0.0967622 -0.177849 -0.0696791 0.301775 -0.916415
internal_weight=684550 683517 678483 7840 670643 2314 668329 666522 517629 148893 138947 138134 516467 498240 55196 51590 443044 38720 8912 29808 5187 27928 4055 20851 19507 404324 29396 28189 19598 8591
internal_count=684550 683517 678483 7840 670643 2314 668329 666522 517629 148893 138947 138134 516467 498240 55196 51590 443044 38720 8912 29808 5187 27928 4055 20851 19507 404324 29396 28189 19598 8591
is_linear=0
shrinkage=0.04


Tree=138
num_leaves=31
num_cat=0
split_feature=32 33 10 13 5 14 48 13 6 33 10 31 21 4 8 6 6 17 1 40 19 50 29 36 32 33 30 8 6 13
split_gain=3.85271e+06 6.8471e+06 6.58929e+06 7.34e+06 5.55471e+06 4.84518e+06 5.90396e+06 4.01516e+06 3.99259e+06 5.51591e+06 4.89103e+06 6.58908e+06 3.76827e+06 3.75328e+06 9.79821e+06 1.11304e+07 6.89658e+06 5.02926e+06 5.19438e+06 5.21158e+06 4.96116e+06 5.43607e+06 5.25192e+06 4.78264e+06 5.54027e+06 6.24362e+06 4.53675e+06 5.43749e+06 5.82185e+06 4.51652e+06
threshold=0.33651858568191534 17.268031120300297 -0.50629934668540943 0.53750902414321911 -0.21422886848449704 0.9630604386329652 -0.056575387716293328 1.6190963387489321 0.31947517395019537 21.510443687438968 -0.061548978090286248 41.975000381469734 30.811833381652836 -0.21817636489868161 -0.21698048710823056 -0.36847233772277826 -0.85536623001098622 0.03582801669836045 -0.081501245498657213 -0.0071081817150115958 2.5000000000000004 0.027763354592025283 0.69415375590324413 -0.82096782326698292 1.3975694775581362 20.303023338317875 1.0342230200767519 -0.10991200804710387 -0.76047980785369862 1.3395171165466311
decision_type=8 10 8 10 8 10 8 10 10 10 10 8 10 8 8 8 10 2 8 8 2 8 10 8 10 10 10 8 8 10
left_child=1 -1 -3 -4 -5 6 -6 13 9 -8 11 -10 -9 26 15 16 -15 18 -16 -20 21 -19 -22 24 -23 -26 27 28 29 -2
right_child=7 2 3 4 5 -7 8 12 10 -11 -12 -13 -14 14 17 -17 -18 20 19 -21 22 23 -24 -25 25 -27 -28 -29 -30 -31
leaf_value=1.2859539038888941 -2.3185217962155971 -3.040561997973827 2.2722809522043956 2.6695137241310802 2.758269610351813 -3.2314745889347729 -0.76380917000398163 0.30720619245206932 4.0575573669093199 -3.2777736243233084 -0.53086903282531406 -0.036611609499339226 -3.1186100363133917 -2.0183967381446397 -2.1775857509863972 -4.8374819200621406 2.293566925573149 0.34240520596040919 1.6224003835515759 0.10494991476992872 -0.84574141479756881 -0.40991435913409774 0.5464644372473354 -0.22927307582706608 -1.0768014493857962 -4.9865841896694603 1.1475531920746096 -2.8620811609476808 0.71760084992823592 0.92643612966800837
leaf_weight=3556 2089 1615 1523 822 831 1106 19792 866 993 1494 6649 1686 1247 1561 1571 1398 944 26525 3648 361200 5117 4382 28094 180844 1571 1118 10286 950 10176 1013
leaf_count=3556 2089 1615 1523 822 831 1106 19792 866 993 1494 6649 1686 1247 1561 1571 1398 944 26525 3648 361200 5117 4382 28094 180844 1571 1118 10286 950 10176 1013
internal_value=-0.00670457 -0.387243 -0.550512 -0.434433 -0.558599 -0.640913 -0.548798 0.0169545 -0.639438 -0.941713 0.0506083 1.49038 -1.71973 0.0226928 0.00343339 -1.99183 -0.390791 0.0161474 0.110256 0.120166 -0.123092 -0.19355 0.33177 -0.269217 -1.28903 -2.71482 0.508003 0.0451644 0.255166 -1.25927
internal_weight=684667 40067 36511 34896 33373 32551 31445 644600 30614 21286 9328 2679 2113 642487 617973 3903 2505 614070 366419 364848 247651 214440 33211 187915 7071 2689 24514 14228 13278 3102
internal_count=684667 40067 36511 34896 33373 32551 31445 644600 30614 21286 9328 2679 2113 642487 617973 3903 2505 614070 366419 364848 247651 214440 33211 187915 7071 2689 24514 14228 13278 3102
is_linear=0
shrinkage=0.04


Tree=139
num_leaves=31
num_cat=0
split_feature=49 34 14 38 9 0 12 14 52 42 35 12 37 32 29 11 3 51 10 6 32 11 0 17 9 32 52 32 10 51
split_gain=3.62374e+06 5.33344e+06 5.30633e+06 5.21374e+06 3.96328e+06 8.27974e+06 4.92366e+06 4.38105e+06 5.08907e+06 4.01542e+06 7.76957e+06 6.37661e+06 6.22941e+06 4.88475e+06 4.44932e+06 6.42852e+06 6.3231e+06 1.50089e+07 7.45941e+06 4.82061e+06 4.4648e+06 4.9758e+06 4.35535e+06 1.17597e+07 5.21587e+06 5.02037e+06 5.28977e+06 4.90201e+06 6.23451e+06 4.67699e+06
threshold=-0.027039494365453717 0.024605032056570057 0.53369331359863292 -1.11793577671051 0.097298860549926772 -0.0063607692718505851 0.073001541197299971 0.84160655736923229 0.21625466644763949 1.0000000180025095e-35 0.0017934544594027104 0.043372219428420074 -0.021098785102367398 1.5105144381523135 1.1337676644325259 1.2755014896392824 -0.14549183845520017 -0.098216753453016267 -0.23317694664001462 0.83094060420990001 0.71227607131004345 2.3457140922546391 -0.038862943649291985 0.043528307229280479 -0.10197040438652037 0.91330569982528698 -0.2273459583520889 2.9999803304672246 -0.81112942099571217 0.078432768583297743
decision_type=8 8 8 10 8 10 8 8 10 2 8 10 10 10 8 10 10 10 10 8 8 10 10 2 10 10 10 8 8 10
left_child=1 2 -1 -3 9 6 -6 8 -7 14 -11 12 13 -12 22 -16 -17 -18 19 -19 21 -20 23 -2 25 26 -24 28 -26 -30
right_child=4 3 -4 -5 5 7 -8 -9 -10 10 11 -13 -14 -15 15 16 17 18 20 -21 -22 -23 24 -25 27 -27 -28 -29 29 -31
leaf_value=0.11243912231231368 -4.8157406698489309 1.0551241794646864 1.4118094440739264 -0.32346272231920031 1.4470164912541148 -0.028698956554700731 -1.1562398797536395 0.54319317991525351 -1.4944813734788605 0.26706377040530666 -1.5874469412980845 1.4518369594250891 -0.21949216821395623 -4.2656449872552802 -0.079290099279250958 2.0837749432100545 -5.475696831897868 -1.1683451349312681 -0.062289533496576698 -4.7693150140271214 -0.68675599994502368 2.9374771754788203 1.6032791131415978 -0.29802660784904167 2.1422198815780185 1.4058461901984791 -2.2308865607552009 -2.7155091221780028 0.079309076642230178 -1.5880185103712492
leaf_weight=9050 985 5572 11312 20534 11711 21923 1283 16814 4572 6726 2233 939 2009 2154 225720 1252 1053 1361 3706 1059 21725 1152 962 12573 2317 8620 1404 997 279489 2708
leaf_count=9050 985 5572 11312 20534 11711 21923 1283 16814 4572 6726 2233 939 2009 2154 225720 1252 1053 1361 3706 1059 21725 1152 962 12573 2317 8620 1404 997 279489 2708
internal_value=0.00859499 0.349578 0.834636 -0.0289292 -0.0162668 0.304139 1.18928 0.0383553 -0.282104 -0.0473133 -0.714798 -1.61428 -2.06598 -2.90914 -0.0307505 -0.153806 -0.690846 -0.807079 -0.635748 -2.75728 -0.441649 0.653632 0.0712613 -0.62955 0.103328 0.9582 -0.671753 0.0704011 0.0802587 0.0632535
internal_weight=683915 46468 20362 26106 637447 56303 12994 43309 26495 581144 14061 7335 6396 4387 567083 257028 31308 30056 29003 2420 26583 4858 310055 13558 296497 10986 2366 285511 284514 282197
internal_count=683915 46468 20362 26106 637447 56303 12994 43309 26495 581144 14061 7335 6396 4387 567083 257028 31308 30056 29003 2420 26583 4858 310055 13558 296497 10986 2366 285511 284514 282197
is_linear=0
shrinkage=0.04


Tree=140
num_leaves=31
num_cat=0
split_feature=30 1 9 16 29 21 29 9 6 10 0 18 29 52 0 5 14 39 7 7 10 23 2 52 10 6 9 43 40 6
split_gain=4.01848e+06 1.20464e+07 3.7722e+06 7.83696e+06 7.80631e+06 5.87025e+06 5.47625e+06 4.82062e+06 3.79276e+06 3.9536e+06 3.8914e+06 3.59534e+06 4.3928e+06 3.51698e+06 6.35577e+06 6.38312e+06 6.2134e+06 1.05934e+07 8.32561e+06 7.51808e+06 8.11372e+06 6.48829e+06 6.11726e+06 5.04423e+06 4.82234e+06 4.62678e+06 4.35463e+06 4.22533e+06 4.04251e+06 4.43265e+06
threshold=2.0596140623092656 -0.062895536422729478 -0.14332723617553708 -0.0075559592805802813 3.2822424173355107 0.4991698563098908 0.66976019740104686 -0.28013899922370905 -0.042012453079223626 -0.4353343248367309 -0.023164033889770504 -0.051893642172217362 1.1284468770027163 -0.13894280791282651 -0.041740655899047845 -0.6508880853652953 0.85746031999588024 -0.16921163350343701 -0.15428212285041806 -0.23134544491767881 -0.3339849710464477 -0.11764371395111083 -0.0091097354888915998 -0.2009366378188133 -0.27473297715187067 -0.91891908645629872 -0.091275006532669054 53.500000000000007 0.0012306571006774905 0.58272612094879161
decision_type=8 10 10 10 10 10 8 10 10 10 10 2 10 8 10 8 10 10 10 8 10 10 10 10 10 10 10 2 8 10
left_child=2 -2 3 6 5 -5 -1 -8 9 10 -7 -9 -13 14 27 -16 19 18 22 23 21 25 -18 -17 -20 -21 -27 -4 -22 -30
right_child=1 -3 13 4 -6 8 7 11 -10 -11 -12 12 -14 -15 15 16 17 -19 24 20 28 -23 -24 -25 -26 26 -28 -29 29 -31
leaf_value=-3.4600949538701169 -5.1204984430075919 -0.25271010566912239 -0.25500963871404386 4.4327561611622155 -2.4923050062997003 2.3335346618916821 2.0699354170022954 1.4019326694741199 2.3263416051103043 -1.6404927671642744 0.32293454932987198 0.2721972922009413 -2.9874411221737183 0.00034614223131598733 2.3473579843193293 3.1235054890531484 -6.6847568703089362 0.26859276812549354 1.2799876511462147 0.17441628459092853 -2.413700880423836 1.5464054848776891 -2.3619206279694227 0.43568944595642883 -2.6204796641010746 -4.9021987615516016 -1.9626910149608241 -3.489900042283864 0.7717097876116763 -1.1321287169236625
leaf_weight=934 963 4967 1044 921 886 2323 1189 843 3011 1031 4544 1162 1521 626669 1430 1640 1025 3462 904 951 910 816 1095 3472 1132 1218 2426 1692 8702 2514
leaf_count=934 963 4967 1044 921 886 2323 1189 843 3011 1031 4544 1162 1521 626669 1430 1640 1025 3462 904 951 910 816 1095 3472 1132 1218 2426 1692 8702 2514
internal_value=-0.0146265 -1.0505 -0.00557063 0.559745 1.11022 1.38191 -0.679163 -0.122128 1.12052 0.658451 1.00549 -0.865076 -1.57993 -0.021283 -0.414811 -0.254794 -0.37847 -1.36586 -2.72475 -0.0459057 -0.43945 -1.72589 -4.47354 1.30239 -0.89085 -2.3091 -2.95594 -2.26096 0.13555 0.344347
internal_weight=685397 5930 679467 18365 12716 11830 5649 4715 10909 7898 6867 3526 2683 661102 34433 31697 30267 7618 4156 22649 17537 5411 2120 5112 2036 4595 3644 2736 12126 11216
internal_count=685397 5930 679467 18365 12716 11830 5649 4715 10909 7898 6867 3526 2683 661102 34433 31697 30267 7618 4156 22649 17537 5411 2120 5112 2036 4595 3644 2736 12126 11216
is_linear=0
shrinkage=0.04


Tree=141
num_leaves=31
num_cat=0
split_feature=15 18 3 0 3 33 33 30 16 29 9 16 5 19 8 17 28 38 22 5 1 2 47 3 0 1 8 21 50 6
split_gain=3.31435e+06 6.17117e+06 6.7166e+06 6.31942e+06 4.82405e+06 6.53752e+06 4.72416e+06 4.73282e+06 4.71517e+06 5.87217e+06 5.73176e+06 5.17787e+06 4.62698e+06 4.59525e+06 4.75637e+06 4.48751e+06 4.34258e+06 5.87575e+06 4.33067e+06 6.21636e+06 4.15904e+06 4.00738e+06 3.99626e+06 3.97785e+06 3.85021e+06 3.69388e+06 4.94486e+06 3.66337e+06 4.30251e+06 3.54882e+06
threshold=-0.66071504354476918 -0.030826305039227005 -0.16784143447875974 -0.038862943649291985 -0.036916017532348626 20.382656097412113 21.143013954162601 0.55886176228523265 0.015763289295136932 1.0610486865043642 0.016439735889434818 -0.01106088515371084 -0.17456185817718503 2.5000000000000004 -0.046506017446517937 0.059666613116860397 0.89224877953529369 -0.070091899484395967 0.44108888506889349 0.2648534774780274 -0.026030302047729489 0.028984785079956058 -0.27895608544349665 -0.097898483276367174 -0.011131882667541502 -0.03194379806518554 -0.074844062328338609 4.3291754722595224 0.020914779044687751 -0.99669289588928212
decision_type=2 2 8 8 8 10 10 8 10 10 10 8 10 2 8 2 10 10 8 10 8 10 10 8 10 10 10 10 8 8
left_child=6 2 -2 4 5 15 7 -1 9 10 11 -9 22 18 -15 -3 17 20 -10 -20 27 -11 -8 25 -23 26 -13 -5 -29 -22
right_child=1 3 -4 16 -6 -7 12 8 13 21 -12 23 -14 14 -16 -17 -18 -19 19 -21 29 24 -24 -25 -26 -27 -28 28 -30 -31
leaf_value=1.4481632123565233 2.0607889428497801 -6.1891375262477641 0.35353327553073677 0.84645299390520778 0.44985190368498479 0.077474497262081596 0.12355535810378644 -1.9220607567728087 -2.5705729232339318 -0.77524886938286397 1.3619704904397614 0.93859891784908034 0.10639377947022366 -1.2327512280838209 2.4817093263439021 -2.0086850919410568 -0.073664808157722611 -0.22557333977305744 0.28316200113347006 -2.8906157309524638 1.7033881580868226 0.70734527049323048 3.0725984734629885 -0.14842354105314254 -1.0169378473238988 -0.71944712309203906 4.4452847558044528 1.2266581228142064 -0.45861658415320222 0.3321288118537406
leaf_weight=2371 4379 813 23094 5213 1242 949 1297 2282 3831 34347 5009 2900 19133 1196 1007 849 309996 49956 3059 1447 3078 6439 1690 26726 3043 1345 820 2659 26414 137978
leaf_count=2371 4379 813 23094 5213 1242 949 1297 2282 3831 34347 5009 2900 19133 1196 1007 849 309996 49956 3059 1447 3078 6439 1690 26726 3043 1345 820 2659 26414 137978
internal_value=0.00147632 0.0416322 0.626308 0.0118281 -1.60021 -2.57338 -0.191429 -0.313058 -0.357893 -0.25651 0.0999737 -0.0858949 0.335364 -1.15441 0.468685 -4.07842 0.0234611 0.157098 -1.58334 -0.740169 0.26613 -0.574335 1.79676 0.0464704 0.153493 1.07311 1.72142 -0.12898 -0.304114 0.36217
internal_weight=684562 566620 27473 539147 3853 2611 117942 95822 93451 82911 39082 34073 22120 10540 2203 1662 535294 225298 8337 4506 175342 43829 2987 31791 9482 5065 3720 34286 29073 141056
internal_count=684562 566620 27473 539147 3853 2611 117942 95822 93451 82911 39082 34073 22120 10540 2203 1662 535294 225298 8337 4506 175342 43829 2987 31791 9482 5065 3720 34286 29073 141056
is_linear=0
shrinkage=0.04


Tree=142
num_leaves=31
num_cat=0
split_feature=46 48 21 46 6 52 48 38 7 47 2 36 48 6 48 8 9 6 34 6 50 48 29 52 36 36 28 6 46 31
split_gain=3.82778e+06 3.19559e+06 4.89697e+06 3.59346e+06 7.04506e+06 5.38582e+06 5.20319e+06 6.69421e+06 4.93136e+06 4.73714e+06 4.65179e+06 6.3169e+06 6.5078e+06 4.47877e+06 4.41934e+06 4.40519e+06 4.95835e+06 4.00153e+06 3.53783e+06 3.48572e+06 7.09284e+06 5.50686e+06 5.09197e+06 4.0173e+06 4.39695e+06 3.92104e+06 3.38591e+06 3.38265e+06 3.36506e+06 3.29635e+06
threshold=-0.10350788757205008 -0.18334504961967465 63.261608123779304 -0.014174717944115399 0.78225350379943859 -0.0256505012512207 0.076120868325233473 -0.086844947189092622 -0.3674404621124267 0.015794049948453907 -0.0056397914886474601 -0.82553386688232411 0.092677570879459395 0.003830194473266602 0.1151443049311638 -0.094381213188171373 -0.065046668052673326 0.060442686080932624 0.11921159550547601 -1.0000000180025095e-35 -0.031060162931680676 0.0032756272703409199 1.6038548946380617 0.13116770237684253 -0.21416016668081281 -0.46447366476058954 0.57921826839447033 0.4586100578308106 -0.029455692507326599 24.795000076293949
decision_type=8 8 10 8 8 10 8 10 10 8 10 10 10 8 10 10 10 8 8 10 10 10 10 10 8 10 10 10 10 10
left_child=-1 2 -2 4 5 9 8 14 -5 18 11 12 13 -9 29 -7 -17 -16 -3 20 25 27 -23 24 26 -10 -22 -21 -6 -8
right_child=1 3 -4 6 28 15 7 10 19 -11 -12 -13 -14 -15 17 16 -18 -19 -20 21 23 22 -24 -25 -26 -27 -28 -29 -30 -31
leaf_value=-2.4444056645637549 2.3752652207241023 0.073478310136507671 -0.84236513593403317 2.7240821658301888 3.9919711670167248 1.600560623136033 -0.22416823596358376 -6.2522446081144549 0.19907834012026768 1.5538159015849411 -0.20963515874973465 -0.51778179063553498 -0.97950477324481056 -2.3588585966971949 1.8329232221451957 -3.8286207767843092 -0.76500595739341304 0.31518244581972293 -1.3393845796872819 0.053327217988893623 -1.82843559441492 0.48836549444438526 1.6314642719086994 -2.5079040420628096 0.81954591023446399 1.4741775373933592 -0.34267488716734351 -1.8449708770745372 0.59624843557928775 0.04480609116043912
leaf_weight=1025 2118 16639 1168 1283 813 1207 91903 806 11730 2923 43419 13009 2841 1174 3667 862 28407 11410 3408 16939 2784 30096 7860 1369 4690 5743 20249 1638 1089 352421
leaf_count=1025 2118 16639 1168 1283 813 1207 91903 806 11730 2923 43419 13009 2841 1174 3667 862 28407 11410 3408 16939 2784 30096 7860 1369 4690 5743 20249 1638 1089 352421
internal_value=-0.0136878 -0.0100078 1.23248 -0.0160266 -0.324913 -0.410191 0.0113308 -0.0403457 0.269071 0.0523353 -0.433121 -0.976922 -2.21223 -3.9672 0.0120287 -0.758704 -0.856509 0.685295 -0.167257 0.238259 -0.0180206 0.449316 0.725448 -0.400572 -0.295642 0.61878 -0.522974 -0.114955 2.06102 -0.0108318
internal_weight=684690 683665 3286 680379 55348 53446 625031 520650 104381 22970 61249 17830 4821 1980 459401 30476 29269 15077 20047 103098 46565 56533 37956 29092 27723 17473 23033 18577 1902 444324
internal_count=684690 683665 3286 680379 55348 53446 625031 520650 104381 22970 61249 17830 4821 1980 459401 30476 29269 15077 20047 103098 46565 56533 37956 29092 27723 17473 23033 18577 1902 444324
is_linear=0
shrinkage=0.04


Tree=143
num_leaves=31
num_cat=0
split_feature=40 6 48 32 11 30 31 13 2 12 17 51 2 6 29 42 13 11 2 31 51 3 1 21 16 48 35 3 5 6
split_gain=3.66702e+06 6.57621e+06 7.27416e+06 5.1265e+06 4.6749e+06 3.63218e+06 3.80749e+06 3.63783e+06 4.32592e+06 3.75852e+06 7.65934e+06 5.72138e+06 4.86719e+06 4.47283e+06 4.15045e+06 5.90736e+06 1.10728e+07 5.72193e+06 7.5926e+06 5.08039e+06 6.30766e+06 5.55051e+06 7.14437e+06 5.08142e+06 5.91061e+06 5.62314e+06 6.0208e+06 6.5491e+06 6.58545e+06 7.1755e+06
threshold=1.0061384439468386 -0.12228488922119139 -0.0038759869057685132 0.72380149364471447 0.64690572023391735 2.0596140623092656 80.575000762939467 1.4201997518539431 -0.071441411972045885 0.06501584500074388 0.045117663219571121 -0.1038621813058853 0.0021817684173583989 0.52844333648681652 1.0564052462577822 1.0000000180025095e-35 1.0255029797554018 3.1445968151092534 -0.027472257614135739 61.585000991821296 -0.031578510999679558 0.027775764465332035 -0.064799308776855455 50.944061279296882 -0.027214558795094487 -0.054708158597350114 -0.0093033965677022917 -0.10954070091247557 0.10953092575073244 0.90959846973419201
decision_type=10 10 10 10 10 8 8 10 10 10 2 10 10 8 10 2 10 10 10 8 10 8 10 10 10 8 10 10 8 8
left_child=5 -2 4 -4 -3 7 -7 9 -9 14 -11 -12 -13 -14 15 17 -17 -1 -19 21 -21 23 -23 24 -16 -26 27 -27 29 -29
right_child=1 2 3 -5 -6 6 -8 8 -10 10 11 12 13 -15 19 16 -18 18 -20 20 -22 22 -24 -25 25 26 -28 28 -30 -31
leaf_value=0.10964021612686092 1.5911397596804373 -0.5544254746021452 -0.53787839725407582 0.92152692609516385 -3.6244801072614741 -0.56327218525583289 -3.4034983225155195 1.5626974660100954 0.21334925535476743 -4.5568359826298472 2.1384780105055183 -2.4449398550361092 1.3462970801448146 -2.0811213645088573 -2.1892072788839694 -2.1130152207959227 1.3379927890383374 3.5341922447877803 0.38030880164218472 1.1347720174408567 0.040059658136624626 2.1035276513052925 -0.031854938964363852 -0.03369671414542897 0.77872589633419942 0.58585873872568761 -1.1031290207741384 -0.74648339733943769 0.069772612628788519 -3.2982458766224898
leaf_weight=271029 6259 6115 5198 14792 903 4761 889 4809 18024 819 1101 2168 1682 942 3319 4793 2147 1799 3768 10513 42173 2543 138737 51173 5387 10168 22812 25789 17510 1884
leaf_count=271029 6259 6115 5198 14792 903 4761 889 4809 18024 819 1101 2168 1682 942 3319 4793 2147 1799 3768 10513 42173 2543 138737 51173 5387 10168 22812 25789 17510 1884
internal_value=0.0144297 0.423987 0.153015 0.541959 -0.954042 -0.00651379 -1.01539 0.00233805 0.498104 -0.0158612 -0.956581 -0.449352 -1.04714 0.112645 -0.00558809 0.106805 -1.045 0.135742 1.40401 -0.101573 0.258673 -0.169529 0.0067275 -0.349908 -0.536157 -0.470236 -0.556403 -0.330921 -0.537317 -0.921338
internal_weight=684006 33267 27008 19990 7018 650739 5650 645089 22833 622256 6712 5893 4792 2624 615544 283536 6940 276596 5567 332008 52686 279322 141280 138042 86869 83550 78163 55351 45183 27673
internal_count=684006 33267 27008 19990 7018 650739 5650 645089 22833 622256 6712 5893 4792 2624 615544 283536 6940 276596 5567 332008 52686 279322 141280 138042 86869 83550 78163 55351 45183 27673
is_linear=0
shrinkage=0.04


Tree=144
num_leaves=31
num_cat=0
split_feature=10 48 36 21 1 38 6 50 5 14 10 6 32 51 2 21 32 8 52 14 7 38 10 11 6 14 43 43 3 30
split_gain=3.65968e+06 4.33712e+06 4.37004e+06 4.27692e+06 4.29924e+06 3.98738e+06 6.76247e+06 4.93591e+06 5.55668e+06 6.59704e+06 4.9046e+06 8.85739e+06 1.43127e+07 8.72708e+06 6.70358e+06 6.53408e+06 8.16947e+06 9.08607e+06 6.48306e+06 8.15835e+06 6.85386e+06 9.638e+06 7.53598e+06 6.73418e+06 6.67582e+06 6.17669e+06 5.87726e+06 6.02942e+06 5.82165e+06 5.80983e+06
threshold=-0.02108165621757507 0.071515131741762175 -0.21416016668081281 88.680080413818374 0.093805193901062026 1.7755720615386965 -0.17864120006561277 -0.0011943499557673929 -0.27158308029174799 0.81127262115478527 -0.29933625459671015 0.35497689247131353 0.7061985731124879 -0.060012092813849442 -0.0109407901763916 5.574425697326661 0.93754157423973095 -0.080101430416107164 -0.066027782857418046 0.7296607792377473 0.37422806024551397 0.8583241105079652 -0.26188826560974116 1.113623380661011 0.040845870971679694 0.01542426645755768 3.5000000000000004 25.500000000000004 -0.095335721969604478 1.321928143501282
decision_type=8 8 8 10 10 10 10 8 10 10 10 10 10 10 10 10 10 8 10 8 10 8 10 10 8 8 2 2 10 8
left_child=3 -2 -3 4 5 7 -7 8 9 -1 11 14 -13 -14 26 28 17 -17 19 -18 21 -21 -23 -24 -20 -19 -9 -28 -12 -29
right_child=1 2 -4 -5 -6 6 -8 10 -10 -11 15 12 13 -15 -16 16 18 25 24 20 -22 22 23 -25 -26 -27 27 29 -30 -31
leaf_value=0.30986942647386129 0.98951250422911063 -0.37368365380544821 0.29288423986038647 -0.32441351373055893 1.221573456327858 -3.3118285913588688 -0.36758954453786297 -2.6860434867174865 0.18027036553565454 2.9882104598896309 1.7985129915540654 -6.4229639194171293 1.2084250241626 -1.7087658093023992 0.18477410363607649 1.7706229275004506 -0.35022870287680113 -1.9116800868383157 -0.61131493647343971 0.33206182359312658 0.52472350596081418 -0.38050411653185889 -3.0088983633696524 -6.7335286546981639 0.074209376216852224 0.19226102316480481 0.54513967851381251 -0.36387903155621198 0.31337309447108824 -1.5276158114220615
leaf_weight=3523 10597 20726 65271 73628 4570 1457 8392 1822 96049 2520 5637 834 2198 6394 46871 5808 18638 2271 30337 1417 1457 993 2223 1213 90535 105290 9340 39695 16772 8292
leaf_count=3523 10597 20726 65271 73628 4570 1457 8392 1822 96049 2520 5637 834 2198 6394 46871 5808 18638 2271 30337 1417 1457 993 2223 1213 90535 105290 9340 39695 16772 8292
internal_value=-0.00181694 0.226355 0.132211 -0.0392921 0.00151222 -0.00944469 -0.806059 0.00625878 0.254368 1.42986 -0.0573834 -0.277051 -1.45143 -0.961955 -0.172512 0.0323633 -0.024095 0.23096 -0.221051 -0.794692 -1.92698 -2.53787 -3.45475 -4.33952 -0.0978829 0.147666 -0.455617 -0.384272 0.687597 -0.565245
internal_weight=684770 96594 85997 588176 514548 509978 9849 500129 102092 6043 398037 115446 9426 8592 106020 282591 260182 113369 146813 25941 7303 5846 4429 3436 120872 107561 59149 57327 22409 47987
internal_count=684770 96594 85997 588176 514548 509978 9849 500129 102092 6043 398037 115446 9426 8592 106020 282591 260182 113369 146813 25941 7303 5846 4429 3436 120872 107561 59149 57327 22409 47987
is_linear=0
shrinkage=0.04


Tree=145
num_leaves=31
num_cat=0
split_feature=11 39 10 33 5 10 8 23 33 52 52 52 8 0 11 22 38 33 10 12 5 13 23 18 51 9 10 29 10 10
split_gain=4.24694e+06 7.6293e+06 6.33035e+06 5.8011e+06 4.61201e+06 4.50197e+06 4.1611e+06 3.79107e+06 1.08047e+07 8.9573e+06 8.26262e+06 6.78249e+06 6.0667e+06 5.94807e+06 5.86704e+06 5.8587e+06 5.81134e+06 9.03558e+06 8.38717e+06 4.24983e+06 1.16147e+07 6.70225e+06 6.19678e+06 5.45922e+06 5.77738e+06 5.98042e+06 5.02833e+06 4.69503e+06 4.65834e+06 4.3333e+06
threshold=0.011221587657928469 -0.20874256640672681 -0.30230122804641718 19.465677261352543 -0.6508880853652953 -0.23101347684860227 -0.08586567640304564 -0.17499998211860654 18.952273368835453 0.074915282428264632 -0.2009366378188133 -0.2469137832522392 -0.20507204532623288 -0.020032167434692379 0.18101274967193606 0.41580104827880865 0.71917891502380382 19.809944152832035 -0.30803966522216791 0.031978568062186248 -0.031534194946289056 1.2738734483718874 -0.21772834658622739 0.011223455891013147 -0.035201998427510255 -0.048205375671386712 -0.42976343631744379 1.1233522295951845 -0.40311345458030695 -0.28015238046646113
decision_type=8 10 10 10 10 10 10 10 10 10 8 10 8 10 8 10 8 10 8 8 10 10 8 2 10 8 10 10 8 8
left_child=1 4 3 -3 -1 -6 -5 8 9 19 16 -9 14 -12 -13 -15 -10 -18 -19 20 22 23 26 24 -21 28 -2 -23 -26 -24
right_child=7 2 -4 6 5 -7 -8 11 10 -11 13 12 -14 15 -16 -17 17 18 -20 21 -22 27 29 -25 25 -27 -28 -29 -30 -31
leaf_value=0.76502786490051877 2.9666473305840255 3.58067493098654 -1.3040433684630213 0.96645553511616433 -1.856065992321452 0.45399369750618562 -1.9982994370771492 3.475249487497456 1.275699698984567 2.1687844349856871 1.9092206524427167 -0.075985377083850822 -0.010493661332626294 0.91227551619546998 -4.775489573882906 -1.62836946279199 0.95629426793534111 -1.2591052290519646 -6.1088550434323956 -0.92303839377936225 2.718208988575046 1.3472566353277864 -2.7795020019444627 0.11666658635304707 -2.1447949011974989 -0.77832925144459453 -1.0617336573026703 -0.96808711034634831 -5.5097397177136749 0.068004306419521363
leaf_weight=1639 1066 1144 2668 4284 9019 1583 910 881 2122 2220 9801 859 600031 14795 832 1601 1785 1944 802 4909 2252 3135 2185 3020 1191 1347 912 2518 1519 1400
leaf_count=1639 1066 1144 2668 4284 9019 1583 910 881 2122 2220 9801 859 600031 14795 832 1601 1785 1944 802 4909 2252 3135 2185 3020 1191 1347 912 2518 1519 1400
internal_value=0.00037982 -0.556159 0.327351 1.01506 -1.20592 -1.51104 0.444182 0.0182198 0.319976 -0.262266 0.810407 -0.0120926 -0.0172562 1.13001 -2.4027 0.663351 -0.447898 -1.25614 -2.69256 -0.475061 0.301171 -0.818948 -0.68041 -1.35407 -1.84903 -2.96447 1.11328 0.316051 -4.04422 -1.67041
internal_weight=684374 21247 9006 6338 12241 10602 5194 663127 60524 27674 32850 602603 601722 26197 1691 16396 6653 4531 2746 25454 7815 17639 5563 11986 8966 4057 1978 5653 2710 3585
internal_count=684374 21247 9006 6338 12241 10602 5194 663127 60524 27674 32850 602603 601722 26197 1691 16396 6653 4531 2746 25454 7815 17639 5563 11986 8966 4057 1978 5653 2710 3585
is_linear=0
shrinkage=0.04


Tree=146
num_leaves=31
num_cat=0
split_feature=31 1 10 6 23 30 6 22 8 11 41 28 46 38 6 42 48 22 23 11 6 46 52 36 48 46 6 11 52 5
split_gain=3.82627e+06 6.32515e+06 4.9e+06 4.92632e+06 6.63618e+06 4.19108e+06 4.03446e+06 3.93817e+06 4.48644e+06 3.79202e+06 3.6954e+06 3.77625e+06 3.80832e+06 4.6295e+06 3.46835e+06 3.17566e+06 6.47483e+06 4.71811e+06 5.90716e+06 5.38196e+06 4.48203e+06 3.42148e+06 5.54907e+06 5.76228e+06 4.80873e+06 4.13513e+06 3.81505e+06 3.99421e+06 5.20198e+06 3.70996e+06
threshold=11.644999980926515 0.093805193901062026 -0.7480187416076659 -0.32035422325134272 -0.17212954163551328 0.63640403747558605 0.40934944152832037 0.59308099746704113 -0.024121016263961789 0.58481234312057506 1.0000000180025095e-35 1.0290781855583193 -1.0000000180025095e-35 -0.017364915460348126 0.81458711624145519 1.0000000180025095e-35 0.087914988398551955 0.21317496895790103 -0.11110845208168028 1.0333538055419924 -0.13803815841674802 -0.015654556453227993 -0.014999971259385346 -0.70261946320533741 -0.156102180480957 -0.059460947290062897 -0.34888076782226557 0.70246422290802013 -0.1320010423660278 -0.232693076133728
decision_type=10 10 8 10 10 8 10 10 8 8 2 10 10 8 10 2 8 10 10 8 10 8 8 8 10 10 10 10 10 10
left_child=1 2 -1 4 -4 -5 7 8 -7 -6 15 12 13 -12 -8 21 20 -18 -19 -20 -17 22 24 -24 -2 -25 -26 28 -28 -30
right_child=10 -3 3 5 9 6 14 -9 -10 -11 11 -13 -14 -15 -16 16 17 18 19 -21 -22 -23 23 25 26 -27 27 -29 29 -31
leaf_value=-3.6627571620508634 1.6365922492873146 1.6211604304452305 2.4200576884330087 -0.29255626470982526 0.25805659309110629 -2.3117277159889777 1.052181058698572 -1.1368879822711644 -6.1025233038838351 -2.5122140851554229 1.298149999596637 2.1859960376617389 2.2551229491817217 -2.329645048176149 -2.1238165226683434 -1.0555323978617925 -3.408257615301534 1.6362228951224362 -0.74676119877122593 -3.8802798577724933 1.9537738515477663 0.042402618141029108 0.12165032833074234 -3.3387985401973128 1.3879513079237196 -0.97036275946382267 -2.6277552458889817 1.3410096550589559 2.3018685956627754 -0.39708002347206267
leaf_weight=894 2945 1916 1696 5295 2564 1353 1143 1639 803 1132 981 2504 932 1295 1043 1274 1386 1235 3999 1116 2061 598037 8604 1270 2496 15400 1614 2179 852 14930
leaf_count=894 2945 1916 1696 5295 2564 1353 1143 1639 803 1132 981 2504 932 1295 1043 1274 1386 1235 3999 1116 2061 598037 8604 1270 2496 15400 1614 2179 852 14930
internal_value=-0.00312566 -0.555576 -0.793843 -0.637863 0.356147 -1.11308 -1.83779 -2.6247 -3.74526 -0.594903 0.0130612 1.0252 0.115166 -0.767157 -0.465944 0.00427814 -0.667163 -1.30181 -0.8374 -1.43668 0.804473 0.015754 -0.301091 -0.718994 0.121241 -1.15269 -0.081607 -0.269603 -0.472 -0.25001
internal_weight=684588 19478 17562 16668 5392 11276 5981 3795 2156 3696 665110 5712 3208 2276 2186 659398 11071 7736 6350 5115 3335 648327 50290 25274 25016 16670 22071 19575 17396 15782
internal_count=684588 19478 17562 16668 5392 11276 5981 3795 2156 3696 665110 5712 3208 2276 2186 659398 11071 7736 6350 5115 3335 648327 50290 25274 25016 16670 22071 19575 17396 15782
is_linear=0
shrinkage=0.04


Tree=147
num_leaves=31
num_cat=0
split_feature=39 51 4 31 28 21 23 32 16 2 28 7 43 13 12 48 28 16 31 3 32 21 4 21 52 32 52 8 7 13
split_gain=3.80724e+06 3.77309e+06 6.4967e+06 5.13279e+06 5.33781e+06 5.09452e+06 5.46698e+06 5.87356e+06 5.07364e+06 5.0653e+06 4.99152e+06 6.52475e+06 4.48054e+06 6.38583e+06 7.20332e+06 5.18903e+06 4.96619e+06 4.77112e+06 5.05908e+06 4.69888e+06 6.22508e+06 5.28331e+06 5.19102e+06 4.62035e+06 6.65453e+06 4.49349e+06 4.22988e+06 4.07905e+06 5.48243e+06 4.89262e+06
threshold=-0.45900826156139368 -0.010112445801496504 0.089535474777221694 64.625000000000014 1.6002998948097231 23.722093582153324 -0.11005002260208128 1.6650887727737429 -0.018015732988715168 0.025006771087646488 0.70216578245162975 0.62050658464431774 8.5000000000000018 1.0230337381362917 0.024944845587015155 -0.079067219048738466 0.63824155926704418 0.021407427266240123 15.275000095367433 0.12836503982543948 0.89889171719551098 48.49031066894532 0.20001792907714847 24.145009994506839 -0.081227470189332948 1.0125233530998232 0.053384009748697288 0.11351412534713747 0.7148185968399049 0.93266835808753978
decision_type=8 10 10 10 10 10 8 8 8 10 10 10 2 10 10 10 8 10 10 10 8 10 8 10 10 10 10 8 10 8
left_child=-1 2 3 9 8 6 7 -4 -5 27 -7 -12 13 14 -3 25 23 19 -19 26 -21 22 -22 24 -14 -15 -18 28 -2 -29
right_child=1 12 5 4 -6 10 -8 -9 -10 -11 11 -13 16 15 -16 -17 17 18 -20 20 21 -23 -24 -25 -26 -27 -28 29 -30 -31
leaf_value=-2.3956748542869688 -0.068131626741093063 0.1263042991482603 1.5652659730467817 -2.4743633320479073 1.4290551604925095 1.0121559665161013 0.58594739887252834 5.0042020038645765 0.33584273386261126 0.92045321096363464 0.13885731914448127 -2.2787128522193068 -2.6954639908442846 2.5760029602269983 -2.11429440297914 0.27115594640329443 -0.11988718798951264 1.6149316798306697 -1.1906981145905282 -0.5949330771094874 0.57046182581118854 0.42276351079540142 4.1010547346354613 0.34026554252217672 -0.11427856440573615 0.66476162283475748 -0.47154649383196784 -2.2828826601492587 3.0998432000524496 -0.2307290528093775
leaf_weight=1068 193792 15557 3802 1073 7574 9209 8056 1001 20223 8245 15783 2004 1907 3960 2683 10569 179196 1116 11999 9015 1351 19628 1312 52827 9612 3922 78787 2901 868 5150
leaf_count=1068 193792 15557 3802 1073 7574 9209 8056 1001 20223 8245 15783 2004 1907 3960 2683 10569 179196 1116 11999 9015 1351 19628 1312 52827 9612 3922 78787 2901 868 5150
internal_value=-0.0204028 -0.0166543 0.09625 0.0176506 0.517774 0.569096 1.22405 2.29089 0.193155 -0.0508142 0.256784 -0.134649 -0.0949244 0.326463 -0.204253 0.850936 -0.137089 -0.204986 -0.950909 -0.171138 0.291575 0.650205 2.31874 0.181985 -0.543568 1.62704 -0.227297 -0.0903627 -0.0538469 -0.972092
internal_weight=684190 683122 279681 239826 28870 39855 12859 4803 21296 210956 26996 17787 403441 36691 18240 18451 366750 302404 13115 289289 31306 22291 2663 64346 11519 7882 257983 202711 194660 8051
internal_count=684190 683122 279681 239826 28870 39855 12859 4803 21296 210956 26996 17787 403441 36691 18240 18451 366750 302404 13115 289289 31306 22291 2663 64346 11519 7882 257983 202711 194660 8051
is_linear=0
shrinkage=0.04


Tree=148
num_leaves=31
num_cat=0
split_feature=5 1 43 22 8 30 29 33 32 52 37 43 13 8 4 8 28 5 32 29 29 3 21 5 17 17 32 29 5 43
split_gain=2.71577e+06 5.60686e+06 4.27439e+06 6.18663e+06 4.46494e+06 3.42261e+06 3.98782e+06 5.19503e+06 3.51101e+06 3.32771e+06 5.05087e+06 6.97317e+06 5.78871e+06 5.98056e+06 5.96678e+06 4.59819e+06 1.01032e+07 6.07701e+06 4.82575e+06 4.7502e+06 4.5066e+06 4.20156e+06 4.32542e+06 4.30516e+06 3.81104e+06 3.6826e+06 3.82666e+06 4.21606e+06 4.61427e+06 3.36914e+06
threshold=-0.57386803627014149 0.098731994628906264 47.500000000000007 0.11189144104719163 -0.30511689186096186 0.62060296535491954 0.62172311544418346 20.867758750915531 0.7993396818637849 -0.15146155655384061 0.13952576369047168 5.5000000000000009 1.2792940735816958 -0.21698048710823056 -0.071198940277099595 -0.25069844722747797 1.037379324436188 -0.37344264984130854 1.7277616262435915 0.74778619408607494 1.2859540581703188 -0.14549183845520017 5.574425697326661 -0.059933900833129876 0.042081318795681007 0.033427435904741294 0.70051559805870067 0.85037297010421764 0.0053017139434814462 32.500000000000007
decision_type=10 10 2 10 10 10 8 10 8 10 8 2 8 10 10 10 10 10 10 10 8 10 10 10 2 2 10 10 10 2
left_child=1 2 3 -1 5 -4 -7 8 -8 10 20 -12 14 -14 15 16 -13 -17 25 -20 24 22 23 -11 -2 -19 -27 28 -28 -24
right_child=9 -3 4 -5 -6 6 7 -9 -10 21 11 12 13 -15 -16 17 -18 18 19 -21 -22 -23 29 -25 -26 26 27 -29 -30 -31
leaf_value=1.1687670780578869 0.56783358917770554 2.7767036777517449 -2.3262800682664868 -2.5524523191048023 1.4663211890054333 -1.6461212810441435 2.2594867931027118 3.3588217146133927 -0.068314923903304139 0.74426937079805089 -3.8057279065081833 -5.1531109778858299 2.3170028328069705 -0.55793475936676051 0.9533733782640309 1.4796112353993585 0.47879064331991827 0.32221254301087554 -0.44595299744991451 -4.2098626663801664 -0.59322768385709301 -0.0031427505641430614 1.5123794337008725 3.1582668706420693 3.2421649071487999 -3.2821332143954933 -3.7679733557675297 0.030493103861722166 -0.1814581411477478 -0.22916273387804226
leaf_weight=1155 2574 1526 867 1846 5386 1492 1196 952 7382 3292 1080 1246 2083 2584 2543 1562 855 3263 856 1439 3084 616212 2318 1842 1269 1270 1283 3431 1034 7506
leaf_count=1155 2574 1526 867 1846 5386 1492 1196 952 7382 3292 1080 1246 2083 2584 2543 1562 855 3263 856 1439 3084 616212 2318 1842 1269 1270 1283 3431 1034 7506
internal_value=0.00738346 0.446546 0.269893 -1.12114 0.51205 0.078874 0.270003 0.571399 0.258495 -0.00707259 -0.408537 -0.677844 -0.53222 0.727433 -0.845443 -1.12755 -2.8698 -0.866792 -1.15917 -2.81401 0.544697 0.0129416 0.675115 1.61483 1.45705 -0.78739 -1.30302 -0.860803 -2.17509 0.182879
internal_weight=684428 21802 20276 3001 17275 11889 11022 9530 8578 662626 31456 24529 23449 4667 18782 16239 2101 14138 12576 2295 6927 631170 14958 5134 3843 10281 7018 5748 2317 9824
internal_count=684428 21802 20276 3001 17275 11889 11022 9530 8578 662626 31456 24529 23449 4667 18782 16239 2101 14138 12576 2295 6927 631170 14958 5134 3843 10281 7018 5748 2317 9824
is_linear=0
shrinkage=0.04


Tree=149
num_leaves=31
num_cat=0
split_feature=30 3 6 36 14 7 47 34 48 6 39 14 7 7 43 46 48 48 23 43 6 12 7 47 6 48 43 14 30 5
split_gain=3.07842e+06 5.06844e+06 3.44555e+06 2.97237e+06 6.28882e+06 6.3086e+06 6.54856e+06 1.24232e+07 5.6855e+06 6.4176e+06 7.07769e+06 6.16162e+06 5.18185e+06 4.33351e+06 6.16901e+06 5.23984e+06 4.70056e+06 4.25026e+06 3.84776e+06 3.75988e+06 4.66359e+06 6.31197e+06 6.06496e+06 4.47205e+06 5.11926e+06 4.97862e+06 7.02324e+06 4.70238e+06 4.008e+06 3.89209e+06
threshold=2.3225569725036626 -0.061617136001586907 -0.0038337707519531246 -0.66113489866256703 0.96606054902076732 -0.29662001132965082 -0.016776899807155129 0.0082929907366633433 0.046303164213895805 0.4459292888641358 0.32356724143028265 0.57784995436668407 -0.24510332942008969 0.11049240827560426 47.500000000000007 -0.022932099178433415 0.19102202355861667 0.23378856480121615 -0.13477295637130735 26.500000000000004 -1.2127201557159422 0.037442822009325034 -0.2690416276454925 0.0028238784288987522 0.65814709663391124 -0.10158472508192061 12.500000000000002 0.95189735293388378 1.3008716106414797 0.17226982116699222
decision_type=8 10 10 8 10 8 10 10 8 10 8 10 8 10 2 8 8 10 10 2 10 10 8 8 10 10 2 10 10 8
left_child=3 -2 -3 4 8 -6 7 -7 -1 10 12 -12 18 -11 15 -15 -17 -14 -10 20 21 -5 28 24 25 26 -24 -25 -22 -21
right_child=1 2 -4 19 5 6 -8 -9 9 13 11 -13 17 14 -16 16 -18 -19 -20 29 22 -23 23 27 -26 -27 -28 -29 -30 -31
leaf_value=0.24039863383663992 -3.4370860862051664 1.4288302214926247 -1.8065680131361292 -0.092479591242602605 1.4194923432064399 -0.54788173071164059 -0.55942727762081068 -7.1713655656960524 2.9064119974558027 2.1939901951230145 -0.41403852274596253 -4.7997777912719748 -0.58592613697677975 3.6792540013609303 -1.4858400919458477 -0.50707567486537386 1.6108159549668453 1.2447182831542909 -0.32585958200017756 -0.10263697221680974 1.0991396333939176 -4.0704199453370924 2.8920769075069219 0.3758088874643653 2.4454952530681702 -0.55787119709061372 -0.57067849932067161 -0.9215057219401257 4.1411665335039229 0.16123579060436957
leaf_weight=42374 1094 1114 981 2003 826 849 1560 966 1252 1975 939 1124 52278 847 2706 4077 2834 2102 1102 292162 4607 927 1708 100108 1081 24220 2056 4670 809 128881
leaf_count=42374 1094 1114 981 2003 826 849 1560 966 1252 1975 939 1124 52278 847 2706 4077 2834 2102 1102 292162 4607 927 1708 100108 1081 24220 2056 4670 809 128881
internal_value=-0.00583846 -1.24378 -0.0875552 -2.36035e-05 -0.18273 -1.70066 -2.46623 -4.09309 -0.126456 -0.344679 -0.519299 -2.81518 -0.435333 0.480472 0.155272 0.72887 0.362483 -0.514949 1.39828 0.0381956 0.216029 -1.36059 0.249297 0.196133 -0.242807 -0.347491 1.00412 0.317905 1.56033 -0.0218638
internal_weight=684232 3189 2095 681043 117811 4201 3375 1815 113610 71236 58797 2063 56734 12439 10464 7758 6911 54380 2354 563232 142189 2930 139259 133843 29065 27984 3764 104778 5416 421043
internal_count=684232 3189 2095 681043 117811 4201 3375 1815 113610 71236 58797 2063 56734 12439 10464 7758 6911 54380 2354 563232 142189 2930 139259 133843 29065 27984 3764 104778 5416 421043
is_linear=0
shrinkage=0.04


Tree=150
num_leaves=31
num_cat=0
split_feature=38 15 14 14 23 7 11 11 17 39 10 0 14 29 10 47 3 47 22 11 7 8 47 6 2 11 14 12 29 22
split_gain=3.61737e+06 4.70507e+06 3.76195e+06 4.76484e+06 4.18896e+06 4.76421e+06 3.26447e+06 4.01513e+06 5.07474e+06 3.45164e+06 2.85603e+06 2.79219e+06 6.95843e+06 3.23756e+06 3.45925e+06 2.76908e+06 2.75793e+06 9.31038e+06 7.93044e+06 5.09267e+06 5.94676e+06 4.77452e+06 4.47871e+06 3.7126e+06 6.58321e+06 6.01517e+06 7.65125e+06 5.60069e+06 5.53341e+06 5.32027e+06
threshold=-1.5751041769981382 0.33333355188369757 0.3385016024112702 0.95189735293388378 -0.15796026587486264 -0.14339223504066465 0.49666756391525274 0.18675756454467776 0.03854640573263169 0.052510127425193794 -0.061548978090286248 0.10537290573120119 0.91496315598487865 15.750433921813967 -0.12840873003005979 -0.029104461893439289 -0.10640645027160643 -0.1303257346153259 1.0000000180025095e-35 2.440474390983582 0.50748908519744884 0.090207338333129897 -0.094285279512405382 0.21456289291381839 -0.077641725540161119 0.022193610668182377 0.54176929593086254 0.060200085863471038 1.1491900086402895 0.17954336851835254
decision_type=8 2 8 10 10 8 10 8 2 8 10 8 10 10 8 10 10 8 10 10 8 10 8 10 10 8 10 10 10 10
left_child=1 2 15 4 5 -4 7 8 9 -6 -9 13 -13 16 -15 -1 17 -2 -19 21 -21 23 -18 25 -25 27 -27 -20 -28 -30
right_child=11 -3 3 -5 6 -7 -8 10 -10 -11 -12 12 -14 14 -16 -17 22 18 19 20 -22 -23 -24 24 -26 26 28 -29 29 -31
leaf_value=-0.70901690816966989 -3.2628578867605316 -0.31854087362825928 1.2477545612848775 -2.0317689539308619 1.4796529714639117 5.0421676375018167 1.8673309168215104 -0.47844281014463619 3.6316374307510513 -0.98367045095247696 1.6339111317421851 -0.74215265676114683 3.3420866898671582 -3.5537354689134855 -0.34964543428779671 0.53346911097274563 1.1547181903275243 -3.0486950041164635 -0.68090196642794465 4.5739140590020044 0.013481536927357526 2.9358322035891793 -0.045209291194622664 0.60907686351273982 -1.2394438410106536 1.9355866192172861 1.0339009880188836 2.2944460288576178 -1.2820162641876847 0.91970227407337946
leaf_weight=4543 1155 11673 1379 802 2867 859 3998 5597 1214 1323 1243 1342 1312 831 1509 7754 5010 1062 8615 992 842 1104 580384 6203 6109 7194 9084 1137 4570 2839
leaf_count=4543 1155 11673 1379 802 2867 859 3998 5597 1214 1323 1243 1342 1312 831 1509 7754 5010 1062 8615 992 842 1104 580384 6203 6109 7194 9084 1137 4570 2839
internal_value=0.0134378 0.367457 0.621053 0.96956 1.10084 2.7201 0.876186 0.551291 1.36514 0.701364 -0.0927501 -0.0104443 1.28185 -0.0158347 -1.49779 0.0742423 -0.0103614 0.272006 0.35471 0.429555 2.49162 0.348327 -0.0349204 0.285261 -0.308388 0.503866 0.847992 -0.332007 0.372714 -0.438253
internal_weight=684546 43252 31579 19282 18480 2238 16242 12244 5404 4190 6840 641294 2654 638640 2340 12297 636300 50906 49751 48689 1834 46855 585394 45751 12312 33439 23687 9752 16493 7409
internal_count=684546 43252 31579 19282 18480 2238 16242 12244 5404 4190 6840 641294 2654 638640 2340 12297 636300 50906 49751 48689 1834 46855 585394 45751 12312 33439 23687 9752 16493 7409
is_linear=0
shrinkage=0.04


Tree=151
num_leaves=31
num_cat=0
split_feature=31 10 30 0 17 1 32 15 31 29 14 5 17 10 32 13 15 4 4 14 7 12 29 29 13 4 4 8 29 8
split_gain=3.1731e+06 6.07878e+06 5.17873e+06 3.98369e+06 1.04526e+07 7.62125e+06 4.41346e+06 4.67781e+06 5.28029e+06 6.9383e+06 4.27716e+06 3.92499e+06 4.73753e+06 3.89573e+06 5.56206e+06 5.15578e+06 3.80956e+06 3.80173e+06 4.61486e+06 3.80824e+06 3.6685e+06 3.65239e+06 3.55507e+06 3.47583e+06 4.8159e+06 4.47951e+06 3.38607e+06 4.57515e+06 4.51729e+06 4.39193e+06
threshold=17.394999504089359 -0.024393826723098751 1.444760859012604 -0.049760222434997552 0.044785318896174438 0.018210411071777347 1.8734843134880068 -0.87499991059303273 53.204999923706062 0.76702311635017406 0.52605402469635021 -0.6508880853652953 0.089521285146474852 -0.62669265270233143 1.060059726238251 1.1654716134071352 0.91905689239501964 -0.044294834136962884 0.38780117034912115 0.85746031999588024 -0.62384316325187672 0.048357717692852027 10.490275382995607 1.1032978892326357 1.0205793380737307 -0.0851461887359619 -0.24283027648925778 -0.23146864771842954 2.5130822658538823 -0.15159234404563901
decision_type=10 8 8 8 2 10 10 2 10 8 10 8 2 8 10 10 2 10 10 10 8 8 8 10 10 8 8 8 8 8
left_child=1 2 22 4 -2 6 7 -6 9 -9 -10 13 16 14 -5 -16 20 -14 19 -19 -13 -3 -1 25 -25 -11 28 -28 29 -22
right_child=3 21 -4 11 5 -7 -8 8 10 23 -12 12 17 -15 15 -17 -18 18 -20 -21 26 -23 -24 24 -26 -27 27 -29 -30 -31
leaf_value=-0.34563644931849036 -4.7800477854196739 1.1118721556957667 -2.9290747302088391 -0.93787512808164997 -3.0048081928056707 2.7851889405091197 1.0951044706187645 -3.4634726641124809 -0.64691023691887284 -0.66250443262459657 2.2829115879645174 2.1073213825601647 -1.3810051681485853 3.1677665780776501 3.5171577757489252 -0.43168700213491512 -1.749107332296157 -0.37148340023138637 -2.3674062853116964 1.3483141847785534 1.5172234608800261 -0.94670427467942719 -2.7387524819625861 -2.8666322329038234 -0.40512497250616686 2.700276521249104 -2.4887967930802892 0.037819259958208243 -1.9635634127810104 -1.062622244663691
leaf_weight=46857 881 6768 1318 2072 1388 1157 2251 1555 1551 1635 1623 1373 6570 1144 1318 876 1880 7177 1342 2878 6746 1723 1005 1747 4620 1022 1139 571170 834 1244
leaf_count=46857 881 6768 1318 2072 1388 1157 2251 1555 1551 1635 1623 1373 6570 1144 1318 876 1880 7177 1342 2878 6746 1723 1005 1747 4620 1022 1139 571170 834 1244
internal_value=-0.0103454 -0.294256 -0.464903 0.0157647 -0.547896 -0.344419 -0.554097 -0.799843 -0.575289 -1.00443 0.853696 0.0337935 0.0241507 1.1054 0.546224 1.94569 0.043825 -0.615435 -0.173284 0.121618 0.0496415 0.693522 -0.396448 -0.577323 -1.08396 0.636245 0.0447438 0.0327474 0.821891 1.11473
internal_weight=684864 57671 49180 627193 19430 18549 17392 15141 13753 10579 3174 607763 602353 5410 4266 2194 584386 17967 11397 10055 582506 8491 47862 9024 6367 2657 581133 572309 8824 7990
internal_count=684864 57671 49180 627193 19430 18549 17392 15141 13753 10579 3174 607763 602353 5410 4266 2194 584386 17967 11397 10055 582506 8491 47862 9024 6367 2657 581133 572309 8824 7990
is_linear=0
shrinkage=0.04


Tree=152
num_leaves=31
num_cat=0
split_feature=33 5 52 6 13 5 8 16 4 3 10 6 13 2 43 33 5 46 21 10 33 1 51 11 17 0 33 4 51 0
split_gain=4.02013e+06 6.23931e+06 7.38912e+06 4.62465e+06 4.83386e+06 4.06535e+06 3.32988e+06 1.07933e+07 9.54451e+06 8.11405e+06 7.11785e+06 7.54831e+06 8.73314e+06 6.8187e+06 6.73165e+06 6.84906e+06 5.61595e+06 5.45853e+06 5.35346e+06 6.94784e+06 5.30446e+06 5.2981e+06 5.17099e+06 4.9874e+06 5.3653e+06 7.0704e+06 4.89297e+06 7.51648e+06 6.61935e+06 6.41262e+06
threshold=22.666954040527347 -0.26299834251403803 -0.016589272767305371 0.080188751220703139 1.0664759278297427 -0.11391544342041014 -0.090027481317520128 -0.0098335077054798586 -0.060311079025268548 0.085006475448608412 -0.3801195621490478 -0.54780197143554676 1.0987572073936465 -0.091155529022216783 41.500000000000007 17.473391532897953 -0.41598224639892573 -0.0209284508600831 62.349834442138679 -0.7799873650074004 19.937146186828617 0.058856010437011726 -0.0064393028151243916 0.075874090194702162 0.083566408604383483 -0.038862943649291985 18.628862380981449 -0.19961595535278318 -0.076627705246210084 -0.035381317138671868
decision_type=8 8 8 8 10 10 8 10 8 10 10 8 8 10 2 10 10 8 10 10 10 10 10 10 2 10 10 10 10 10
left_child=6 -2 5 4 -4 -3 7 13 10 26 11 12 20 23 -13 -16 -15 -10 19 -17 -8 -12 -21 24 25 -1 27 28 -9 -29
right_child=1 2 3 -5 -6 -7 8 9 17 -11 21 14 -14 16 15 18 -18 -19 -20 22 -22 -23 -24 -25 -26 -27 -28 29 -30 -31
leaf_value=-6.8036930502653128 -4.0366988224027249 3.3679190971512685 -1.3415810507430981 -0.57839118988703142 -5.1858110139410973 0.26336298809150588 -0.053741459400023145 2.6509624985584481 -0.57033596160236533 -1.6790446940029504 -0.18535168624613246 -0.24328506361838739 -3.611020461987219 1.7375741757709264 0.22796857224707115 -1.6046955212804799 -0.54647713315144297 0.072874984201752965 -1.0816242957540614 -6.4545540276274567 3.3406241507677268 -2.1045080880683704 -2.60158160540285 -0.58187487470237176 -1.0551471838131699 -1.6328727135658989 0.74195709361294093 -2.9713533728675769 0.18677964381563225 -0.23238038718296905
leaf_weight=890 823 815 1495 5686 804 3720 2383 2616 22068 2763 60978 2675 804 2201 1104 1310 7784 481506 1377 1725 1056 2382 851 3113 1471 814 50435 1529 5199 12306
leaf_count=890 823 815 1495 5686 804 3720 2383 2616 22068 2763 60978 2675 804 2201 1104 1310 7784 481506 1377 1725 1056 2382 851 3113 1471 814 50435 1529 5199 12306
internal_value=0.00301745 -0.684231 -0.460812 -1.1926 -2.70261 0.827476 0.0166866 0.241469 -0.0186181 0.444461 -0.434432 -1.2759 0.115949 -0.691896 -1.92845 -2.63495 -0.0417675 0.0446769 -3.23479 -3.99302 0.995217 -0.257823 -5.19668 -1.72256 -2.83563 -4.35753 0.526076 0.0230588 1.01398 -0.53701
internal_weight=684683 13343 12520 7985 2299 4535 671340 91121 580219 74848 76645 13285 4243 16273 9042 6367 9985 503574 5263 3886 3439 63360 2576 6288 3175 1704 72085 21650 7815 13835
internal_count=684683 13343 12520 7985 2299 4535 671340 91121 580219 74848 76645 13285 4243 16273 9042 6367 9985 503574 5263 3886 3439 63360 2576 6288 3175 1704 72085 21650 7815 13835
is_linear=0
shrinkage=0.04


Tree=153
num_leaves=31
num_cat=0
split_feature=51 22 33 43 48 32 48 33 36 23 23 9 48 33 36 33 33 43 3 28 16 51 11 36 33 33 32 21 30 33
split_gain=2.95784e+06 5.19866e+06 7.64134e+06 5.55918e+06 5.3375e+06 5.71118e+06 5.96525e+06 5.77243e+06 5.78552e+06 5.54946e+06 4.66148e+06 4.38666e+06 3.95488e+06 3.90605e+06 6.20812e+06 3.7277e+06 4.09664e+06 3.70994e+06 5.54843e+06 4.13341e+06 4.36604e+06 4.33861e+06 6.85787e+06 3.97982e+06 3.97927e+06 3.66988e+06 3.62861e+06 3.80598e+06 4.47478e+06 3.71313e+06
threshold=-0.0090074012987315637 1.0000000180025095e-35 18.914936065673832 7.5000000000000009 -0.044585011899471276 0.75671541690826427 0.025190543383359913 20.428194999694828 -0.36164607107639307 -0.06495428085327147 -1.0000000180025095e-35 -0.038035482168197625 -0.026505234651267525 20.428194999694828 -0.71779152750968922 19.937146186828617 18.840466499328617 9.5000000000000018 0.04556632041931153 1.4037216305732729 0.045717403292655952 0.11325988546013833 0.65421420335769664 -0.057457506656646722 19.266153335571293 18.487825393676761 2.9999803304672246 13.78053140640259 0.97912815213203441 18.569479942321781
decision_type=10 10 8 2 8 10 10 10 8 10 8 10 10 10 10 10 10 2 10 10 10 10 10 10 10 10 8 10 8 10
left_child=1 2 -1 4 -3 -6 7 9 12 15 17 -10 -9 -8 -15 16 25 18 23 21 -21 26 -23 -2 -20 -7 27 28 -19 -29
right_child=10 3 -4 -5 5 6 13 8 11 -11 -12 -13 -14 14 -16 -17 -18 19 24 20 -22 22 -24 -25 -26 -27 -28 29 -30 -31
leaf_value=-4.3795151838871202 -0.18598181247268417 1.3143967115776292 0.75480049495872825 0.16834969335390659 0.42297246125503479 -2.0054602955812966 1.5237017162583579 -3.9513379554999499 3.347169423461775 0.14152500218010342 1.832529453882527 -0.47930823005742895 -0.26613541985850087 -2.3565365138549312 0.68874175709192542 -4.5818488678640614 -1.2455793148630523 0.26949013347380874 2.202051871037475 -0.30404948829731948 -2.5315946092588062 0.47183027996633975 -3.137255207876267 2.5221406418647407 0.56687302494066072 -5.6385556045181788 -1.5955028276609338 0.3621870607480584 -1.1517366592592988 -0.039291234697346175
leaf_weight=993 23887 2484 858 260334 6078 997 1862 807 868 1327 2041 1051 1088 1915 2407 1331 2925 5691 2929 100884 1418 1573 1798 891 12616 820 2290 46064 9374 184267
leaf_count=993 23887 2484 858 260334 6078 997 1862 807 868 1327 2041 1051 1088 1915 2407 1331 2925 5691 2929 100884 1418 1573 1798 891 12616 820 2290 46064 9374 184267
internal_value=0.00150475 0.0989909 -2.00832 0.112685 -0.445384 -0.632067 -1.00068 -1.55029 -0.285092 -2.20112 -0.0694803 1.25986 -1.84801 -0.00311178 -0.662891 -2.7124 -2.17914 -0.0793874 0.284065 -0.120869 -0.33517 -0.0335349 -1.45674 -0.0876214 0.876192 -3.66694 -0.014107 0.000714743 -0.615027 0.0410128
internal_weight=683868 288145 1851 286294 25960 23476 17398 11214 3814 7400 395723 1919 1895 6184 4322 6073 4742 393682 40323 353359 102302 251057 3371 24778 15545 1817 247686 245396 15065 230331
internal_count=683868 288145 1851 286294 25960 23476 17398 11214 3814 7400 395723 1919 1895 6184 4322 6073 4742 393682 40323 353359 102302 251057 3371 24778 15545 1817 247686 245396 15065 230331
is_linear=0
shrinkage=0.04


Tree=154
num_leaves=31
num_cat=0
split_feature=32 29 33 32 17 11 34 33 23 36 52 11 10 23 33 33 52 29 7 29 8 50 43 12 33 30 29 14 4 43
split_gain=3.16069e+06 8.34509e+06 9.17356e+06 6.98139e+06 6.90072e+06 7.97463e+06 1.46388e+07 5.70978e+06 5.61757e+06 6.97325e+06 6.44684e+06 6.10361e+06 8.48334e+06 7.23365e+06 6.37252e+06 7.87896e+06 5.81335e+06 5.76283e+06 5.33259e+06 5.23749e+06 5.12228e+06 6.32722e+06 5.06332e+06 4.55923e+06 3.96724e+06 4.86067e+06 3.89738e+06 3.82503e+06 3.74177e+06 3.68063e+06
threshold=1.9356380701065066 0.42002686858177191 17.735846519470218 2.0733857154846196 0.085456039756536498 0.10184860229492189 -0.01750177331268787 17.062061309814457 -0.17499998211860654 -0.89816996455192555 0.14199755340814593 0.4757679700851441 -0.23782858252525327 -0.054342597723007195 18.466876983642582 18.878958702087406 -0.11680394783616065 0.85037297010421764 -0.20726424455642697 0.81169721484184276 -0.08586567640304564 -0.054797802120447152 56.500000000000007 0.035128021612763412 19.989978790283207 1.1646437048912051 1.2283187508583071 0.96927794814109813 -0.25746536254882807 31.500000000000004
decision_type=10 8 10 10 2 8 10 10 8 10 10 8 10 10 10 10 10 10 10 10 8 8 2 10 10 8 10 10 10 2
left_child=-1 -2 3 -3 5 6 18 -5 16 11 20 12 13 17 -13 -16 22 -10 23 -17 -11 -22 -7 -4 29 26 -26 -23 -6 -21
right_child=1 2 4 7 28 8 -8 -9 9 10 -12 14 -14 -15 15 19 -18 -19 -20 24 21 27 -24 -25 25 -27 -28 -29 -30 -31
leaf_value=0.017599534523554679 3.3126496171662394 0.32302817034633352 2.9146400232350307 -2.132152643099833 3.4703071430737609 1.3834867563809861 -5.0097473035565265 -6.4413615505140465 0.1616543368777594 3.614174213211697 -3.0476455651865337 2.4926929518141003 -4.7878795851897387 1.8386659118617765 -3.7280245389681181 1.6964569227469415 2.511674429886515 -3.5639908335746462 -2.8462510857541434 2.3129411063613943 -2.2825085359253574 0.44478639039989565 -2.7434180798971761 -1.1392537138476515 -2.3210234540538845 -3.9973111957901892 0.70393327875262723 3.2050156655649347 0.61143330626601544 -0.74882013725130681
leaf_weight=641100 970 938 954 1275 988 1046 1635 808 1072 822 826 1073 1365 976 1223 1667 2279 1733 811 970 1266 7527 856 815 1314 1020 1397 890 2776 1741
leaf_count=641100 970 938 954 1275 988 1046 1635 808 1072 822 826 1073 1365 976 1223 1667 2279 1733 811 970 1266 7527 856 815 1314 1020 1397 890 2776 1741
internal_value=-0.00467766 -0.336487 -0.421406 -2.54128 -0.256765 -0.430572 -2.06106 -3.82649 -0.208736 -0.420959 0.333617 -0.97063 -2.09611 -1.11427 -0.412525 -0.748879 1.15352 -2.14463 -0.180287 -0.295526 0.602128 0.342968 -0.478472 1.05106 -0.812823 -1.65727 -0.765381 0.740106 1.36906 0.351157
internal_weight=684133 43033 42063 3021 39042 35278 4215 2083 31063 26882 11331 15551 5146 3781 10405 9332 4181 2805 2580 8109 10505 9683 1902 1769 6442 3731 2711 8417 3764 2711
internal_count=684133 43033 42063 3021 39042 35278 4215 2083 31063 26882 11331 15551 5146 3781 10405 9332 4181 2805 2580 8109 10505 9683 1902 1769 6442 3731 2711 8417 3764 2711
is_linear=0
shrinkage=0.04


Tree=155
num_leaves=31
num_cat=0
split_feature=29 3 13 11 3 10 14 32 18 14 35 28 49 11 32 13 14 11 2 32 22 12 12 10 8 10 14 21 40 47
split_gain=3.67438e+06 7.10651e+06 5.50273e+06 3.60609e+06 6.18679e+06 5.43464e+06 5.20981e+06 4.7889e+06 4.57457e+06 6.8267e+06 4.00811e+06 5.89001e+06 5.74286e+06 3.78542e+06 6.07255e+06 4.67693e+06 7.13729e+06 5.67624e+06 5.67111e+06 4.64663e+06 4.49954e+06 5.51368e+06 5.70053e+06 5.02186e+06 7.70002e+06 6.20834e+06 5.30006e+06 4.28587e+06 4.04628e+06 6.31121e+06
threshold=10.490275382995607 0.095526456832885756 1.3007981181144717 0.028983235359191898 -0.11625647544860838 -0.71715325117111195 0.83415859937667858 2.3700801134109502 0.10545009002089502 0.92634809017181408 0.032067695632576949 1.842084586620331 -0.064153354614973054 0.16053676605224612 2.4518741369247441 0.79336339235305797 0.71460893750190746 2.440474390983582 -0.022747516632080075 0.30322597920894628 0.29226005077362066 0.060200085863471038 0.032928230240941055 -0.84239459037780751 -0.12566268444061277 -0.40311345458030695 0.71031260490417492 20.71877479553223 0.24940139055252078 0.018487262539565567
decision_type=10 10 8 8 10 8 10 10 2 8 10 10 8 10 10 10 10 10 10 10 8 10 10 10 8 10 10 10 10 10
left_child=3 -2 -3 -1 5 6 -5 10 13 -10 11 12 -7 14 20 16 17 -15 -19 -17 23 22 -22 26 -25 -26 27 -6 29 -18
right_child=1 2 -4 4 8 7 -8 -9 9 -11 -12 -13 -14 15 -16 19 28 18 -20 -21 21 -23 -24 24 25 -27 -28 -29 -30 -31
leaf_value=-0.39228226644130282 -3.3389852077558442 -1.6791491129590608 1.455516219099821 -3.3146724353554897 -2.6627549779736923 3.5354576732072052 0.48806622684689288 2.8004682306189257 -0.038779344781866218 4.6544889245886587 -1.3450274829492603 2.43279696678385 0.38024096189840684 -0.23331002301453027 -2.5282963993892049 -0.60616515120807923 -0.96557704860716753 3.6016191106366655 0.41813399358738873 0.045379892401805628 0.30420414509840515 -2.6666063595074481 1.3357907805505926 1.3301875990317711 -1.685058269646996 -0.033226013203190428 -4.5030327032511916 1.3639353998303414 1.5229526056115468 -3.56398329557463
leaf_weight=34043 1530 1754 1811 1092 805 948 1204 1614 1208 831 1644 2765 25420 95907 1284 18408 10849 1141 4046 356546 69428 920 9770 5702 4260 24698 811 870 844 1728
leaf_count=34043 1530 1754 1811 1092 805 948 1204 1614 1208 831 1644 2765 25420 95907 1284 18408 10849 1141 4046 356546 69428 920 9770 5702 4260 24698 811 870 844 1728
internal_value=0.000843601 -1.06828 -0.0871396 0.0088841 0.0300718 0.549631 -1.32708 0.683028 0.000521819 1.88736 0.571112 0.679666 0.494977 -0.00583666 0.196957 -0.0549557 -0.27868 -0.163564 1.124 0.0133776 0.227011 0.39571 0.431615 -0.136855 -0.0120599 -0.276724 -1.86974 -0.575598 -1.14502 -1.32513
internal_weight=683881 5095 3565 678786 644743 34687 2296 32391 610056 2039 30777 29133 26368 608017 118548 489469 114515 101094 5187 374954 117264 80118 79198 37146 34660 28958 2486 1675 13421 12577
internal_count=683881 5095 3565 678786 644743 34687 2296 32391 610056 2039 30777 29133 26368 608017 118548 489469 114515 101094 5187 374954 117264 80118 79198 37146 34660 28958 2486 1675 13421 12577
is_linear=0
shrinkage=0.04


Tree=156
num_leaves=31
num_cat=0
split_feature=43 36 12 6 1 15 13 6 30 8 23 2 11 36 23 10 11 29 33 32 22 48 12 36 11 33 6 2 11 14
split_gain=2.76052e+06 7.77866e+06 5.74802e+06 4.95019e+06 3.06147e+06 3.20676e+06 2.64299e+06 7.43849e+06 6.01198e+06 5.59216e+06 9.93972e+06 4.23798e+06 3.90613e+06 5.13e+06 3.81917e+06 5.0771e+06 6.16851e+06 5.20278e+06 4.03179e+06 6.1352e+06 4.50476e+06 8.1434e+06 7.98121e+06 7.0857e+06 3.77381e+06 4.21153e+06 6.1538e+06 3.76134e+06 5.36866e+06 4.96422e+06
threshold=1.0000000180025095e-35 -0.24977668374776837 0.019897691905498508 0.13768959045410159 -0.017026066780090329 0.30889341235160833 0.71657425165176403 1.239785432815552 0.89014193415641796 0.15977472066879275 -0.06143528223037719 -0.0017558336257934568 0.039029836654663093 -0.72136735916137684 -0.26170653104782099 -0.59417980909347523 0.3037285208702088 0.83731308579444896 18.896656990051273 0.33651858568191534 0.19234050810337069 0.018289141356945041 0.017072720453143123 -0.87613952159881581 0.16344904899597171 18.647958755493168 0.15677821636199954 -0.12444090843200682 0.20228272676467898 0.49773737788200384
decision_type=2 10 10 8 10 2 8 8 10 8 10 10 8 8 10 10 10 10 10 10 10 8 10 8 10 10 10 10 8 10
left_child=1 2 4 -4 -1 -6 7 9 -9 14 -11 -10 13 -8 -2 16 17 -16 19 -17 21 -20 23 -23 -21 -26 -27 28 -14 -30
right_child=6 -3 3 -5 5 -7 12 8 11 10 -12 -13 27 -15 15 18 -18 -19 20 24 -22 22 -24 -25 25 26 -28 -29 29 -31
leaf_value=1.7171382555278352 2.2509460823684782 2.8987306068345795 -0.93579507686786501 -4.2669517014519691 -1.8836595956702211 1.0594398915355687 0.5760500739106722 -1.0266938640476961 2.7456038621036361 -5.7236513197846204 -0.72897287234215169 0.55732757337024186 -0.7017397341210514 -0.59865361622614466 -4.1452462469687008 2.348271254126761 0.59803564989318458 -0.99540060206635361 0.87884324673587633 1.2049187681523934 -0.20520150452499863 -4.247630549825133 -3.7829756343785155 -0.15090355977231876 -0.45938364502432089 -1.1323534464100811 2.7499696227395134 0.045706962680839722 -0.81012285449057819 1.6378285722101773
leaf_weight=981 967 808 1458 1402 1742 887 7435 1755 2816 805 2945 2851 3071 29598 1564 2028 1526 1815 2281 3731 40754 816 2315 3712 14870 1060 1674 537752 1590 7800
leaf_count=981 967 808 1458 1402 1742 887 7435 1755 2816 805 2945 2851 3071 29598 1564 2028 1526 1815 2281 3731 40754 816 2315 3712 14870 1060 1674 537752 1590 7800
internal_value=-0.00443929 -0.778772 -1.2418 -2.57794 -0.179052 -0.890434 0.00388992 -0.197584 1.01473 -0.30628 -1.81353 1.64763 0.0348679 -0.36272 -0.234615 -0.265656 -1.5102 -2.46126 -0.182113 0.251447 -0.385203 -1.18811 -1.87737 -0.896916 0.0511269 -0.193954 1.24611 0.0616344 0.748391 1.2229
internal_weight=684809 7278 6470 2860 3610 2629 677531 90285 7422 82863 3750 5667 587246 37033 79113 78146 4905 3379 73241 23363 49878 9124 6843 4528 21335 17604 2734 550213 12461 9390
internal_count=684809 7278 6470 2860 3610 2629 677531 90285 7422 82863 3750 5667 587246 37033 79113 78146 4905 3379 73241 23363 49878 9124 6843 4528 21335 17604 2734 550213 12461 9390
is_linear=0
shrinkage=0.04


Tree=157
num_leaves=31
num_cat=0
split_feature=15 30 0 33 3 31 23 34 21 31 22 21 34 43 46 32 31 30 10 9 6 10 33 10 39 33 0 35 30 11
split_gain=4.00901e+06 6.20406e+06 5.68762e+06 5.16512e+06 8.23337e+06 4.76336e+06 4.48218e+06 4.39846e+06 4.34403e+06 4.28426e+06 6.46535e+06 4.6306e+06 4.33456e+06 5.83521e+06 3.97612e+06 6.09844e+06 3.80056e+06 4.82669e+06 3.73386e+06 5.36712e+06 3.67071e+06 4.38594e+06 4.30161e+06 3.4135e+06 3.39646e+06 3.31184e+06 3.74227e+06 3.13182e+06 3.08765e+06 2.99508e+06
threshold=-0.49999982118606562 1.131873667240143 -0.021717786788940426 18.934029579162601 0.056632041931152351 32.82500076293946 -0.12384930253028868 -0.08093968033790587 1.2423283457756045 50.495000839233406 0.18810235708951953 4.645616054534913 0.0066879305522888908 8.5000000000000018 -0.063237961381673799 1.280706584453583 7.8350000381469735 0.81818178296089183 -0.44746303558349604 0.025276720523834232 -0.85536623001098622 -0.26704475283622736 17.268031120300297 -0.50629934668540943 0.14926667511463168 21.143013954162601 -0.05190682411193847 0.016191651113331321 1.1577383279800417 0.14579468965530398
decision_type=2 8 8 10 10 10 10 8 10 10 10 10 8 2 8 8 10 8 10 10 8 10 10 10 10 10 10 10 10 10
left_child=1 2 3 4 8 7 24 -4 -1 10 -3 -12 -13 -14 15 -2 17 29 19 23 -10 22 -22 -9 25 -5 -27 -20 -15 -16
right_child=14 9 5 6 -6 -7 -8 18 20 -11 11 12 13 28 16 -17 -18 -19 27 -21 21 -23 -24 -25 -26 26 -28 -29 -30 -31
leaf_value=1.7505134508040601 -3.0766127705137429 -1.4910750999961062 0.972481754607328 1.1019007293970775 1.3654701377476761 0.050459931925877867 0.29242447057564547 -1.8209559198667762 1.4884711957510894 -0.10342672718454182 1.6548872085597166 0.5709840963515318 -3.3369420940371315 -2.1284949556616999 1.5719498242698893 1.1374901144955909 0.085160228771457278 -3.6061121588945388 -0.32432212205103839 0.32983936061400571 0.48710823678324378 -0.42889158171797453 -2.744326422723911 -4.7366212308229318 -0.98684324609625484 0.63773152219297902 3.8558794540616801 -1.6261373819642908 -0.4177813819205462 -1.0645809606667924
leaf_weight=988 1519 12305 2773 8137 3871 57305 18322 2538 851 30994 1667 4709 1321 1872 909 851 471993 942 22362 1451 802 4997 3620 863 951 886 1679 3399 16487 2753
leaf_count=988 1519 12305 2773 8137 3871 57305 18322 2538 851 30994 1667 4709 1321 1872 909 851 471993 942 22362 1451 802 4997 3620 863 951 886 1679 3399 16487 2753
internal_value=0.00247957 -0.145472 0.0117375 0.378767 -0.223651 -0.170821 0.682793 -0.550539 -0.770789 -0.453239 -0.735772 -0.378643 -0.518257 -0.779047 0.0658514 -1.56503 0.073994 -1.06845 -0.68877 -1.70567 -1.01481 -1.24232 -2.15848 -2.57252 1.29579 1.49936 2.75106 -0.496653 -0.59328 -0.407629
internal_weight=684117 205150 135795 45104 15129 90691 29975 33386 11258 69355 38361 26056 24389 19680 478967 2370 476597 4604 30613 4852 10270 9419 4422 3401 11653 10702 2565 25761 18359 3662
internal_count=684117 205150 135795 45104 15129 90691 29975 33386 11258 69355 38361 26056 24389 19680 478967 2370 476597 4604 30613 4852 10270 9419 4422 3401 11653 10702 2565 25761 18359 3662
is_linear=0
shrinkage=0.04


Tree=158
num_leaves=31
num_cat=0
split_feature=40 23 43 32 51 22 51 29 2 10 23 48 4 14 36 12 7 29 32 7 48 36 38 22 32 14 7 10 10 22
split_gain=3.50598e+06 6.432e+06 5.76097e+06 3.40121e+06 3.14953e+06 5.93668e+06 9.20727e+06 5.13782e+06 5.35283e+06 6.16339e+06 5.10379e+06 5.48813e+06 5.72611e+06 8.04981e+06 7.73067e+06 8.09677e+06 6.64388e+06 5.56066e+06 7.12124e+06 5.14699e+06 5.58491e+06 5.9328e+06 4.97767e+06 4.7286e+06 4.49183e+06 5.93633e+06 4.67301e+06 6.39782e+06 5.1027e+06 4.178e+06
threshold=-0.0071081817150115958 -0.094158381223678575 26.500000000000004 1.1850818991661074 -0.0090074012987315637 1.0000000180025095e-35 -0.074138455092906938 5.4223687648773202 -0.062772989273071275 -0.22227165102958676 -0.23623934388160703 -0.18334504961967465 0.10398197174072267 0.74873083829879772 -0.8302558660507201 0.023680247366428379 -0.28686913847923273 1.05221563577652 0.61345657706260692 0.30687326192855841 -0.027990351431071755 -1.4579617381095884 -1.074181795120239 0.35638408362865454 0.97544977068901073 0.88777998089790355 -0.026344090700149533 -0.23317694664001462 -0.40311345458030695 0.27546091377735143
decision_type=8 10 2 10 10 10 8 10 10 10 10 8 8 10 10 10 10 10 10 10 10 10 8 10 10 10 10 10 10 10
left_child=1 -1 3 -3 5 6 -2 10 9 -9 23 -12 13 -13 15 -15 -16 19 -19 20 21 29 -14 -7 25 -18 27 28 -26 -17
right_child=4 2 -4 -5 -6 7 -8 8 -10 -11 11 12 22 14 16 17 24 18 -20 -21 -22 -23 -24 -25 26 -27 -28 -29 -30 -31
leaf_value=-0.84554574753273604 -5.344930034314884 2.0107999936137619 0.39089874240135714 5.2738175235111635 -0.081594075181609382 0.87900692085836274 0.27571071103541522 -1.8180903875288159 -2.5861438378557216 2.8862025661152741 2.937207454934494 0.11927355280153162 -1.6423589751087635 -3.0520532347190947 3.1535878301686227 -1.3569308320080398 0.042059497142731279 1.5866459590956243 -1.4902686355006682 1.7749853668219815 2.7251887339744298 -3.6000373275504787 0.68935039676342369 -2.0580651902828526 -1.9531440029269598 -3.6845391235168492 1.0145037091263109 -3.6750923917804448 0.87933905750113983 0.40652466094936862
leaf_weight=2274 806 1429 2421 806 391821 19075 1086 962 2273 813 1062 181080 1531 2468 1136 3729 1725 1319 12908 2056 829 987 29890 910 1436 1123 6974 865 3425 5049
leaf_count=2274 806 1429 2421 806 391821 19075 1086 962 2273 813 1062 181080 1531 2468 1136 3729 1725 1319 12908 2056 829 987 29890 910 1436 1123 6974 865 3425 5049
internal_value=0.00119939 0.895681 1.74609 3.20578 -0.00796534 0.0930762 -2.13422 0.108009 -1.30508 0.340706 0.128515 0.0810804 0.0692348 -0.000795815 -0.473077 -0.863848 0.214345 -0.661854 -1.20409 -0.0515514 -0.407371 -0.675825 0.575251 0.744307 -0.00229709 -1.43513 0.319895 -0.526399 0.0402963 -0.343304
internal_weight=684268 6930 4656 2235 677338 285517 1892 283625 4048 1775 279577 259592 258530 227109 46029 29345 16684 26877 14227 12650 10594 9765 31421 19985 15548 2848 12700 5726 4861 8778
internal_count=684268 6930 4656 2235 677338 285517 1892 283625 4048 1775 279577 259592 258530 227109 46029 29345 16684 26877 14227 12650 10594 9765 31421 19985 15548 2848 12700 5726 4861 8778
is_linear=0
shrinkage=0.04


Tree=159
num_leaves=31
num_cat=0
split_feature=13 6 28 10 13 9 4 3 1 32 10 17 12 51 43 34 32 6 43 6 16 18 12 10 23 29 17 7 2 1
split_gain=3.77134e+06 4.9068e+06 5.56965e+06 4.86263e+06 4.13583e+06 3.33705e+06 3.27644e+06 2.9204e+06 6.5899e+06 4.99294e+06 4.48261e+06 3.66532e+06 4.83236e+06 3.52908e+06 3.85817e+06 3.61679e+06 4.40064e+06 3.43397e+06 3.40969e+06 4.51144e+06 3.26602e+06 3.7202e+06 3.15326e+06 3.09669e+06 2.99572e+06 2.85452e+06 2.79182e+06 2.73691e+06 5.38691e+06 3.16408e+06
threshold=1.4823876023292544 -0.50931501388549794 0.97588926553726207 -0.4353343248367309 1.6190963387489321 0.29602926969528204 0.30675351619720465 0.13617467880249026 -0.019179105758666989 0.80412080883979808 -0.074803769588470445 0.13111449778079989 0.06501584500074388 0.10057619959115983 6.5000000000000009 0.20890752226114276 1.0746066570281985 0.22263252735137942 57.500000000000007 -0.092573881149291978 0.0087172249332070368 -0.013554649427533148 0.022399593144655231 -0.51554191112518299 -0.051247775554656975 1.9504456520080569 0.081727489829063429 0.9190625548362733 -0.019461154937744137 0.093805193901062026
decision_type=10 8 10 8 10 10 10 8 8 8 8 2 8 10 2 10 10 10 2 10 10 2 10 10 10 10 2 10 8 8
left_child=5 2 -2 -3 6 7 26 13 10 17 -9 12 20 15 -15 27 18 24 19 -17 21 -11 25 -22 -10 -21 -5 29 -29 -1
right_child=1 3 -4 4 -6 -7 -8 8 9 11 -12 -13 -14 14 -16 16 -18 -19 -20 22 23 -23 -24 -25 -26 -27 -28 28 -30 -31
leaf_value=0.0070906605227832077 -2.6903445135363961 3.204530007565046 0.98584581149261408 1.1391322837269713 -1.4249725226086432 -1.5072603907012023 3.3418173972200811 2.9433635801874041 -3.6227001265271106 2.2099761737223433 0.23257297725674819 2.6545127696654895 -2.362592641354071 1.7402115731177707 -1.1364666622488404 -2.2306240405396358 -1.508938533113005 0.012706563786701245 1.8820912823176537 0.53147866677388589 1.5373190813243864 0.51299064051731402 2.2443646299527877 -0.53296790134672445 -0.94250806771897289 -1.7720368444014087 -0.90192432657756738 1.1788222841404941 -2.0824665550692769 0.84024136718139286
leaf_weight=599917 1320 1451 1300 5840 1237 2330 880 2450 941 2459 1621 1118 1018 822 7285 1603 5595 4059 1238 2348 1373 12765 967 7036 2274 1346 1305 1171 2583 7373
leaf_count=599917 1320 1451 1300 5840 1237 2330 880 2450 941 2459 1621 1118 1018 822 7285 1603 5595 4059 1238 2348 1373 12765 967 7036 2274 1346 1305 1171 2583 7373
internal_value=0.0138778 0.679779 -0.869468 1.05912 0.719928 0.000649839 1.05191 0.0059212 0.350719 0.163376 1.86719 0.424619 0.322451 -0.0143242 -0.843005 -0.0035471 -0.660995 -0.761419 -0.0274305 -0.407221 0.43906 0.788361 0.223312 -0.193512 -1.73578 -0.310382 0.765604 0.0105551 -1.06473 0.0172195
internal_weight=685025 13333 2620 10713 9262 671692 8025 669362 37114 33043 4071 25769 24651 632248 8107 624141 13097 7274 7502 6264 23633 15224 4661 8409 3215 3694 7145 611044 3754 607290
internal_count=685025 13333 2620 10713 9262 671692 8025 669362 37114 33043 4071 25769 24651 632248 8107 624141 13097 7274 7502 6264 23633 15224 4661 8409 3215 3694 7145 611044 3754 607290
is_linear=0
shrinkage=0.04


Tree=160
num_leaves=31
num_cat=0
split_feature=1 29 11 29 10 40 32 50 50 36 39 5 14 52 36 23 36 34 11 10 43 31 32 21 21 28 0 13 10 22
split_gain=3.17772e+06 3.95898e+06 4.06505e+06 3.76449e+06 5.2583e+06 2.96404e+06 3.86882e+06 4.63626e+06 3.67503e+06 3.54769e+06 3.28493e+06 3.23067e+06 6.99062e+06 5.99385e+06 6.09624e+06 6.32376e+06 4.75681e+06 4.062e+06 3.99469e+06 3.71808e+06 9.16108e+06 5.12787e+06 4.2654e+06 4.20084e+06 3.71742e+06 5.26249e+06 4.99598e+06 4.38761e+06 4.5923e+06 4.20647e+06
threshold=-0.18751001358032224 1.0751214623451235 0.15746444463729861 15.750433921813967 -0.13288900256156919 1.007122874259949 0.81423464417457592 -0.12166934087872504 -0.04147199168801307 0.57153618335723888 -0.45900826156139368 -0.22659802436828611 0.99777778983116161 0.032531477510929115 -0.41426801681518549 -0.20271626114845273 -1.2149835228919981 0.61574462056159984 0.61151713132858287 -0.42976343631744379 55.500000000000007 39.364999771118171 0.90372043848037731 53.775499343872077 26.776579856872562 0.65656083822250377 -0.040213823318481438 1.3705743551254275 -0.62669265270233143 0.030659663490951065
decision_type=8 10 8 10 10 10 8 8 8 10 8 10 10 10 10 10 8 10 10 10 2 10 8 10 10 8 10 10 8 8
left_child=1 -1 -3 5 -5 9 8 -8 -7 10 -2 12 13 14 16 -16 -12 -13 19 20 -15 -22 -23 -21 25 29 -26 28 -27 -18
right_child=3 2 -4 4 -6 6 7 -9 -10 -11 11 17 -14 18 15 -17 24 -19 -20 23 21 22 -24 -25 26 27 -28 -29 -30 -31
leaf_value=-0.63374937052362823 -2.3873662469211174 0.76527794189832687 4.5913127035726733 -3.9310879086569872 -0.11493448433463861 -1.7483278232588364 3.5244177184233796 0.5736688905535019 0.13591054683498782 -2.435993763407176 -2.5663624101981055 -0.016503983265160192 -2.3916998996417944 -3.5606264225913589 -0.90019022637316715 2.97776735874469 -3.3771402192593123 -2.8001157954434555 -2.3320269281550647 2.915853351938714 0.87792601002857173 0.71907721223134557 -2.8120681335972035 -0.35766667968079868 3.6627228448214919 -1.3488315386892973 0.62747397619316214 2.6540946332896804 0.5487732279111045 -0.49637440603913202
leaf_weight=1012 905 995 800 913 1546 2074 878 21325 8062 942 851 572684 1541 1394 877 2825 939 830 1625 1139 4001 873 1442 1377 884 2437 30099 1295 12279 5615
leaf_count=1012 905 995 800 913 1546 2074 878 21325 8062 942 851 572684 1541 1394 877 2825 939 830 1625 1139 4001 873 1442 1377 884 2437 30099 1295 12279 5615
internal_value=0.0225941 1.36329 2.48646 0.0170533 -1.54201 0.0227205 0.396379 0.691888 -0.25098 0.0040339 0.0076301 0.0110274 0.264558 0.323408 0.490627 2.05913 0.383527 -0.0205812 -0.496127 -0.202394 -0.638075 0.0115687 -1.48309 1.12994 0.430878 0.0403041 0.715229 0.431114 0.233823 -0.913622
internal_weight=684459 2807 1795 681652 2459 679193 32339 22203 10136 646854 645912 645007 71493 69952 58101 3702 54399 573514 11851 10226 7710 6316 2315 2516 53548 22565 30983 16011 14716 6554
internal_count=684459 2807 1795 681652 2459 679193 32339 22203 10136 646854 645912 645007 71493 69952 58101 3702 54399 573514 11851 10226 7710 6316 2315 2516 53548 22565 30983 16011 14716 6554
is_linear=0
shrinkage=0.04


Tree=161
num_leaves=31
num_cat=0
split_feature=43 36 6 14 5 1 3 51 29 43 28 46 8 43 6 43 8 13 28 12 14 15 42 4 12 16 1 17 17 8
split_gain=3.40758e+06 7.35624e+06 4.6731e+06 4.29511e+06 3.21023e+06 5.97627e+06 5.92725e+06 6.07044e+06 5.55795e+06 5.13658e+06 5.53447e+06 5.12116e+06 6.46109e+06 7.16246e+06 6.25191e+06 6.6079e+06 6.41652e+06 7.18377e+06 8.5263e+06 5.61808e+06 4.88975e+06 4.66468e+06 4.43073e+06 6.6167e+06 4.36463e+06 5.73357e+06 7.09224e+06 5.9156e+06 4.45607e+06 4.35017e+06
threshold=1.0000000180025095e-35 -0.31735299527645106 0.23466444015502932 0.44675451517105108 0.081690549850463881 -0.015806317329406735 -0.0064413547515869132 0.058556245639920242 1.9092735648155215 3.5000000000000004 0.58436086773872387 -0.0089937872253358347 -0.080101430416107164 3.5000000000000004 -0.08302068710327147 59.500000000000007 -0.17679315805435178 1.1459846496582033 0.91625797748565685 0.06501584500074388 0.89182224869728099 -0.33333167433738703 1.0000000180025095e-35 -0.023081064224243161 0.080387271940708174 -0.024565228261053559 -0.036095857620239251 0.087436869740486159 0.075489722192287459 -0.087955027818679796
decision_type=2 10 8 10 10 10 10 8 8 2 10 10 8 2 8 2 10 10 10 10 10 2 2 10 10 10 10 2 2 8
left_child=1 2 -1 -4 6 -6 11 -8 20 -7 -11 12 13 -2 24 -16 17 18 -17 22 29 -18 -14 -24 25 26 27 -15 -26 -9
right_child=4 -3 3 -5 5 9 7 8 -10 10 -12 -13 19 14 15 16 21 -19 -20 -21 -22 -23 23 -25 28 -27 -28 -29 -30 -31
leaf_value=-0.54274586189394214 -2.2955660628638852 2.2083132541505508 -0.87877097695164563 -4.3766068706643351 0.44137364413396357 1.1988977442732123 0.17283915886733692 -3.6476077203998147 0.20170087038061443 0.49594134459448358 -0.11327765469132124 0.18252650451102476 -0.45564654001055532 -5.5617949621483342 1.1422256800332071 -2.0256846207505683 -1.2674889523992097 2.3953142656458715 1.8438383479594906 -3.7600486748871318 0.81217502724566304 0.23056766941804316 -0.24967898301144026 -4.9739900318776975 -0.44218572211171486 -0.25991328353663606 0.92842843549674325 -1.0605889430144286 3.5164538828599468 -1.1465614486102285
leaf_weight=3818 2146 1051 1015 1265 67690 5615 175480 1271 8870 27783 168543 42705 92913 1022 13130 1939 6674 3121 1701 841 1763 6614 1044 861 877 33152 819 864 931 8664
leaf_count=3818 2146 1051 1015 1265 67690 5615 175480 1271 8870 27783 168543 42705 92913 1022 13130 1939 6674 3121 1701 841 1763 6614 1044 861 877 33152 819 864 931 8664
internal_value=-0.000105747 -0.868211 -1.4012 -2.83009 0.00907354 0.116137 -0.0617852 0.0966284 -0.553347 0.00710177 -0.0270434 -0.208724 -0.307801 -0.0243572 0.0447564 0.445048 -0.0118719 0.990471 -0.217329 -0.52405 -1.12554 -0.52223 -0.494955 -2.39974 -0.307884 -0.404726 -2.17203 -3.51621 1.60438 -1.46987
internal_weight=684182 7149 6098 2280 677033 269631 407402 196048 20568 201941 196326 211354 168649 72990 70844 33179 20049 6761 3640 95659 11698 13288 94818 1905 37665 35857 2705 1886 1808 9935
internal_count=684182 7149 6098 2280 677033 269631 407402 196048 20568 201941 196326 211354 168649 72990 70844 33179 20049 6761 3640 95659 11698 13288 94818 1905 37665 35857 2705 1886 1808 9935
is_linear=0
shrinkage=0.04


Tree=162
num_leaves=31
num_cat=0
split_feature=43 16 37 13 29 7 8 12 11 3 36 13 4 21 17 0 50 11 11 51 52 13 3 3 0 5 0 33 29 33
split_gain=3.48544e+06 5.02925e+06 3.11955e+06 3.0577e+06 5.7076e+06 4.43232e+06 4.53498e+06 8.57039e+06 6.29541e+06 5.11257e+06 4.78706e+06 4.31891e+06 4.20268e+06 4.14973e+06 4.10223e+06 1.04591e+07 5.76263e+06 4.50308e+06 5.62079e+06 7.08869e+06 5.83289e+06 5.49207e+06 9.67252e+06 4.17202e+06 4.15907e+06 3.99776e+06 7.28808e+06 6.66242e+06 7.27339e+06 6.71045e+06
threshold=1.0000000180025095e-35 0.0056758234277367601 0.12626016139984134 1.3705743551254275 15.750433921813967 0.62050658464431774 -0.096716791391372667 0.06501584500074388 0.072692871093750014 0.079006671905517592 -0.50857016444206227 1.5306828618049624 0.041423320770263679 54.286703109741218 0.039999965578317649 -0.043374538421630852 -0.039059063419699662 1.1873097419738772 2.440474390983582 -0.076627705246210084 -0.085744597017765031 1.1015434265136721 -0.10345458984374999 0.0063469409942626962 0.075210809707641615 0.077833890914917006 -0.019644021987915036 16.983814239501957 0.96214246749877941 18.569479942321781
decision_type=2 10 10 8 10 10 8 10 8 10 8 10 8 10 2 8 8 10 10 10 10 10 10 10 10 8 10 10 10 10
left_child=1 2 -1 4 14 6 9 8 -8 10 -5 -12 -9 -7 15 -2 -16 25 20 -20 21 22 -19 -24 -21 27 -27 28 -18 -29
right_child=3 -3 -4 5 -6 13 7 12 -10 -11 11 -13 -14 -15 16 -17 17 18 19 24 -22 -23 23 -25 -26 26 -28 29 -30 -31
leaf_value=-0.65160768980602213 -4.3446151667065589 -2.3915582275851364 1.8387606523925184 -0.42016361358937515 -2.6175486890753019 4.3961093397058191 -2.5413051781150005 -4.4204294792114096 0.31886921223979148 -1.6549895844343838 2.193099726959864 0.37576819741415363 -0.94048513827614455 0.64611684947998627 0.7222680533181024 0.086521860624287752 -0.38779689985772842 1.4813561464742984 2.8160061696263234 -0.34575987608618586 -0.60832949852715945 -5.0411999125018836 -4.1203868021851502 -0.6970108286671729 2.4481685857244169 0.89695503498957341 -0.10801937638790809 -0.88512282687141697 2.5203315483315629 -0.10289042678692488
leaf_weight=3805 844 2317 1010 2483 1319 801 1282 925 26211 1144 5976 3224 1385 1140 11690 423823 2681 1189 1391 13270 28542 847 1586 893 901 16290 39579 24882 2812 59476
leaf_count=3805 844 2317 1010 2483 1319 801 1282 925 26211 1144 5976 3224 1385 1140 11690 423823 2681 1189 1391 13270 28542 847 1586 893 901 16290 39579 24882 2812 59476
internal_value=0.0143455 -0.864674 -0.126497 0.023624 0.00103985 0.343795 0.258406 -0.0123226 0.184624 0.886952 1.13706 1.55734 -2.34702 2.20824 0.00655762 0.0776131 -0.139899 -0.191795 -0.525096 0.101709 -0.820114 -2.15463 -1.47618 -2.89495 -0.166519 -0.0805614 0.185114 -0.24576 1.10282 -0.333693
internal_weight=683718 7132 4815 676586 632015 44571 42630 29803 27493 12827 11683 9200 2310 1941 630696 424667 206029 194339 48619 15562 33057 4515 3668 2479 14171 145720 55869 89851 5493 84358
internal_count=683718 7132 4815 676586 632015 44571 42630 29803 27493 12827 11683 9200 2310 1941 630696 424667 206029 194339 48619 15562 33057 4515 3668 2479 14171 145720 55869 89851 5493 84358
is_linear=0
shrinkage=0.04


Tree=163
num_leaves=31
num_cat=0
split_feature=5 14 35 14 21 28 4 13 6 7 5 16 28 30 40 13 6 7 23 14 21 15 51 6 7 12 3 23 15 3
split_gain=3.37066e+06 4.34502e+06 2.89117e+06 4.44978e+06 3.10362e+06 5.00793e+06 4.41356e+06 3.95295e+06 3.78309e+06 4.56875e+06 3.65984e+06 4.13764e+06 3.71668e+06 3.18518e+06 2.9314e+06 3.70885e+06 4.13178e+06 5.29162e+06 3.07682e+06 2.81517e+06 3.75046e+06 2.6295e+06 5.41553e+06 4.67012e+06 4.30449e+06 4.01707e+06 4.51973e+06 3.90692e+06 4.25097e+06 4.10181e+06
threshold=0.92229580879211437 0.92634809017181408 0.066301759332418456 0.95856454968452465 4.645616054534913 0.27761884033679968 0.043567180633544929 1.1243762373924258 -0.31155061721801752 -0.56148302555084217 -0.22659802436828611 -0.022356101311743256 1.0290781855583193 1.0633697509765627 0.0046082139015197763 0.923090159893036 -0.41570782661437983 -0.29662001132965082 -0.1557565629482269 0.20045661926269534 0.4991698563098908 -0.49350702762603754 -0.1038621813058853 0.42732715606689459 1.029480576515198 0.068150650709867491 0.055688619613647468 -1.0000000180025095e-35 0.91905689239501964 0.0088984966278076189
decision_type=10 8 10 8 8 10 8 8 8 10 10 8 10 8 10 10 10 8 10 10 10 2 8 8 10 8 10 8 2 10
left_child=2 -2 4 -4 5 -1 8 -8 9 -7 12 -12 13 -10 15 16 17 -11 -17 20 -13 22 23 -6 25 -24 -27 28 -23 -29
right_child=1 -3 3 -5 21 6 7 -9 10 14 11 19 -14 -15 -16 18 -18 -19 -20 -21 -22 27 24 -25 -26 26 -28 29 -30 -31
leaf_value=-2.4456461481761931 -2.8369398084705462 0.5860902424912956 -0.294132024691521 -2.5765856636141251 -0.57459703332768497 1.9170819819638771 0.63269372804130397 3.2349237028700082 1.8480754801986501 -3.2834206141737416 -1.7321928492039542 -2.6516576064037403 2.7511234266000923 -1.0739990710878706 1.4393885170924048 0.44345341701127555 -4.4732102348000664 0.79223770453613063 -2.2253486422157875 0.70706659672424677 0.11407746613025666 0.056416091311584191 -0.05221144307448191 -3.5646998804106964 -2.6421810550532485 -0.47059562699905011 -3.8301983843915011 -0.54140926210687912 -1.8738895441337289 3.0225934378563517
leaf_weight=990 1471 985 17478 1473 2322 1110 2271 1584 1239 974 1481 889 2141 1134 803 2658 865 1051 923 17675 6153 440162 167494 1300 1044 2023 930 808 1823 1410
leaf_count=990 1471 985 17478 1473 2322 1110 2271 1584 1239 974 1481 889 2141 1134 803 2658 865 1051 923 17675 6153 440162 167494 1300 1044 2023 930 808 1823 1410
internal_value=0.0088783 -1.46729 0.0142141 -0.472805 0.0281364 0.352941 0.418001 1.70754 0.290444 -0.462252 0.496005 0.314446 1.5467 0.453039 -0.827468 -1.11055 -2.17392 -1.17461 -0.24871 0.437728 -0.238341 0.00508592 -0.126182 -1.65466 -0.0938047 -0.0780416 -1.538 0.0568357 0.0484122 1.72765
internal_weight=684664 2456 682208 18951 663257 43941 42951 3855 39096 8384 30712 26198 4514 2373 7274 6471 2890 2025 3581 24717 7042 619316 175113 3622 171491 170447 2953 444203 441985 2218
internal_count=684664 2456 682208 18951 663257 43941 42951 3855 39096 8384 30712 26198 4514 2373 7274 6471 2890 2025 3581 24717 7042 619316 175113 3622 171491 170447 2953 444203 441985 2218
is_linear=0
shrinkage=0.04


Tree=164
num_leaves=31
num_cat=0
split_feature=36 43 38 6 40 48 36 48 43 29 10 6 48 10 47 11 52 10 2 11 12 43 7 11 39 11 48 47 11 12
split_gain=3.3119e+06 6.1373e+06 4.747e+06 5.832e+06 7.64133e+06 5.68183e+06 5.6612e+06 5.75204e+06 5.24387e+06 6.96469e+06 5.21529e+06 5.19962e+06 4.8346e+06 5.9314e+06 4.66757e+06 4.41914e+06 4.2034e+06 3.95988e+06 3.88868e+06 3.72861e+06 3.69377e+06 5.50962e+06 5.65626e+06 3.95899e+06 4.54704e+06 6.72548e+06 7.03569e+06 5.97312e+06 5.01445e+06 4.74405e+06
threshold=-0.27714164555072779 7.5000000000000009 0.053699519485235221 -0.14935922622680661 1.0181497335433962 0.080275017768144621 -0.62486729025840748 -0.048343937844038003 11.500000000000002 1.7604409456253054 -0.44746303558349604 0.86736321449279796 0.13513375073671344 -0.20759820938110349 0.032598596066236503 1.113623380661011 -0.012629540637135504 -0.13757249712944028 0.0043444633483886727 0.042185246944427497 0.018591194413602356 25.500000000000004 -0.11677584052085875 0.048527717590332038 0.12299287319183351 0.5786922574043275 0.029945958405733112 -0.033267151564359658 0.31424516439437872 0.024353261105716232
decision_type=10 2 10 8 10 8 10 8 2 10 10 10 10 8 10 8 8 10 10 10 10 2 10 10 10 10 10 10 10 10
left_child=2 -2 12 4 6 20 7 19 -9 -10 -8 15 -1 -14 -15 -7 -3 -17 -19 -4 21 -5 -23 -22 25 27 -27 -25 -26 -30
right_child=1 16 3 5 -6 11 10 8 9 -11 -12 -13 13 14 -16 17 -18 18 -20 -21 23 22 -24 24 28 26 -28 -29 29 -31
leaf_value=0.0025270105634444743 1.3711287962431531 0.73043379450328061 2.0122796961626195 -0.16814393439739234 2.3316191403882605 -0.4116688675586701 2.1511453323680745 -0.22707227902587732 -2.2788822802566009 -6.2914564677216207 -0.72055402918273748 1.3288512564751809 3.2887531857230501 1.4911183895373332 -0.20738147559073158 0.8202424037500019 -0.12871628024060786 -3.7777118816572015 -1.188101653750965 -1.4618181065506852 2.0824103714729452 3.5835565964111442 0.70054312939480168 -1.9614698613747035 -0.026827379270086726 -0.37172507234389429 2.7067805503914366 -0.0099919090139661323 -4.7675546665530097 -0.79310317713681455
leaf_weight=499170 7353 12882 908 14103 1126 40085 1120 1542 4848 804 9688 2485 1363 4402 6259 812 31062 1563 2297 1061 1087 1155 16865 3640 1616 2375 2362 8032 1096 858
leaf_count=499170 7353 12882 908 14103 1126 40085 1120 1542 4848 804 9688 2485 1363 4402 6259 812 31062 1563 2297 1061 1087 1155 16865 3640 1616 2375 2362 8032 1096 858
internal_value=-0.00673214 0.302354 -0.0317953 -0.256492 -0.86091 -0.129452 -1.04199 -1.7729 -2.29657 -2.85978 -0.421255 -0.448646 0.0216267 0.813877 0.494681 -0.547611 0.123249 -1.7106 -2.24374 0.142327 0.154085 0.423972 0.887216 -0.257466 -0.38575 -0.103892 1.16577 -0.619733 -1.67736 -3.0353
internal_weight=684019 51297 632722 121528 21097 100431 19971 9163 7194 5652 10808 47242 511194 12024 10661 44757 43944 4672 3860 1969 53189 32123 18020 21066 19979 16409 4737 11672 3570 1954
internal_count=684019 51297 632722 121528 21097 100431 19971 9163 7194 5652 10808 47242 511194 12024 10661 44757 43944 4672 3860 1969 53189 32123 18020 21066 19979 16409 4737 11672 3570 1954
is_linear=0
shrinkage=0.04


Tree=165
num_leaves=31
num_cat=0
split_feature=5 28 19 14 11 7 6 32 10 10 2 17 28 35 12 12 32 16 33 10 2 20 7 16 32 36 8 12 29 12
split_gain=3.04746e+06 5.27557e+06 6.2534e+06 6.00778e+06 4.61962e+06 5.47613e+06 9.01911e+06 5.03527e+06 7.66783e+06 7.59046e+06 4.60214e+06 4.17778e+06 4.17459e+06 4.08463e+06 3.87612e+06 3.86e+06 5.4248e+06 5.32983e+06 3.79832e+06 3.602e+06 3.52638e+06 5.72111e+06 5.65471e+06 5.3065e+06 4.10452e+06 4.36252e+06 3.68065e+06 3.54313e+06 4.73268e+06 3.39577e+06
threshold=0.19174861907958987 0.76424098014831554 1.5000000000000002 0.62077134847641002 0.93455922603607189 0.0056505799293518075 1.5579099655151369 1.2177874445915224 -0.23317694664001462 -0.084668189287185655 0.23628723621368411 0.055414333939552314 0.39642229676246649 0.045758264139294631 0.062338503077626235 0.027852631174027923 1.0648900270462038 0.007433830527588726 18.079902648925785 -0.056810945272445672 0.0755898952484131 3.5000000000000004 0.9190625548362733 -0.019241827540099617 1.4337384700775149 -0.057457506656646722 0.39614647626876837 0.042268332093954093 1.9292812943458559 0.038934910669922836
decision_type=8 10 2 10 10 10 8 8 10 10 10 2 10 10 10 8 8 8 10 10 10 2 10 10 8 8 8 8 10 10
left_child=10 4 13 -4 14 6 -6 8 -7 12 -1 -5 -9 20 15 16 -2 19 -11 -17 22 -22 23 -3 -25 -26 -23 28 -27 -14
right_child=1 2 3 11 5 7 -8 9 -10 18 -12 -13 29 -15 -16 17 -18 -19 -20 -21 21 26 -24 24 25 27 -28 -29 -30 -31
leaf_value=-0.028176238503848681 1.2379964531969239 2.0891649942491033 -0.13701733640768674 0.59635170416120264 -4.6711180927526623 -3.296376573444439 0.49742485925240248 4.5082148918624707 0.096709767305540026 -2.5497257900353216 -2.9617880195156698 2.3203499406125578 2.6701484756212137 -1.3418362188169297 -1.7746357460383555 2.588268111717404 -0.36977085164403728 0.3465579593037017 0.4023000736081932 -0.22448389838139218 0.72066858488561591 -0.15388289088720761 -2.3046562512012052 -0.025463803182617206 0.41500383378448064 -1.1639604649620969 -2.4031940791151434 0.038214255542751603 -3.6532689055095733 0.28534924083136831
leaf_weight=527333 7751 1625 7150 4752 957 1152 1220 947 12842 818 847 4276 2017 4199 834 5856 5912 3700 4411 830 17636 5405 2021 42375 3485 6444 1474 2698 1504 1812
leaf_count=527333 7751 1625 7150 4752 957 1152 1220 947 12842 818 847 4276 2017 4199 834 5856 5912 3700 4411 830 17636 5405 2021 42375 3485 6444 1474 2698 1504 1812
internal_value=0.0129547 0.168222 0.00608956 0.72917 0.501711 0.130659 -1.78561 0.30516 -0.184767 0.989921 -0.0329366 1.41457 2.14097 -0.125614 0.891835 0.985006 0.542552 1.56598 -0.0634862 2.23928 -0.065145 0.339136 -0.229939 -0.157425 -0.22239 -0.812483 -0.638644 -1.21432 -1.63901 1.54527
internal_weight=684283 156103 105044 16178 51059 26176 2177 23999 13994 10005 528180 9028 4776 88866 24883 24049 13663 10386 5229 6686 84667 24515 60152 58131 56506 14131 6879 10646 7948 3829
internal_count=684283 156103 105044 16178 51059 26176 2177 23999 13994 10005 528180 9028 4776 88866 24883 24049 13663 10386 5229 6686 84667 24515 60152 58131 56506 14131 6879 10646 7948 3829
is_linear=0
shrinkage=0.04


Tree=166
num_leaves=31
num_cat=0
split_feature=12 14 11 6 17 6 2 7 52 22 33 39 12 29 13 7 11 14 23 33 43 52 14 17 14 23 1 21 7 8
split_gain=3.34336e+06 8.55026e+06 5.30242e+06 6.7995e+06 4.62141e+06 4.50494e+06 5.64481e+06 6.42297e+06 4.56881e+06 3.95752e+06 3.51744e+06 5.22569e+06 4.85063e+06 4.05408e+06 3.79098e+06 7.39858e+06 7.27396e+06 9.59267e+06 6.40555e+06 5.35063e+06 5.79415e+06 5.77695e+06 6.00399e+06 6.60363e+06 5.24559e+06 5.1662e+06 4.88911e+06 4.39611e+06 3.95699e+06 3.91847e+06
threshold=0.06501584500074388 0.71813344955444347 0.3212845921516419 -0.80599737167358387 0.12246124818921091 0.47185111045837408 0.00047564506530761724 -0.06121817231178283 0.0085882283747196215 0.17954336851835254 22.666954040527347 -0.030858824960887429 0.017250783741474155 2.0471205711364751 1.1459846496582033 -0.23781114816665647 0.022193610668182377 0.71460893750190746 -0.34803175926208491 20.006549835205082 32.500000000000007 0.17557356506586078 0.84160655736923229 0.048261523246765144 0.94417423009872448 -0.13947668671607968 -0.0029156208038330074 10.400233268737795 -0.079679459333419786 0.27456164360046392
decision_type=8 8 8 8 2 10 8 8 10 8 10 8 10 10 10 10 10 10 8 10 2 10 10 2 10 10 10 10 10 10
left_child=10 -2 3 9 5 6 -4 -8 -7 -3 14 12 -12 -13 -1 18 17 -17 -16 20 25 24 23 -23 -22 26 28 -20 -18 -29
right_child=1 2 4 -5 -6 8 7 -9 -10 -11 11 13 -14 -15 15 16 19 -19 27 -21 21 22 -24 -25 -26 -27 -28 29 -30 -31
leaf_value=-0.030875781554360788 -3.7861993432626022 0.54443140445441485 -3.2366351405037213 2.3078259341746152 1.0042293675385527 2.4347037177874431 -3.4095817515293407 0.68458996706286446 -1.2222395998694056 -2.867154223690294 -0.23118843173635867 0.21775850180068845 -2.9254749775747495 -2.7544423077875759 -1.5064237467846815 -0.36481655580482897 1.4110888239789969 -4.7823242928588039 2.5956859426577283 -0.12419982133032136 0.08025893444504055 2.153344866958788 2.0327587064319115 -1.8823493634632655 -1.7801992104064537 0.66394305196533143 0.3603814218374744 1.0574582262960857 4.847986138344786 -1.6879520308837463
leaf_weight=504745 1221 1429 2613 2343 1736 891 898 1880 1380 866 1874 7661 2485 802 1544 2792 909 1086 2892 61797 37579 1047 4726 1670 2582 16584 1267 12957 1336 880
leaf_count=504745 1221 1429 2613 2343 1736 891 898 1880 1380 866 1874 7661 2485 802 1544 2792 909 1086 2892 61797 37579 1047 4726 1670 2582 16584 1267 12957 1336 880
internal_value=-0.00435809 -0.589655 -0.309088 0.796498 -0.854972 -1.27698 -1.90552 -0.64635 0.216903 -0.749757 0.00899433 -0.646883 -1.77034 -0.0668219 0.0218159 0.197185 0.0937381 -1.61102 0.951785 0.14491 0.390538 0.150029 1.1728 -0.324995 -0.0397656 0.959905 2.35161 1.17943 3.46882 0.881764
internal_weight=684472 15257 14036 4638 9398 7662 5391 2778 2271 2295 669215 12822 4359 8463 656393 151648 133375 3878 18273 129497 67700 47604 7443 2717 40161 20096 3512 16729 2245 13837
internal_count=684472 15257 14036 4638 9398 7662 5391 2778 2271 2295 669215 12822 4359 8463 656393 151648 133375 3878 18273 129497 67700 47604 7443 2717 40161 20096 3512 16729 2245 13837
is_linear=0
shrinkage=0.04


Tree=167
num_leaves=31
num_cat=0
split_feature=46 21 23 33 23 8 12 11 8 10 21 11 33 13 7 0 13 7 10 23 8 52 39 13 15 12 23 8 12 36
split_gain=2.96117e+06 4.31045e+06 2.9715e+06 2.74112e+06 4.36039e+06 5.76369e+06 3.87392e+06 5.20545e+06 4.48609e+06 7.76817e+06 4.75855e+06 4.56969e+06 4.19956e+06 4.65695e+06 4.09534e+06 3.4771e+06 3.30209e+06 3.20395e+06 2.74823e+06 6.53077e+06 5.17082e+06 3.53577e+06 2.67271e+06 2.69128e+06 5.43674e+06 7.19201e+06 6.22025e+06 4.96012e+06 9.94388e+06 6.36428e+06
threshold=0.031227719970047477 79.456615447998061 -0.14610645174980161 16.983814239501957 -0.28553029894828791 -0.23146864771842954 0.021895685233175758 2.1659935712814335 -0.094381213188171373 -0.21800431609153745 31.695624351501468 0.96077674627304088 15.794004440307619 1.0354590415954592 0.7148185968399049 -0.0028502941131591793 1.1302261352539065 -0.13622009754180905 -0.097513705492019639 -0.067948043346405015 -0.044150024652481072 -0.011857410892844198 -0.45900826156139368 0.94954547286033641 0.24050610512495044 0.017072720453143123 -0.086194634437561021 -0.21698048710823056 0.038549181073904044 -0.77734577655792225
decision_type=10 10 8 8 8 10 10 10 10 10 10 10 10 10 8 10 10 10 10 10 10 10 8 8 2 10 10 10 10 8
left_child=3 2 -2 4 -1 -6 8 12 -7 10 -10 -11 13 17 -9 -15 18 -8 20 -20 -14 -22 -5 24 25 26 -24 28 -27 -29
right_child=1 -3 -4 22 5 6 7 14 9 11 -12 -13 16 15 -16 -17 -18 -19 19 -21 21 -23 23 -25 -26 27 -28 29 -30 -31
leaf_value=2.8013807792553762 3.060207974762343 -0.0545720010495288 0.75540794539317258 -2.1281486029289622 -2.225626300965085 3.7938131641338417 -0.28670464131214429 -3.5588045624973619 -2.7239225887506588 0.96605429539075294 0.38296940778450755 3.5294850449325468 -0.047107644063209914 2.4766900379321188 0.0061485183567077445 -0.98627755759184721 -0.29977838281507369 -3.55831846126868 -2.8565387883695044 1.6609242839088765 3.8409042097924639 1.4152734107527436 0.79058899886763001 0.05201413792190919 0.14365125595237216 -0.31049165578440424 -0.11514416805118267 -1.4000849814266787 -4.6409445071087054 -0.30275082291041083
leaf_weight=1119 954 15538 12813 957 1402 853 816 1060 1209 3821 2229 1567 2187 833 995 1023 3963 1156 843 1271 1578 2489 14615 341171 89080 2314 71157 9277 1331 94724
leaf_count=1119 954 15538 12813 957 1402 853 816 1060 1209 3821 2229 1567 2187 833 995 1023 3963 1156 843 1271 1578 2489 14615 341171 89080 2314 71157 9277 1331 94724
internal_value=0.00880547 0.40212 0.917227 -0.0087964 0.36196 0.267856 0.39394 0.0501587 1.04015 0.770027 -0.714325 1.71674 0.291659 -0.864198 -1.84104 0.572897 0.650889 -2.21282 1.10094 -0.145472 1.52181 2.36353 -0.0268546 -0.0235962 -0.114909 -0.233992 0.0392611 -0.451702 -1.90016 -0.400759
internal_weight=684345 29305 13767 655040 30414 29295 27893 18214 9679 8826 3438 5388 16159 3828 2055 1856 12331 1972 8368 2114 6254 4067 624626 623669 282498 193418 85772 107646 3645 104001
internal_count=684345 29305 13767 655040 30414 29295 27893 18214 9679 8826 3438 5388 16159 3828 2055 1856 12331 1972 8368 2114 6254 4067 624626 623669 282498 193418 85772 107646 3645 104001
is_linear=0
shrinkage=0.04


Tree=168
num_leaves=31
num_cat=0
split_feature=10 52 21 30 8 33 40 50 4 6 10 3 29 50 2 38 43 43 4 8 6 51 33 10 52 2 2 12 33 21
split_gain=3.80708e+06 6.36851e+06 7.06934e+06 7.75775e+06 6.81112e+06 6.71823e+06 6.53978e+06 5.85914e+06 5.73536e+06 1.21203e+07 8.38387e+06 6.86192e+06 5.24503e+06 5.01691e+06 4.61316e+06 4.70487e+06 6.31058e+06 1.82962e+07 1.08191e+07 8.39206e+06 7.34495e+06 5.46042e+06 5.29913e+06 5.14376e+06 4.52915e+06 4.37906e+06 4.32752e+06 4.14317e+06 7.20495e+06 6.61033e+06
threshold=-0.38901802897453303 0.28357595205307012 40.399513244628913 2.0596140623092656 0.17990249395370486 21.416178703308109 0.50353723764419567 -0.17425902932882306 -0.21817636489868161 0.048739671707153327 -0.60974219441413868 0.0050916671752929696 1.358143746852875 0.016114112921059135 0.0087244510650634783 -0.47204643487930292 59.500000000000007 43.500000000000007 -0.028338909149169918 -0.15699476003646848 -0.62237858772277821 -0.033397361636161797 19.721378326416019 -0.7799873650074004 -0.01423552446067333 -0.098119020462036119 -0.061338663101196282 0.06501584500074388 20.223716735839847 81.035003662109389
decision_type=8 8 10 8 8 10 8 10 10 10 10 10 10 10 10 10 2 2 10 10 10 8 10 10 10 10 10 10 10 10
left_child=1 2 3 4 5 8 7 -7 10 14 12 26 25 -4 15 16 17 19 22 -10 -21 -17 23 -18 -20 -1 -11 -2 29 -29
right_child=27 -3 13 -5 -6 6 -8 -9 9 11 -12 -13 -14 -15 -16 21 18 -19 24 20 -22 -23 -24 -25 -26 -27 -28 28 -30 -31
leaf_value=-1.5200737309412995 0.074369697211764313 -2.8005513872405361 0.27190540883684722 -4.2968766360400847 2.6988151902830753 -2.7829749798932961 3.0243911152217162 1.5318932015592317 1.9712724711709575 -2.3610529774530535 1.112408104871486 -0.0015505504608154298 -3.4567066413931431 -1.51484248551911 0.71234044682627562 2.2119692805214632 0.73523227930789259 -5.8653032830680063 2.3906629903558478 -3.9234267243236594 -0.73322795800385754 -1.0730688782524334 0.61447248829474821 -2.3885718581568192 0.0057389879887177146 1.4202613693404975 -5.708780339746264 -2.7381352295253634 1.2542625970700207 1.3076352687192871
leaf_weight=2023 580950 1479 46249 839 1072 894 1617 1127 1218 1146 6154 818 1163 2649 3478 1627 983 1524 1931 1638 3879 1593 1615 5761 3708 1338 1392 3193 1588 803
leaf_count=2023 580950 1479 46249 839 1072 894 1617 1127 1218 1146 6154 818 1163 2649 3478 1627 983 1524 1931 1638 3879 1593 1615 5761 3708 1338 1392 3193 1588 803
internal_value=0.0252255 -0.204316 -0.164623 -0.50655 -0.438994 -0.511698 1.13669 -0.381116 -0.651427 -0.91696 0.152168 -3.18906 -1.15362 0.17482 -0.652605 -0.839147 -1.04586 -1.92212 -0.527858 -1.02248 -1.68578 0.588503 -1.44054 -1.93283 0.825211 -0.348798 -4.21236 0.0639389 -1.01945 -1.9239
internal_weight=685449 98915 97436 48538 47699 46627 3638 2021 42989 32311 10678 3356 4524 48898 28955 25477 22257 8259 13998 6735 5517 3220 8359 6744 5639 3361 2538 586534 5584 3996
internal_count=685449 98915 97436 48538 47699 46627 3638 2021 42989 32311 10678 3356 4524 48898 28955 25477 22257 8259 13998 6735 5517 3220 8359 6744 5639 3361 2538 586534 5584 3996
is_linear=0
shrinkage=0.04


Tree=169
num_leaves=31
num_cat=0
split_feature=15 30 21 32 6 32 33 38 29 1 11 32 5 52 29 52 21 11 37 17 5 6 33 48 5 49 5 40 43 6
split_gain=2.71449e+06 5.4155e+06 6.58097e+06 4.61747e+06 4.08343e+06 5.7867e+06 3.90832e+06 4.73367e+06 5.88029e+06 4.90189e+06 5.5487e+06 4.89451e+06 4.7416e+06 4.56183e+06 3.99668e+06 3.88682e+06 3.71508e+06 3.49135e+06 3.47561e+06 4.02508e+06 3.15146e+06 3.50878e+06 3.05715e+06 4.04641e+06 3.56638e+06 3.03222e+06 3.02186e+06 2.97333e+06 3.94282e+06 3.26589e+06
threshold=-0.48750153183937067 1.131873667240143 55.270086288452156 2.1076766252517705 0.49213767051696783 0.54656219482421886 18.934029579162601 -1.6739475131034849 1.5347481369972231 -0.042002201080322259 0.051627457141876228 1.2685588598251345 -0.094774723052978502 -0.01423552446067333 2.889690756797791 0.22847800701856616 17.774847984313968 1.0333538055419924 -0.37539258599281305 0.09473710879683496 -0.18822574615478513 1.4476814270019533 20.223716735839847 -0.042706096544861787 0.15651035308837893 -0.034522591158747666 -0.2549376487731933 1.305091977119446 43.500000000000007 0.63788914680480968
decision_type=2 8 10 10 8 8 10 10 10 10 8 8 10 8 10 8 10 10 10 2 10 8 10 10 10 8 10 10 2 8
left_child=1 2 6 17 15 20 13 9 11 10 26 12 -9 -1 22 25 -14 -4 19 -17 -6 -22 23 24 -11 -2 -8 -7 29 -29
right_child=4 -3 3 -5 5 27 7 8 -10 14 -12 -13 16 -15 -16 18 -18 -19 -20 -21 21 -23 -24 -25 -26 -27 -28 28 -30 -31
leaf_value=-0.62251932712172087 0.53853203927195137 -0.3930366292389964 -0.17689786976450769 -3.3236959946777511 3.3306532387299974 0.12992185246330193 -2.1479012556907011 1.0689269738289149 -0.86263507311184084 -0.4406719898660505 1.7761713038059446 0.9989428579569537 -1.0888447800581147 0.27378323202005278 -1.6532835945437085 0.022513288964287507 0.15024822113404321 -1.2972111439692566 -3.3175067556297386 -2.8305194269777751 1.2100763876806064 -0.45540711524697969 1.0390028387436778 1.9592919807696783 1.038849529719549 -0.012506420645085548 1.1124211956650549 0.66835729460044935 -0.89643598804284075 3.8839788526763996
leaf_weight=18220 16763 71109 19140 910 892 98402 977 4508 9225 10832 8959 10291 6973 18104 1482 3575 8684 5791 900 1006 10244 2516 9635 1728 3422 336998 835 956 819 1074
leaf_count=18220 16763 71109 19140 910 892 98402 977 4508 9225 10832 8959 10291 6973 18104 1482 3575 8684 5791 900 1006 10244 2516 9635 1728 3422 336998 835 956 819 1074
internal_value=0.0105204 -0.108893 0.0357414 -0.540425 0.0636176 0.271167 0.166523 0.326888 0.0215652 0.646721 1.36819 0.289581 -0.0727501 -0.175847 0.35956 -0.00277241 -0.401937 -0.437541 -1.05883 -0.608821 1.04392 0.881579 0.476607 0.13712 -0.0849996 0.0136191 -0.64763 0.166882 1.43852 2.38033
internal_weight=684970 210825 139716 25841 474145 114903 113875 77551 39681 37870 10771 30456 20165 36324 27099 359242 15657 24931 5481 4581 13652 12760 25617 15982 14254 353761 1812 101251 2849 2030
internal_count=684970 210825 139716 25841 474145 114903 113875 77551 39681 37870 10771 30456 20165 36324 27099 359242 15657 24931 5481 4581 13652 12760 25617 15982 14254 353761 1812 101251 2849 2030
is_linear=0
shrinkage=0.04


Tree=170
num_leaves=31
num_cat=0
split_feature=46 5 28 51 13 16 12 10 11 7 33 39 46 8 2 14 47 48 1 11 13 13 2 17 14 3 4 10 6 12
split_gain=2.6248e+06 2.93584e+06 7.92746e+06 6.78145e+06 6.28434e+06 4.68791e+06 4.41602e+06 7.7836e+06 6.18656e+06 5.86852e+06 7.81752e+06 5.5037e+06 5.56847e+06 5.19436e+06 5.19925e+06 4.36079e+06 4.08593e+06 4.80273e+06 4.03328e+06 6.84476e+06 5.89654e+06 5.35873e+06 3.88781e+06 3.7859e+06 4.39058e+06 6.66943e+06 5.25655e+06 3.72065e+06 1.11198e+07 7.36915e+06
threshold=-0.10350788757205008 -0.28175759315490717 0.49929390847682958 -0.11088960617780684 0.73198500275611889 0.009180940221995117 0.024827618151903156 -0.68812492489814747 0.39684283733367925 -0.030775159597396847 17.962778091430668 -0.044962357729673379 -0.035407800227403634 -0.13314104080200193 -0.042180538177490227 0.5737273395061494 -0.094285279512405382 -0.16858036071062085 -0.0062301158905029288 0.37602639198303228 0.75722035765647899 1.2897076606750491 -0.017361521720886227 0.06775378063321115 0.84538573026657116 0.19706869125366214 0.38780117034912115 -0.44137394428253168 -0.068776965141296373 0.036734191700816161
decision_type=8 10 10 8 10 8 10 8 10 8 10 8 10 8 10 10 8 8 10 10 10 10 10 2 8 8 10 8 8 8
left_child=-1 2 3 -2 5 -5 13 18 11 10 -10 12 -9 15 -15 -4 17 -3 20 -20 -8 -22 -13 27 26 -26 -25 28 29 -18
right_child=1 16 6 4 -6 -7 7 8 9 -11 -12 22 -14 14 -16 -17 23 -19 19 -21 21 -23 -24 24 25 -27 -28 -29 -30 -31
leaf_value=-1.9675471846175747 -4.1349383806670454 3.7121860091337999 1.8121831055197604 1.6047330117954712 -1.5302572452439893 -1.4775505163274014 1.6544127752935445 -3.0799420297286169 -4.3742408573588039 1.6007500088297792 -0.084678734678740888 1.9814097097175218 1.0379508154448123 -3.062802329928672 -0.32178473183668976 -1.4318061980520747 -0.47339683556325207 0.54908061977375766 1.5588061857804325 -2.6486306763585703 -3.3128731648890581 0.034715025234997754 0.90920027424120242 -0.50434911586802667 -0.2135955144058363 1.6554170178780125 -3.3387679671002672 0.032572050158811712 -2.4001832984832028 1.040042308650831
leaf_weight=1065 875 880 2667 2737 4096 1099 854 882 897 1859 2715 11182 1270 1376 5520 873 23124 5646 2612 800 2041 1220 10535 36761 15371 3802 1068 530207 3922 6611
leaf_count=1065 875 880 2667 2737 4096 1099 854 882 897 1859 2715 11182 1270 1376 5520 873 23124 5646 2612 800 2041 1220 10535 36761 15371 3802 1068 530207 3922 6611
internal_value=0.00743386 0.0105399 0.287721 -0.813549 -0.442412 0.720124 0.492887 0.698472 0.992788 -0.220103 -1.15908 1.27077 -0.656212 -0.233351 -0.872359 1.0104 -0.0142536 0.980637 -0.448559 0.567446 -1.29033 -2.0642 1.46193 -0.0247267 -0.335359 0.157699 -0.585233 0.00668109 -0.401074 -0.136676
internal_weight=684567 683502 56110 8807 7932 3836 47303 36867 29340 5471 3612 23869 2152 10436 6896 3540 627392 6526 7527 3412 4115 3261 21717 620866 57002 19173 37829 563864 33657 29735
internal_count=684567 683502 56110 8807 7932 3836 47303 36867 29340 5471 3612 23869 2152 10436 6896 3540 627392 6526 7527 3412 4115 3261 21717 620866 57002 19173 37829 563864 33657 29735
is_linear=0
shrinkage=0.04


Tree=171
num_leaves=31
num_cat=0
split_feature=35 9 31 47 21 3 10 8 32 31 13 30 7 33 13 33 14 33 14 4 11 11 32 12 3 15 10 32 4 16
split_gain=3.48241e+06 3.56746e+06 4.94832e+06 4.6871e+06 4.6427e+06 5.73116e+06 4.6769e+06 6.15826e+06 5.01563e+06 4.94756e+06 4.46685e+06 4.15135e+06 5.21771e+06 6.7431e+06 5.29444e+06 6.84216e+06 7.01729e+06 6.64407e+06 5.71193e+06 4.99215e+06 4.91758e+06 4.78128e+06 4.66343e+06 4.62406e+06 4.47463e+06 4.08706e+06 4.06225e+06 5.07528e+06 4.5962e+06 4.57752e+06
threshold=0.054244311526417739 0.064046919345855727 31.095000267028812 0.0038500851951539521 47.524679183959968 0.060669183731079109 -0.027597248554229733 0.23036777973175052 0.48582345247268682 14.074999809265138 0.79336339235305797 1.194944500923157 0.40002870559692388 16.271971702575687 1.1491068005561831 18.548556327819828 0.84920409321784984 19.029923439025882 0.13776643574237826 0.18018174171447757 2.9519660472869877 4.4595584869384775 1.0888969898223879 0.053734187036752708 -0.29324173927307123 -0.5592437982559203 -0.20967450737953183 0.81423464417457592 0.026408433914184574 0.0087172249332070368
decision_type=10 8 10 10 8 10 8 10 8 8 8 10 8 10 10 10 10 10 10 10 10 8 8 10 8 2 10 8 8 10
left_child=1 2 3 -1 5 -3 8 -8 -6 -9 -5 12 24 -14 15 26 17 22 -19 20 -13 -20 -17 -16 -4 -11 -15 -28 -29 -30
right_child=-2 4 11 10 6 -7 7 9 -10 25 -12 19 13 14 23 16 -18 18 21 -21 -22 -23 -24 -25 -26 -27 27 28 29 -31
leaf_value=-0.33591666608945481 -0.48194557237947944 -0.59594581595331142 2.2756404790188056 -0.62484888174597875 -1.7809321474597577 1.2018066350563597 0.74194423684202193 1.9369974123485372 -0.072445192849351817 -2.6380876718251161 0.57925279813531694 -0.26956405130957128 2.5470809425424212 1.0973626636584821 1.213081935175863 -4.7195564933578753 -5.0104372923047249 2.0816264947549867 -0.57062800673870828 1.7246347257978396 1.6173232862835636 -3.6350940756257932 -0.84084358367386192 -2.1223358312439102 0.14202271140971132 -0.30279273185030192 0.91739867193637625 -0.010009694361294516 -1.28394588065432 -5.2776281114247814
leaf_weight=128997 25461 3605 1572 6701 2919 13223 27906 1401 44831 1343 18565 100051 1110 2868 3594 1309 918 1009 3936 2129 2250 1019 803 806 268807 10576 1819 1449 1079 801
leaf_count=128997 25461 3605 1572 6701 2919 13223 27906 1401 44831 1343 18565 100051 1110 2868 3594 1309 918 1009 3936 2129 2250 1019 803 806 268807 10576 1819 1449 1079 801
internal_value=-0.0230412 -0.00526076 -0.0460718 -0.238339 0.207485 0.816556 0.0922129 0.404271 -0.177238 -0.303195 0.259782 0.0285803 0.105783 -0.479068 -0.637075 -0.95689 -1.71362 -1.33314 -0.64798 -0.187942 -0.22791 -1.20689 -3.25575 0.598667 0.154511 -0.567918 -0.106759 -0.778413 -1.70499 -3.00443
internal_weight=682857 657396 551592 154263 105804 16828 88976 41226 47750 13320 25266 397329 292899 22520 21410 17010 8994 8076 5964 104430 102301 4955 2112 4400 270379 11919 8016 5148 3329 1880
internal_count=682857 657396 551592 154263 105804 16828 88976 41226 47750 13320 25266 397329 292899 22520 21410 17010 8994 8076 5964 104430 102301 4955 2112 4400 270379 11919 8016 5148 3329 1880
is_linear=0
shrinkage=0.04


Tree=172
num_leaves=31
num_cat=0
split_feature=40 6 18 48 12 4 43 13 33 8 52 48 10 11 10 39 48 33 8 21 40 10 38 23 43 43 40 13 12 47
split_gain=2.91556e+06 5.61236e+06 4.13604e+06 3.87194e+06 5.53086e+06 4.23859e+06 4.17298e+06 4.58001e+06 3.79285e+06 4.43746e+06 4.6973e+06 3.55485e+06 4.54491e+06 4.26591e+06 3.2969e+06 3.20438e+06 3.69744e+06 3.69494e+06 3.50857e+06 6.63708e+06 5.29565e+06 9.46003e+06 4.88114e+06 4.80254e+06 4.39206e+06 6.06694e+06 4.66962e+06 4.90266e+06 5.58213e+06 4.65738e+06
threshold=0.68733203411102306 -0.12228488922119139 -0.019247796386480328 -0.014636166859418152 0.022602758370339874 0.064579486846923842 52.500000000000007 1.1243762373924258 22.791291236877445 -0.10716062784194945 0.027151657268404964 -0.072568755596876131 -0.16383546590805051 0.15159410238265994 -0.11647471785545348 -0.45900826156139368 -0.16858036071062085 21.262509346008304 0.026084184646606449 12.640623092651369 0.49269235134124761 -0.35930177569389338 -0.90369674563407887 -0.13947668671607968 1.0000000180025095e-35 8.5000000000000018 0.00022464990615844729 1.0798267126083376 0.023129134438931945 -0.047441706061363213
decision_type=10 10 2 10 10 10 2 10 8 10 10 10 10 10 10 8 8 10 10 10 10 10 10 10 2 2 10 10 10 8
left_child=8 2 -2 5 -5 11 7 -6 15 -10 14 12 13 -3 -11 -1 17 -17 20 23 -18 -22 -23 -20 -21 26 27 28 -26 -27
right_child=1 3 -4 4 6 -7 -8 -9 9 10 -12 -13 -14 -15 -16 16 18 -19 19 24 21 22 -24 -25 25 29 -28 -29 -30 -31
leaf_value=-2.4190036916463997 3.0383550695276855 1.1194869068684714 0.79755756780685494 0.034608848043197749 3.3570471139500291 -2.2666783003224502 -1.1914745339054427 0.85659825648134291 -3.5804922669744927 1.3689836971976614 -1.8868256770934779 -1.3333115396920425 1.6425367858169937 -2.7253321666822474 -0.80635708556729357 0.30038681656327038 -0.090369954315865919 2.961529316950501 2.0849973787824956 -1.6319107750791972 -5.0069546737084023 2.1855239973978722 -1.6341481974104952 0.48987395978127668 1.3895766856858662 -2.2563548334803549 0.0306608774602888 2.3410783905384416 -1.1622630051383958 0.0074345324263906595
leaf_weight=877 1605 842 7242 22525 1972 1980 824 2892 866 2126 2664 2619 2489 1001 2322 2318 342306 1297 3751 2504 965 807 1543 15383 4346 1453 8385 4263 1993 238640
leaf_count=877 1605 842 7242 22525 1972 1980 824 2892 866 2126 2664 2619 2489 1001 2322 2318 342306 1297 3751 2504 965 807 1543 15383 4346 1453 8385 4263 1993 238640
internal_value=-0.00531597 0.30225 1.20705 0.0864769 0.316258 -0.638941 1.42959 1.87516 -0.0274635 -0.89361 -0.561871 -0.172688 0.530445 -0.972212 0.234124 -0.0164955 -0.0131125 1.26069 -0.0204845 0.0845612 -0.105804 -1.69445 -0.318754 0.803505 0.0319441 0.0480876 0.736211 1.29367 0.586704 -0.00635892
internal_weight=684800 45991 8847 37144 28213 8931 5688 4864 638809 7978 7112 6951 4332 1843 4448 630831 629954 3615 626339 280718 345621 3315 2350 19134 261584 259080 18987 10602 6339 240093
internal_count=684800 45991 8847 37144 28213 8931 5688 4864 638809 7978 7112 6951 4332 1843 4448 630831 629954 3615 626339 280718 345621 3315 2350 19134 261584 259080 18987 10602 6339 240093
is_linear=0
shrinkage=0.04


Tree=173
num_leaves=31
num_cat=0
split_feature=40 6 32 48 0 12 34 13 9 14 6 11 32 48 3 47 15 0 9 0 17 29 35 29 0 29 14 11 3 6
split_gain=2.97065e+06 5.5051e+06 3.52253e+06 4.79224e+06 3.51769e+06 3.23058e+06 3.28995e+06 2.8318e+06 5.29628e+06 4.9975e+06 4.45049e+06 3.89224e+06 3.82812e+06 2.94607e+06 4.25294e+06 5.27623e+06 3.04201e+06 4.63676e+06 5.4188e+06 4.56221e+06 4.38814e+06 4.01027e+06 3.81253e+06 4.96761e+06 4.89104e+06 3.59566e+06 3.57623e+06 3.19834e+06 4.10718e+06 4.16159e+06
threshold=0.68733203411102306 -0.12228488922119139 0.81423464417457592 -0.029530862346291539 -0.015452146530151365 0.022602758370339874 -0.12264675647020339 0.48216281831264501 -0.035524874925613396 0.58582869172096264 0.49213767051696783 0.26447623968124395 1.2177874445915224 -0.156102180480957 -0.15169322490692136 -0.072030421346425996 -0.49999982118606562 -0.0063607692718505851 0.016945302486419681 -0.064559221267700181 0.039999965578317649 0.63647839426994335 -0.034564128145575516 1.9504456520080569 -0.013736009597778319 1.2859540581703188 0.7296607792377473 0.042185246944427497 -0.10345458984374999 0.2905035018920899
decision_type=10 10 10 10 8 10 8 8 8 10 10 8 10 8 8 10 2 10 10 8 2 10 8 10 10 10 10 10 10 10
left_child=7 4 -3 -4 -2 6 -5 8 12 10 11 -10 -1 14 -9 -16 17 18 22 -20 -19 -22 24 27 -15 26 -21 -24 29 -29
right_child=1 2 3 5 -6 -7 -8 13 9 -11 -12 -13 -14 16 15 -17 -18 20 19 25 21 -23 23 -25 -26 -27 -28 28 -30 -31
leaf_value=0.67704356061256987 2.7210186278977853 -0.40570576929332541 -0.65118979107130248 -1.319418719439774 0.80058586001138043 1.6030666356832344 0.62298114904355051 -1.6491237434146626 1.3232810521293705 -2.2724980121504119 2.6417880102304423 -0.74714642448345947 4.2425622810902395 1.9021810958892291 3.1041707805333316 0.19857842843538642 0.038048157752782405 -0.30295229154180064 2.8157003269795662 1.2205959600316971 -3.4655462148347396 -0.95662594327632222 -0.70334633848292238 -1.1092277231280854 -1.5567927337275673 -0.00034056967062942036 -0.26279305165485467 1.2551067882366622 -0.16847866439662335 -0.32551194646627113
leaf_weight=929 1954 13230 5290 1569 6917 4816 12006 817 2497 1107 1375 3445 1001 2749 1803 2233 435675 37563 1166 9591 1153 8411 13911 9492 849 24562 3562 7047 63267 4277
leaf_count=929 1954 13230 5290 1569 6917 4816 12006 817 2497 1107 1375 3445 1001 2749 1803 2233 435675 37563 1166 9591 1153 8411 13911 9492 849 24562 3562 7047 63267 4277
internal_value=0.020852 0.332059 0.116896 0.408909 1.22618 0.714025 0.397672 -0.00146783 0.654337 0.220129 0.59983 0.123668 2.53865 -0.0122883 0.968424 1.50106 -0.0199398 -0.154604 -0.0394083 0.362118 -0.497889 -1.2624 -0.1931 -0.240094 1.08393 0.285537 0.818981 -0.146763 -0.0428815 0.658357
internal_weight=684264 45782 36911 23681 8871 18391 13575 638482 10354 8424 7317 5942 1930 628128 4853 4036 623275 187600 140473 38881 47127 9564 101592 97994 3598 37715 13153 88502 74591 11324
internal_count=684264 45782 36911 23681 8871 18391 13575 638482 10354 8424 7317 5942 1930 628128 4853 4036 623275 187600 140473 38881 47127 9564 101592 97994 3598 37715 13153 88502 74591 11324
is_linear=0
shrinkage=0.04


Tree=174
num_leaves=31
num_cat=0
split_feature=47 48 51 13 16 17 26 23 6 12 11 18 14 31 18 14 12 30 7 18 1 7 30 18 51 18 17 23 13 8
split_gain=2.7885e+06 4.06132e+06 4.98449e+06 2.59942e+06 2.33015e+06 1.20731e+07 4.71331e+06 7.48988e+06 3.58785e+06 5.43346e+06 5.17649e+06 3.0642e+06 3.01181e+06 2.80819e+06 3.93576e+06 4.62359e+06 6.41031e+06 8.16702e+06 4.43029e+06 3.53252e+06 3.37985e+06 6.03339e+06 4.38103e+06 2.68913e+06 2.66821e+06 2.65669e+06 2.62614e+06 3.26858e+06 3.12746e+06 4.45735e+06
threshold=-0.27895608544349665 -0.18334504961967465 0.0058238098863512286 1.0563337206840517 -0.024565228261053559 0.026803551241755489 1.0000000180025095e-35 -0.34803175926208491 -0.19005107879638669 0.053734187036752708 0.093324720859527602 0.10545009002089502 0.9334913194179536 9.6649999618530291 -0.022112832404673096 0.97345706820487987 0.028174464590847496 0.6841128170490266 0.14535027742385867 0.01397620188072324 -0.10805845260620116 -0.11966836452484129 0.86374586820602428 0.0089009655639529246 -0.056083973497152322 -0.047600567340850823 0.08000152558088304 -0.46661505103111262 1.4477941393852236 0.29015970230102545
decision_type=8 8 10 8 8 2 2 10 8 8 10 2 10 10 2 8 10 8 8 2 8 8 10 2 10 2 2 8 10 10
left_child=-1 2 3 -2 5 -3 8 -8 10 24 -7 13 -13 14 -6 16 17 -16 19 -18 21 22 -15 -20 -10 -24 27 -22 -29 -30
right_child=1 4 -4 -5 11 6 7 -9 9 -11 -12 12 -14 20 15 -17 18 -19 23 -21 26 -23 25 -25 -26 -27 -28 28 29 -31
leaf_value=-2.1614186570101777 1.3674729989824324 -5.0459125380050178 -0.46042813764372609 4.5257355785995763 1.1888643793040101 -1.2340653032070692 1.8850276027584283 -2.168022718460223 2.2752819635674606 -2.8262327708902615 2.230219202058183 0.022360307320681488 3.4562146840328127 -2.3212095013653733 -0.38029494196352259 -3.2678082289709498 2.6582765226941314 -4.3942105389594666 -2.6974578877424493 -0.54011964292666492 -2.3299533349205768 1.6768533193852984 -0.55102669099936985 0.52506088116072203 -0.11649460022948194 1.6160315198667121 -0.34649870000496047 0.019318910036511039 0.46836758967660663 3.5378388304000392
leaf_weight=938 875 860 1204 809 1580 943 912 3509 828 1120 2510 815 810 1234 2196 1203 1588 1278 840 840 929 5301 1997 803 6811 1640 31465 596528 10548 806
leaf_count=938 875 860 1204 809 1580 943 912 3509 828 1120 2510 815 810 1234 2196 1203 1588 1278 840 840 929 5301 1997 803 6811 1640 31465 596528 10548 806
internal_value=0.00648574 0.0094956 1.50374 2.90247 0.00312646 -0.45242 -0.212026 -1.32956 0.193301 -0.237378 1.28331 0.0151634 1.74467 0.0108838 -0.643197 -0.97507 -0.605667 -1.86529 0.471174 1.55407 0.0212792 0.744326 -0.271879 -1.12884 0.145388 0.427897 0.00978077 0.0281997 0.0318418 0.689185
internal_weight=683720 682782 2888 1684 679894 17493 16633 4421 12212 8759 3453 662401 1625 660776 10328 8748 7545 3474 4071 2428 650448 10172 4871 1643 7639 3637 640276 608811 607882 11354
internal_count=683720 682782 2888 1684 679894 17493 16633 4421 12212 8759 3453 662401 1625 660776 10328 8748 7545 3474 4071 2428 650448 10172 4871 1643 7639 3637 640276 608811 607882 11354
is_linear=0
shrinkage=0.04


Tree=175
num_leaves=31
num_cat=0
split_feature=29 31 31 4 16 16 17 46 52 13 9 10 33 11 29 11 31 29 0 52 33 11 13 23 11 16 35 31 9 3
split_gain=3.79386e+06 4.39642e+06 3.37991e+06 3.48041e+06 3.27463e+06 2.37138e+06 8.8454e+06 4.15958e+06 4.11425e+06 3.60582e+06 5.46177e+06 3.94824e+06 3.81146e+06 4.80266e+06 4.75662e+06 3.50106e+06 3.40232e+06 3.02834e+06 2.97986e+06 3.97139e+06 7.30065e+06 6.44673e+06 4.43569e+06 4.83082e+06 4.38881e+06 4.31376e+06 4.05016e+06 4.36036e+06 3.81589e+06 4.94526e+06
threshold=15.750433921813967 15.994999885559084 6.4949998855590829 -0.034971475601196282 0.0064954557456076154 -0.014171206392347811 0.017891088500618938 -0.063237961381673799 0.28357595205307012 1.3326694369316103 -0.032442331314086907 -0.56734675168991078 19.883282661437992 0.92214506864547741 1.1491900086402895 0.10775959491729738 32.614999771118171 1.0431838035583498 -0.021717786788940426 0.014304243959486486 19.44851112365723 3.3683013916015629 0.6862783432006837 -0.13477295637130735 3.1445968151092534 -0.01106088515371084 0.023714129813015464 62.885000228881843 -0.0060469806194305411 -0.095335721969604478
decision_type=10 10 8 10 10 8 2 8 8 8 8 8 10 10 10 8 10 10 10 8 10 8 10 10 10 8 8 8 10 10
left_child=2 -2 3 -1 -3 6 -4 -8 9 10 12 -11 13 14 -9 -16 17 -14 19 20 21 25 -22 -24 -21 -7 -27 28 29 -28
right_child=1 4 5 -5 -6 18 7 8 -10 11 -12 -13 16 -15 15 -17 -18 -19 -20 24 22 -23 23 -25 -26 26 27 -29 -30 -31
leaf_value=3.196095783303857 -3.9233262369896358 1.4438401471256777 -4.4157902692203708 0.22147160510377337 -2.0498476005748567 -3.112190410939049 -2.7302293176846764 -0.1441934606446823 -2.5838283958613317 3.2792658653399971 0.23440123507575464 0.37922669891737143 0.37041627826310441 -3.439598710342914 -4.3255871064766591 -1.0201920323529561 0.93717243604285361 -2.4666591325511233 -0.0097733227391902378 0.72842957630448835 -1.2116313959437652 2.1564521400718126 1.2530352088643688 0.15103892087439796 -1.4525814942363291 1.6696565220973338 -0.35243422408263997 0.68529856825901581 0.27508454564682278 -1.8754224411256162
leaf_weight=1063 822 817 808 1526 883 1058 1010 4222 1060 939 17751 3619 1150 1489 910 1177 2809 1248 557941 28405 2281 1401 11154 14813 1548 1277 6157 3310 3533 7655
leaf_count=1063 822 817 808 1526 883 1058 1010 4222 1060 939 17751 3619 1150 1489 910 1177 2809 1248 557941 28405 2281 1401 11154 14813 1548 1277 6157 3310 3533 7655
internal_value=0.0049333 -1.54055 0.0106767 1.4504 -0.372198 0.00516357 -0.300989 -0.210897 -0.140211 -0.0661517 -0.221835 0.982539 -0.84427 -1.40327 -0.917983 -2.47521 -0.00603512 -1.11021 0.0234224 0.247647 0.0383846 -0.468463 0.476038 0.624696 0.615266 -0.629293 -0.508154 -0.64354 -0.897375 -1.19726
internal_weight=683836 2522 681314 2589 1700 678725 38192 37384 36374 35314 30756 4558 13005 7798 6309 2087 5207 2398 640533 82592 52639 24391 28248 25967 29953 22990 21932 20655 17345 13812
internal_count=683836 2522 681314 2589 1700 678725 38192 37384 36374 35314 30756 4558 13005 7798 6309 2087 5207 2398 640533 82592 52639 24391 28248 25967 29953 22990 21932 20655 17345 13812
is_linear=0
shrinkage=0.04


Tree=176
num_leaves=31
num_cat=0
split_feature=17 9 4 39 6 23 10 30 31 9 47 38 42 29 43 13 6 13 1 29 4 5 43 43 11 23 6 29 10 5
split_gain=3.39989e+06 7.0668e+06 5.59115e+06 5.4907e+06 5.9499e+06 3.8869e+06 3.32911e+06 3.26266e+06 3.90603e+06 5.47308e+06 5.76141e+06 5.2993e+06 5.34263e+06 4.72043e+06 4.64189e+06 4.58944e+06 4.26911e+06 5.05758e+06 4.27591e+06 4.14623e+06 3.98259e+06 3.76584e+06 3.75111e+06 3.71847e+06 5.61133e+06 4.38724e+06 3.58005e+06 3.56541e+06 3.05247e+06 3.01598e+06
threshold=0.065923362970352187 -0.21885859966278073 -0.24283027648925778 -0.16513696312904355 -0.037559628486633294 -0.005745530128479003 -0.36712265014648432 0.44669897854328161 21.214999198913578 0.086335062980651869 0.038682714104652412 -1.6739475131034849 1.0000000180025095e-35 1.358143746852875 3.5000000000000004 0.83317363262176525 0.19096946716308597 0.80511918663978588 -0.012305498123168944 3.2822424173355107 -0.072814702987670885 0.70842289924621593 37.500000000000007 23.500000000000004 0.028983235359191898 -0.2073152959346771 -0.087842941284179674 1.1233522295951845 -0.84239459037780751 0.0016713142395019533
decision_type=2 8 10 10 8 8 8 8 10 8 10 8 2 10 2 10 8 10 10 10 10 8 2 2 10 10 8 8 10 10
left_child=1 -1 3 4 28 -4 -6 -3 9 10 11 20 14 26 29 16 17 18 -16 23 -9 -11 -12 -17 -25 -26 -14 -18 -2 -13
right_child=2 7 5 -5 6 -7 -8 8 -10 21 22 12 13 -15 15 19 27 -19 -20 -21 -22 -23 -24 24 25 -27 -28 -29 -30 -31
leaf_value=-2.6063211395692623 1.6122857184615433 0.97994281580046805 -0.43765520184507489 2.985306810945433 2.4410825706285144 2.310274563191606 0.34957143244484029 2.7790756797929679 0.048439872287981127 0.31704429569279496 1.5900798082924872 -3.9718982690900893 -4.7313693063028532 0.30308236600764987 -2.5616077901956822 -0.86426090037117576 0.29622257414109388 -4.3084715688345714 -0.48425094882921221 -2.4005944692052115 0.039557662363577703 2.7662744300018849 -0.59779092838123971 2.9534344213272967 2.0885515137050357 -0.12631118385824847 -1.7224660951839412 -1.6817643808635276 -0.99805897535379573 -0.94021004764977478
leaf_weight=1633 826 5609 67404 1289 2132 824 2831 1184 528687 8767 3536 989 1117 919 2558 6934 4773 1008 4159 1259 2940 1125 1933 1114 1543 18195 1486 2088 5044 1124
leaf_count=1633 826 5609 67404 1289 2132 824 2831 1184 528687 8767 3536 989 1117 919 2558 6934 4773 1008 4159 1259 2940 1125 1933 1114 1543 18195 1486 2088 5044 1124
internal_value=-0.0190437 0.0134417 -0.263487 0.527821 0.232926 -0.404134 1.25114 0.0205789 0.0115557 -0.272045 -0.418361 -0.545045 -0.660368 -2.15954 -0.544495 -0.455505 -1.03416 -1.67848 -1.27799 -0.164657 0.830893 0.598103 0.817104 -0.0625177 0.204376 0.0478036 -3.02681 -0.307307 -0.628626 -2.37123
internal_weight=685030 604680 80350 12122 10833 68228 4963 603047 597438 68751 58859 53390 49266 3522 45744 43631 14586 7725 6717 29045 4124 9892 5469 27786 20852 19738 2603 6861 5870 2113
internal_count=685030 604680 80350 12122 10833 68228 4963 603047 597438 68751 58859 53390 49266 3522 45744 43631 14586 7725 6717 29045 4124 9892 5469 27786 20852 19738 2603 6861 5870 2113
is_linear=0
shrinkage=0.04


Tree=177
num_leaves=31
num_cat=0
split_feature=32 3 8 11 13 8 16 4 17 4 11 31 13 8 9 1 51 2 8 19 11 47 52 23 9 12 31 51 30 40
split_gain=3.45446e+06 4.23082e+06 4.02582e+06 4.68545e+06 3.71354e+06 3.72488e+06 3.58777e+06 7.79466e+06 6.89316e+06 5.43889e+06 4.70436e+06 3.54899e+06 3.91673e+06 6.79457e+06 4.09563e+06 4.98271e+06 3.66971e+06 3.62988e+06 6.04946e+06 5.78186e+06 5.3124e+06 3.59559e+06 3.75015e+06 6.2106e+06 5.73908e+06 4.36228e+06 4.1207e+06 5.25778e+06 5.24165e+06 4.68746e+06
threshold=0.05225550755858422 0.10365498065948488 -0.099250376224517808 0.48632073402404791 0.76049998402595531 0.038149297237396247 -0.040874555706977837 -0.1151447296142578 0.076852299273014082 -0.29694652557373041 0.3037285208702088 72.115001678466811 1.6190963387489321 -0.27366036176681513 -0.14332723617553708 0.045892000198364265 -0.089350115507841096 0.067496538162231459 -0.27366036176681513 1.0000000180025095e-35 0.13410067558288577 -0.098446562886238084 -0.14710818976163861 -0.17499998211860654 -0.048205375671386712 0.06501584500074388 13.635000228881838 0.026195770129561428 1.1413196325302126 -0.006084650754928588
decision_type=8 8 8 10 10 8 8 10 2 8 8 10 10 10 10 8 10 10 8 2 10 8 8 10 10 10 10 10 8 8
left_child=1 2 -1 4 -4 -6 7 8 -2 -10 -9 12 14 -14 15 -8 -13 18 20 -19 -16 -20 -23 24 25 -24 27 28 -25 -28
right_child=6 -3 3 -5 5 -7 11 10 9 -11 -12 16 13 -15 17 -17 -18 19 21 -21 -22 22 23 26 -26 -27 29 -29 -30 -31
leaf_value=1.5296877452163922 -4.9631272913298456 -3.2749207156145275 0.47348615012767348 0.52690691432178038 -1.3384081754657837 -4.0335401936019819 0.41894020382976976 2.2917344102634467 1.1529857019281538 -3.0876033901997455 -0.60896717899732766 3.0172505144405477 -4.2283829923445824 0.411953913392128 -0.53236853835335973 3.0543941835441593 0.34266589522118274 0.02563545809561486 0.92034625999604636 0.84487323555422689 -4.551074760466074 -0.55396649280789578 0.37675721934934386 -0.81534595096884499 1.6970730156051113 -2.3003048166448758 1.1511261704006539 0.63699062164573772 -3.778902168532424 -0.065973448204045798
leaf_weight=1362 1095 942 1225 2807 3316 1089 14119 1219 951 967 3278 833 944 1069 1304 1240 31508 52330 5982 18703 876 23962 21146 12839 5493 1011 5109 3826 1023 462677
leaf_count=1362 1095 942 1225 2807 3316 1089 14119 1219 951 967 3278 833 944 1069 1304 1240 31508 52330 5982 18703 876 23962 21146 12839 5493 1011 5109 3826 1023 462677
internal_value=-0.0173534 -0.728709 -0.480846 -0.806837 -1.47157 -2.01232 -0.00599812 -0.874809 -2.44553 -0.989922 0.180665 0.00381191 -0.0170516 -1.77429 -0.0114233 0.633561 0.412466 -0.0275077 -0.0625477 0.241429 -2.16063 -0.0540859 -0.0649559 -0.0421096 0.540891 0.253623 -0.0753247 -0.674454 -1.03662 -0.0526564
internal_weight=684245 10741 9799 8437 5630 4405 673504 7510 3013 1918 4497 665994 633653 2013 631640 15359 32341 616281 545248 71033 2180 543068 537086 513124 27650 22157 485474 17688 13862 467786
internal_count=684245 10741 9799 8437 5630 4405 673504 7510 3013 1918 4497 665994 633653 2013 631640 15359 32341 616281 545248 71033 2180 543068 537086 513124 27650 22157 485474 17688 13862 467786
is_linear=0
shrinkage=0.04


Tree=178
num_leaves=31
num_cat=0
split_feature=20 2 23 51 31 14 11 12 7 7 4 12 10 5 10 31 30 23 19 2 39 31 32 38 5 12 33 16 50 11
split_gain=2.40878e+06 4.01924e+06 3.86281e+06 5.53734e+06 3.15418e+06 3.06769e+06 3.1929e+06 6.1417e+06 4.70853e+06 4.27266e+06 3.62233e+06 4.20553e+06 5.66305e+06 7.20667e+06 5.61028e+06 4.18336e+06 4.06179e+06 6.57066e+06 3.95859e+06 3.778e+06 3.72097e+06 3.66492e+06 5.44419e+06 4.19465e+06 5.12464e+06 3.48752e+06 3.16014e+06 3.0049e+06 2.9667e+06 3.38838e+06
threshold=3.5000000000000004 0.13579273223876956 -0.030874073505401608 0.11325988546013833 17.704999923706058 0.99777778983116161 2.7874723672866826 0.043953340500593192 0.7148185968399049 0.67756760120391857 0.20001792907714847 0.027852631174027923 -0.14562419056892392 0.11159086227416994 -0.64471131563186634 7.8350000381469735 0.68962284922599804 -0.045606464147567742 3.5000000000000004 -0.0095317363739013655 0.098661080002784743 13.635000228881838 1.4941147565841677 -0.47204643487930292 -0.01806998252868652 0.023466031998395923 21.1627311706543 0.0077401653397828349 -0.21363093703985211 0.011221587657928469
decision_type=2 8 8 10 10 8 10 10 10 8 10 10 10 10 8 10 8 10 2 10 10 10 8 8 10 10 10 10 8 8
left_child=1 4 3 -2 5 6 8 9 10 -8 11 16 14 -14 19 -16 -1 21 20 -13 -17 22 -18 -23 -25 -24 -19 -12 -6 -30
right_child=2 -3 -4 -5 28 -7 7 -9 -10 -11 27 12 13 -15 15 18 17 26 -20 -21 -22 23 25 24 -26 -27 -28 -29 29 -31
leaf_value=0.099604102386687557 -0.51537036597793739 0.81045098081214506 0.017217588928338589 -2.9984741040688263 1.9000728611212576 -2.2066625558747104 -2.1627968851888308 -4.3680109949986052 2.7094165140665796 1.7083634740045057 -2.049905353000522 -2.3330314069264202 -4.2472734954949845 -0.14043641467468129 2.7856488427830088 0.30457724488085769 -0.9774882821964026 0.92915870447064675 3.2405187496516086 0.90921720619613555 3.083496564657112 0.73606007863537382 -6.1540920161445891 -0.062554300024998136 -3.2378332517901804 -2.4102414795351259 -1.6889222224317491 0.28855199985515351 -0.46667050275967226 0.071942488225675852
leaf_weight=10602 13512 10758 27260 1599 1386 1258 910 841 899 895 2846 1583 879 2963 1642 12254 1531 3178 878 893 813 1589 811 1517 1744 814 950 1267 19327 556700
leaf_count=10602 13512 10758 27260 1599 1386 1258 910 841 899 895 2846 1583 879 2963 1642 12254 1531 3178 878 893 813 1589 811 1517 1744 814 950 1267 19327 556700
internal_value=0.0248783 0.0441665 -0.267192 -0.779934 0.0310887 -0.262535 -0.215358 -1.5666 -0.14305 -0.244465 -0.196193 -0.0914 0.30407 -1.08861 0.600732 0.881742 -0.472381 -0.97182 0.655724 -1.16472 0.479701 -1.63954 -2.69894 -0.946033 -1.76542 -4.30492 0.324019 -1.3306 0.0583274 0.053863
internal_weight=684099 641728 42371 15111 630970 53557 52299 2646 49653 1805 48754 44641 21905 3842 18063 15587 22736 12134 13945 2476 13067 8006 3156 4850 3261 1625 4128 4113 577413 576027
internal_count=684099 641728 42371 15111 630970 53557 52299 2646 49653 1805 48754 44641 21905 3842 18063 15587 22736 12134 13945 2476 13067 8006 3156 4850 3261 1625 4128 4113 577413 576027
is_linear=0
shrinkage=0.04


Tree=179
num_leaves=31
num_cat=0
split_feature=51 38 30 33 13 46 33 6 19 22 51 19 18 4 52 33 8 30 11 7 13 16 9 17 18 43 1 6 13 4
split_gain=3.16449e+06 4.45696e+06 7.45652e+06 6.82313e+06 6.28588e+06 5.87428e+06 1.25938e+07 6.23831e+06 6.12804e+06 5.44001e+06 5.21158e+06 4.7458e+06 5.54619e+06 4.50019e+06 5.51125e+06 4.17572e+06 4.98864e+06 4.19594e+06 4.16206e+06 4.28091e+06 4.35222e+06 4.13659e+06 3.88752e+06 3.63232e+06 4.97114e+06 3.62032e+06 3.61726e+06 3.51568e+06 5.76672e+06 3.51138e+06
threshold=-0.026700609363615509 -1.2381627559661863 0.81818178296089183 21.885466575622562 1.5041765570640566 -0.063237961381673799 20.642635345458988 -0.34888076782226557 3.5000000000000004 1.0000000180025095e-35 -0.058632522821426385 2.5000000000000004 -0.045751091092824929 0.03036594390869141 -0.2469137832522392 18.745792388916019 -0.012662470340728758 1.1349050998687746 0.039029836654663093 -0.29662001132965082 0.71657425165176403 0.0057636974379420289 -0.085594117641448961 0.059666613116860397 0.066202562302351012 6.5000000000000009 -0.04928231239318847 -0.19005107879638669 1.0230337381362917 -0.16049075126647946
decision_type=10 10 10 10 8 10 10 8 2 10 10 2 2 10 8 10 8 10 8 10 10 10 10 2 2 2 10 10 10 8
left_child=1 2 21 9 5 6 -3 -7 10 -4 -8 12 -11 14 -13 16 18 22 -16 -20 -21 -1 -17 -2 29 -14 -15 28 -27 -25
right_child=23 4 3 -5 -6 7 8 -9 -10 11 -12 13 25 26 15 17 -18 -19 19 20 -22 -23 -24 24 -26 27 -28 -29 -30 -31
leaf_value=0.017791386006904195 -0.015724223123546502 0.43534743390765018 -2.1742969403726917 3.1556631546734759 2.9738853336202689 1.3738462949058032 -5.3553871127609698 -0.22837073938981964 0.24779031177648153 -0.91101557933823074 -2.1691855953607719 2.7524467671896931 -0.94316318454708514 2.6576524594473647 0.89297958080756645 2.9085139281468888 1.3986916211440121 0.04670941653001931 -3.9555067899795722 1.720439527659325 -1.5152259262196335 -1.1319546452946783 0.84714280819620813 -1.2656946136516829 0.53731837391813986 1.383087665698788 0.75119728349332393 0.19679647190662686 0.019306398158212536 -0.34683549904270228
leaf_weight=13219 443832 3858 1322 1412 976 4370 1390 34616 892 6246 2048 1694 3363 3410 1688 2227 2140 5376 858 826 3261 8049 4273 7670 9078 12261 3000 43276 8328 49959
leaf_count=13219 443832 3858 1322 1412 976 4370 1390 34616 892 6246 2048 1694 3363 3410 1688 2227 2140 5376 858 826 3261 8049 4273 7670 9078 12261 3000 43276 8328 49959
internal_value=-0.00684158 0.14027 0.265161 0.403547 -0.18713 -0.253145 -1.22643 -0.0484695 -2.70466 0.365718 -3.46918 0.398775 0.228223 0.834362 0.565851 0.385222 -0.276435 0.873821 -0.818172 -1.40291 -0.858681 -0.417664 1.55678 -0.0570905 -0.332275 0.334187 1.76796 0.401587 0.831732 -0.469327
internal_weight=684918 174379 126229 104961 48150 47174 8188 38986 4330 103549 3438 102227 73474 28753 22343 20649 8773 11876 6633 4945 4087 21268 6500 510539 66707 67228 6410 63865 20589 57629
internal_count=684918 174379 126229 104961 48150 47174 8188 38986 4330 103549 3438 102227 73474 28753 22343 20649 8773 11876 6633 4945 4087 21268 6500 510539 66707 67228 6410 63865 20589 57629
is_linear=0
shrinkage=0.04


Tree=180
num_leaves=31
num_cat=0
split_feature=35 7 14 36 5 46 6 11 43 43 39 35 52 14 7 12 43 29 12 7 32 6 28 9 21 8 29 7 29 33
split_gain=3.42907e+06 3.74796e+06 4.23659e+06 3.96431e+06 3.4565e+06 3.08944e+06 3.02348e+06 3.14903e+06 3.08788e+06 5.18522e+06 3.99745e+06 2.97484e+06 2.78894e+06 8.8876e+06 6.20075e+06 5.63708e+06 5.4085e+06 4.47161e+06 3.79849e+06 3.59652e+06 5.14293e+06 7.35213e+06 7.68345e+06 3.76125e+06 6.27991e+06 4.325e+06 5.17563e+06 4.89888e+06 4.00789e+06 3.93036e+06
threshold=0.024213059805333618 -0.28686913847923273 0.9630604386329652 -0.638057380914688 -0.32730102539062494 -0.01068419450893998 0.56616759300231945 0.16053676605224612 6.5000000000000009 41.500000000000007 0.14614161103963855 0.071211371570825591 0.24360259622335437 0.82633152604103099 0.13543528318405154 0.046686241403222091 34.500000000000007 2.5130822658538823 0.055198851972818382 0.9190625548362733 0.9274616837501527 0.86736321449279796 0.80481630563735973 0.074490785598754897 51.39131164550782 0.13565003871917727 0.62172311544418346 0.62050658464431774 3.5489041805267338 18.023576736450199
decision_type=10 8 8 10 10 10 8 10 2 2 8 10 10 10 10 10 2 8 10 10 10 10 10 10 10 8 8 10 10 10
left_child=12 4 5 -4 -2 6 7 8 -3 10 -10 -9 19 15 17 -14 -16 -15 -19 23 -21 -22 -23 25 -25 27 -27 -1 -28 -29
right_child=1 2 3 -5 -6 -7 -8 11 9 -11 -12 -13 13 14 16 -17 -18 18 -20 20 21 22 -24 24 -26 26 28 29 -30 -31
leaf_value=0.022532287841966665 0.031751779860063098 1.9936353617169258 -3.6749558596742795 -0.52699866460623412 3.1879097256924225 -0.056766263681659858 0.86014238703586332 -1.5260796105580416 -0.6555900886821564 0.95688438258392239 -3.7888205834977122 -0.1570281363534162 -1.2854402748152303 0.9901954127964766 -1.2544391995351438 -4.8012369795474106 1.2825879564372877 -0.73243107163596333 -3.9993093090808349 1.2471805284361184 -4.786750643565628 2.3866371057798488 -2.306957960248146 1.2692454703441183 0.16212567715851825 -3.0615343541231899 -0.20604196815373635 3.5476170865203427 -1.7987576772918792 0.7144964530814546
leaf_weight=496783 1396 952 1148 1440 912 36662 1909 9654 2600 2448 862 3448 3704 910 1720 903 6039 1183 1098 1126 971 844 1602 9637 54589 1142 31228 993 2741 3616
leaf_count=496783 1396 952 1148 1440 912 36662 1909 9654 2600 2448 862 3448 3704 910 1720 903 6039 1183 1098 1126 971 844 1602 9637 54589 1142 31228 993 2741 3616
internal_value=-0.0115431 -0.291658 -0.351479 -1.93216 1.28727 -0.281274 -0.657381 -0.802848 -0.108417 -0.449818 -1.4444 -1.16619 0.0170809 -0.511563 0.108955 -1.98346 0.719294 -1.37271 -2.31559 0.0306766 -1.08931 -1.86065 -0.684295 0.0391644 0.328419 0.00453167 -0.424578 0.0345888 -0.335052 1.33125
internal_weight=684260 63431 61123 2588 2308 58535 21873 19964 6862 5910 3462 13102 620829 15557 10950 4607 7759 3191 2281 605272 4543 3417 2446 600729 64226 536503 35111 501392 33969 4609
internal_count=684260 63431 61123 2588 2308 58535 21873 19964 6862 5910 3462 13102 620829 15557 10950 4607 7759 3191 2281 605272 4543 3417 2446 600729 64226 536503 35111 501392 33969 4609
is_linear=0
shrinkage=0.04


Tree=181
num_leaves=31
num_cat=0
split_feature=16 6 23 33 4 16 29 52 11 7 3 21 33 13 33 52 6 28 11 14 0 14 14 11 13 13 6 6 1 16
split_gain=3.49616e+06 3.86736e+06 3.29803e+06 6.92026e+06 5.74411e+06 6.13844e+06 9.64885e+06 5.73941e+06 5.32374e+06 4.46808e+06 5.55464e+06 4.18327e+06 3.99837e+06 5.81918e+06 5.30101e+06 6.11064e+06 4.65189e+06 4.59633e+06 4.21772e+06 3.98201e+06 3.7491e+06 3.64114e+06 3.58614e+06 4.04123e+06 3.9099e+06 4.71794e+06 3.52562e+06 3.41163e+06 3.39447e+06 3.38614e+06
threshold=0.031074883416295055 0.55100226402282726 -0.17499998211860654 21.123043060302738 0.00098216533660888694 -0.012737854849547146 3.0662488937377934 -0.2469137832522392 0.81116062402725231 0.031308114528656013 -0.076759099960327135 0.74940481781959545 19.009734153747562 0.75383090972900402 20.023835182189945 -0.2273459583520889 -0.54780197143554676 2.0436511039733891 0.63978838920593273 0.91105294227600109 -0.015142679214477537 0.9334913194179536 0.73740193247795116 0.38817697763442999 1.1126571297645571 1.3195109367370608 -0.91891908645629872 -0.4920822381973266 -0.037678956985473626 0.021407427266240123
decision_type=10 10 10 10 10 8 10 10 10 8 10 10 10 8 10 8 8 10 10 10 10 10 8 8 8 8 10 8 10 10
left_child=2 -2 3 4 5 8 12 -4 11 20 -11 -1 13 -7 16 -16 26 29 19 -18 -5 -13 -6 -24 -25 -26 -14 -17 -20 -15
right_child=1 -3 7 9 22 6 -8 -9 -10 10 -12 21 14 17 15 27 18 -19 28 -21 -22 -23 23 24 25 -27 -28 -29 -30 -31
leaf_value=-3.0738218946744809 -0.2685643152942136 -1.9225929573693885 3.2152602865903903 1.8062918367542244 -0.78818187582658938 1.5563031555576583 -2.5999270477526597 -0.011970776369646795 -3.0052261391203121 4.3620596883761618 0.33644534888544253 -0.53462830836713471 1.6443890985758267 -0.31896397287986999 -2.1777339339355994 2.1167295569961349 1.8895075215357831 2.085381220792522 1.9446764382660338 4.6431231625379583 -0.1168562537367626 2.0521437217574565 4.4961104204272049 -1.0318598469981441 4.2232735995087491 0.56222034844043711 -1.6587429556857043 0.10025099579645896 -1.0670769944146192 -2.388738284682812
leaf_weight=873 10065 2909 873 3064 923 3088 1863 604846 1613 1437 886 5805 868 15706 1604 1679 4845 1180 1139 1017 3431 1014 800 827 994 1291 1248 6548 1241 1366
leaf_count=873 10065 2909 873 3064 923 3088 1863 604846 1613 1437 886 5805 868 15706 1604 1679 4845 1180 1139 1017 3431 1014 800 827 994 1291 1248 6548 1241 1366
internal_value=0.00950253 -0.640622 0.0220622 0.289769 0.129736 0.0085543 0.208516 -0.00726649 -0.923149 1.33255 2.8347 -0.483206 0.335099 -0.0466843 0.738471 0.0729336 1.36947 -0.318593 1.79854 2.37433 0.791766 -0.147528 1.44777 1.97598 1.31581 2.16628 -0.302411 0.513852 0.376368 -0.485876
internal_weight=685043 12974 672069 66350 57532 52697 43392 605719 9305 8818 2323 7692 41529 21340 20189 9831 10358 18252 8242 5862 6495 6819 4835 3912 3112 2285 2116 8227 2380 17072
internal_count=685043 12974 672069 66350 57532 52697 43392 605719 9305 8818 2323 7692 41529 21340 20189 9831 10358 18252 8242 5862 6495 6819 4835 3912 3112 2285 2116 8227 2380 17072
is_linear=0
shrinkage=0.04


Tree=182
num_leaves=31
num_cat=0
split_feature=29 51 8 8 7 52 4 44 40 6 13 29 9 21 7 11 12 9 32 34 7 52 11 32 39 12 51 7 9 29
split_gain=3.28053e+06 5.92409e+06 5.08177e+06 4.4315e+06 3.91183e+06 4.87646e+06 4.29253e+06 3.8641e+06 3.68084e+06 4.8581e+06 4.18702e+06 5.20403e+06 4.08967e+06 5.33924e+06 5.12816e+06 5.5658e+06 7.4183e+06 6.38777e+06 4.52451e+06 6.49406e+06 4.79671e+06 4.23963e+06 4.299e+06 4.22474e+06 4.21229e+06 5.42544e+06 6.40716e+06 5.55918e+06 4.91805e+06 4.11751e+06
threshold=1.0564052462577822 0.084319975227117552 -0.30511689186096186 -0.031022727489471432 0.52311772108078014 -0.071208946406841264 0.13469183444976809 17.809122085571293 1.305091977119446 -0.12228488922119139 0.83880397677421581 3.0662488937377934 0.017994701862335209 14.511773109436037 -0.22462615370750424 0.028983235359191898 0.024475587531924251 -0.16822463274002072 0.72948044538497936 0.3197788298130036 -0.087263613939285264 -0.2273459583520889 3.6455159187316899 1.0407089591026308 -0.18862597644329068 0.031527405604720123 -0.052479114383459084 -0.28686913847923273 -0.12050005793571471 2.3802524805068974
decision_type=10 10 10 10 10 10 10 2 10 10 8 10 8 10 8 8 10 10 8 10 8 10 10 10 10 10 10 10 10 10
left_child=1 4 -3 -4 7 -6 -7 -1 10 -10 11 -2 14 -14 24 16 23 -17 20 21 -19 -20 -23 -16 25 26 -12 -28 29 -27
right_child=8 2 3 -5 5 6 -8 -9 9 -11 12 -13 13 -15 15 17 -18 18 19 -21 -22 22 -24 -25 -26 28 27 -29 -30 -31
leaf_value=0.085775633455919903 -0.28986071613485814 0.72761512879701462 -4.3873519679619655 -0.93211602283422401 2.7313455269337954 -0.14641773126952082 1.98146393276737 2.534137924835302 2.033567093714165 0.19179786618560138 1.0581269594810643 -1.8066908030289337 1.5145324085305922 0.072991187743894792 -0.0074283779731308605 2.3598042981970639 -3.8307787585305451 1.4551962789785886 -2.9579340614468221 -3.512566259454021 -0.028114402913738245 -0.29821588563298584 -3.0389186502451397 -2.3644815463625184 1.4290164824210831 0.34033182325596173 -4.7340980052624877 -0.6348716134929917 1.5620990964304611 -2.6796413483801387
leaf_weight=295722 70645 1083 1122 1264 1896 5302 2114 1025 2816 12129 1161 3805 4221 144984 4164 1517 1513 3977 986 1053 27878 76260 917 1709 5094 2814 1023 1093 4128 961
leaf_count=295722 70645 1083 1122 1264 1896 5302 2114 1025 2816 12129 1161 3805 4221 144984 4164 1517 1513 3977 986 1053 27878 76260 917 1709 5094 2814 1023 1093 4128 961
internal_value=0.00464067 0.101014 -1.5403 -2.56845 0.119667 0.926497 0.462006 0.0943177 -0.0749391 0.53996 -0.100487 -0.367615 -0.030806 0.113871 -0.189238 -0.279625 -1.34259 -0.209779 -0.245084 -0.406962 0.157471 -0.36468 -0.33117 -0.696167 0.476868 0.0421458 -1.32386 -2.62963 0.60952 -0.43351
internal_weight=684376 309528 3469 2386 306059 9312 7416 296747 374848 14945 359903 74450 285453 149205 136248 119974 7386 112588 111071 79216 31855 78163 77177 5873 16274 11180 3277 2116 7903 3775
internal_count=684376 309528 3469 2386 306059 9312 7416 296747 374848 14945 359903 74450 285453 149205 136248 119974 7386 112588 111071 79216 31855 78163 77177 5873 16274 11180 3277 2116 7903 3775
is_linear=0
shrinkage=0.04


Tree=183
num_leaves=31
num_cat=0
split_feature=33 32 22 11 51 4 52 11 29 11 29 10 4 1 14 4 51 32 33 6 6 10 29 23 32 33 48 38 39 10
split_gain=2.50044e+06 5.37203e+06 6.55459e+06 8.08294e+06 6.35628e+06 5.26276e+06 5.20068e+06 5.14284e+06 4.90254e+06 4.79149e+06 4.70626e+06 3.99713e+06 4.45778e+06 3.80322e+06 6.08709e+06 3.767e+06 3.70591e+06 3.69552e+06 3.18057e+06 3.12328e+06 4.33122e+06 3.9467e+06 3.57308e+06 3.13362e+06 3.07512e+06 3.67932e+06 3.39256e+06 3.45972e+06 3.94489e+06 4.45452e+06
threshold=16.983814239501957 1.154296398162842 0.44518558681011206 1.252155661582947 0.060102770105004318 -0.17769968509674069 -0.054664056748151772 0.12806737422943118 1.321111857891083 0.10184860229492189 0.85853114724159252 -0.26704475283622736 -0.10448598861694335 0.12082540988922121 0.89588046073913585 0.43315505981445318 0.14533288776874545 1.8541659116744997 18.859823226928714 0.49904322624206549 0.83094060420990001 -0.12540039420127866 1.1387988924980166 -0.06984382867813109 0.28542096912860876 21.637187004089359 -0.037897979840636246 -1.2381627559661863 0.041952162981033332 -0.52452212572097767
decision_type=8 8 10 10 10 8 10 8 10 10 10 10 8 10 8 10 10 8 10 8 10 8 10 10 8 10 8 8 8 8
left_child=1 4 8 17 5 -1 7 -7 9 -3 -9 12 -11 24 16 -16 18 -4 -15 22 21 -21 -8 -22 25 26 -2 -28 -29 -30
right_child=13 2 3 -5 -6 6 19 10 -10 11 -12 -13 -14 14 15 -17 -18 -19 -20 20 23 -23 -24 -25 -26 -27 27 28 29 -31
leaf_value=3.7495062652382378 1.8707855462805134 0.33577908148757085 0.85993800387387154 -1.5914775492906941 -1.1649746262284568 -3.2026204121289972 1.6990467775018234 -1.325607361178615 1.4572315458471337 -2.1543148389531201 1.9629637960658735 -1.1246449113404442 -6.1658174882965318 1.8267242489414657 2.4456393098892728 -0.51322277027699681 -1.7639914092333411 3.6679156276239913 -0.46272320976731929 5.0404960563594772 -1.2139232990089452 1.8414496268112952 -0.022894750687313902 2.2297749660450132 -0.031139954760866152 -2.2548368380316037 1.1847232986027145 -1.6763197732060675 -2.6695618349996044 -0.18077115113727804
leaf_weight=1048 1060 1114 3066 1923 2438 848 3499 1365 803 1017 1401 1456 800 1688 3476 854 1588 987 2260 1026 838 1575 4279 834 615176 1691 1967 4162 1213 19491
leaf_count=1048 1060 1114 3066 1923 2438 848 3499 1365 803 1017 1401 1456 800 1688 3476 854 1588 987 2260 1026 838 1575 4279 834 615176 1691 1967 4162 1213 19491
internal_value=-0.0219196 0.333156 -0.363961 0.538883 0.739588 1.01795 0.832926 -0.496914 -1.40257 -1.92816 0.34115 -2.69739 -3.94461 -0.0383686 0.740645 1.86223 -0.138381 1.55109 0.518291 1.23182 2.09974 3.11783 0.752922 0.506851 -0.0503003 -0.448579 -0.338306 -0.426238 -0.554096 -0.327802
internal_weight=684943 30317 11166 5976 19151 16713 15665 3614 5190 4387 2766 3273 1817 654626 9866 4330 5536 4053 3948 12051 4273 2601 7778 1672 644760 29584 27893 26833 24866 20704
internal_count=684943 30317 11166 5976 19151 16713 15665 3614 5190 4387 2766 3273 1817 654626 9866 4330 5536 4053 3948 12051 4273 2601 7778 1672 644760 29584 27893 26833 24866 20704
is_linear=0
shrinkage=0.04


Tree=184
num_leaves=31
num_cat=0
split_feature=7 2 14 32 32 14 30 39 21 22 52 29 11 32 29 32 17 3 0 15 46 32 32 36 35 11 11 2 37 52
split_gain=3.61684e+06 4.77143e+06 5.46076e+06 5.38292e+06 4.74063e+06 5.21632e+06 6.04027e+06 5.5536e+06 4.43474e+06 5.93544e+06 6.03335e+06 5.34453e+06 5.3292e+06 5.89879e+06 4.96519e+06 4.28401e+06 3.919e+06 4.45972e+06 5.42726e+06 5.33662e+06 4.3061e+06 7.71374e+06 5.86084e+06 8.0521e+06 6.45063e+06 5.75232e+06 5.35906e+06 4.95805e+06 6.24109e+06 4.94556e+06
threshold=-0.2690416276454925 -0.14136934280395505 0.94147637486457836 1.835352420806885 0.82450515031814586 0.9879153072834016 0.96388530731201183 -0.11955163255333899 27.696772575378422 0.26301455497741705 -0.027347126975655552 0.77166190743446361 0.38817697763442999 1.1903815865516665 1.1868614554405215 2.2432180643081669 0.08000152558088304 0.033013105392456062 -0.0028502941131591793 0.79615792632102977 -0.014523858670145271 1.280706584453583 1.4861579537391665 -0.83984082937240589 0.054244311526417739 4.4595584869384775 0.042185246944427497 -0.039626359939575188 0.13281400501728061 -0.2009366378188133
decision_type=8 10 8 8 10 10 10 10 10 10 10 10 10 10 10 10 2 10 10 2 8 8 8 8 8 10 8 10 10 10
left_child=4 2 3 -2 -1 7 -7 8 9 10 11 -6 15 -14 -11 -10 20 -18 -19 -20 21 -3 25 -24 26 27 -25 28 29 -22
right_child=1 16 -4 -5 5 6 -8 -9 12 14 -12 -13 13 -15 -16 -17 17 18 19 -21 22 -23 23 24 -26 -27 -28 -29 -30 -31
leaf_value=-0.48182219488506617 1.0239303523714178 -0.68065369394937048 -0.74826899312623085 4.2393786363908088 -1.6923828661124674 -3.6196292580318454 0.79481959133013069 1.7153524836115628 1.3675373102811423 -2.9892803825645387 2.7933790382393293 0.68644401927717325 -3.5078403530474471 0.55053840058599046 0.41318399598237371 -1.6130204744425687 -0.90725969355178537 1.0981954809081402 -0.88440720881841617 1.3213619579239828 -1.6200856991745625 0.37722062068946399 -1.41752544529428 -2.3716617904211343 -0.36044769761665679 -1.7787964701033616 0.41985699830030898 0.051869462989548892 -1.5840161384595906 0.62031751768290988
leaf_weight=8638 5168 35850 2267 986 2283 990 978 6646 12289 1844 1354 4422 853 1699 1086 815 16944 5111 9287 2154 1618 15919 8504 1130 67303 2605 31730 380479 2279 50394
leaf_count=8638 5168 35850 2267 986 2283 990 978 6646 12289 1844 1354 4422 853 1699 1086 815 16944 5111 9287 2154 1618 15919 8504 1130 67303 2605 31730 380479 2279 50394
internal_value=0.0064064 -0.0176969 0.927592 1.54515 0.357597 0.563322 -1.43294 0.681726 0.423365 -0.19251 0.368305 -0.124842 0.855496 -0.814362 -1.73105 1.18107 -0.0303206 -0.451284 0.0157561 -0.468335 -0.00672639 -0.355347 0.0263314 -0.236564 -0.136167 0.0916524 0.323169 0.1029 0.460455 0.550325
internal_weight=683625 639728 8421 6154 43897 35259 1968 33291 26645 10989 8059 6705 15656 2552 2930 13104 631307 33496 16552 11441 597811 51769 546042 108667 100163 437375 32860 434770 54291 52012
internal_count=683625 639728 8421 6154 43897 35259 1968 33291 26645 10989 8059 6705 15656 2552 2930 13104 631307 33496 16552 11441 597811 51769 546042 108667 100163 437375 32860 434770 54291 52012
is_linear=0
shrinkage=0.04


Tree=185
num_leaves=31
num_cat=0
split_feature=52 14 12 33 32 14 52 4 22 6 16 52 31 39 12 51 15 33 43 35 13 32 17 28 32 33 13 11 4 22
split_gain=2.45853e+06 8.12727e+06 5.03143e+06 4.68785e+06 4.20809e+06 3.97328e+06 2.52154e+06 4.65419e+06 7.23178e+06 7.79352e+06 5.10599e+06 5.04304e+06 4.26477e+06 5.02923e+06 6.15304e+06 4.03142e+06 4.56332e+06 4.21653e+06 3.97072e+06 7.48404e+06 6.3322e+06 6.17434e+06 4.9479e+06 4.24494e+06 3.45556e+06 5.3811e+06 3.22626e+06 4.19204e+06 8.37528e+06 6.04986e+06
threshold=-0.31614080071449274 0.66323885321617138 0.080387271940708174 19.82928562164307 1.2993254661560061 0.91496315598487865 -0.2009366378188133 -0.17769968509674069 0.45375479757785803 -0.20882248878479001 -0.0081543386913835985 -0.15146155655384061 58.405000686645515 0.013962036464363338 0.028506392613053325 -0.076627705246210084 -0.67777812480926503 19.429968833923343 59.500000000000007 -0.03851326368749141 1.3617607951164248 1.3699178099632265 0.047882260754704482 1.2080969810485842 1.6884330511093142 18.187323570251468 0.63075700402259838 0.93455922603607189 -0.13825511932373044 0.17539931833744052
decision_type=8 8 10 10 8 10 8 8 10 8 10 8 10 8 10 10 2 10 2 10 10 10 2 10 10 10 8 8 10 10
left_child=1 -1 3 5 -4 -3 26 8 9 18 -11 12 13 -9 24 -12 17 -17 19 21 22 -8 -20 -24 25 -15 -2 28 -28 -29
right_child=6 2 4 -5 -6 -7 7 11 -10 10 15 -13 -14 14 -16 16 -18 -19 20 -21 -22 -23 23 -25 -26 -27 27 29 -30 -31
leaf_value=4.3408620781129752 1.6834369325637817 -0.29242406896985573 3.1394014364760596 1.3010319174224463 -0.48433460295667574 -4.2061039331967036 -0.26455140569372709 1.1343170591232934 -2.9122388769409691 -0.070461899271599168 3.3786413187973112 -0.009778590789674255 1.0677082709157015 -4.44132372863091 -0.26905959882079261 -2.1904445483364738 1.8209139038499342 1.5578625988902273 0.47438578991919839 -1.2033529603336517 1.8611160776273932 3.6025653448715445 -3.2741703771618815 -0.15695729520415316 -4.4240447789607984 -0.97804284482044856 -0.72665568949787185 -0.13279349932483597 3.3590518946825854 -4.0336640100974055
leaf_weight=877 941 817 1205 889 883 837 1104 1301 933 3426 1887 628808 1570 959 3572 989 6857 915 1426 1925 1101 1630 2320 1000 1099 2803 8833 1214 873 1328
leaf_count=877 941 817 1205 889 883 837 1104 1301 933 3426 1887 628808 1570 959 3572 989 6857 915 1426 1925 1101 1630 2320 1000 1099 2803 8833 1214 873 1328
internal_value=-0.00773934 0.83317 0.160975 -1.03203 1.61195 -2.2863 -0.0145748 -0.0037187 0.525977 0.657615 1.27266 -0.0248387 -0.861839 -1.17383 -1.53084 1.70447 1.34044 -0.390403 -0.166738 0.703579 -0.86024 2.04574 -1.49414 -2.33854 -2.45558 -1.87033 -0.562043 -0.735793 -0.35609 -2.17852
internal_weight=684322 5508 4631 2543 2088 1654 678814 665625 25513 24580 14074 640112 11304 9734 8433 10648 8761 1904 10506 4659 5847 2734 4746 3320 4861 3762 13189 12248 9706 2542
internal_count=684322 5508 4631 2543 2088 1654 678814 665625 25513 24580 14074 640112 11304 9734 8433 10648 8761 1904 10506 4659 5847 2734 4746 3320 4861 3762 13189 12248 9706 2542
is_linear=0
shrinkage=0.04


Tree=186
num_leaves=31
num_cat=0
split_feature=31 29 51 33 12 2 10 22 52 40 51 33 50 43 6 43 6 33 47 43 6 14 8 4 29 10 11 10 4 33
split_gain=4.15759e+06 4.60486e+06 5.10974e+06 4.80497e+06 4.27744e+06 5.09732e+06 4.27979e+06 4.18636e+06 3.58763e+06 3.54226e+06 3.03397e+06 4.44413e+06 7.1574e+06 4.15022e+06 6.625e+06 5.07896e+06 8.5074e+06 7.70148e+06 5.11207e+06 8.37714e+06 1.72721e+07 9.27922e+06 8.45526e+06 8.3828e+06 7.84492e+06 7.34875e+06 7.02354e+06 6.78468e+06 9.2329e+06 6.10754e+06
threshold=9.6649999618530291 6.0220985412597665 0.075879588723182692 19.374969482421879 0.026506197638809684 0.0078299045562744158 -0.49766424298286432 0.36470580101013189 0.011814188677817585 0.0043874979019165048 -0.0090074012987315637 22.791291236877445 0.0079325265251100081 5.5000000000000009 -0.68221497535705555 40.500000000000007 0.34976172447204595 19.536762237548832 0.038149951025843627 59.500000000000007 -0.44315123558044428 0.75277811288833629 -0.036260187625885003 0.079823255538940444 0.8287816345691682 -0.7799873650074004 0.15450054407119754 -0.10813099145889281 0.35273098945617681 19.049018859863285
decision_type=10 10 10 10 8 10 8 10 10 8 10 8 8 2 10 2 10 10 8 2 8 10 8 10 8 8 10 10 10 10
left_child=1 2 3 -1 9 6 -6 -8 -7 -5 13 -12 -13 14 -2 16 17 -15 -17 20 26 22 -22 25 -23 -21 -20 28 -25 -29
right_child=10 -3 -4 4 5 8 7 -9 -10 -11 11 12 -14 15 -16 18 -18 -19 19 23 21 24 -24 27 -26 -27 -28 29 -30 -31
leaf_value=0.86150145192776328 -3.8833849204880533 -3.6367446947954374 1.6727584551431083 -0.92770498093552778 -2.0475023943645962 -4.1938269711704876 3.2262780246546203 -0.42601084681568446 -0.61007697610036982 -4.1191628540495477 -0.053556543531509959 0.40768676818388699 -2.2844542801138128 0.81969492778237896 -0.30368770347368196 0.59673490986263444 1.0944198560958065 -0.076760276127044821 -2.3176078571884333 1.5493176222891964 1.8035912645834224 -5.590246278953396 -0.57066704771489862 1.5122983966689507 -1.209519260129899 -0.20412918280203216 -7.2795365649548129 -0.7329144666335492 -2.377715029413936 0.9342247965701852
leaf_weight=1920 856 825 1420 957 819 863 977 1018 924 1344 382461 2791 3624 21398 18539 20792 20614 54032 1049 3972 3329 826 8523 13743 3047 96573 818 7851 1042 6351
leaf_count=1920 856 825 1420 957 819 863 977 1018 924 1344 382461 2791 3624 21398 18539 20792 20614 54032 1049 3972 3329 826 8523 13743 3047 96573 818 7851 1042 6351
internal_value=-0.0112122 -0.779848 -0.546401 -0.905089 -1.39705 -0.69009 0.371465 1.36977 -2.35449 -2.80157 0.00145333 -0.0710841 -1.11436 0.101003 -0.463598 0.142504 0.374488 0.177621 0.0097998 -0.0731825 -0.891948 -0.458739 0.097175 0.0380758 -2.15579 -0.134713 -4.51881 0.637254 1.23672 0.0127472
internal_weight=683298 11067 10242 8822 6902 4601 2814 1995 1787 2301 672231 388876 6415 283355 19395 263960 96044 75430 167916 147124 17592 15725 11852 129532 3873 100545 1867 28987 14785 14202
internal_count=683298 11067 10242 8822 6902 4601 2814 1995 1787 2301 672231 388876 6415 283355 19395 263960 96044 75430 167916 147124 17592 15725 11852 129532 3873 100545 1867 28987 14785 14202
is_linear=0
shrinkage=0.04


Tree=187
num_leaves=31
num_cat=0
split_feature=0 43 9 0 33 23 7 29 28 12 5 12 1 14 38 51 15 5 30 23 43 6 14 13 14 28 13 14 5 6
split_gain=2.69252e+06 6.07928e+06 9.67143e+06 8.0049e+06 7.72115e+06 6.78738e+06 7.26123e+06 7.28742e+06 5.37355e+06 5.28503e+06 5.10974e+06 5.02432e+06 5.0905e+06 4.96302e+06 4.9206e+06 4.76827e+06 4.61372e+06 4.59115e+06 4.80965e+06 4.43354e+06 4.777e+06 4.99505e+06 4.19408e+06 5.03999e+06 4.6596e+06 4.07843e+06 4.25115e+06 5.03706e+06 4.27315e+06 4.55898e+06
threshold=-0.015452146530151365 51.500000000000007 0.017994701862335209 -0.055272340774536126 19.465677261352543 -0.10204026103019713 -0.33297660946846003 0.79392293095588695 0.70216578245162975 0.073001541197299971 0.008933305740356447 0.04926454275846482 -0.064799308776855455 0.86533480882644664 -0.22479309886693952 -0.0090074012987315637 -0.29577620327472681 -0.21422886848449704 0.94660052657127391 -0.11005002260208128 16.500000000000004 -0.20195937156677243 0.60532218217849743 1.1274797916412356 0.77608054876327526 1.7727518081665041 0.69573158025741588 0.39480432868003851 -0.057779550552368157 -0.10704195499420165
decision_type=10 2 8 10 10 10 10 10 10 8 8 10 10 10 10 10 2 10 8 8 2 8 10 10 10 10 10 10 10 10
left_child=1 19 4 -4 10 6 7 -6 14 -5 17 13 -13 15 -2 -12 -10 18 -3 20 -1 -22 -20 24 -24 26 -8 -28 -29 -30
right_child=8 2 3 9 5 -7 25 -9 16 -11 11 12 -14 -15 -16 -17 -18 -19 22 -21 21 -23 23 -25 -26 -27 27 28 29 -31
leaf_value=0.22045528715280488 0.29208750820324431 0.92622826567790073 3.0782718174347936 0.50701938697082993 -3.9718534988019831 -0.74934895553096526 -1.2450803536271291 0.31062754141735444 -0.34186953552817689 -2.6761556602291678 0.30104348636437134 0.02209489870893544 -4.2308270848254681 2.4121206522844734 -0.27659867842566671 -1.3854777597852959 -0.037974401469000205 -1.7729892648236498 -0.047056610808188085 0.17067934965467224 0.36744091196256989 1.9102999173707784 -5.6454317626681023 -0.27891700796203672 -1.4857941219071615 -0.85686453537688623 3.3111511702784924 2.2439127341078287 2.5902925151700722 -0.46258728833054491
leaf_weight=11000 109171 2588 1904 20549 935 7761 872 1939 110677 860 9025 860 935 1270 31321 3805 287694 10051 2886 39908 5393 8910 864 1289 869 1426 2256 3214 1034 3118
leaf_count=11000 109171 2588 1904 20549 935 7761 872 1939 110677 860 9025 860 935 1270 31321 3805 287694 10051 2886 39908 5393 8910 864 1289 869 1426 2256 3214 1034 3118
internal_value=-0.00616784 0.146501 -0.0864688 0.599724 -0.367192 0.208063 0.710492 -1.09154 -0.0473982 0.377961 -0.74386 -0.217357 -2.20438 0.036984 0.165295 -0.199819 -0.12241 -1.19472 -0.509331 0.433381 0.847484 1.32922 -1.13868 -2.17758 -3.5801 1.14553 1.41818 1.66058 1.15126 0.302089
internal_weight=684384 145521 80310 23313 56997 22555 14794 2874 538863 21409 34442 15895 1795 14100 140492 12830 398371 18547 8496 65211 25303 14303 5908 3022 1733 11920 10494 9622 7366 4152
internal_count=684384 145521 80310 23313 56997 22555 14794 2874 538863 21409 34442 15895 1795 14100 140492 12830 398371 18547 8496 65211 25303 14303 5908 3022 1733 11920 10494 9622 7366 4152
is_linear=0
shrinkage=0.04


Tree=188
num_leaves=31
num_cat=0
split_feature=11 8 10 39 37 14 12 32 32 10 49 10 52 9 39 40 47 33 32 33 5 43 29 33 32 5 33 30 32 4
split_gain=2.96364e+06 3.55923e+06 5.13045e+06 6.79506e+06 4.73858e+06 7.29444e+06 1.35625e+07 6.94719e+06 5.29135e+06 6.5882e+06 4.5982e+06 4.13234e+06 3.46241e+06 6.08112e+06 3.42684e+06 3.64905e+06 3.24943e+06 3.81249e+06 6.13463e+06 3.91302e+06 6.55554e+06 4.10196e+06 3.14003e+06 5.79499e+06 5.92087e+06 5.673e+06 5.04288e+06 3.91366e+06 3.64053e+06 5.14997e+06
threshold=0.039029836654663093 -0.08586567640304564 -0.25927513837814326 -0.048331582918763154 0.14308153092861178 0.79898202419281017 0.058410480618476875 1.3180830478668215 1.9595401883125307 -0.30520066618919367 -0.016755007207393643 -0.55555555224418629 -0.039672970771789544 -0.076121509075164781 -0.11955163255333899 0.19251763820648196 -0.03061639983206987 19.429968833923343 0.70051559805870067 20.397322654724125 -0.13164591789245603 32.500000000000007 0.52527204155921947 18.051949501037601 1.0552225112915041 -0.29180383682250971 18.355021476745609 1.2163290381431582 0.91796284914016735 -0.13442015647888181
decision_type=8 10 10 8 8 10 10 8 10 10 8 10 10 10 10 10 8 10 10 10 10 2 10 8 10 10 10 10 10 10
left_child=1 4 3 -3 8 10 7 -7 9 14 -6 -9 22 -14 -1 -16 -5 18 -18 20 -19 -21 -12 24 25 -24 -25 28 -28 -30
right_child=-2 2 -4 16 5 6 -8 11 -10 -11 12 -13 13 -15 15 -17 17 19 -20 21 -22 -23 23 26 -26 -27 27 -29 29 -31
leaf_value=-0.80392065671977075 0.026352803888505819 1.2721547256626391 0.034391889779869851 -0.025715720741674792 -2.6355827769896396 -6.1350921845274842 1.4421276889466161 0.10114824372486476 -2.3467441621209897 -0.92696333077529958 2.8284598969043628 -3.9052296843043344 -3.8516177635381172 0.59188293709462325 2.471804575406499 -0.167643153440412 -3.3173192086939394 -7.1403927606322304 0.48413444262131672 -3.652943764921099 -2.1101532289050224 0.26428418489738748 -0.49546577020998928 3.8270886075986184 1.4889765810654649 -4.9687386696735549 2.3669249543694377 -1.5689966746292556 1.1866651105469672 -2.3202076942446115
leaf_weight=803 642811 1244 6520 1214 967 1025 1273 812 830 2153 843 825 851 1147 4516 1027 1196 806 1550 906 867 800 982 818 831 837 1899 1174 2281 937
leaf_count=803 642811 1244 6520 1214 967 1025 1273 812 830 2153 843 825 851 1147 4516 1027 1196 806 1550 906 867 800 982 818 831 837 1899 1174 2281 937
internal_value=0.00509636 -0.320675 -0.811635 -1.4536 -0.0441166 -0.432149 -1.94608 -3.5657 0.683549 0.981894 0.00806462 -1.9294 0.212883 -1.31048 1.62995 1.98335 -1.91674 -2.29089 -1.17759 -3.18949 -4.5616 -1.82519 0.500932 0.297187 -1.29616 -2.56972 0.892121 0.505028 0.983006 0.161528
internal_weight=684745 41934 15103 8583 26831 17502 3935 2662 9329 8499 13567 1637 12600 1998 6346 5543 7339 6125 2746 3379 1673 1706 10602 9759 2650 1819 7109 6291 5117 3218
internal_count=684745 41934 15103 8583 26831 17502 3935 2662 9329 8499 13567 1637 12600 1998 6346 5543 7339 6125 2746 3379 1673 1706 10602 9759 2650 1819 7109 6291 5117 3218
is_linear=0
shrinkage=0.04


Tree=189
num_leaves=31
num_cat=0
split_feature=28 13 52 2 14 0 15 31 12 14 10 6 52 14 43 31 9 5 43 48 17 13 52 46 5 13 5 32 51 40
split_gain=3.16419e+06 3.38471e+06 3.25721e+06 5.24097e+06 4.26846e+06 3.85682e+06 3.25463e+06 3.40785e+06 3.4163e+06 5.55742e+06 4.96419e+06 8.83677e+06 8.09863e+06 1.13388e+07 9.76078e+06 6.62493e+06 5.76208e+06 7.96198e+06 5.88604e+06 8.32978e+06 6.51998e+06 6.112e+06 5.17824e+06 5.10619e+06 4.93646e+06 4.9511e+06 4.91767e+06 4.86772e+06 4.74148e+06 4.53399e+06
threshold=1.3162135481834414 0.32353574037551885 0.19772730022668841 0.13579273223876956 0.84538573026657116 0.03505444526672364 0.91905689239501964 92.055000305175795 0.035747520625591285 0.27294901013374334 -0.38456666469573969 0.088101863861083998 0.0046067312359809884 0.74114662408828746 37.500000000000007 25.045000076293949 -0.015106111764907835 0.039655447006225593 43.500000000000007 -0.23812651634216306 0.020852201618254188 0.97834178805351268 -0.13530768454074857 -0.028174386359751221 0.11996340751647951 0.80800119042396557 -0.28175759315490717 1.1082790493965151 -0.010112445801496504 0.0081271529197692888
decision_type=8 8 10 8 10 10 2 8 8 8 8 10 8 10 2 10 10 8 2 10 2 10 10 8 10 10 10 8 10 10
left_child=1 -1 3 -2 -4 -5 7 8 10 -10 11 12 16 -14 -15 -16 17 18 20 21 -3 -20 -23 -22 25 28 -25 -13 -18 -11
right_child=2 6 4 5 -6 -7 -8 -9 9 29 -12 27 13 14 15 -17 24 -19 19 -21 23 22 -24 26 -26 -27 -28 -29 -30 -31
leaf_value=1.6812862591917923 -0.15175696190373553 -2.4661436726027381 -1.6641309039777152 1.7771673684070413 -0.14959923257521798 0.0040148632610425943 -1.8747872089937268 -1.9213128137132278 2.2213109507387561 0.18124121618637451 0.049743861348985938 -4.0934878778054964 -0.31435277919595683 -0.71091532993446305 -7.699228774286639 -2.7717621402649941 4.0950772315098414 1.9542743874523425 -2.2497698598482008 2.2917284034538272 -2.2021971605110142 2.4402985705486659 -1.1924009273778158 2.6384271518525657 -1.3957059783171262 0.48140914454867167 0.29216106045314943 -1.1330274670184819 1.0283465021990426 2.1633312000903087
leaf_weight=1999 171943 1195 5088 3980 7163 3863 1412 1401 2303 73861 364806 1411 7571 1461 837 938 1565 2313 6297 990 838 918 1931 2177 1230 4641 4134 2403 1672 1884
leaf_count=1999 171943 1195 5088 3980 7163 3863 1412 1401 2303 73861 364806 1411 7571 1461 837 938 1565 2313 6297 990 838 918 1931 2177 1230 4641 4134 2403 1672 1884
internal_value=-0.0109323 0.0427982 -0.148638 -0.105612 -0.779448 0.904934 0.0360823 0.0416407 0.0473227 0.289832 0.00107662 -0.397616 -0.224859 -1.16278 -3.14068 -5.12542 0.114404 -0.25313 -0.530321 -1.17755 0.256379 -1.55517 -0.0174373 0.714275 0.952817 1.3208 1.10441 -2.2361 2.51907 0.230821
internal_weight=684225 492188 192037 179786 12251 7843 490189 488777 487376 78048 409328 44522 40708 10807 3236 1775 29901 20793 18480 10136 8344 9146 2849 7149 9108 7878 6311 3814 3237 75745
internal_count=684225 492188 192037 179786 12251 7843 490189 488777 487376 78048 409328 44522 40708 10807 3236 1775 29901 20793 18480 10136 8344 9146 2849 7149 9108 7878 6311 3814 3237 75745
is_linear=0
shrinkage=0.04


Tree=190
num_leaves=31
num_cat=0
split_feature=39 51 2 52 9 17 23 11 30 23 38 47 48 46 39 13 5 48 48 31 21 15 7 40 7 8 46 8 31 5
split_gain=3.86305e+06 2.95394e+06 4.40391e+06 5.38869e+06 4.3798e+06 5.23455e+06 5.00441e+06 4.90541e+06 4.61751e+06 5.09048e+06 4.14984e+06 4.71218e+06 4.14755e+06 5.08094e+06 4.95409e+06 4.86279e+06 4.1334e+06 3.92739e+06 3.90323e+06 3.56927e+06 3.56277e+06 4.11901e+06 4.0998e+06 3.53469e+06 3.38115e+06 3.63368e+06 3.36838e+06 3.34656e+06 6.60148e+06 6.32281e+06
threshold=-0.45900826156139368 -0.0025003813207149501 0.010531902313232424 -0.2469137832522392 0.097298860549926772 0.032679738476872451 -0.11764371395111083 2.7874723672866826 1.3788036704063418 -0.14435589313507077 0.070218253880739226 0.0014820817741565408 0.08145767450332643 -0.055686302483081811 0.087727449834346785 0.59250363707542431 -0.094774723052978502 0.0041281410958617934 0.14583359658718112 43.204999923706062 4.645616054534913 -0.79430451989173878 0.050263941287994392 3.9629228115081792 0.0015595555305480959 -0.063823133707046495 0.018976511433720592 -0.25069844722747797 58.664999008178718 -0.27158308029174799
decision_type=8 10 8 10 8 2 8 8 8 10 10 10 8 10 8 8 10 8 10 10 10 2 8 8 8 10 10 10 10 10
left_child=-1 2 10 -4 5 -3 -6 -7 9 -9 11 18 13 -12 15 -14 26 -8 20 -11 22 -22 -2 -13 25 -16 -5 28 -23 -29
right_child=1 4 3 16 6 7 17 8 -10 19 12 23 14 -15 24 -17 -18 -19 -20 -21 21 27 -24 -25 -26 -27 -28 29 -30 -31
leaf_value=-2.3982487954747724 0.096114310632999356 0.008031219642506084 3.5194028276486407 1.4086792825236745 2.7192198030282095 -0.2678086181222285 -1.6510059549023053 -3.8278063775924434 1.3185725644593516 -0.52229544831366148 -2.1380307665093419 0.47498008518616447 -3.3224222363330997 0.10068500745952999 -1.253965024827596 -0.19064678553838171 0.15960451534441417 0.27735472991849014 2.8059178518008721 -2.9025844666452931 -0.77104846549124773 -1.2204420790228789 1.0429076798708383 2.1120304998160431 -1.0129760154245167 -4.7485576652977253 -0.51399448206969811 0.9299714003265791 1.8933144733939733 -0.016421092192815102
leaf_weight=1066 21352 169042 901 8715 1292 121841 1746 1382 935 4084 1688 22633 822 36257 942 17087 28798 44926 807 1331 11375 7268 11125 2319 4158 973 1745 12245 1272 144188
leaf_count=1066 21352 169042 901 8715 1292 121841 1746 1382 935 4084 1688 22633 822 36257 942 17087 28798 44926 807 1331 11375 7268 11125 2319 4158 973 1745 12245 1272 144188
internal_value=-0.00340461 0.00036685 0.0847515 0.4778 -0.0816053 -0.138595 0.273158 -0.329871 -1.30624 -1.66872 0.0315034 0.10839 -0.25972 0.000557685 -0.671367 -0.336165 0.407114 0.204877 0.0465259 -1.11164 0.0357284 -0.035182 0.42066 0.62791 -1.65768 -3.04499 1.08774 0.0156002 -0.754988 0.0577137
internal_weight=684315 683249 336670 40159 346579 298615 47964 129573 7732 6797 296511 234584 61927 37945 23982 17909 39258 46672 209632 5415 208825 176348 32477 24952 6073 1915 10460 164973 8540 156433
internal_count=684315 683249 336670 40159 346579 298615 47964 129573 7732 6797 296511 234584 61927 37945 23982 17909 39258 46672 209632 5415 208825 176348 32477 24952 6073 1915 10460 164973 8540 156433
is_linear=0
shrinkage=0.04


Tree=191
num_leaves=31
num_cat=0
split_feature=33 5 52 13 6 7 50 12 29 31 46 6 43 36 30 12 21 12 16 9 52 21 17 29 33 13 33 5 6 5
split_gain=2.91197e+06 8.01546e+06 5.77846e+06 4.86231e+06 4.02426e+06 3.37411e+06 2.72996e+06 3.86565e+06 3.95024e+06 2.80689e+06 2.47241e+06 2.44347e+06 2.39549e+06 4.56985e+06 5.7268e+06 3.49978e+06 3.54097e+06 3.31634e+06 2.33274e+06 3.61025e+06 3.58311e+06 4.08065e+06 4.76561e+06 4.42302e+06 4.00556e+06 4.63874e+06 4.60794e+06 4.02219e+06 3.54761e+06 4.05298e+06
threshold=22.666954040527347 -0.2549376487731933 -0.016589272767305371 1.0616458058357241 0.080188751220703139 -0.084795743227004991 -0.13975220918655393 0.020641473121941093 1.1032978892326357 23.545000076293949 -0.0060091537889093152 0.42115616798400884 1.0000000180025095e-35 -0.45091193914413447 0.76388517022132885 0.014698017854243519 40.399513244628913 0.019897691905498508 0.031074883416295055 0.097298860549926772 0.10269350931048395 17.774847984313968 0.028705390170216564 0.95369097590446483 18.970213890075687 0.73198500275611889 18.764594078063968 0.57474732398986828 1.1519308090209963 -0.47641420364379877
decision_type=8 8 8 8 8 8 8 10 10 10 8 10 2 8 10 10 10 10 10 8 8 10 2 8 10 8 10 8 8 10
left_child=6 -2 5 -4 -5 -3 7 8 -1 -9 -6 -7 13 15 -15 -8 -17 -16 19 20 -14 23 -23 -22 26 -26 -24 -27 29 -20
right_child=1 2 3 4 10 11 12 9 -10 -11 -12 -13 18 14 17 16 -18 -19 28 -21 21 22 24 -25 25 27 -28 -29 -30 -31
leaf_value=1.2013664576729384 -4.2864312596605458 2.8929912824135635 -0.11283225487226121 -4.5250621485890825 -3.1429358483443228 -0.35614757731149721 0.15840168896656465 -0.12667620293316731 -2.5883645627999581 1.8567213509482623 -0.47864734913959944 2.1093579911933524 0.029810930458365071 1.7871891573759981 0.30694040918598359 -1.0760737448128885 -4.5511979758436203 -2.7304399613439525 1.9005723047399841 0.34588207741691057 -1.6672710078530384 0.1266913412611195 -0.50736998053731708 1.0069295946542116 1.1328139535990036 -1.148578034330215 1.7986347954250943 -3.4748366737280771 -2.0171668493596444 -0.5114850267324379
leaf_weight=805 862 982 4612 823 805 2625 834 1591 949 4021 1777 841 540891 1808 1143 882 1012 1144 1258 52467 1177 14416 10176 5956 1308 14668 1595 1288 2103 9209
leaf_count=805 862 982 4612 823 805 2625 834 1591 949 4021 1777 841 540891 1808 1143 882 1012 1144 1258 52467 1177 14416 10176 5956 1308 14668 1595 1288 2103 9209
internal_value=0.00649163 -0.578768 -0.319139 -0.960225 -2.10431 0.835904 0.0181293 0.78342 -0.852113 1.2952 -1.31822 0.246437 0.00961949 -0.735461 0.11013 -2.00054 -2.94705 -1.21769 0.0173741 0.0279123 -0.0002987 -0.322201 -0.467769 0.563949 -0.762864 -1.15064 -0.193639 -1.33842 -0.522077 -0.220049
internal_weight=684028 13327 12465 8017 3405 4448 670701 7366 1754 5612 2582 3466 663335 6823 4095 2728 1894 2287 656512 643942 591475 50584 43451 7133 29035 17264 11771 15956 12570 10467
internal_count=684028 13327 12465 8017 3405 4448 670701 7366 1754 5612 2582 3466 663335 6823 4095 2728 1894 2287 656512 643942 591475 50584 43451 7133 29035 17264 11771 15956 12570 10467
is_linear=0
shrinkage=0.04


Tree=192
num_leaves=31
num_cat=0
split_feature=33 8 23 50 48 3 23 48 48 5 10 9 3 33 3 14 12 52 2 17 5 2 12 39 12 17 14 9 8 21
split_gain=2.59728e+06 6.72116e+06 4.35562e+06 3.82445e+06 2.96513e+06 4.08743e+06 3.88363e+06 2.87903e+06 4.15077e+06 2.48386e+06 7.50916e+06 3.63532e+06 8.16793e+06 4.43052e+06 4.69839e+06 3.95432e+06 4.39216e+06 3.98926e+06 3.6809e+06 3.6448e+06 3.38012e+06 7.14196e+06 6.04334e+06 4.79924e+06 4.26046e+06 4.98324e+06 4.89924e+06 6.46353e+06 6.50036e+06 8.4665e+06
threshold=22.791291236877445 -0.13314104080200193 -0.13189300894737241 0.0012366464361548426 0.23378856480121615 -0.020882725715637204 -0.066139012575149522 0.0032756272703409199 0.17741008847951892 0.60981869697570812 -0.60974219441413868 0.051974594593048103 0.033013105392456062 17.667750358581547 0.33631587028503424 0.94417423009872448 0.035747520625591285 0.21625466644763949 -0.0099898576736450178 0.057766662910580642 0.19174861907958987 0.23628723621368411 0.073001541197299971 0.24646114557981494 0.080387271940708174 0.13111449778079989 0.7296607792377473 -0.21885859966278073 -0.090027481317520128 51.911268234252937
decision_type=8 10 10 8 10 10 10 8 10 10 10 8 10 10 10 8 10 10 10 2 8 10 10 10 10 2 8 8 8 10
left_child=4 -2 -3 -4 9 -6 -7 -5 -9 20 -11 12 18 -13 15 16 -15 -18 19 -12 21 24 23 -22 26 -26 -1 -28 -29 -30
right_child=1 2 3 7 5 6 -8 8 -10 10 11 13 -14 14 -16 -17 17 -19 -20 -21 22 -23 -24 -25 25 -27 27 28 29 -31
leaf_value=0.018192218179768217 -4.0296895922478182 2.4528877339034696 0.3988961369690629 -3.0416383279410537 2.5157302929071501 -1.8893170781992206 0.71313524609189871 -0.1426803460810418 -3.3031876748463977 3.0970964022716929 2.164584350463099 -2.4929274497207392 -5.3826242446811863 1.7060411554774981 -2.5547102821319023 2.1155553158114988 0.38238613220234641 -2.6485479529038884 -2.6211941473011451 -1.3728906953543947 0.22738459700896901 -3.6654982806368803 -2.8484753031853622 -2.0329437266448758 0.54076697551301245 3.9815325657734548 -2.5496105513959972 0.27086830097303205 -0.82705953368842855 -0.023197386262518688
leaf_weight=395377 845 814 3701 1147 1658 1075 5938 3299 823 828 844 1269 807 1331 926 1699 1435 1333 1168 1016 134746 860 1037 1510 3403 831 1960 29614 41228 42640
leaf_count=395377 845 814 3701 1147 1658 1075 5938 3299 823 828 844 1269 807 1331 926 1699 1435 1333 1168 1016 134746 860 1037 1510 3403 831 1960 29614 41228 42640
internal_value=-0.00840176 -0.628514 -0.330955 -0.586031 0.00137888 0.735867 0.312092 -1.2773 -0.780175 -0.00819669 -0.562993 -0.821611 -1.83235 -0.334978 0.0753823 0.49911 -0.17441 -1.08152 -0.871559 0.235278 0.00256105 -0.0443789 0.17894 0.202188 -0.0382615 1.22387 -0.0487467 -0.277987 -0.238532 -0.418413
internal_weight=685162 10629 9784 8970 674533 8671 7013 5269 4122 665862 12656 11828 3835 7993 6724 5798 4099 2768 3028 1860 653206 515913 137293 136256 515053 4234 510819 115442 113482 83868
internal_count=685162 10629 9784 8970 674533 8671 7013 5269 4122 665862 12656 11828 3835 7993 6724 5798 4099 2768 3028 1860 653206 515913 137293 136256 515053 4234 510819 115442 113482 83868
is_linear=0
shrinkage=0.04


Tree=193
num_leaves=31
num_cat=0
split_feature=33 51 32 9 13 13 7 29 29 43 36 51 38 43 33 48 48 9 32 43 36 14 48 32 33 9 38 51 13 14
split_gain=3.34323e+06 3.84938e+06 3.90939e+06 6.22936e+06 5.0394e+06 4.97568e+06 3.99202e+06 3.65999e+06 3.5299e+06 7.60461e+06 6.61903e+06 4.66781e+06 5.24531e+06 8.31512e+06 6.39127e+06 5.7513e+06 5.40885e+06 5.2641e+06 4.65602e+06 4.58965e+06 6.10093e+06 6.24315e+06 7.74205e+06 9.30284e+06 8.95328e+06 9.99272e+06 7.40128e+06 8.01185e+06 7.24867e+06 5.09025e+06
threshold=16.898509025573734 -0.11088960617780684 1.154296398162842 0.008641242980957033 0.69117558002471935 0.968792885541916 0.083413958549499526 1.9975964426994326 1.0610486865043642 5.5000000000000009 -0.55208471417427052 -0.0035771513357758518 -0.29099187254905695 39.500000000000007 21.510443687438968 0.046303164213895805 -0.0069466880522668353 -0.1101822257041931 1.6650887727737429 11.500000000000002 -0.26617126166820521 0.91105294227600109 -0.054708158597350114 0.76222476363182079 18.934029579162601 -0.035524874925613396 0.43172526359558111 0.0077942507341504106 1.107261121273041 0.58186954259872448
decision_type=10 10 8 8 8 8 8 10 10 2 10 8 10 2 10 8 10 8 10 2 10 10 10 10 10 8 10 10 10 10
left_child=1 -1 7 4 -4 -5 -6 -3 9 10 18 12 13 17 16 -14 -15 -11 -2 20 21 22 23 -10 25 -25 27 -23 29 -26
right_child=8 2 3 5 6 -7 -8 -9 19 11 -12 -13 15 14 -16 -17 -18 -19 -20 -21 -22 26 -24 24 28 -27 -28 -29 -30 -31
leaf_value=3.0652429422938043 -1.2619900404586424 1.0852910690352535 1.0955000410247795 2.0467447524934759 -3.1302257142113157 -0.49258682483919586 -0.51673505208075687 -0.23661316236986993 1.9058107165985112 3.1186315198545063 0.89632887694788821 -0.046256508049320751 0.39346562174066807 0.035370547910723187 1.8407716610589375 -0.59697936848573196 1.4092248084248766 0.79741134080306908 -4.1355668249012716 -0.14960251321629831 1.2622539647838289 -3.4541205483063555 -0.29788283430993745 -4.8487425802574133 0.83171015652183156 -0.20399975871721449 1.0038792057015213 -0.0033950121781800213 1.9688414708723949 -1.2293124991870288
leaf_weight=861 4472 12434 1098 2370 2106 2559 1684 4582 7495 1626 1873 129214 17492 78631 3573 20206 4859 35886 1126 298079 7990 2544 22181 1038 4566 2534 1861 1861 4580 3290
leaf_count=861 4472 12434 1098 2370 2106 2559 1684 4582 7495 1626 1873 129214 17492 78631 3573 20206 4859 35886 1126 298079 7990 2544 22181 1038 4566 2534 1861 1861 4580 3290
internal_value=0.0174967 0.447927 0.362833 -0.272646 -1.2832 0.730066 -1.9734 0.729404 -0.000654094 0.100809 -1.15846 0.133123 0.275953 0.401048 0.186494 -0.137427 0.115486 0.898832 -1.84633 -0.0853793 0.233972 0.0756076 0.238073 0.743793 0.198882 -1.5635 -1.10738 -1.99959 0.705942 -0.0318873
internal_weight=684671 27694 26833 9817 4888 4929 3790 17016 656977 298958 7471 291487 162273 124575 87063 37698 83490 37512 5598 358019 59940 51950 45684 23503 16008 3572 6266 4405 12436 7856
internal_count=684671 27694 26833 9817 4888 4929 3790 17016 656977 298958 7471 291487 162273 124575 87063 37698 83490 37512 5598 358019 59940 51950 45684 23503 16008 3572 6266 4405 12436 7856
is_linear=0
shrinkage=0.04


Tree=194
num_leaves=31
num_cat=0
split_feature=20 1 28 10 9 29 31 16 36 17 30 52 8 28 1 52 13 16 36 21 30 6 14 29 31 6 29 13 15 8
split_gain=3.24946e+06 6.18266e+06 3.90307e+06 4.09272e+06 3.84596e+06 5.61139e+06 5.86899e+06 7.9531e+06 6.30099e+06 3.9726e+06 3.7523e+06 4.5259e+06 5.43608e+06 5.41766e+06 3.93771e+06 4.14488e+06 4.4936e+06 4.01947e+06 4.05803e+06 3.66147e+06 4.14932e+06 4.14583e+06 4.88354e+06 4.93559e+06 3.64819e+06 4.93651e+06 4.49543e+06 4.07919e+06 4.19276e+06 4.07564e+06
threshold=1.5000000000000002 0.10441589355468751 0.64295628666877758 -0.53458142280578602 0.064046919345855727 1.7604409456253054 39.565000534057624 0.0019412731053307655 -0.76870769262313832 0.028865114785730842 1.0847847461700442 -0.31614080071449274 -0.27366036176681513 1.1241821646690371 -0.055988311767578118 -0.14710818976163861 0.93026670813560497 -0.015823894180357453 -0.84916532039642323 31.695624351501468 1.3699040412902834 1.1519308090209963 0.97953951358795177 3.9052432775497441 23.045000076293949 -0.0038337707519531246 3.9052432775497441 1.107261121273041 -0.5744677186012267 0.012632250785827638
decision_type=2 10 8 8 10 8 10 10 10 2 8 8 10 10 10 10 10 10 8 10 8 10 10 10 8 8 10 10 2 10
left_child=1 4 3 -2 5 10 7 -7 9 -9 11 -1 13 -13 15 16 -14 -17 -19 20 -6 22 -21 -24 26 29 -11 -27 -29 -26
right_child=2 -3 -4 -5 19 6 -8 8 -10 24 -12 12 14 -15 -16 17 -18 18 -20 21 -22 -23 23 -25 25 27 -28 28 -30 -31
leaf_value=2.1216365547781382 2.5085870937042616 1.5709879757846295 -0.2308904321759101 0.20320410651609525 1.6299325737110149 -0.058745592368358433 0.0020405995863741599 -0.13941816545793381 0.19177443790122709 -0.4408966030834347 -0.10768669873783492 -2.2001320455839859 -2.56358902882307 1.4829336448254591 0.10756485897822632 -0.59085885507478797 0.55108738488027276 -0.82936946779713294 1.3894579874350848 0.41130229649647648 -1.3527822652493717 -1.1297594648072291 -3.7890067886401324 0.37670460566715996 -5.8840732696114015 -2.8620335839665128 -3.7329484813094576 -2.3819384084802535 1.0953077398174882 -2.3420674513194424
leaf_weight=1838 1301 4195 149198 20523 5643 14846 37296 2165 3493 3447 145879 2877 1199 813 212992 2392 1908 1455 13494 43700 852 3347 899 908 1086 2888 813 1057 1147 1030
leaf_count=1838 1301 4195 149198 20523 5643 14846 37296 2165 3493 3447 145879 2877 1199 813 212992 2392 1908 1455 13494 43700 852 3347 899 908 1086 2888 813 1057 1147 1030
internal_value=-0.0067898 0.0434923 -0.157804 0.341722 0.0308841 -0.0074876 -0.338889 -0.736467 -1.32359 -1.7117 0.0521681 0.149753 0.13438 -1.38685 0.158484 0.688561 -0.655243 0.92957 1.17309 0.345652 1.23719 0.226896 0.326903 -1.70522 -2.00815 -2.55654 -1.07644 -1.87543 -0.575545 -4.17907
internal_weight=684681 513659 171022 21824 509464 454115 69268 31972 17126 13633 384847 238968 237130 3690 233440 20448 3107 17341 14949 55349 6495 48854 45507 1807 11468 7208 4260 5092 2204 2116
internal_count=684681 513659 171022 21824 509464 454115 69268 31972 17126 13633 384847 238968 237130 3690 233440 20448 3107 17341 14949 55349 6495 48854 45507 1807 11468 7208 4260 5092 2204 2116
is_linear=0
shrinkage=0.04


Tree=195
num_leaves=31
num_cat=0
split_feature=11 12 2 31 29 39 10 43 31 31 6 4 15 22 10 43 2 43 10 6 39 10 48 31 12 2 4 10 22 29
split_gain=2.86118e+06 5.1435e+06 4.59263e+06 2.90596e+06 2.86652e+06 3.7017e+06 5.94331e+06 5.52271e+06 5.13047e+06 3.13689e+06 3.05821e+06 3.60695e+06 5.92632e+06 5.38502e+06 4.41525e+06 5.73571e+06 3.86906e+06 3.7878e+06 3.71819e+06 3.33851e+06 2.74153e+06 5.01501e+06 3.54063e+06 3.24702e+06 2.77505e+06 2.67119e+06 9.93268e+06 4.65757e+06 5.32371e+06 4.2256e+06
threshold=0.028983235359191898 0.080387271940708174 -0.1981847286224365 35.305000305175788 0.48055011034011846 -0.27653010189533228 -0.44746303558349604 44.500000000000007 22.785000801086429 63.545000076293952 -0.073394775390624986 -0.15559482574462888 -0.71717211604118336 0.11628831550478937 -0.41905474662780756 50.500000000000007 -0.098119020462036119 47.500000000000007 -0.38901802897453303 -0.45888924598693842 -0.052983429282903664 -0.30520066618919367 -0.13948772102594373 43.414999008178718 0.023348038084805015 -0.075511455535888658 0.039192438125610359 -0.71715325117111195 0.14195902645587924 1.472383499145508
decision_type=8 8 10 10 8 10 10 2 10 10 10 10 2 10 10 2 10 2 10 8 10 10 8 10 10 8 10 8 10 10
left_child=1 2 3 -1 -4 9 7 8 -7 10 11 13 -13 14 15 -6 -17 18 -14 -19 21 -8 -22 24 -24 26 27 28 -2 -29
right_child=25 -3 4 -5 5 6 20 -9 -10 -11 -12 12 17 -15 -16 16 -18 19 -20 -21 22 -23 23 -25 -26 -27 -28 29 -30 -31
leaf_value=-4.1552974248244281 0.24609566716617429 2.7583413088116657 1.8823722791895077 -0.85569706257478684 3.0599658063890156 -1.9664995441388002 2.552346109188862 4.2405855842259772 2.0969002618952493 0.18081094738329154 1.0745628687360642 -4.7251292965934368 -4.2613896031279435 -2.6298605664802244 -2.4219626300069699 -2.1614239292017845 1.4883362503832545 1.7336958868359886 -1.0982324285594218 -1.5014086893592316 1.8161019194457264 -1.1729535993817417 -2.3529100664171203 -0.21324803858531849 -0.034645942882683037 -0.031320883182389618 1.6836810408482834 0.41284603593562319 -4.0572207353604215 -0.56743696315730852
leaf_weight=831 907 804 884 881 1177 815 1278 893 1242 3585 891 1072 1060 1503 808 1009 845 857 1360 1231 854 1041 2953 5390 1146 606131 6904 24730 921 9822
leaf_count=831 907 804 884 881 1177 815 1278 893 1242 3585 891 1072 1060 1503 808 1009 845 857 1360 1231 854 1041 2953 5390 1146 606131 6904 24730 921 9822
internal_value=-0.0284771 -0.383873 -0.459847 -2.47214 -0.35109 -0.415346 0.0187366 1.6325 0.485224 -0.855187 -1.16948 -1.35336 -2.06386 -0.608731 0.187335 0.888595 -0.498907 -1.42196 -2.49558 -0.171656 -0.358231 0.882202 -0.636931 -0.859381 -1.70643 -0.00964042 0.293901 0.0297655 -1.93232 0.1341
internal_weight=683825 34410 33606 1712 31894 31010 15612 2950 2057 15398 11813 10922 5580 5342 3839 3031 1854 4508 2420 2088 12662 2319 10343 9489 4099 649415 43284 36380 1828 34552
internal_count=683825 34410 33606 1712 31894 31010 15612 2950 2057 15398 11813 10922 5580 5342 3839 3031 1854 4508 2420 2088 12662 2319 10343 9489 4099 649415 43284 36380 1828 34552
is_linear=0
shrinkage=0.04


Tree=196
num_leaves=31
num_cat=0
split_feature=31 2 8 38 52 10 10 23 1 14 12 28 8 10 4 31 1 9 36 42 14 51 43 29 35 10 9 29 10 16
split_gain=2.31172e+06 5.62142e+06 5.39934e+06 4.97692e+06 5.41989e+06 6.257e+06 4.97645e+06 4.74233e+06 4.99027e+06 4.78696e+06 5.86297e+06 4.46289e+06 4.35352e+06 5.18705e+06 4.73259e+06 3.95907e+06 3.86932e+06 4.28626e+06 3.85936e+06 4.75789e+06 3.68235e+06 3.66997e+06 8.02299e+06 4.42803e+06 5.67473e+06 3.95848e+06 8.32448e+06 5.0771e+06 4.91771e+06 3.83131e+06
threshold=24.795000076293949 0.08585453033447267 -0.27366036176681513 -0.070091899484395967 -0.19071871042251584 -0.71715325117111195 -0.47484093904495234 -0.17784380912780759 -0.11792838573455809 0.43063947558403021 0.027241707779467109 0.84090590476989757 -0.15699476003646848 -0.71715325117111195 0.30675351619720465 10.375000000000002 -0.064799308776855455 -0.065046668052673326 -0.8302558660507201 1.0000000180025095e-35 0.35833513736724859 0.020402716472744945 13.500000000000002 1.5571035146713259 -0.05244155786931514 -0.7799873650074004 0.019092142581939701 0.80277141928672802 -0.7480187416076659 0.019716355018317703
decision_type=10 10 10 8 8 8 10 8 10 8 10 10 8 10 8 10 10 8 10 2 10 10 2 10 10 8 8 10 8 10
left_child=1 3 -3 18 5 -5 -7 8 -6 10 -9 -8 -11 14 -14 -10 -15 -18 19 -1 -20 25 23 -23 -25 26 27 -2 -27 -24
right_child=21 2 -4 4 7 6 11 9 15 12 -12 -13 13 16 -16 -17 17 -19 20 -21 -22 22 29 24 -26 28 -28 -29 -30 -31
leaf_value=-0.097807830827952413 0.3365459202156692 3.478917152072067 0.35690866376856373 -4.9198229805112028 -1.8503541914454482 0.64869619727410111 -0.31005591680773448 -0.091792926517812581 3.2620520604936702 -3.3271931313535497 2.620974901770178 -4.1873752858696358 2.1549744375217812 0.72144440621776096 -1.2319926429275543 0.52302328745145699 -2.9484404356358049 -0.71720100178109503 -0.71920089893499195 -2.4478275584957347 0.70024462478673644 -0.011590054157376288 -0.19492776418417163 2.1288826516180706 0.30066210365446422 -2.4590843338684834 -1.8464681650004895 3.1854457069549014 0.09378633562921973 -1.0767846023232817
leaf_weight=9284 1698 928 16173 821 1271 1532 881 14777 940 942 1385 1025 1971 2884 982 7656 1414 43422 3469 1609 18371 10190 117189 5052 5871 1201 1127 2437 399291 8442
leaf_count=9284 1698 928 16173 821 1271 1532 881 14777 940 942 1385 1025 1971 2884 982 7656 1414 43422 3469 1609 18371 10190 117189 5052 5871 1201 1127 2437 399291 8442
internal_value=0.00250691 -0.148056 0.528261 -0.248984 -0.415588 -1.8033 -1.04696 -0.339245 0.479715 -0.458523 0.142154 -2.40616 -0.646602 -0.596123 1.0283 0.825987 -0.69684 -0.78821 0.167884 -0.446855 0.474558 0.038409 -0.133011 0.588287 1.14741 0.100406 1.18933 2.01921 0.0860695 -0.254267
internal_weight=684235 131737 17101 114636 81903 4259 3438 77644 9867 67777 16162 1906 51615 50673 2953 8596 47720 44836 32733 10893 21840 552498 146744 21113 10923 405754 5262 4135 400492 125631
internal_count=684235 131737 17101 114636 81903 4259 3438 77644 9867 67777 16162 1906 51615 50673 2953 8596 47720 44836 32733 10893 21840 552498 146744 21113 10923 405754 5262 4135 400492 125631
is_linear=0
shrinkage=0.04


Tree=197
num_leaves=31
num_cat=0
split_feature=30 11 6 31 30 0 23 3 6 7 8 41 7 39 0 18 32 15 30 51 6 9 17 31 32 11 30 33 32 5
split_gain=2.70315e+06 3.35078e+06 3.49944e+06 2.72336e+06 5.51016e+06 5.52619e+06 4.80298e+06 5.18044e+06 4.13318e+06 4.48884e+06 4.81455e+06 3.42221e+06 4.83221e+06 5.18555e+06 3.24085e+06 6.86956e+06 5.79133e+06 5.12242e+06 4.42303e+06 4.05674e+06 4.02348e+06 3.84172e+06 3.58363e+06 3.53846e+06 3.17867e+06 3.17699e+06 3.12118e+06 3.11042e+06 3.65353e+06 3.05097e+06
threshold=0.54593411087989818 0.23326683044433597 0.032922029495239265 12.684999942779543 1.3526996970176699 -0.028406620025634762 -0.03271088004112243 -0.10059833526611327 0.50577783584594738 0.046476125717163093 -0.15159234404563901 1.0000000180025095e-35 -0.048140674829483025 -0.024674841202795502 -0.049760222434997552 -0.027762389741837975 1.1698019504547121 -0.81052643060684193 1.1257754564285281 -0.11088960617780684 -1.3762149810791013 -0.037163555622100823 0.14342848211526874 46.215000152587898 1.6319330930709841 0.28381186723709112 0.82842004299163829 21.02662563323975 1.3433625102043154 -0.6508880853652953
decision_type=8 8 10 10 8 10 8 10 10 10 10 2 10 10 8 2 10 2 8 10 10 8 2 10 10 8 10 10 10 8
left_child=1 2 -1 4 5 26 7 -7 9 10 -9 14 13 -13 15 16 17 18 -5 -18 -21 23 -22 -19 -12 -26 -2 -14 -29 -16
right_child=3 -3 -4 11 -6 6 -8 8 -10 -11 24 12 27 -15 29 -17 19 21 -20 20 22 -23 -24 -25 25 -27 -28 28 -30 -31
leaf_value=0.80744702666979196 0.05042381970427768 0.12209879140479198 3.3696454884935134 -1.1508389578670157 -3.5214178217135585 1.091440995091965 0.80548094376336188 -3.739486018621315 0.31911152794375258 -3.2556949237625497 -1.650548437951957 -2.8254715862022928 3.0273136585694078 1.3749768923696244 0.92587067252350796 -2.7765623590603292 2.2905576099876717 -2.460424453955623 -4.9624409329672474 2.6542362074010515 0.062055542507594881 0.87952515116357644 -2.6344867535785297 -0.034495910860010887 -0.84925301351088134 2.0347962101129728 3.4500529542368885 -1.2990683367306863 2.2318665114656118 0.0073425610936752178
leaf_weight=5565 836 15268 1000 1122 904 1688 3146 934 2013 2172 2401 901 1789 963 5831 1909 1493 1895 862 840 6975 2129 879 1944 1416 1060 885 821 1068 613719
leaf_count=5565 836 15268 1000 1122 904 1688 3146 934 2013 2172 2401 901 1789 963 5831 1909 1493 1895 862 840 6975 2129 879 1944 1416 1060 885 821 1068 613719
internal_value=0.00947545 0.447296 1.20226 -0.00495759 -0.497822 -0.33065 -0.579943 -0.953348 -1.29939 -1.7074 -1.12409 0.00838494 0.997192 -0.659633 -0.000198355 -0.500609 -0.259684 -1.06797 -2.82347 0.371698 0.0399242 -0.480631 -0.242701 -1.23526 -0.61659 0.388655 1.80847 1.83638 0.698487 0.0160022
internal_weight=684428 21833 6565 662595 17455 16551 14830 11684 9996 7983 5811 645140 5542 1864 639598 20048 18139 7952 1984 10187 8694 5968 7854 3839 4877 2476 1721 3678 1889 619550
internal_count=684428 21833 6565 662595 17455 16551 14830 11684 9996 7983 5811 645140 5542 1864 639598 20048 18139 7952 1984 10187 8694 5968 7854 3839 4877 2476 1721 3678 1889 619550
is_linear=0
shrinkage=0.04


Tree=198
num_leaves=31
num_cat=0
split_feature=29 30 17 31 15 30 0 31 22 7 30 22 29 3 51 9 3 7 38 17 31 11 30 39 3 23 11 30 7 32
split_gain=3.21153e+06 4.00782e+06 3.80038e+06 2.89378e+06 5.58776e+06 5.10125e+06 6.16482e+06 4.92473e+06 4.69642e+06 4.57126e+06 7.91426e+06 5.50794e+06 6.3621e+06 4.95899e+06 4.55378e+06 4.95093e+06 4.27776e+06 4.04764e+06 3.90373e+06 5.49364e+06 3.96649e+06 3.81671e+06 3.66711e+06 3.74964e+06 4.32414e+06 3.62036e+06 3.56689e+06 3.89035e+06 3.54187e+06 3.5179e+06
threshold=15.750433921813967 0.55886176228523265 0.058382214978337295 43.614999771118171 -0.51667213439941395 1.1228125095367434 -0.012914896011352537 17.394999504089359 0.20052993297576907 -0.27782642841339106 1.0904970765113833 0.19234050810337069 1.2531113028526308 -0.14549183845520017 0.087670173496007933 -0.14332723617553708 -0.088505744934082017 0.015895187854766849 0.81735605001449596 0.036055989563465125 8.8550000190734881 1.6967481374740603 0.99929529428482067 -0.17823680490255353 -0.043446302413940423 -0.32087004184722895 0.042185246944427497 0.82493188977241527 -0.022323876619338986 1.0034701228141787
decision_type=10 8 2 10 2 8 10 10 10 8 10 8 10 10 10 10 8 8 10 2 8 8 10 10 10 10 10 8 10 8
left_child=1 -1 -2 4 5 6 -3 -7 16 10 25 12 13 17 15 29 28 -11 19 20 -13 -20 23 24 -17 -6 -15 -28 -9 -5
right_child=2 3 -4 14 9 7 -8 8 -10 11 -12 18 -14 26 -16 22 -18 -19 21 -21 -22 -23 -24 -25 -26 -27 27 -29 -30 -31
leaf_value=0.52586412324493437 0.4406867237951505 0.16565108868477868 -2.7435599569094173 -0.0023243581092314341 -1.4643210426085604 -2.7443560968438785 -0.5701608435212181 -1.225012719588159 -0.26669387730117511 0.038322555185153789 2.0406142909567233 -2.0721628951803801 -1.7087982610717487 -1.7850022864633781 -0.97134331740345548 1.2160139822360483 -2.2887155280237814 3.2231403100916034 -0.49407987118169855 -0.12845331369315532 0.34615778714225953 1.6819106487857187 -0.0073516392783193295 -0.037188173386587663 0.32699560819858009 0.4041244120047951 0.83333627733638038 -0.64590761852856615 1.3118383397316447 1.9056905097551293
leaf_weight=23830 1018 41742 1441 2468 1921 1910 32313 3127 17487 1500 4710 1088 6093 2781 6352 10861 4353 1102 27301 81886 94160 1344 204954 33108 45022 11783 3998 9793 1215 4129
leaf_count=23830 1018 41742 1441 2468 1921 1910 32313 3127 17487 1500 4710 1088 6093 2781 6352 10861 4353 1102 27301 81886 94160 1344 204954 33108 45022 11783 3998 9793 1215 4129
internal_value=0.0111602 0.0163706 -1.42887 -0.00207474 -0.080413 -0.329592 -0.155445 -0.78845 -0.644772 0.0216278 0.627982 -0.0267227 -0.583952 -0.225801 0.0876767 0.110091 -1.40397 1.39433 0.0417229 0.111788 0.318319 -0.391433 0.0857483 0.300142 0.499965 0.141333 -0.480869 -0.216783 -0.513755 1.19296
internal_weight=684790 682331 2459 658501 351607 102147 74055 28092 26182 249460 18414 231046 25267 19174 306894 300542 8695 2602 205779 177134 95248 28645 293945 88991 55883 13704 16572 13791 4342 6597
internal_count=684790 682331 2459 658501 351607 102147 74055 28092 26182 249460 18414 231046 25267 19174 306894 300542 8695 2602 205779 177134 95248 28645 293945 88991 55883 13704 16572 13791 4342 6597
is_linear=0
shrinkage=0.04


Tree=199
num_leaves=31
num_cat=0
split_feature=9 6 32 13 51 32 13 0 32 14 48 43 12 32 47 8 13 38 34 4 32 13 37 32 6 13 32 48 5 38
split_gain=2.65958e+06 3.96103e+06 6.31838e+06 4.77868e+06 4.66426e+06 4.8965e+06 4.88716e+06 4.25075e+06 4.78264e+06 5.08467e+06 2.6814e+06 4.71802e+06 1.10507e+07 6.39854e+06 6.29936e+06 5.87435e+06 4.7904e+06 4.68616e+06 4.44202e+06 4.91897e+06 7.64088e+06 5.19164e+06 4.30785e+06 4.19616e+06 3.90149e+06 3.92155e+06 3.80895e+06 4.94941e+06 6.53785e+06 3.77935e+06
threshold=-0.14332723617553708 -0.042012453079223626 0.91330569982528698 0.78037822246551525 -0.031578510999679558 1.2872674465179446 1.4477941393852236 -0.015452146530151365 1.4475677609443667 0.68631908297538768 0.048020195215940482 41.500000000000007 0.019727448932826522 1.3902435898780825 0.0052175112068653115 -0.094381213188171373 0.98090490698814403 -0.55615016818046559 0.15552681684494021 0.035132169723510749 1.3633726239204409 0.98090490698814403 1.0000000180025095e-35 0.57044717669487011 0.14919352531433108 1.0255029797554018 0.40280991792678839 -0.054708158597350114 1.0000000180025095e-35 0.60814914107322704
decision_type=8 8 8 8 10 8 10 10 10 10 8 2 10 8 10 10 8 10 8 10 8 10 10 10 10 10 8 10 10 10
left_child=1 3 -3 -1 6 -6 7 8 9 -5 11 14 26 24 18 -15 22 -17 19 20 23 -22 -16 -2 -14 -26 -13 28 -28 -18
right_child=10 2 -4 4 5 -7 -8 -9 -10 -11 -12 12 13 15 16 17 29 -19 -20 -21 21 -23 -24 -25 25 -27 27 -29 -30 -31
leaf_value=2.9294851122871313 0.68413587900147588 -1.2666643982132275 1.898172175287268 1.1873404753117469 0.04197897839225561 -3.5735391554956801 2.2667335207157446 -1.8834237832424043 2.4475695729403761 -2.63492994304849 -0.058828575752587313 -0.61306249681313829 -0.49108530920268395 3.5374086430924452 -0.54728567741277712 -2.2537966627769284 1.6970353071582254 0.88255028132722868 -1.5093982232879974 -1.1109428346851251 1.9114341075889931 0.13500341144434949 0.69436223400449948 -0.52010905555317488 -4.6209385824746487 -1.166608485199927 0.98313133227080107 1.6010040961241085 -3.247289254463027 0.30897067652939592
leaf_weight=807 5621 1250 5104 1173 1189 1198 1515 1789 1278 1043 549657 1790 5906 981 9583 1005 6711 3051 4235 7414 4768 5865 8363 26043 827 1441 2070 15431 803 5898
leaf_count=807 5621 1250 5104 1173 1189 1198 1515 1789 1278 1043 549657 1790 5906 981 9583 1005 6711 3051 4235 7414 4768 5865 8363 26043 827 1441 2070 15431 803 5898
internal_value=-0.0093635 0.494567 1.27455 -0.00221074 -0.262697 -1.77993 0.271886 -0.303376 0.508708 -0.615435 -0.0217119 0.151457 0.55459 -0.343868 -0.00747989 0.776591 0.451332 0.101791 -0.267386 -0.161294 0.00538788 0.93263 0.0313981 -0.306183 -1.03443 -2.44095 1.14517 1.31735 -0.206428 1.04851
internal_weight=683809 16346 6354 9992 9185 2387 6798 5283 3494 2216 667463 117806 33305 13211 84501 5037 30555 4056 53946 49711 42297 10633 17946 31664 8174 2268 20094 18304 2873 12609
internal_count=683809 16346 6354 9992 9185 2387 6798 5283 3494 2216 667463 117806 33305 13211 84501 5037 30555 4056 53946 49711 42297 10633 17946 31664 8174 2268 20094 18304 2873 12609
is_linear=0
shrinkage=0.04


Tree=200
num_leaves=31
num_cat=0
split_feature=9 21 10 31 1 4 51 22 6 30 29 43 9 40 31 22 52 41 52 4 6 48 52 19 48 0 6 9 38 35
split_gain=2.31947e+06 7.01799e+06 5.47066e+06 4.43677e+06 4.15994e+06 4.70789e+06 3.77452e+06 6.61582e+06 3.70292e+06 3.3853e+06 3.36879e+06 6.09488e+06 5.51111e+06 4.70087e+06 4.4641e+06 5.65936e+06 4.8029e+06 4.40871e+06 3.99512e+06 7.24357e+06 3.91993e+06 3.80397e+06 3.8374e+06 4.81004e+06 3.9998e+06 3.7831e+06 3.75064e+06 3.60066e+06 3.39613e+06 3.26384e+06
threshold=0.074490785598754897 69.08380508422853 -0.022243559360504147 19.545000076293949 0.12082540988922121 0.1637227535247803 0.12154097110033037 0.49226242303848272 1.4476814270019533 0.65847226977348339 1.0610486865043642 6.5000000000000009 -0.063494771718978868 0.25554031133651739 71.454998016357436 0.2501655668020249 -0.023995701223611828 1.0000000180025095e-35 -0.2469137832522392 -0.20860934257507321 0.61842799186706554 0.23378856480121615 -0.14710818976163861 5.5000000000000009 0.017366599291563038 -0.040213823318481438 0.53590381145477306 -0.1101822257041931 0.68747645616531383 0.066301759332418456
decision_type=8 10 8 8 8 10 10 10 10 10 8 2 10 10 10 10 10 2 8 10 10 10 8 2 10 10 10 10 10 8
left_child=6 8 -3 4 5 -4 10 -8 -2 -5 11 12 -1 14 17 16 29 21 19 25 -17 22 23 24 26 -13 -12 -27 -14 -16
right_child=1 2 3 9 -6 -7 7 -9 -10 -11 13 18 28 -15 15 20 -18 -19 -20 -21 -22 -23 -24 -25 -26 27 -28 -29 -30 -31
leaf_value=-3.1516873658189639 0.82128377474857428 -0.40822149093580373 2.6360864805830198 -1.2788722548362228 3.336884966787983 -0.25077088220496047 0.85926482053264841 -3.6576392300075247 -1.6205517404815697 0.27873685315082575 -0.58927689115055737 -1.5497998578067271 -0.9684295721001317 0.39913225957910586 -0.01188545745567471 -0.2010156399575081 -0.53493966747943578 1.3710236361704156 0.099444836425755273 4.4687767528573632 1.8914364148413325 1.1120920318248511 -0.19523567047259441 2.0208636449890394 -3.1926421426388085 2.1949276137054414 -2.7578381500661124 -0.86572173503780481 0.87427405939481551 2.8418940828943118
leaf_weight=1461 26702 31119 1372 2470 1318 2608 909 1189 1023 22371 12880 1038 6226 26894 808 13456 1319 2811 281356 903 1593 3377 228124 887 1210 1993 1408 881 2144 3095
leaf_count=1461 26702 31119 1372 2470 1318 2608 909 1189 1023 22371 12880 1038 6226 26894 808 13456 1319 2811 281356 903 1593 3377 228124 887 1210 1993 1408 881 2144 3095
internal_value=0.0122449 0.202727 -0.0362797 0.347764 1.3975 0.74851 -0.016199 -1.70581 0.730633 0.123408 -0.0102013 0.0853655 -0.893413 -0.105171 -0.155237 0.415587 1.54882 -0.201408 0.11902 1.26029 0.0215882 -0.219293 -0.237726 -0.828832 -0.993127 0.510171 -0.804755 1.25696 -0.495936 2.25258
internal_weight=684945 88983 61258 30139 5298 3980 595962 2098 27725 24841 593864 296002 9831 297862 270968 20271 5222 250697 286171 4815 15049 247886 244509 16385 15498 3912 14288 2874 8370 3903
internal_count=684945 88983 61258 30139 5298 3980 595962 2098 27725 24841 593864 296002 9831 297862 270968 20271 5222 250697 286171 4815 15049 247886 244509 16385 15498 3912 14288 2874 8370 3903
is_linear=0
shrinkage=0.04


Tree=201
num_leaves=31
num_cat=0
split_feature=47 48 3 9 19 18 28 5 3 12 10 23 21 17 32 12 38 33 19 10 40 23 1 32 6 33 32 31 14 47
split_gain=2.93309e+06 2.99204e+06 5.24537e+06 2.86914e+06 4.77989e+06 6.55977e+06 4.71813e+06 4.37171e+06 3.7756e+06 4.72662e+06 3.62794e+06 5.36054e+06 3.45464e+06 4.63774e+06 3.35285e+06 3.18024e+06 5.84812e+06 4.79219e+06 4.53832e+06 4.46875e+06 4.63798e+06 5.33335e+06 4.58364e+06 4.44329e+06 4.2986e+06 3.96236e+06 4.96547e+06 5.62883e+06 4.55861e+06 4.3609e+06
threshold=-0.27895608544349665 -0.18334504961967465 0.015385866165161135 0.071560382843017592 1.5000000000000002 -0.017959024757146832 0.58436086773872387 0.6526087522506715 -0.036071538925170891 0.040768301114439971 -0.022243559360504147 -0.068564683198928819 68.641441345214858 0.097729578614234938 0.57780662178993236 0.020734003745019439 -1.3981478810310362 14.898857593536379 2.5000000000000004 -0.45399618148803705 3.9629228115081792 -0.18379622697830197 -0.036095857620239251 1.3180830478668215 0.1791338920593262 17.869824409484867 2.2432180643081669 40.155000686645515 0.51459148526191723 0.0033174202544614677
decision_type=8 8 10 8 2 2 8 10 10 10 8 8 10 2 10 10 8 10 2 10 8 10 10 8 10 10 10 10 10 10
left_child=-1 2 -2 7 6 14 -5 15 -9 -10 12 -12 -8 -14 -6 19 -17 -18 25 22 -21 -22 -3 -20 -23 26 27 28 -19 -27
right_child=1 3 -4 4 5 -7 10 8 9 -11 11 -13 13 -15 -16 16 17 18 23 20 21 24 -24 -25 -26 29 -28 -29 -30 -31
leaf_value=-2.2553078429263125 2.4857176329949051 -2.6281174307880666 -1.0848147498591694 1.303188963499947 0.24684782955641832 0.050671142355504815 0.32928550112938409 0.27456164914365316 -0.60528199039932651 -4.1247088019132416 -2.0797800424122626 0.43752564937058774 -0.2829736260287074 -1.9713708403970278 2.9071080671437022 0.62995204208869315 -2.9957634556728556 2.2012605406302157 -0.12881632837015056 -0.0557774326420169 2.9722062649993779 0.010972703733566109 -0.38037231557655332 0.70859048386879619 0.48749353316006655 -0.37536764105587134 -2.8738153436790554 -0.13097463666749801 0.44678503621345012 0.18367776377849049
leaf_weight=920 1920 1736 992 4913 1008 4607 13482 1387 1248 1193 1401 33308 29145 2849 3071 15310 949 3307 24246 159600 1149 61486 8638 17410 59687 171029 835 23167 8321 25671
leaf_count=920 1920 1736 992 4913 1008 4607 13482 1387 1248 1193 1401 33308 29145 2849 3071 15310 949 3307 24246 159600 1149 61486 8638 17410 59687 171029 835 23167 8321 25671
internal_value=-0.0104648 -0.00740834 1.26983 -0.0128953 0.192518 1.08579 0.101224 -0.0457519 -1.39133 -2.33516 0.0274255 0.335347 -0.207614 -0.433891 2.25192 -0.0368861 -0.130674 -0.173051 -0.163165 0.0562447 0.0862578 0.271568 -0.758682 0.221261 0.245717 -0.232098 0.155998 0.229512 0.94722 -0.302402
internal_weight=683985 683065 2912 680153 93784 8686 85098 586369 3828 2441 80185 34709 45476 31994 4079 582541 290245 274935 273986 292296 281922 122322 10374 41656 121173 232330 35630 34795 11628 196700
internal_count=683985 683065 2912 680153 93784 8686 85098 586369 3828 2441 80185 34709 45476 31994 4079 582541 290245 274935 273986 292296 281922 122322 10374 41656 121173 232330 35630 34795 11628 196700
is_linear=0
shrinkage=0.04


Tree=202
num_leaves=31
num_cat=0
split_feature=20 1 11 31 10 46 15 48 37 14 3 7 14 33 43 29 39 11 33 43 9 11 9 48 29 7 33 52 17 3
split_gain=2.6444e+06 4.38603e+06 3.88831e+06 3.74943e+06 4.9557e+06 3.54142e+06 3.43049e+06 2.95005e+06 2.79217e+06 2.6798e+06 2.57798e+06 8.7043e+06 8.28364e+06 8.56236e+06 6.47e+06 6.80349e+06 5.50836e+06 5.52851e+06 5.30357e+06 5.1413e+06 5.78548e+06 5.10246e+06 5.01464e+06 5.50858e+06 4.99817e+06 4.61036e+06 7.7506e+06 6.07067e+06 5.77496e+06 5.64144e+06
threshold=1.5000000000000002 0.046909809112548835 0.3387563824653626 51.614999771118171 -0.11800676584243773 0.027228767052292827 -0.62874278426170338 0.075238347053527846 0.15411418676376346 0.58186954259872448 -0.051871538162231438 0.013816058635711672 0.601078361272812 18.214642524719242 45.500000000000007 1.8886023163795473 0.3890338689088822 0.2709611058235169 16.686437606811527 4.5000000000000009 -0.068457543849945054 2.3457140922546391 -0.041486352682113641 -0.03373239375650882 1.1541435122489931 -0.56148302555084217 19.374969482421879 -0.090762462466955171 0.070781756192445769 -0.25168013572692866
decision_type=2 10 10 10 10 10 2 8 8 10 10 10 8 10 2 10 8 8 10 2 8 10 8 8 10 10 10 10 2 10
left_child=1 5 8 4 6 10 -4 9 -3 -7 11 12 13 18 15 19 -15 -18 -1 -14 24 -13 23 -12 -21 27 29 28 -16 -27
right_child=-2 2 3 -5 -6 7 -8 -9 -10 -11 22 21 14 16 25 -17 17 -19 -20 20 -22 -23 -24 -25 -26 26 -28 -29 -30 -31
leaf_value=1.2874536712018034 -0.13510090976165204 -0.16321154059890611 -2.1276906302341723 -1.091018456042232 1.0090489532185749 0.5036137738613421 0.067784433818947373 0.064208201054665154 1.5881512424242161 1.8755563914316142 1.3661553790042873 0.49515338073898846 -1.7255258329610252 0.03191631792699072 -2.5206195494423587 -1.5207166746042022 1.5590391575829563 0.011687490236978902 -1.2590040514425707 2.2474066737023866 -0.30423667763861645 2.040428465841186 -0.019943647904000394 -0.84694192956388981 0.15174491181247043 0.3015273928261285 -0.44581019968712859 1.5592808494780535 0.62246833844249749 -2.7634985688740539
leaf_weight=1594 170458 1838 1392 2977 10296 5746 6061 9945 6975 3776 1970 35350 1566 14042 1986 3538 12294 5280 7125 4532 5415 3777 324057 19836 3042 1135 7291 2296 1754 6185
leaf_count=1594 170458 1838 1392 2977 10296 5746 6061 9945 6975 3776 1970 35350 1566 14042 1986 3538 12294 5280 7125 4532 5415 3777 324057 19836 3042 1135 7291 2296 1754 6185
internal_value=0.00139208 0.046741 0.519832 0.220336 0.440777 0.0178297 -0.344567 0.546226 1.22312 1.04906 -0.00434722 0.156914 -0.0845503 0.316639 -0.502232 0.0500155 0.622675 1.09442 -0.792521 0.432608 0.693927 0.644805 -0.0594626 -0.646471 1.40702 -0.985957 -1.36991 -0.0558089 -1.04883 -2.28849
internal_weight=683529 513071 29539 20726 17749 483532 7453 19467 8813 9522 464065 118202 79075 40335 38740 18093 31616 17574 8719 14555 12989 39127 345863 21806 7574 20647 14611 6036 3740 7320
internal_count=683529 513071 29539 20726 17749 483532 7453 19467 8813 9522 464065 118202 79075 40335 38740 18093 31616 17574 8719 14555 12989 39127 345863 21806 7574 20647 14611 6036 3740 7320
is_linear=0
shrinkage=0.04


Tree=203
num_leaves=31
num_cat=0
split_feature=4 43 8 11 11 9 5 29 16 51 5 29 11 11 48 52 15 3 29 43 31 10 30 31 51 52 36 23 11 32
split_gain=2.85868e+06 9.19844e+06 6.39255e+06 8.53004e+06 4.3052e+06 4.32277e+06 4.33522e+06 4.1049e+06 3.93914e+06 5.0421e+06 5.98501e+06 3.92747e+06 6.22315e+06 4.13822e+06 4.00625e+06 4.01767e+06 3.89521e+06 3.87597e+06 5.96665e+06 4.46819e+06 3.64398e+06 5.99829e+06 3.51929e+06 3.8054e+06 4.23523e+06 3.62483e+06 5.70166e+06 5.54074e+06 5.67616e+06 4.46323e+06
threshold=-0.21817636489868161 4.5000000000000009 -0.20507204532623288 0.34956341981887823 0.011221587657928469 -0.12050005793571471 -0.28175759315490717 2.3802524805068974 -0.0067773046903312198 -0.1038621813058853 0.10953092575073244 0.3523125052452088 1.2755014896392824 0.10775959491729738 -0.156102180480957 -0.084208019077777849 0.54133790731430065 0.020035266876220707 0.71656110882759105 59.500000000000007 44.594999313354499 -0.71715325117111195 1.194944500923157 73.405002593994155 0.052994029596447952 -0.066027782857418046 -0.4180349707603454 -0.1600055396556854 0.042185246944427497 1.0000000180025095e-35
decision_type=8 2 8 8 10 10 10 8 10 10 10 8 10 10 8 10 2 10 10 2 10 8 8 8 10 8 10 10 10 8
left_child=1 -1 3 17 5 6 20 8 16 -10 -11 12 13 -4 15 -13 -6 18 -2 -20 21 -3 23 25 -25 26 -16 28 -27 -29
right_child=2 4 11 -5 7 -7 -8 -9 9 10 -12 14 -14 -15 22 -17 -18 -19 19 -21 -22 -23 -24 24 -26 27 -28 29 -30 -31
leaf_value=-3.5682841892031671 -2.3398287288983171 -3.6804048908635192 2.5714179312873999 -4.3388508550254139 0.57359334434720166 1.8898590715860235 -2.9686269506486171 -1.1120192955565498 3.2686113862871005 1.3055584132105538 -2.2066340836116245 3.6884419337360987 4.1388804905734178 -0.56770368245209024 -0.3326551137652492 0.59053877266730537 -2.3914045464319513 -3.027072926017973 -1.0794458060295418 2.5381773086905803 1.2852510870969869 0.14241228027310249 -0.20476480921348025 0.85908398295919985 -1.9456710881866588 -0.80448434810703917 0.89134349628072929 -1.2612440696356428 1.0640304055838146 0.035973468945898569
leaf_weight=895 1119 940 955 1206 3654 1176 1133 1569 1902 10382 830 832 902 2204 76924 3303 869 800 860 1466 1655 2125 138676 13029 913 3143 6603 4281 14906 384900
leaf_count=895 1119 940 955 1206 3654 1176 1133 1569 1902 10382 830 832 902 2204 76924 3303 869 800 860 1466 1655 2125 138676 13029 913 3143 6603 4281 14906 384900
internal_value=-0.00533306 0.396965 -0.0219507 -1.3848 0.533547 -0.313135 -0.758235 0.843417 1.01791 1.36874 1.04382 -0.0105281 1.228 0.386407 -0.0183146 1.22126 -8.79291e-05 -0.537336 0.0479205 1.20173 -0.222493 -1.03816 -0.0263003 0.0227394 0.67415 0.00422004 -0.2358 0.0534552 0.738387 0.021672
internal_weight=684152 27130 657022 5451 26235 7029 5853 19206 17637 13114 11212 651571 4061 3159 647510 4135 4523 4245 3445 2326 4720 3065 643375 504699 13942 490757 83527 407230 18049 389181
internal_count=684152 27130 657022 5451 26235 7029 5853 19206 17637 13114 11212 651571 4061 3159 647510 4135 4523 4245 3445 2326 4720 3065 643375 504699 13942 490757 83527 407230 18049 389181
is_linear=0
shrinkage=0.04


Tree=204
num_leaves=31
num_cat=0
split_feature=3 14 5 4 29 11 32 30 6 51 5 29 11 23 32 3 11 1 5 51 15 29 10 40 47 14 32 14 36 43
split_gain=2.51936e+06 5.60004e+06 4.96355e+06 3.85074e+06 3.358e+06 6.21556e+06 3.27946e+06 3.21863e+06 3.34005e+06 3.09678e+06 3.50464e+06 2.94729e+06 6.51354e+06 3.07644e+06 2.91548e+06 3.32338e+06 2.9794e+06 3.33123e+06 2.83896e+06 2.67138e+06 3.0308e+06 3.04138e+06 2.63519e+06 2.60948e+06 5.46717e+06 4.94765e+06 3.53587e+06 3.23344e+06 4.28157e+06 3.08284e+06
threshold=0.19706869125366214 0.79176095128059398 -0.26299834251403803 0.27540683746337896 10.490275382995607 0.98960423469543468 1.6214425563812258 0.49696746468544012 0.78225350379943859 0.14533288776874545 0.24703907966613772 0.42002686858177191 1.096089839935303 -0.14789032936096189 1.8920304179191592 -0.06577658653259276 0.20228272676467898 0.0075774192810058602 -0.13474702835083005 0.11325988546013833 0.57777664065361034 10.490275382995607 -0.19945403933525083 -0.0071081817150115958 -0.048417124897241585 0.922304928302765 1.1850818991661074 0.57784995436668407 -0.638057380914688 25.500000000000004
decision_type=8 10 8 10 10 10 8 8 10 8 10 8 10 10 10 10 8 10 10 10 2 8 10 8 8 8 8 10 10 2
left_child=4 -2 -3 6 7 22 -4 8 -1 11 -11 12 14 -14 15 18 -17 -18 -9 -5 21 -21 -6 24 -13 26 27 28 -26 -28
right_child=1 2 3 19 5 -7 -8 9 -10 10 -12 23 13 -15 -16 16 17 -19 -20 20 -22 -23 -24 -25 25 -27 29 -29 -30 -31
leaf_value=0.82665128774969732 -0.50062736669010233 -1.9008349324192966 1.4267486030961467 1.5122865545602715 -1.5323733022523454 -3.7157631686892802 3.915817921704666 -2.4545719817559792 -1.6523626517491827 -0.23908636680070092 -3.184033202913628 -1.9787549050536166 0.54345530453629376 3.5030307554507876 2.3611363105656911 1.9889784360092404 -1.0154483645417227 1.6198601804378587 0.4929339684863861 0.24022270087213474 1.7077725144937865 -2.9332859140541068 1.5994454810909853 -0.039094293126440777 3.5667635890852605 -1.5544083117262038 5.0149045621966142 -1.061661195518947 -0.039691187968094385 1.5602338774087887
leaf_weight=11128 5871 832 2438 2880 804 1107 1305 1480 934 1690 1039 976 879 1569 805 1383 2448 1106 801 1155 896 819 901 633202 1062 841 800 899 1035 871
leaf_count=11128 5871 832 2438 2880 804 1107 1305 1480 934 1690 1039 976 879 1569 805 1383 2448 1106 801 1155 896 819 901 633202 1062 841 800 899 1035 871
internal_value=-0.0075854 0.485203 1.04571 1.30568 -0.0195447 -1.39644 2.30269 -0.013701 0.633483 -0.0256672 -1.36783 -0.0200126 0.645324 2.44687 0.093268 -0.162577 0.42095 -0.1931 -1.42189 0.653805 -0.209928 -1.08459 0.122299 -0.0309134 0.766835 1.25605 1.76474 0.93714 1.79501 3.23417
internal_weight=683956 16196 10325 9493 667760 2812 3743 664948 12062 652886 2729 650157 10471 2448 8023 7218 4937 3554 2281 5750 2870 1974 1705 639686 6484 5508 4667 2996 2097 1671
internal_count=683956 16196 10325 9493 667760 2812 3743 664948 12062 652886 2729 650157 10471 2448 8023 7218 4937 3554 2281 5750 2870 1974 1705 639686 6484 5508 4667 2996 2097 1671
is_linear=0
shrinkage=0.04


Tree=205
num_leaves=31
num_cat=0
split_feature=10 1 0 12 12 8 18 33 23 4 3 23 33 11 48 32 12 7 10 6 2 6 17 6 13 33 14 32 21 32
split_gain=2.79977e+06 4.31124e+06 6.37938e+06 5.46011e+06 4.07107e+06 4.0212e+06 4.79758e+06 3.99233e+06 1.07361e+07 5.68718e+06 3.90346e+06 4.52836e+06 3.7592e+06 3.56954e+06 6.78372e+06 6.38157e+06 6.00546e+06 7.67049e+06 1.00337e+07 1.06753e+07 7.98594e+06 7.47782e+06 6.44856e+06 6.93382e+06 5.62692e+06 5.13871e+06 6.04379e+06 7.21564e+06 5.03848e+06 5.03005e+06
threshold=-0.022243559360504147 0.076377630233764662 -0.0048396587371826163 0.06501584500074388 0.040768301114439971 0.24964421987533572 0.011767555959522726 17.802815437316898 -0.15170407295227048 0.016578912734985355 0.024261951446533207 -0.053822815418243401 18.107031822204593 1.1677153110504153 0.098797719925642027 1.3633726239204409 0.023129134438931945 0.6468341350555421 -0.07975751161575316 1.1519308090209963 -0.11180031299591063 1.5579099655151369 0.044455857947468765 -0.050768852233886712 0.96404054760932933 18.647958755493168 0.87990385293960582 1.6012344360351565 57.658292770385749 1.7853117585182192
decision_type=8 10 10 10 10 10 2 8 8 8 10 8 10 10 8 10 10 10 10 10 10 8 2 8 10 10 10 8 10 8
left_child=13 3 -3 4 5 7 -7 9 -9 -2 -6 -12 -4 -1 15 -15 -16 20 19 28 -18 24 23 -22 -20 -25 -27 -28 -19 -24
right_child=1 2 12 -5 10 6 -8 8 -10 -11 11 -13 -14 14 16 -17 17 18 21 -21 22 -23 29 25 -26 26 27 -29 -30 -31
leaf_value=-0.0045874867835156334 3.2110322142395349 3.8600982654488316 -0.69488519980268204 -2.9467447823120843 2.7450910535866022 -2.2919512008773228 0.38451351180609905 -3.9230563210746938 0.092288707709654291 0.41939985393406221 -1.4751397219061664 1.5187472160755107 1.0289982085377445 -0.31252179748767417 0.30325874294652827 3.6549693908698599 1.1675126711727841 3.8787106846688024 -1.5931683885873462 -0.76270046534529212 2.3696381403434303 -3.8093346497612934 -1.7084271346485955 0.17987491932370042 0.88326609314004512 -0.65244124269884807 -4.6216324456471964 -0.52608352804788028 0.82078334375501116 -0.061043394874998547
leaf_weight=507603 1504 1050 2668 928 1740 2457 1890 1072 69529 5121 1264 2203 8298 1267 16661 1316 3057 2424 2539 2098 1303 1052 17822 7573 3452 9078 1525 1253 1345 3558
leaf_count=507603 1504 1050 2668 928 1740 2457 1890 1072 69529 5121 1264 2203 8298 1267 16661 1316 3057 2424 2539 2098 1303 1052 17822 7573 3452 9078 1525 1253 1345 3558
internal_value=-0.00975607 0.186134 0.896368 0.0887414 0.121538 0.0522498 -1.13006 0.118939 0.0307731 1.05704 1.20482 0.426132 0.609331 -0.043156 -0.296314 1.71516 -0.36605 -0.558073 0.30159 1.52206 -0.80379 -0.715813 -0.947134 -0.444157 -0.167159 -0.633985 -1.15355 -2.78287 2.79252 -1.43443
internal_weight=684650 99724 12016 87708 86780 81573 4347 77226 70601 6625 5207 3467 10966 584926 77323 2583 74740 58079 12910 5867 45169 7043 42112 20732 5991 19429 11856 2778 3769 21380
internal_count=684650 99724 12016 87708 86780 81573 4347 77226 70601 6625 5207 3467 10966 584926 77323 2583 74740 58079 12910 5867 45169 7043 42112 20732 5991 19429 11856 2778 3769 21380
is_linear=0
shrinkage=0.04


Tree=206
num_leaves=31
num_cat=0
split_feature=3 14 52 30 17 29 33 11 13 12 11 17 12 17 7 11 15 13 7 29 52 14 17 13 51 11 36 14 12 37
split_gain=3.64252e+06 4.6491e+06 4.80349e+06 4.59548e+06 4.27755e+06 4.24145e+06 3.35818e+06 3.72371e+06 3.32488e+06 4.26401e+06 4.09023e+06 3.73924e+06 3.78315e+06 3.66258e+06 3.33091e+06 3.14978e+06 2.93631e+06 3.2069e+06 2.85107e+06 2.82951e+06 2.56178e+06 5.4467e+06 6.92358e+06 6.52587e+06 2.6026e+06 2.53325e+06 4.88619e+06 4.77869e+06 7.09024e+06 1.00882e+07
threshold=0.13617467880249026 0.84160655736923229 0.15887800604104999 1.2445757985115053 0.074216172099113478 15.750433921813967 19.121905326843265 2.2488135099411015 1.5041765570640566 0.048357717692852027 1.6513050794601443 0.097729578614234938 0.06501584500074388 0.05246973596513272 0.31284874677658087 1.7927999496459963 0.91905689239501964 0.97601163387298595 0.7148185968399049 3.2822424173355107 -0.31614080071449274 0.94147637486457836 0.089521285146474852 1.5647577047348025 0.16635249555110934 0.028983235359191898 -0.72136735916137684 0.79898202419281017 0.039344411343336112 -0.34065566956996912
decision_type=8 10 8 8 2 10 8 8 8 10 8 2 10 2 10 8 2 10 8 10 10 10 2 10 8 8 8 10 10 10
left_child=5 2 -2 8 6 16 7 -4 9 10 -3 12 13 -11 -13 -8 20 -18 -15 -12 21 -1 23 -23 25 26 -22 -28 29 -29
right_child=1 3 4 -5 -6 -7 15 -9 -10 11 19 14 -14 18 -16 -17 17 -19 -20 -21 24 22 -24 -25 -26 -27 27 28 -30 -31
leaf_value=1.6222771571600743 0.44311376002472735 0.8633977902900829 -0.32389085990831201 -0.87535281829649325 -2.230265728466073 -2.6844157827063784 -0.15707615248355747 -3.4656708921563579 2.933835085462988 1.8704004977919042 1.3040590598545032 -0.17661132581350281 -2.848438084780792 0.45179420777052548 3.4444113765975475 2.5502521411022805 -3.4873098807916985 -0.032319987866685197 -2.6953424047056691 3.8476847733345179 0.61612052781212467 -3.7702363720022753 2.6248492232113017 0.3149912586082696 -2.2538857001354153 0.0087547057793309919 -0.39329399623777095 -6.3070145675074398 0.48595189424661495 -0.82809877125530473
leaf_weight=4495 14458 6265 2353 2159 2283 939 2137 803 1414 1104 1301 810 936 971 804 1003 801 915 862 1543 6584 1145 836 1362 818 599093 22312 995 1173 1164
leaf_count=4495 14458 6265 2353 2159 2283 939 2137 803 1414 1104 1301 810 936 971 804 1003 801 915 862 1543 6584 1145 836 1362 818 599093 22312 995 1173 1164
internal_value=0.0111288 0.375656 -0.00172739 0.853889 -0.751051 -0.0122504 -0.211986 -1.13169 1.08748 0.90673 1.43688 0.0256149 -0.6485 0.0598906 1.63727 0.713068 -0.00829837 -1.65591 -1.0348 2.69274 -0.00385475 0.714389 -0.507555 -1.55838 -0.0127715 -0.00983208 -0.355241 -0.604778 -2.01552 -3.37056
internal_weight=683838 41206 23037 18169 8579 642632 6296 3156 16010 14596 9109 5487 3873 2937 1614 3140 641693 1716 1833 2844 639977 7838 3343 2507 632139 631321 32228 25644 3332 2159
internal_count=683838 41206 23037 18169 8579 642632 6296 3156 16010 14596 9109 5487 3873 2937 1614 3140 641693 1716 1833 2844 639977 7838 3343 2507 632139 631321 32228 25644 3332 2159
is_linear=0
shrinkage=0.04


Tree=207
num_leaves=31
num_cat=0
split_feature=40 14 23 32 33 39 32 6 51 12 14 36 10 6 47 32 9 48 10 28 40 29 47 39 12 14 32 39 14 5
split_gain=2.9961e+06 7.29015e+06 4.77815e+06 4.29078e+06 2.63065e+06 5.25627e+06 5.17537e+06 4.06126e+06 5.39111e+06 3.55997e+06 4.18433e+06 2.86714e+06 5.15602e+06 1.07441e+07 1.15856e+07 4.93285e+06 6.22857e+06 5.58185e+06 5.30122e+06 7.53925e+06 4.9353e+06 9.0498e+06 4.42971e+06 4.38355e+06 4.21921e+06 6.53849e+06 4.1852e+06 3.70097e+06 3.61355e+06 5.62678e+06
threshold=-0.0071081817150115958 0.95189735293388378 -0.098448336124420152 1.2626772522926333 22.666954040527347 -0.03195498697459697 0.7061985731124879 -0.27122282981872553 -0.029890574514865872 0.017165828496217731 0.73348909616470348 -0.83984082937240589 -0.60974219441413868 -0.4920822381973266 0.085299573838710799 0.71227607131004345 -0.091275006532669054 -0.060967620462179177 -0.3801195621490478 1.0211210250854494 0.68733203411102306 0.90860769152641307 -0.094285279512405382 0.038436109200119979 0.024235009215772155 0.70602175593376171 0.89889171719551098 0.041952162981033332 0.74114662408828746 0.008933305740356447
decision_type=8 8 8 8 8 8 10 10 10 10 10 8 8 10 8 10 10 8 10 10 10 10 10 8 10 10 10 8 10 10
left_child=1 2 -1 -4 11 9 -7 -8 -9 -6 -11 12 -2 14 27 17 23 -15 19 -18 21 24 26 -17 25 -20 -23 -14 -24 -30
right_child=4 -3 3 -5 5 6 7 8 -10 10 -12 -13 13 15 -16 16 18 -19 20 -21 -22 22 28 -25 -26 -27 -28 -29 29 -31
leaf_value=-0.59491577400368467 2.7443532121942957 -2.7190966141413129 1.1810100397882743 3.909148431690439 -0.36509219846346358 -2.8601356326528187 -2.333766735486082 2.9621437879037238 0.11892912195528728 -4.1750803142456112 -0.95300930541587547 0.032251203911993945 0.65970874056711293 3.1085524211611069 -5.9398567361498191 3.4581561437553292 -4.4249376433099057 0.21622663205222137 0.44142986321130451 0.3993143511330341 0.5866671604143141 0.54331890840061003 -0.41800518714291846 0.11848495227110223 2.3362877492932448 -3.1134611221613357 -2.5574565727151888 -2.7599913913562575 -3.7390788455268509 -0.67934390805451916
leaf_weight=1578 898 809 3278 1282 1927 891 804 1303 5701 1345 1245 599764 1173 1138 1066 1068 1256 15274 7461 875 6634 823 13250 1511 1513 921 4410 877 1481 2725
leaf_count=1578 898 809 3278 1282 1927 891 804 1303 5701 1345 1245 599764 1173 1138 1066 1068 1256 15274 7461 875 6634 823 13250 1511 1513 921 4410 877 1481 2725
internal_value=0.00238346 0.828247 1.29946 1.95488 -0.00609902 -0.564692 0.0105443 0.341368 0.65134 -1.67008 -2.63587 0.00502535 -0.248679 -0.29146 -2.57804 -0.172972 -0.394016 0.41855 -0.513078 -2.45146 -0.407154 -0.60961 -1.0497 1.5095 0.399541 0.0475799 -2.06969 -0.809552 -0.742913 -1.76304
internal_weight=684281 6947 6138 4560 677334 13216 8699 7808 7004 4517 2590 664118 64354 63456 3116 60340 43928 16412 41349 2131 39218 32584 22689 2579 9895 8382 5233 2050 17456 4206
internal_count=684281 6947 6138 4560 677334 13216 8699 7808 7004 4517 2590 664118 64354 63456 3116 60340 43928 16412 41349 2131 39218 32584 22689 2579 9895 8382 5233 2050 17456 4206
is_linear=0
shrinkage=0.04


Tree=208
num_leaves=31
num_cat=0
split_feature=29 43 46 40 2 31 4 43 4 12 7 41 13 4 12 6 12 14 6 32 48 13 48 50 6 3 29 7 21 32
split_gain=3.04201e+06 4.43469e+06 6.88261e+06 4.31242e+06 4.59958e+06 7.5527e+06 4.93428e+06 4.43584e+06 4.31584e+06 4.60329e+06 4.45558e+06 4.70421e+06 4.60407e+06 4.3054e+06 4.14965e+06 5.22451e+06 4.13324e+06 4.5691e+06 8.33543e+06 4.07799e+06 4.96399e+06 4.8871e+06 8.51071e+06 4.3456e+06 4.12088e+06 4.10819e+06 4.95076e+06 4.86761e+06 3.9865e+06 4.55567e+06
threshold=1.0610486865043642 4.5000000000000009 0.00085149050573818396 0.50564301013946544 0.036595106124877937 64.24499893188478 inf 4.5000000000000009 0.18472480773925784 0.06501584500074388 0.44056218862533575 1.0000000180025095e-35 1.1459846496582033 -0.032723665237426751 0.024235009215772155 0.65814709663391124 0.042268332093954093 0.7841915786266328 0.88782978057861339 1.7417016029357912 0.014746864326298239 1.0279666781425478 0.071515131741762175 -0.0082245972007513029 0.091814994812011733 0.067352294921875014 1.4080017209053042 -0.043705314397811883 54.797201156616218 0.93754157423973095
decision_type=8 2 10 10 10 10 8 2 10 8 8 2 8 10 10 8 10 10 10 10 8 10 8 10 8 10 10 10 10 10
left_child=1 2 13 4 5 8 7 -6 10 28 11 19 16 -1 -14 -16 17 -12 -19 -2 23 25 -23 -21 -24 26 27 -22 29 -10
right_child=3 -3 -4 -5 6 -7 -8 -9 9 -11 12 -13 14 -15 15 -17 -18 18 -20 20 21 22 24 -25 -26 -27 -28 -29 -30 -31
leaf_value=-2.889186946070601 -0.26160121992543756 0.10819624738319895 1.424313246308194 0.40014399597496991 1.0207676839222273 0.31959979878448919 3.1062916794239088 -0.00047735491324332464 -0.20031656647717175 -1.9350564887456938 -1.2286183396141337 1.5251219380672751 -1.6567577633793122 -0.40466216962469559 -2.5942094264949662 0.82837076848168778 0.50553354749998092 -4.8707164124282247 -0.24069429534590078 2.4130965224424092 0.32158005518177168 -4.3394720000432336 -0.83686182388700703 -1.3194544816102201 1.2114324613457275 0.45308783931083069 -3.9069995828892088 -2.646661758276692 -0.26639406661985277 1.6863379117039363
leaf_weight=2452 147786 298339 1420 27406 7261 35236 850 106208 3125 1348 7443 2213 2278 2048 820 5084 1502 1675 988 1221 1454 802 3814 831 2658 956 2125 2237 6442 5920
leaf_count=2452 147786 298339 1420 27406 7261 35236 850 106208 3125 1348 7443 2213 2278 2048 820 5084 1502 1675 988 1221 1454 802 3814 831 2658 956 2125 2237 6442 5920
internal_value=-0.00756492 0.0866701 -0.996493 -0.0830805 -0.120684 -0.220862 0.0878404 0.0649574 -0.314813 0.298332 -0.370357 -0.302721 -0.937577 -1.76186 -0.210466 0.34943 -1.44947 -1.74024 -3.16026 -0.327495 -0.931889 -1.20032 -0.479367 0.902454 0.00492783 -1.97287 -2.37173 -1.47967 0.493852 1.03501
internal_weight=683942 304259 5920 379683 352277 237958 114319 113469 202722 16835 185887 166097 19790 4500 8182 5904 11608 10106 2663 163884 16098 14046 7274 2052 6472 6772 5816 3691 15487 9045
internal_count=683942 304259 5920 379683 352277 237958 114319 113469 202722 16835 185887 166097 19790 4500 8182 5904 11608 10106 2663 163884 16098 14046 7274 2052 6472 6772 5816 3691 15487 9045
is_linear=0
shrinkage=0.04


Tree=209
num_leaves=31
num_cat=0
split_feature=41 9 23 47 30 18 31 22 29 23 30 51 8 29 6 11 30 6 10 36 29 21 29 15 9 10 6 5 36 14
split_gain=2.89394e+06 4.42966e+06 6.99617e+06 3.52326e+06 2.45131e+06 3.24724e+06 2.65979e+06 7.00381e+06 9.49555e+06 8.80242e+06 6.71425e+06 6.11676e+06 1.03472e+07 5.86973e+06 8.91097e+06 6.3663e+06 5.28217e+06 5.11366e+06 4.78482e+06 4.73118e+06 4.7056e+06 4.68872e+06 4.63925e+06 4.40345e+06 4.35236e+06 5.78889e+06 8.72899e+06 4.47742e+06 4.45505e+06 5.83849e+06
threshold=1.0000000180025095e-35 -0.085594117641448961 -0.12384930253028868 0.01618948578834534 0.53089362382888805 -0.018927930854260918 48.104999542236335 0.2047265097498894 1.5128345489501955 -0.17784380912780759 0.99200734496116649 -0.030479829758405682 -0.25069844722747797 0.8416869342327119 0.78225350379943859 0.26134335994720465 0.91527682542800914 -0.020329236984252926 -0.35930177569389338 -0.71427130699157704 0.3523125052452088 28.124837875366214 1.025617301464081 -0.028947987593710419 -0.085594117641448961 -0.3339849710464477 0.080188751220703139 -0.20863032341003415 -0.66113489866256703 0.9630604386329652
decision_type=2 10 10 8 8 2 10 10 10 8 8 10 10 8 8 10 10 8 8 10 8 10 10 2 10 10 10 8 8 10
left_child=4 -2 -3 -4 5 -1 7 8 9 11 -11 13 -13 14 15 16 -6 -10 23 -19 -9 -14 -15 -12 25 26 27 -22 29 -26
right_child=1 2 3 -5 6 -7 -8 20 17 10 18 12 21 22 -16 -17 -18 19 -20 -21 24 -23 -24 -25 28 -27 -28 -29 -30 -31
leaf_value=1.6919092104650943 3.5831809270812807 -2.3580916358482962 3.3065138263124259 0.55310033753971166 -2.1924210167427858 0.22172793174787395 0.083414056736113185 2.0089400597576978 -2.3009259182115001 -0.096409713581286957 -2.869700231045957 -3.3426333523213345 -0.68356415118703084 2.7949577594596158 3.4452136440366696 -2.5117047140213944 1.6065968365176395 -0.052874629073907421 -0.78598292393392843 -3.2437303458778555 0.0081045723792970877 1.373409380981139 0.83646453728192782 0.35969960751769509 -0.23729987225726296 -2.6747955852542336 3.3806701935995096 -3.2495517869929489 0.070332476693717214 -2.320869330062445
leaf_weight=2816 820 1118 959 3221 830 16119 247003 1836 5996 20932 3649 1592 4065 3171 948 1975 1925 4394 15180 885 1868 3129 4975 826 54209 2262 867 1047 272766 2231
leaf_count=2816 820 1118 959 3221 830 16119 247003 1836 5996 20932 3649 1592 4065 3171 948 1975 1925 4394 15180 885 1868 3129 4975 826 54209 2262 867 1047 272766 2231
internal_value=0.000382895 0.86573 0.439177 1.19119 -0.00744412 0.44115 -0.0203486 -0.082624 -0.433659 -0.242765 -0.595059 0.389618 -0.435345 0.913868 -0.0735035 -0.784515 0.458275 -1.50247 -1.12579 -0.592928 -0.00505956 0.211772 1.60134 -2.27414 -0.0161488 -1.07893 -0.119912 -1.16908 0.00339528 -0.320057
internal_weight=683614 6118 5298 4180 677496 18935 658561 411558 74472 63197 40587 22610 8786 13824 5678 4730 2755 11275 19655 5279 337086 7194 8146 4475 335250 6044 3782 2915 329206 56440
internal_count=683614 6118 5298 4180 677496 18935 658561 411558 74472 63197 40587 22610 8786 13824 5678 4730 2755 11275 19655 5279 337086 7194 8146 4475 335250 6044 3782 2915 329206 56440
is_linear=0
shrinkage=0.04


Tree=210
num_leaves=31
num_cat=0
split_feature=3 11 8 33 15 33 38 48 36 12 5 5 6 33 43 5 5 12 6 52 30 3 23 8 17 8 21 10 33 8
split_gain=2.35937e+06 4.85007e+06 5.91839e+06 3.38187e+06 3.00215e+06 2.7874e+06 2.59885e+06 6.11094e+06 7.92473e+06 5.86495e+06 4.50824e+06 3.85736e+06 3.79431e+06 3.74303e+06 3.52867e+06 1.12145e+07 3.17248e+06 4.43167e+06 8.39409e+06 7.63209e+06 9.42093e+06 7.36636e+06 5.3864e+06 4.8531e+06 3.88979e+06 5.25383e+06 4.1384e+06 3.65302e+06 3.51308e+06 5.56192e+06
threshold=0.20846033096313479 0.93455922603607189 0.39614647626876837 17.962778091430668 0.91905689239501964 17.769754409790043 -1.7860516309738157 -0.031889207661151879 0.26376432180404669 0.024475587531924251 0.04849743843078614 0.1888687610626221 -0.23537075519561765 19.140919685363773 45.500000000000007 -0.049431681632995599 -0.29180383682250971 0.06501584500074388 -0.65087938308715809 -0.1254138648509979 1.1413196325302126 -0.29324173927307123 -0.2073152959346771 -0.23146864771842954 0.12246124818921091 0.0098519921302795428 36.230127334594734 -0.26962092518806452 17.869824409484867 -0.025036364793777462
decision_type=8 10 10 10 2 10 8 10 10 8 10 10 8 10 2 10 8 10 10 8 10 10 10 8 2 8 10 10 8 8
left_child=4 -2 5 -4 6 -3 7 8 10 12 -1 13 -9 -12 -14 -16 -8 21 -19 -20 22 -18 -21 -23 28 26 27 -26 29 -25
right_child=1 2 3 -5 -6 -7 16 9 -10 -11 11 -13 14 -15 15 -17 17 18 19 20 -22 23 -24 24 25 -27 -28 -29 -30 -31
leaf_value=0.37568144755658522 -0.40786549583735238 0.29361752605193703 -2.1301079719679317 0.64885215659619189 -1.544225148574663 2.7472188025286166 0.31701078338725991 2.6702828555103348 -3.9928406632889182 2.7569597506699068 0.38343923581200978 0.8904293008554145 0.0371730343910791 -2.5813712500479018 -2.6075010087744683 2.7085884457473064 3.4147148107370064 -3.4109837046937761 3.3239061454372569 -4.4398328555219528 2.5798308281555529 -2.5514300309945157 -0.59510775671757732 -0.37290162135686017 -3.1269218160530086 -0.014850945070126005 -4.7613241195472673 0.3911052821559749 -0.064760240536802127 0.46712290348011903
leaf_weight=12563 5472 965 885 3217 2033 3216 40077 1256 831 2226 936 1166 11146 2471 817 2738 976 1799 807 1042 852 1224 1316 17083 913 3487 800 963 513373 48102
leaf_count=12563 5472 965 885 3217 2033 3216 40077 1256 831 2226 936 1166 11146 2471 817 2738 976 1799 807 1042 852 1224 1316 17083 913 3487 800 963 513373 48102
internal_value=-0.00257339 0.515822 1.12579 0.0455738 -0.0132077 2.18296 -0.00853186 0.321283 -0.201871 0.83805 -0.015809 -1.08979 0.568803 -1.76811 0.387567 1.48297 -0.0273776 -0.0506678 -1.14845 -0.129221 -1.00497 -0.0397702 -2.30567 -0.0455825 -0.0402934 -1.03907 -2.36868 -1.32853 -0.0296363 0.246955
internal_weight=684752 13755 8283 4102 670997 4181 668964 36150 17967 18183 17136 4573 15957 3407 14701 3555 632814 592737 5816 4017 3210 586921 2358 585945 584721 6163 2676 1876 578558 65185
internal_count=684752 13755 8283 4102 670997 4181 668964 36150 17967 18183 17136 4573 15957 3407 14701 3555 632814 592737 5816 4017 3210 586921 2358 585945 584721 6163 2676 1876 578558 65185
is_linear=0
shrinkage=0.04


Tree=211
num_leaves=31
num_cat=0
split_feature=1 5 31 46 14 36 9 18 43 12 36 6 43 29 3 32 11 33 8 32 50 42 2 39 46 8 8 6 13 52
split_gain=2.96548e+06 4.14929e+06 3.49647e+06 4.3609e+06 4.44977e+06 5.34609e+06 4.85962e+06 5.10845e+06 4.90508e+06 4.8876e+06 8.17038e+06 6.0446e+06 9.52096e+06 8.30766e+06 1.22827e+07 4.78139e+06 4.53993e+06 4.46403e+06 4.30518e+06 4.11442e+06 4.33348e+06 4.25783e+06 5.58472e+06 5.97356e+06 4.10155e+06 3.64255e+06 5.60671e+06 5.44255e+06 4.21684e+06 5.09698e+06
threshold=0.12082540988922121 -0.57386803627014149 28.045000076293949 0.026392973959445957 0.43456719815731054 -0.30736024677753443 0.05384266376495362 -0.018927930854260918 3.5000000000000004 0.024827618151903156 -1.0236502289772031 -0.046362400054931634 50.500000000000007 0.90448310971260082 -0.0310063362121582 1.8734843134880068 0.71896153688430797 19.247726440429691 -0.041898876428604119 1.1747961044311526 0.0692148692905903 1.0000000180025095e-35 -0.051311016082763665 0.026204300113022331 -0.015654556453227993 -0.25069844722747797 -0.20507204532623288 -0.65087938308715809 1.2288767099380495 -0.15146155655384061
decision_type=10 10 10 10 8 10 10 2 2 10 10 8 2 8 8 10 8 8 10 8 10 2 10 8 8 8 8 8 10 8
left_child=2 -2 3 4 24 6 8 -8 15 10 11 12 17 -13 -15 16 -6 -10 -12 -11 21 25 -23 -24 -1 27 -27 -21 29 -28
right_child=1 -3 -4 -5 5 -7 7 -9 9 19 18 13 -14 14 -16 -17 -18 -19 -20 20 -22 22 23 -25 -26 26 28 -29 -30 -31
leaf_value=-1.2683194727651559 3.0832656122992192 0.39679456496246235 0.034080806911768423 0.64063916777402941 -0.34653919736345073 0.63343227321640361 1.1680027161769886 -0.21743778255544932 0.47668125072251749 -0.88314064163557959 0.96633226693252183 0.6470294632361524 -5.2212244320979142 -5.4640684871782836 -0.80884862117957479 -4.443171776479943 -3.6919189390433687 -2.7164680219981325 -0.70585836530889423 -3.0554367620491503 -2.697834364108501 0.9349483880539522 -0.32967762512635873 -4.4643914206440636 0.30608273724178392 2.5487920293490447 -1.3992631139483021 0.54059611946594055 -0.81020117576240813 0.51492538610556704
leaf_weight=2882 1005 9872 507938 9785 2583 8333 5170 23921 1158 13899 3407 2958 1694 1234 3363 909 858 1753 8820 1378 982 1106 1053 1186 31323 1563 2451 1303 6457 23300
leaf_count=2882 1005 9872 507938 9785 2583 8333 5170 23921 1158 13899 3407 2958 1694 1234 3363 909 858 1753 8820 1378 982 1106 1053 1186 31323 1563 2451 1303 6457 23300
internal_value=-0.00726859 0.64762 -0.017866 -0.177938 -0.229637 -0.343641 -0.41606 0.029097 -0.571294 -0.499193 -0.970007 -1.70374 -2.84493 -1.00531 -2.06762 -1.87762 -1.18898 -1.44895 -0.239501 -0.289066 -0.0864167 -0.0213178 -1.38494 -2.52995 0.173097 0.104159 0.216956 -1.3122 0.10304 0.332259
internal_weight=683644 10877 672767 164829 155044 120839 112506 29091 83415 79065 24387 12160 4605 7555 4597 4350 3441 2911 12227 54678 40779 39797 3345 2239 34205 36452 33771 2681 32208 25751
internal_count=683644 10877 672767 164829 155044 120839 112506 29091 83415 79065 24387 12160 4605 7555 4597 4350 3441 2911 12227 54678 40779 39797 3345 2239 34205 36452 33771 2681 32208 25751
is_linear=0
shrinkage=0.04


Tree=212
num_leaves=31
num_cat=0
split_feature=18 14 6 6 11 23 33 32 7 6 9 6 5 9 33 11 11 10 13 9 15 40 32 13 5 7 13 13 6 29
split_gain=2.75265e+06 5.5486e+06 4.13022e+06 3.60407e+06 3.36053e+06 3.34629e+06 2.9288e+06 2.81329e+06 6.13069e+06 8.65261e+06 7.14188e+06 5.29767e+06 4.96349e+06 4.22261e+06 4.28838e+06 3.91481e+06 5.6357e+06 3.54426e+06 3.42861e+06 4.39643e+06 3.62611e+06 3.33431e+06 3.31044e+06 2.94764e+06 2.7469e+06 4.87578e+06 4.06993e+06 2.54977e+06 5.7841e+06 4.82725e+06
threshold=0.066202562302351012 0.922304928302765 -0.80599737167358387 0.21864271163940432 0.36053848266601568 -0.040811419486999505 19.483299255371097 0.33651858568191534 0.015895187854766849 0.1604413986206055 -0.035524874925613396 -0.62237858772277821 -0.22003793716430661 -0.030927568674087521 19.231283187866214 0.26762396097183233 0.63253283500671398 -0.10674610733985899 1.6190963387489321 -0.085594117641448961 0.91905689239501964 1.0019212961196902 0.05225550755858422 0.64948898553848278 0.31456851959228521 0.53982472419738781 0.64948898553848278 0.72427439689636242 1.239785432815552 0.51206278800964367
decision_type=2 10 10 10 8 8 10 8 8 10 10 8 10 10 10 8 10 10 10 8 2 10 10 10 8 10 10 8 8 10
left_child=7 4 -3 -4 -2 6 -6 8 11 15 -11 -1 -13 14 -14 22 -17 -12 20 -20 27 24 -10 -15 26 -26 -19 28 -9 -30
right_child=1 2 3 -5 5 -7 -8 18 9 10 17 12 13 23 -16 16 -18 21 19 -21 -22 -23 -24 -25 25 -27 -28 -29 29 -31
leaf_value=-2.0024923962951133 1.4069857762709703 4.515947497306426 -0.7548485777433861 2.5039461606861502 -2.5605658394920288 0.40934009822960399 0.39277356406469383 -0.2775360261617914 -4.6584301227598779 2.8316044049374103 -2.5844461915904988 2.874541027451885 -2.9403912856714305 2.9926463857394454 0.35475646199334859 -0.28978703356777469 -3.3757905557975358 2.9048015516802259 -3.2745530604355979 0.58590731885160463 -1.8485190340220643 -2.5984789264019659 -1.9580302182323701 0.50095782266738176 -3.0451897351753399 0.52373672889279033 -0.0096959023600532053 0.049253387733706133 3.1897440810907973 0.43418258094361123
leaf_weight=1379 2111 805 909 1325 1607 3060 801 81496 970 1181 1078 1359 1124 834 1423 4251 1209 819 1126 803 1662 872 2944 7681 1222 1213 10187 541933 1222 5860
leaf_count=1379 2111 805 909 1325 1607 3060 801 81496 970 1181 1078 1359 1124 834 1423 4251 1209 819 1126 803 1662 872 2944 7681 1222 1213 10187 541933 1222 5860
internal_value=-0.00374242 0.634979 2.07595 1.18051 0.0552109 -0.468277 -1.5806 -0.0138162 -0.340225 -0.702434 -0.15277 0.340797 0.602355 0.320865 -1.10522 -1.67297 -0.978039 -0.38346 0.00664838 -1.6728 0.0117994 -0.216002 -2.63743 0.74823 -0.0596188 -1.27245 0.209623 0.0167323 -0.182219 0.913482
internal_weight=684466 10618 3039 2234 7579 5468 2408 673848 39746 25946 16572 13800 12421 11062 2547 9374 5460 15391 634102 1929 632173 14313 3914 8515 13441 2435 11006 630511 88578 7082
internal_count=684466 10618 3039 2234 7579 5468 2408 673848 39746 25946 16572 13800 12421 11062 2547 9374 5460 15391 634102 1929 632173 14313 3914 8515 13441 2435 11006 630511 88578 7082
is_linear=0
shrinkage=0.04


Tree=213
num_leaves=31
num_cat=0
split_feature=49 39 46 32 38 48 38 39 48 6 36 12 50 46 48 12 39 38 22 6 46 13 13 22 40 47 28 4 48 22
split_gain=2.2219e+06 2.41343e+06 2.11226e+06 8.36172e+06 5.41623e+06 4.70699e+06 4.54972e+06 4.98011e+06 4.44221e+06 5.14864e+06 5.14075e+06 5.31091e+06 4.15077e+06 6.27021e+06 5.90417e+06 4.68493e+06 4.05761e+06 5.20138e+06 3.67184e+06 5.76513e+06 3.55508e+06 4.12701e+06 3.34796e+06 4.58077e+06 3.29744e+06 3.0754e+06 2.90488e+06 2.83853e+06 3.9236e+06 3.55412e+06
threshold=-0.097712136805057512 0.036307616159319885 -0.014174717944115399 1.4119307994842532 -0.55615016818046559 0.076120868325233473 0.57745862007141124 0.071902833878994002 -0.14691860973834989 -0.27866864204406733 -0.85883128643035878 0.029545992612838749 0.044362323358654983 -0.03327867574989795 0.021521199494600299 0.027540739625692371 -0.033988956362009042 -1.5444070696830747 0.19629634171724322 0.13768959045410159 -0.055686302483081811 1.0154973864555361 0.64338213205337536 0.71506601572036754 -0.0071081817150115958 0.019476136192679409 1.5655625462532046 -0.1097205877304077 -0.0038759869057685132 0.67486941814422619
decision_type=8 8 8 10 8 8 10 10 10 8 10 8 8 10 10 10 8 10 8 8 10 10 8 10 10 10 10 10 10 10
left_child=1 -1 3 8 -5 24 -7 22 9 -2 26 20 13 -6 -14 -15 -11 -18 19 -9 21 -12 23 -8 25 -4 -10 -26 29 -29
right_child=2 -3 5 4 12 6 7 18 10 16 11 -13 14 15 -16 -17 17 -19 -20 -21 -22 -23 -24 -25 27 -27 -28 28 -30 -31
leaf_value=2.6770846240406168 -1.3390496437530579 0.25819395348112634 0.60473547809556427 -0.6298911158464342 3.0434496868604226 0.010057951464484243 -3.3180473155228349 -4.9209104671046342 0.47988172775110216 -0.53787849157472767 -0.4050403239077992 -3.1920843505534893 -2.0727924954891206 -0.10201484998103542 2.0389041683919182 2.9466983498323742 0.42123581144569733 4.2739923816934171 -0.83061085706497906 -0.48019313035042666 -0.65287111286155775 -4.0973765165188025 -0.066453024533061011 0.19777918385757662 0.9836966309651044 3.614105780391069 -1.368391654920774 0.17905886075118208 0.36844838152498877 -0.64369074142927829
leaf_weight=1012 1432 1870 1418 3810 2934 477025 1222 967 7907 1038 890 1533 1314 3272 957 1060 1053 1195 8264 902 25523 1059 30272 1141 7491 876 1633 20065 60956 14437
leaf_count=1012 1432 1870 1418 3810 2934 477025 1222 967 7907 1038 890 1533 1314 3272 957 1060 1053 1195 8264 902 25523 1059 30272 1141 7491 876 1633 20065 60956 14437
internal_value=0.00751566 1.1139 0.00282161 -0.231126 0.643792 0.0240138 -0.0253801 -0.420559 -0.501132 0.656372 -0.642947 -0.907799 1.15275 1.61876 -0.33878 0.649045 1.52738 2.47916 -1.19473 -2.79173 -0.779215 -2.42197 -0.17989 -1.62671 0.267949 1.76461 0.162404 0.234431 0.175536 -0.165299
internal_weight=684528 2882 681646 56610 13347 625036 519793 42768 43263 4718 38545 29005 9537 7266 2271 4332 3286 2248 10133 1869 27472 1949 32635 2363 105243 2294 9540 102949 95458 34502
internal_count=684528 2882 681646 56610 13347 625036 519793 42768 43263 4718 38545 29005 9537 7266 2271 4332 3286 2248 10133 1869 27472 1949 32635 2363 105243 2294 9540 102949 95458 34502
is_linear=0
shrinkage=0.04


Tree=214
num_leaves=31
num_cat=0
split_feature=30 0 18 43 32 33 51 40 16 28 20 33 32 33 9 11 3 10 14 6 4 33 6 32 11 10 11 3 33 33
split_gain=3.46171e+06 4.0596e+06 3.46284e+06 3.26637e+06 3.14108e+06 2.76768e+06 2.73386e+06 3.33065e+06 3.77965e+06 4.31804e+06 3.18444e+06 2.75234e+06 3.63216e+06 4.9396e+06 6.81398e+06 6.9344e+06 5.56679e+06 5.39734e+06 4.62395e+06 3.133e+06 2.96974e+06 2.98988e+06 3.28189e+06 6.33708e+06 3.28039e+06 3.10473e+06 2.66155e+06 5.66804e+06 4.20468e+06 4.08173e+06
threshold=0.65847226977348339 -0.020032167434692379 -0.015083094593137501 5.5000000000000009 1.1850818991661074 20.785014152526859 0.12154097110033037 0.0035578012466430668 0.012340108864009382 3.2089008092880253 3.5000000000000004 16.898509025573734 1.1442605853080752 16.42058086395264 0.017464160919189457 0.39241242408752447 -0.060307741165161126 -0.37572225928306574 0.7720397710800172 0.5996994972229005 0.13469183444976809 16.271971702575687 0.52844333648681652 0.72948044538497936 0.11339402198791505 -0.25674641132354731 2.440474390983582 -0.04247701168060302 17.374957084655765 18.446086883544925
decision_type=8 10 2 2 8 10 10 8 10 10 2 8 8 10 10 8 10 10 10 10 8 10 8 10 10 10 10 8 10 10
left_child=1 2 5 4 -3 -1 11 -8 10 -10 -9 12 18 14 15 -14 -17 -15 20 -19 21 -2 24 -24 -23 -26 -13 -28 -29 -30
right_child=6 3 -4 -5 -6 -7 7 8 9 -11 -12 26 13 17 -16 16 -18 19 -20 -21 -22 22 23 -25 25 -27 27 28 29 -31
leaf_value=2.0794548314407484 1.3698504009299342 1.9226036449301938 -0.96594493587625518 0.068645254122571511 -0.146321480094596 -0.21762606653673897 -3.0438958814564878 0.75273393041402314 -2.8780890846845764 0.33069572266653507 -1.3812905091303447 -0.048730437689669968 -0.11830904191496278 3.1149291999164634 0.8741566130973476 -1.1041472224095494 -5.4594102650477296 -1.4797027024502556 2.7108704804928903 1.280537092195545 -0.98204204586028532 -2.7483875320210642 3.9011744551671188 -0.83273839802595606 1.4960798049666462 -0.99660873769296898 1.6352748010998526 -2.4174733050102142 1.449440028805818 -0.094523812170493521
leaf_weight=4405 6142 3125 950 42895 1875 1034 874 3953 1738 1086 1549 573079 1656 1186 2029 814 1120 1334 1737 1279 1807 829 892 902 1374 1883 4660 1015 3434 13390
leaf_count=4405 6142 3125 950 42895 1875 1034 874 3953 1738 1086 1549 573079 1656 1186 2029 814 1120 1334 1737 1279 1807 829 892 902 1374 1883 4660 1015 3434 13390
internal_value=0.00155058 0.308009 1.2543 0.181542 1.14801 1.64316 -0.0248699 -0.708969 -0.460509 -1.6473 0.150518 -0.0147167 0.396497 -0.223409 -0.975955 -2.02113 -3.64144 0.889301 0.771465 -0.128901 0.526082 0.753393 0.108234 1.5296 -0.518043 0.056319 -0.0319731 0.39469 0.069883 0.221293
internal_weight=684046 54284 6389 47895 5000 5439 629762 9200 8326 2824 5502 620562 24984 9418 5619 3590 1934 3799 15566 2613 13829 12022 5880 1794 4086 3257 595578 22499 17839 16824
internal_count=684046 54284 6389 47895 5000 5439 629762 9200 8326 2824 5502 620562 24984 9418 5619 3590 1934 3799 15566 2613 13829 12022 5880 1794 4086 3257 595578 22499 17839 16824
is_linear=0
shrinkage=0.04


Tree=215
num_leaves=31
num_cat=0
split_feature=49 34 10 7 14 46 32 37 11 7 11 5 13 13 6 32 6 14 0 13 6 32 7 13 14 32 6 7 9 9
split_gain=2.9124e+06 4.06664e+06 3.35861e+06 4.09586e+06 3.55837e+06 2.6599e+06 6.98047e+06 3.12908e+06 2.33251e+06 5.0584e+06 8.86865e+06 6.26512e+06 4.62437e+06 4.22089e+06 4.3037e+06 6.29745e+06 6.05186e+06 5.0537e+06 4.49915e+06 4.88135e+06 4.24499e+06 4.00449e+06 4.9498e+06 4.26714e+06 3.72123e+06 7.10611e+06 3.65941e+06 3.54856e+06 3.70125e+06 3.49496e+06
threshold=-0.055446295067667954 0.10157021507620813 -0.31084182858467096 0.029386162757873539 0.73348909616470348 -0.059460947290062897 1.1391272544860842 -0.061002761125564568 1.252155661582947 -0.20217898488044736 3.6455159187316899 0.026958227157592777 1.1587139964103701 0.53750902414321911 -0.037559628486633294 0.7993396818637849 0.47845721244812017 0.9879153072834016 -0.049760222434997552 1.0616458058357241 -0.65087938308715809 1.9127094149589541 0.21092861890792849 0.68155211210250866 0.99777778983116161 1.5810215473175051 0.72840988636016857 0.45255410671234136 0.067715167999267592 0.032607376575469978
decision_type=8 10 10 10 10 8 10 8 10 10 10 10 8 10 8 10 10 10 10 10 10 10 10 10 10 8 10 10 10 8
left_child=1 -1 -3 4 -4 6 7 -2 24 10 11 -10 29 -11 15 -15 21 18 19 -18 -17 22 -16 -24 26 -26 -7 -22 -29 -13
right_child=5 2 3 -5 -6 8 -8 -9 9 13 -12 12 -14 14 16 20 17 -19 -20 -21 27 -23 23 -25 25 -27 -28 28 -30 -31
leaf_value=1.1413971742780451 -3.9095572640025664 1.1443187688365828 -0.67022659696178677 0.62413442654274731 -3.9857435416966838 0.023388506199595913 0.69201640103475826 -1.0299965368737123 -5.1738119618412854 1.5108678409296667 1.6690431986037197 -4.4107457370137322 1.1014859922050277 -2.320107850127104 -3.7078613067567021 -0.68728106506457731 -3.6146007744471236 1.9160756920560069 -0.092742302937868962 -0.084744299429571651 0.85769561533996919 -3.7393511564232909 1.8637359942667704 -0.90186944012060732 0.24306126458866381 -3.9004846422774819 0.94733366963723609 5.2089131069605799 1.5830841736517831 -0.98949571107802614
leaf_weight=8218 1175 1784 1205 1499 905 564624 2144 1251 949 2459 1116 835 818 810 897 1099 1223 1924 63488 1276 1752 841 987 8563 1626 1106 6933 893 924 1117
leaf_count=8218 1175 1784 1205 1499 905 564624 2144 1251 949 2459 1116 835 818 810 897 1099 1223 1924 63488 1276 1752 841 987 8563 1626 1106 6933 893 924 1117
internal_value=0.00276216 0.581812 -0.271433 -0.972496 -2.10438 -0.00899514 -0.969661 -2.435 -0.0023913 -0.1894 -1.44738 -2.38453 -1.41375 -0.11944 -0.166956 0.916331 -0.241991 -0.0993661 -0.158412 -1.81976 1.48168 -1.0992 -0.883295 -0.614391 0.0275605 -1.44248 0.0346124 2.14963 3.38383 -2.46801
internal_weight=684441 13611 5393 3609 2110 670830 4570 2426 666260 91971 4835 3719 2770 87136 84677 5478 79199 67911 65987 2499 4668 11288 10447 9550 574289 2732 571557 3569 1817 1952
internal_count=684441 13611 5393 3609 2110 670830 4570 2426 666260 91971 4835 3719 2770 87136 84677 5478 79199 67911 65987 2499 4668 11288 10447 9550 574289 2732 571557 3569 1817 1952
is_linear=0
shrinkage=0.04


Tree=216
num_leaves=31
num_cat=0
split_feature=36 51 43 29 47 12 29 31 12 4 52 43 32 33 32 22 9 43 29 46 32 29 14 19 32 5 52 33 49 16
split_gain=2.54157e+06 2.3131e+06 4.75108e+06 6.56632e+06 6.19915e+06 5.02602e+06 4.54238e+06 6.94412e+06 7.02462e+06 5.99759e+06 4.72054e+06 4.89686e+06 5.69693e+06 4.89811e+06 4.27809e+06 4.8561e+06 4.15863e+06 5.03769e+06 5.52244e+06 6.99488e+06 5.16792e+06 6.54362e+06 4.67047e+06 4.14477e+06 4.06391e+06 3.95845e+06 5.19146e+06 3.92225e+06 3.90423e+06 3.85188e+06
threshold=0.57153618335723888 -0.012758061755448578 8.5000000000000018 1.6984755396842959 -0.06313160806894301 0.038934910669922836 1.6836679577827456 61.585000991821296 0.045232895761728294 0.077118635177612319 0.10935258865356447 6.5000000000000009 1.7010730504989626 20.271794319152836 1.0552225112915041 0.64052423834800731 -0.074150532484054552 33.500000000000007 1.0938283801078799 -0.028734161518514153 0.74594789743423473 0.64363408088684093 0.94833147525787365 3.5000000000000004 2.4518741369247441 -0.232693076133728 -0.1288272142410278 19.320555686950687 -0.043603057041764252 0.0095730125904083269
decision_type=10 10 2 10 10 10 10 10 10 10 10 2 10 10 10 10 8 2 10 8 8 10 8 2 10 10 8 10 8 10
left_child=1 6 3 -3 5 -5 9 8 -8 10 11 12 25 -14 15 -11 17 18 19 -13 21 -19 24 -10 -18 -1 -27 -28 -22 -23
right_child=-2 2 -4 4 -6 -7 7 -9 23 14 -12 16 13 -15 -16 -17 22 20 -20 -21 28 29 -24 -25 -26 26 27 -29 -30 -31
leaf_value=2.3557698177350197 -1.9245538757808425 -0.032384975248270116 -0.072012994820125881 2.3964007532728524 0.33712725380283964 -0.81337162370335547 -0.74623357643310873 0.88351933400931137 0.2615614154723192 2.382167563947406 -2.8160337606171311 -1.0896808115465322 -0.54118273634631364 -4.6861980622133954 0.3322683983764752 0.68710458442017985 0.1529742315447962 -4.0941651702121025 0.22810808743624619 2.9869597118186459 2.5546387570243749 0.63086286143968251 -1.2174131542159163 3.134352488483513 -1.7326716756720213 -3.401555790874752 -1.8309136939846093 0.25367384875422683 0.40625748523496769 -2.4534714475935231
leaf_weight=826 1058 23106 384168 5705 8786 899 29700 7321 7191 4389 864 803 878 946 16494 7051 134267 851 3540 4024 1437 2454 4252 895 1844 892 1844 6525 21072 869
leaf_count=826 1058 23106 384168 5705 8786 899 29700 7321 7191 4389 864 803 878 946 16494 7051 134267 851 3540 4024 1437 2454 4252 895 1844 892 1844 6525 21072 869
internal_value=0.0252316 0.0282761 -0.029557 0.394038 1.03386 1.95889 0.121847 -0.243222 -0.461702 0.198048 0.116845 0.130522 -0.653981 -2.70478 0.744867 1.33893 0.183826 0.573512 1.4293 2.30794 0.304726 -0.986432 0.0864834 0.583015 0.127303 -0.280829 -0.518278 -0.207275 0.544486 -0.180665
internal_weight=684951 683893 422664 38496 15390 6604 261229 45107 37786 216122 188188 187324 11911 1824 27934 11440 175413 35050 8367 4827 26683 4174 140363 8086 136111 10087 9261 8369 22509 3323
internal_count=684951 683893 422664 38496 15390 6604 261229 45107 37786 216122 188188 187324 11911 1824 27934 11440 175413 35050 8367 4827 26683 4174 140363 8086 136111 10087 9261 8369 22509 3323
is_linear=0
shrinkage=0.04


Tree=217
num_leaves=31
num_cat=0
split_feature=47 52 14 17 16 31 16 32 14 7 7 15 31 15 0 22 7 5 22 5 8 10 7 7 7 52 43 16 8 33
split_gain=3.40459e+06 2.2373e+06 4.98627e+06 4.46495e+06 5.33104e+06 4.43489e+06 4.08802e+06 2.60012e+06 4.13746e+06 3.33612e+06 6.01354e+06 2.3859e+06 2.3175e+06 3.19175e+06 7.75057e+06 3.15923e+06 5.50662e+06 3.28945e+06 2.61436e+06 5.5258e+06 9.08735e+06 9.8298e+06 1.11178e+07 6.87112e+06 6.52423e+06 6.00152e+06 5.77282e+06 5.69491e+06 4.24035e+06 5.22873e+06
threshold=-0.27895608544349665 -0.31614080071449274 0.66741406917572033 0.070781756192445769 -1.0000000180025095e-35 36.914999008178718 0.0047857267782092103 -1.0000000180025095e-35 0.63989245891571056 0.17586755752563479 0.025690019130706791 -0.020001432858407494 71.454998016357436 -0.92307448387145985 -0.045267581939697259 0.20884413272142413 -0.2690416276454925 0.093503952026367201 0.19234050810337069 0.036032438278198249 -0.081841617822647081 -0.35188165307044977 -0.27782642841339106 0.033336222171783454 -0.17844548821449277 -0.081227470189332948 48.500000000000007 -0.019241827540099617 -0.17679315805435178 18.285150527954105
decision_type=8 8 8 2 10 10 10 8 10 8 10 2 10 2 10 10 8 8 8 10 8 8 10 10 8 10 2 10 10 10
left_child=-1 2 -2 4 -4 -6 -5 8 9 10 -3 -10 13 14 -9 -14 -17 -18 19 20 23 22 -22 27 -21 -23 -24 -15 -29 -30
right_child=1 7 3 6 5 -7 -8 12 11 -11 -12 -13 15 18 -16 16 17 -19 -20 24 21 25 26 -25 -26 -27 -28 28 29 -31
leaf_value=-2.4446644948298597 3.4797268304248266 0.61423268263925179 -3.459895924784711 3.3841514615314767 -1.5017828138186158 2.3163072696082145 -0.36968752263969912 -4.4924918034451062 -3.1921872382295335 1.5379082813365486 -2.5508724877973563 -0.52554039095669913 1.014188230454139 -1.646513055007143 0.78287751051499732 -3.0806127906736531 -0.15683260007685204 0.7309968876237376 0.011519175872903249 3.4218457710066668 0.98671748342552035 -1.4382831535109377 -1.8059990040808782 1.7688356765149496 0.18370049347047471 -0.19765876055131584 -4.6838799541015241 0.68760814412551763 -1.6523820230386761 -0.027758493374583821
leaf_weight=913 908 2239 818 1056 981 947 819 837 1406 1385 1668 872 7756 3579 935 833 16560 11175 526751 1030 1245 8699 2208 3305 23329 22010 2286 10870 3654 23495
leaf_count=913 908 2239 818 1056 981 947 819 837 1406 1385 1668 872 7756 3579 935 833 16560 11175 526751 1030 1245 8699 2208 3305 23329 22010 2286 10870 3654 23495
internal_value=-0.0169455 -0.0136676 0.786978 0.251496 -0.775165 0.375872 1.75121 -0.0202071 -0.756891 -0.14213 -0.740096 -2.17817 -0.0118794 -0.0296773 -1.72016 0.298803 0.104294 0.201027 -0.0249139 -0.206443 -0.364687 -0.833837 -2.35199 0.0162256 0.321971 -0.549447 -3.27706 -0.123413 0.020363 -0.246945
internal_weight=684569 683656 5529 4621 2746 1928 1875 678127 7570 5292 3907 2278 670557 634233 1772 36324 28568 27735 632461 105710 81351 36448 5739 44903 24359 30709 4494 41598 38019 27149
internal_count=684569 683656 5529 4621 2746 1928 1875 678127 7570 5292 3907 2278 670557 634233 1772 36324 28568 27735 632461 105710 81351 36448 5739 44903 24359 30709 4494 41598 38019 27149
is_linear=0
shrinkage=0.04


Tree=218
num_leaves=31
num_cat=0
split_feature=47 1 14 51 43 29 48 52 20 52 3 38 32 51 18 32 23 32 38 2 31 23 3 0 28 29 10 0 37 32
split_gain=2.57182e+06 2.43871e+06 5.14821e+06 5.75587e+06 3.61537e+06 3.68259e+06 3.5704e+06 3.40561e+06 3.52378e+06 3.33879e+06 5.91968e+06 4.9541e+06 7.55971e+06 7.95416e+06 4.83536e+06 4.36466e+06 4.17564e+06 4.00573e+06 5.82313e+06 5.41649e+06 3.51887e+06 3.55409e+06 6.83656e+06 4.94972e+06 6.18353e+06 4.14719e+06 3.31665e+06 3.31006e+06 3.27942e+06 3.13894e+06
threshold=-0.27895608544349665 0.046909809112548835 0.91842278838157665 0.14533288776874545 5.5000000000000009 0.61399301886558544 -0.18334504961967465 -0.21296317130327222 3.5000000000000004 -0.16185130923986432 -0.13420867919921872 -0.24086952209472653 2.1076766252517705 -0.046461887657642358 -0.015915461815893647 2.3700801134109502 -0.34803175926208491 1.2283957600593569 -0.29099187254905695 -0.023874759674072262 15.994999885559084 -0.24383026361465451 -0.14549183845520017 -0.049760222434997552 0.98646166920661937 1.2998888492584231 -0.10674610733985899 0.01167416572570801 -0.0019730627536773677 1.3180830478668215
decision_type=8 10 8 10 2 10 8 8 2 8 10 8 10 10 2 10 10 8 8 10 10 10 10 8 10 8 8 10 8 10
left_child=-1 6 3 4 -3 -6 -2 -4 28 11 15 14 20 -14 -8 16 -11 -18 -19 -20 -13 23 25 24 -22 -23 -24 -7 -9 -5
right_child=1 2 7 29 5 27 9 8 -10 10 -12 12 13 -15 -16 -17 17 18 19 -21 21 22 26 -25 -26 -27 -28 -29 -30 -31
leaf_value=-2.0671922506475751 1.5250161597724681 1.2486813466442259 -1.5434891712136056 -2.0873730710195 1.4735978705456731 0.42868663863636564 2.5479360939404847 -0.78684901441253929 -0.25969227569719289 -1.3437848794698997 -0.015198021161838635 -2.2062639225521443 -0.96060586015928429 -5.5741195022886361 -0.2804489006770719 3.3607557921548339 0.089934328964803814 -1.2227518423535573 2.093936035073356 -0.91414573191738813 -3.2620849454451899 -4.9129045696200846 -0.092571151094735807 0.83881533536109887 0.82545202935267437 -1.0112994930023371 -2.7187323922901676 -0.19002623067543792 1.6536560533197093 0.71756779579148766
leaf_weight=933 2419 4631 823 2829 2936 21224 1627 967 2463 1688 545850 1600 1594 952 2359 918 8261 1264 7062 1102 1207 899 8828 7067 1147 850 833 39694 9317 818
leaf_count=933 2419 4631 823 2829 2936 21224 1627 967 2463 1688 545850 1600 1594 952 2359 918 8261 1264 7062 1102 1207 899 8828 7067 1147 850 833 39694 9317 818
internal_value=0.0203024 0.0231832 0.222715 0.0881924 0.170732 0.0923705 -0.00543842 0.937184 1.09843 -0.0116849 0.00974802 -0.430498 -0.639508 -2.70075 0.877525 0.680368 0.551715 0.733253 1.29625 1.68727 -0.404451 -0.265064 -0.739543 0.309764 -1.27534 -3.03328 -0.321584 0.02557 1.42363 -1.458
internal_weight=684162 683229 85702 72132 68485 63854 597527 13570 12747 595108 566145 28963 24977 2546 3986 20295 19377 17689 9428 8164 22431 20831 11410 9421 2354 1749 9661 60918 10284 3647
internal_count=684162 683229 85702 72132 68485 63854 597527 13570 12747 595108 566145 28963 24977 2546 3986 20295 19377 17689 9428 8164 22431 20831 11410 9421 2354 1749 9661 60918 10284 3647
is_linear=0
shrinkage=0.04


Tree=219
num_leaves=31
num_cat=0
split_feature=12 10 33 7 21 43 33 12 6 9 31 5 6 33 7 13 3 11 48 16 43 43 11 5 3 3 12 16 30 16
split_gain=2.36939e+06 5.20749e+06 5.88134e+06 8.90934e+06 6.93038e+06 6.05482e+06 4.71204e+06 5.30394e+06 5.026e+06 4.3222e+06 4.80265e+06 3.70867e+06 3.70566e+06 6.25722e+06 5.71031e+06 5.76146e+06 5.12573e+06 4.93231e+06 4.53253e+06 3.57359e+06 3.51052e+06 3.4941e+06 3.48871e+06 6.76584e+06 3.99307e+06 6.52619e+06 9.43028e+06 3.59107e+06 4.38419e+06 4.32979e+06
threshold=0.02035416662693024 -0.4353343248367309 20.443683624267582 -0.43535435199737543 42.305154800415046 31.500000000000004 16.271971702575687 0.014411937445402147 0.14549350738525393 -0.061946034431457513 43.204999923706062 -0.21422886848449704 -0.26380348205566401 22.564469337463382 -0.56148302555084217 0.94486546516418468 -0.020882725715637204 2.9519660472869877 0.11950330436229707 -0.069146420806646333 1.0000000180025095e-35 20.500000000000004 0.94712215662002575 0.35776805877685552 -0.12019443511962889 -0.0090497732162475569 0.034520082175731666 -0.001942558621522039 1.0992555022239687 0.0064057179260998973
decision_type=8 10 10 8 10 2 10 10 10 10 10 10 10 10 10 8 10 10 10 8 2 2 10 10 10 10 10 10 10 10
left_child=1 2 3 -1 5 -5 7 -3 -9 -7 -11 21 13 17 15 -14 -17 18 19 -2 -16 -8 23 -21 -24 26 -26 -27 29 -29
right_child=12 6 -4 4 -6 9 11 8 -10 10 -12 -13 14 -15 20 16 -18 -19 -20 22 -22 -23 24 -25 25 27 -28 28 -30 -31
leaf_value=2.8316988982567599 2.6031884959024696 -0.16499833380972728 1.1715290743944706 0.07017022192751346 -0.32381720856146667 -1.0088375093512678 -0.80107919600118205 0.72333279240613035 4.4542239136154436 -6.0025269120651483 -2.576596902849857 0.091938087760014858 -4.0764826303380852 -2.5124763754674611 -1.6777927916898583 1.8609904114607443 -1.9724116049531908 2.706493094928113 2.8805549256785579 0.11871913013981722 -0.093370220122002079 1.4862034966858964 2.0682288836139344 2.020282865316831 0.25328530069108718 -2.0658921877263547 -4.9144078324357823 1.3891443892673092 1.79345357522038 -1.662276960644115
leaf_weight=819 916 1781 2146 1081 4206 951 1322 1079 1245 1224 1453 275760 1122 1385 2246 855 1565 1216 957 90749 272487 5447 801 3086 989 1326 1305 1121 1884 2168
leaf_count=819 916 1781 2146 1081 4206 951 1322 1079 1245 1224 1453 275760 1122 1385 2246 855 1565 1216 957 90749 272487 5447 801 3086 989 1326 1305 1121 1884 2168
internal_value=0.0155869 0.100219 -0.720062 -1.13786 -1.5053 -2.55766 0.13424 1.47807 2.73255 -3.33869 -4.15954 0.114664 -0.0498339 0.149141 -0.126991 -1.72054 -0.615964 0.183982 0.154598 0.129323 -0.106384 1.03897 0.107165 0.181465 -0.618974 -0.865837 -2.69506 -0.217015 0.259982 -0.621193
internal_weight=684692 298514 11880 9734 8915 4709 286634 4105 2324 3628 2677 282529 386178 107903 278275 3542 2420 106518 105302 104345 274733 6769 103429 93835 9594 8793 2294 6499 5173 3289
internal_count=684692 298514 11880 9734 8915 4709 286634 4105 2324 3628 2677 282529 386178 107903 278275 3542 2420 106518 105302 104345 274733 6769 103429 93835 9594 8793 2294 6499 5173 3289
is_linear=0
shrinkage=0.04


Tree=220
num_leaves=31
num_cat=0
split_feature=12 30 6 10 33 17 23 4 21 12 13 26 23 1 1 11 23 22 10 5 10 11 23 22 11 22 9 13 6 39
split_gain=3.44679e+06 5.38443e+06 5.28565e+06 8.87906e+06 8.38254e+06 4.56962e+06 4.41227e+06 4.79862e+06 4.53077e+06 4.35012e+06 6.05471e+06 6.45969e+06 4.4608e+06 4.2296e+06 4.56079e+06 5.20849e+06 4.84894e+06 4.06049e+06 3.96041e+06 4.00544e+06 3.77339e+06 3.52605e+06 3.41568e+06 3.36863e+06 3.64159e+06 3.29889e+06 3.13112e+06 5.95155e+06 5.39821e+06 4.49144e+06
threshold=0.053734187036752708 1.0483036637306216 -0.76047980785369862 -0.44746303558349604 17.9932975769043 0.14342848211526874 -0.085438758134841905 0.050935506820678718 16.547519683837894 0.044593373313546188 1.3544049263000491 1.0000000180025095e-35 -0.072293132543563829 0.13306045532226565 -0.036095857620239251 0.39684283733367925 -0.1982859671115875 0.20884413272142413 -0.36712265014648432 -0.34094631671905512 -0.7799873650074004 0.40513807535171514 -0.22975444793701169 0.18390131741762164 0.20228272676467898 0.16299100965261462 -0.14332723617553708 0.77062624692916881 -0.0081248283386230451 -0.036077644675970071
decision_type=10 10 10 10 10 2 10 10 10 10 8 2 10 10 10 10 8 10 8 10 8 10 10 10 10 10 8 10 10 10
left_child=9 2 5 17 -5 6 7 8 -2 26 11 20 -12 14 -6 -16 -17 -4 19 22 -11 -13 -3 -10 -25 -22 27 -1 29 -29
right_child=1 18 3 4 13 -7 -8 -9 23 10 12 21 -14 -15 15 16 -18 -19 -20 -21 25 -23 -24 24 -26 -27 -28 28 -30 -31
leaf_value=3.5039085242722439 -4.8965112186850215 0.80674037354736539 -0.64990366871315897 -3.4811281422902751 0.94172936084239556 0.81789542691239003 -4.8701470926793933 0.45013528162196315 0.45600967224000066 -2.0583586229780897 2.13837134987868 -0.49130983814148393 -0.30090148146022888 2.2604489948210604 1.3324877674478781 -4.7743371319854964 -1.3019588812826481 2.2965494279154721 -0.52533364906127811 2.1047401061797508 2.7357328467793987 -4.0820300971670882 -2.1762350076451153 -4.5223887536632397 -0.74041000378972999 0.38058799839194452 -0.024047106366777787 -1.093718484218392 2.0458656125579329 2.0644600676067624
leaf_weight=1098 911 2260 1093 1780 1763 916 846 1191 841 951 5022 953 1572 825 853 840 2703 2338 5325 2707 1000 804 832 817 812 16591 620830 3529 2004 895
leaf_count=1098 911 2260 1093 1780 1763 916 846 1191 841 951 5022 953 1572 825 853 840 2703 2338 5325 2707 1000 804 832 817 812 16591 620830 3529 2004 895
internal_value=-0.0119765 -0.433717 -0.851189 -0.363709 -1.03881 -1.78769 -2.2289 -1.73061 -2.49786 0.00711546 0.505204 0.162846 1.55728 -0.412254 -0.773347 -1.46175 -2.13634 1.35875 0.261796 0.984247 0.382878 -2.14822 -0.000351137 -1.597 -2.65322 0.51595 -0.0142099 0.796228 0.32899 -0.451586
internal_weight=684902 29653 18529 12195 8764 6334 5418 4572 3381 655249 26893 20299 6594 6984 6159 4396 3543 3431 11124 5799 18542 1757 3092 2470 1629 17591 628356 7526 6428 4424
internal_count=684902 29653 18529 12195 8764 6334 5418 4572 3381 655249 26893 20299 6594 6984 6159 4396 3543 3431 11124 5799 18542 1757 3092 2470 1629 17591 628356 7526 6428 4424
is_linear=0
shrinkage=0.04


Tree=221
num_leaves=31
num_cat=0
split_feature=15 31 32 30 33 43 18 14 43 52 18 35 43 3 30 52 3 18 47 32 32 31 2 31 46 12 10 15 33 4
split_gain=2.84589e+06 4.52144e+06 4.26409e+06 3.49932e+06 4.54644e+06 4.70257e+06 3.33207e+06 4.25878e+06 4.2534e+06 4.16262e+06 3.31852e+06 3.24822e+06 3.50378e+06 4.18941e+06 4.19464e+06 3.37495e+06 4.6532e+06 5.66478e+06 5.26189e+06 3.37006e+06 3.36844e+06 3.71945e+06 3.35284e+06 3.24615e+06 3.00801e+06 2.99268e+06 2.97886e+06 3.38387e+06 2.96767e+06 2.94586e+06
threshold=-0.6190529167652129 32.614999771118171 1.0000000180025095e-35 0.68962284922599804 21.438903808593754 2.5000000000000004 -0.030141326598823067 0.80323508381843578 55.500000000000007 -0.016589272767305371 -0.074237957596778856 0.1004958599805832 46.500000000000007 -0.053039550781249993 1.0607648491859438 -0.018210257403552529 -0.29324173927307123 -0.067053057253360734 0.027232496067881588 1.6767851710319521 1.5445875525474551 61.585000991821296 -0.11180031299591063 23.545000076293949 -0.026273182593286034 0.019029964692890648 -0.052041321992874139 -0.87499991059303273 22.564469337463382 -0.14234995841979978
decision_type=2 10 10 8 10 2 2 8 2 10 2 10 2 8 10 8 10 2 8 10 8 10 10 10 8 10 10 2 10 10
left_child=1 2 -1 -4 5 -5 -7 -8 9 -9 -2 12 13 20 -15 16 -14 22 -19 -20 21 24 -18 -11 -3 -26 27 -17 -6 -27
right_child=10 11 3 4 28 6 7 8 -10 23 -12 -13 15 14 -16 26 17 18 19 -21 -22 -23 -24 -25 25 29 -28 -29 -30 -31
leaf_value=-2.901501634067595 1.6235597145139884 -1.3164053675295815 0.29500113341762213 -3.3954036988691532 0.93931470874022427 -0.16369206790322305 -0.62802133538382321 -1.1229132915066991 -0.830516355319036 -5.9737540917291119 0.018913435722918089 -1.887829411343418 2.3995283704378041 0.50015999922747767 -0.41015754505852164 -1.5221639587388816 -0.8986599872048151 1.3239747704273543 -0.49529280120632008 -2.1610385521918287 2.4018210194389007 2.4146735790336322 -4.4067148030720276 -2.4790023819610036 1.8304740308844714 1.6115092293865292 -0.58209418551847047 0.51314862096742997 -1.683230393404552 -0.876341787273058
leaf_weight=1152 2060 1565 8257 1071 4132 11141 12363 1125 2760 872 539181 1463 829 16208 16168 1400 808 2358 19357 2152 2073 1498 953 868 2148 1118 7313 17940 819 2334
leaf_count=1152 2060 1565 8257 1071 4132 11141 12363 1125 2760 872 539181 1463 829 16208 16168 1400 808 2358 19357 2152 2073 1498 953 868 2148 1118 7313 17940 819 2334
internal_value=-0.0167934 -0.176001 -0.509855 -0.44573 -0.619763 -0.80393 -0.707515 -1.04406 -1.95571 -3.03302 0.0250507 -0.0236729 0.00486371 0.272734 0.0455773 -0.21259 -0.532546 -0.62829 -0.466111 -0.662879 0.95708 0.608992 -2.81128 -4.25452 0.228636 0.661996 0.105093 0.365104 0.502972 -0.0682735
internal_weight=683486 142245 44560 43408 35151 30200 29129 17988 5625 2865 541241 97685 96222 43112 32376 53110 26457 25628 23867 21509 10736 8663 1761 1740 7165 5600 26653 19340 4951 3452
internal_count=683486 142245 44560 43408 35151 30200 29129 17988 5625 2865 541241 97685 96222 43112 32376 53110 26457 25628 23867 21509 10736 8663 1761 1740 7165 5600 26653 19340 4951 3452
is_linear=0
shrinkage=0.04


Tree=222
num_leaves=31
num_cat=0
split_feature=46 32 6 7 39 38 5 8 33 0 23 4 13 51 7 32 19 9 7 5 8 7 33 33 13 51 13 30 30 23
split_gain=2.75804e+06 2.88306e+06 4.83519e+06 4.62901e+06 7.58053e+06 6.2462e+06 5.59687e+06 6.06152e+06 7.75992e+06 4.98726e+06 4.92044e+06 6.89215e+06 4.44063e+06 4.38831e+06 4.00008e+06 5.51311e+06 3.82003e+06 6.62184e+06 4.78158e+06 4.08525e+06 6.73621e+06 6.58369e+06 6.52212e+06 5.94415e+06 5.71631e+06 3.82622e+06 3.68529e+06 3.59839e+06 3.58382e+06 3.58221e+06
threshold=0.031227719970047477 1.0407089591026308 1.4476814270019533 -0.30741798877716059 -0.13198236376047132 -0.48818126320838923 -0.32730102539062494 -0.11891099810600279 18.160789489746097 0.051981806755065925 -0.12913617491722104 -0.21817636489868161 1.6190963387489321 0.14533288776874545 0.75068372488021862 0.53003180027008068 3.5000000000000004 -0.16822463274002072 -0.38714325428009028 -0.6508880853652953 -0.25069844722747797 -0.25291365385055536 19.067798614501957 17.9932975769043 1.2204366326332095 -0.031040714122354981 1.0691361427307131 1.1051204204559328 1.1509560942649844 -0.027209550142288205
decision_type=10 10 10 10 10 10 10 8 10 10 8 8 8 8 10 10 2 8 8 8 10 10 10 10 10 10 8 8 8 10
left_child=1 2 3 4 6 13 9 8 -8 10 11 -1 16 14 28 -16 19 -18 -19 -3 21 22 23 -21 -24 -20 -4 -13 -5 -15
right_child=-2 12 26 5 -6 -7 7 -9 -10 -11 -12 27 -14 29 15 -17 17 18 25 20 -22 -23 24 -25 -26 -27 -28 -29 -30 -31
leaf_value=0.26289039511419615 0.35830059960193772 1.1384593768221738 -2.9985171846200345 0.31035574983684805 1.846784780159193 -0.19310959625260829 -5.9041441540352473 -0.85127772004980662 -0.62555103406616974 2.7577195118173847 0.4485749439356092 -1.1349869978091596 -2.5740267121296401 -2.8110595223195309 4.0296694616234161 0.60159436733716809 2.7713454666639592 -2.7171992430609504 0.78993124377626445 -3.1927501079281941 -0.14361437972849539 1.1562860946781124 -6.5944278225887336 1.455050707923605 -2.1012322626021303 -0.40235847838713595 0.3122729124425454 -3.6999020763794377 -0.06903619482577035 0.33904427888332872
leaf_weight=3434 29192 3873 1450 156109 2201 81419 916 11201 864 926 7636 2046 1169 1370 1014 2829 1731 852 11195 819 294448 1013 826 930 1020 6987 849 1537 53481 990
leaf_count=3434 29192 3873 1450 156109 2201 81419 916 11201 864 926 7636 2046 1169 1370 1014 2829 1731 852 11195 819 294448 1013 826 930 1020 6987 849 1537 53481 990
internal_value=-0.0220507 -0.0390039 0.0442172 0.057057 -0.409972 0.105406 -0.584477 -1.19757 -3.35976 -0.0731835 -0.253842 -1.01777 -0.123609 0.21804 0.237037 1.51422 -0.114681 0.410039 0.193954 -0.150661 -0.167394 -1.68328 -2.4844 -0.727142 -4.13643 0.331787 -1.77981 -2.24249 0.213548 -1.49376
internal_weight=684327 655135 330272 327973 30761 297212 28560 12981 1780 15579 14653 7017 324863 215793 213433 3843 323694 20765 19034 302929 299056 4608 3595 1749 1846 18182 2299 3583 209590 2360
internal_count=684327 655135 330272 327973 30761 297212 28560 12981 1780 15579 14653 7017 324863 215793 213433 3843 323694 20765 19034 302929 299056 4608 3595 1749 1846 18182 2299 3583 209590 2360
is_linear=0
shrinkage=0.04


Tree=223
num_leaves=31
num_cat=0
split_feature=32 1 3 34 13 6 33 33 11 7 39 33 31 14 7 12 12 36 42 13 38 21 11 39 33 33 6 12 1 8
split_gain=2.87048e+06 9.42077e+06 5.83979e+06 4.09474e+06 4.91586e+06 4.75588e+06 4.52646e+06 7.83488e+06 5.48311e+06 8.69471e+06 6.21963e+06 5.83542e+06 6.28961e+06 5.13223e+06 6.24845e+06 4.49019e+06 7.07664e+06 5.80781e+06 7.19356e+06 4.71008e+06 4.07351e+06 3.47053e+06 3.45596e+06 3.29918e+06 3.15451e+06 6.20932e+06 5.43065e+06 6.93614e+06 7.34551e+06 4.08945e+06
threshold=1.9356380701065066 -0.10805845260620116 -0.16784143447875974 -0.033010713756084435 1.5306828618049624 1.7494645118713381 18.023576736450199 18.466876983642582 0.090333223342895522 -0.21879407763481137 -0.042681606486439698 18.878958702087406 32.395000457763679 0.90358388423919689 -0.14704793691635129 0.042268332093954093 0.048357717692852027 -0.84461915493011464 1.0000000180025095e-35 1.1212560534477236 1.4341275691986086 45.619726181030281 0.4757679700851441 -0.18862597644329068 21.305105209350589 20.867758750915531 0.27265286445617681 0.034812903031706817 -0.0032403469085693355 0.091656982898712172
decision_type=10 8 10 8 8 8 10 10 10 10 10 10 10 10 10 10 10 10 2 10 10 10 10 10 10 10 8 10 10 10
left_child=-1 2 -2 23 5 6 13 22 9 10 -9 12 -10 14 -5 17 -17 18 24 -18 -19 -7 -8 -3 25 26 27 28 -13 -28
right_child=1 3 -4 4 -6 21 7 8 11 -11 -12 15 -14 -15 -16 16 19 20 -20 -21 -22 -23 -24 -25 -26 -27 29 -29 -30 -31
leaf_value=0.012146317508020624 0.35935211042404175 -1.8412045389110023 4.8607935419241635 1.5417607017910999 -3.5597646643292018 3.1526495569237425 0.27852377042975479 1.6019375760087833 -0.78916019058530296 -5.4280716644503215 -3.2126761925764358 -4.021835108796334 -4.9995890525979041 -4.4774643131117244 -2.7028381631354375 3.1183219648252196 -2.6733386359323732 0.77580926187833155 -4.1539065791168008 0.91257825990624752 -2.2498453821043665 -0.15283187167092702 3.8905004490855637 0.88349855664924437 1.2649344670794149 -3.6852932884179688 1.4459770831511971 1.6109610080183663 -0.41070862029053778 -1.5890063828007366
leaf_weight=641948 990 814 856 910 876 909 827 903 1565 952 801 1876 885 979 1392 1486 892 5780 1096 1664 802 1135 863 5195 1094 1188 2503 903 1731 981
leaf_count=641948 990 814 856 910 876 909 827 903 1565 952 801 1876 885 979 1392 1486 892 5780 1096 1664 802 1135 863 5195 1094 1188 2503 903 1731 981
internal_value=-0.00901367 -0.325961 2.46164 -0.452034 -0.61767 -0.541107 -0.660432 -0.4996 -0.664613 -2.38737 -0.666809 -0.476541 -2.32421 -2.06599 -1.0255 -0.269777 0.933197 -0.540973 -1.08795 -0.344386 0.404287 1.32536 2.13502 0.511955 -0.757231 -0.999278 -0.596 -1.51093 -2.29478 0.589306
internal_weight=684796 42848 1846 41002 34993 34117 32073 28792 27102 2656 1704 24446 2450 3281 2302 21996 4042 17954 11372 2556 6582 2044 1690 6009 10276 9182 7994 4510 3607 3484
internal_count=684796 42848 1846 41002 34993 34117 32073 28792 27102 2656 1704 24446 2450 3281 2302 21996 4042 17954 11372 2556 6582 2044 1690 6009 10276 9182 7994 4510 3607 3484
is_linear=0
shrinkage=0.04


Tree=224
num_leaves=31
num_cat=0
split_feature=33 5 32 8 23 30 23 12 23 6 7 5 6 14 0 32 48 33 5 6 48 5 33 6 40 7 5 5 33 36
split_gain=2.30337e+06 3.62276e+06 4.89183e+06 4.56112e+06 4.29248e+06 4.22482e+06 4.31116e+06 3.9446e+06 3.58902e+06 5.31379e+06 5.10528e+06 6.51756e+06 4.40693e+06 4.73095e+06 3.11979e+06 3.09627e+06 4.40267e+06 4.92641e+06 2.71711e+06 2.46563e+06 4.02592e+06 3.56237e+06 5.51438e+06 3.64085e+06 4.04434e+06 3.49958e+06 5.14757e+06 3.79543e+06 4.31882e+06 3.10784e+06
threshold=16.983814239501957 0.19174861907958987 1.835352420806885 -0.030011594295501706 -0.13052976131439206 1.0121099948883059 -0.057595014572143548 0.031751221045851714 -0.17212954163551328 0.83094060420990001 0.054187476634979255 -0.064321994781494127 0.52844333648681652 0.77608054876327526 0.018274545669555668 0.33651858568191534 0.16192785650491717 21.637187004089359 0.14662575721740725 -0.52823901176452626 -0.060967620462179177 -0.092253446578979478 18.134191513061527 0.19483292102813723 0.20184969902038577 0.027590990066528324 0.16669631004333499 -0.0016875267028808592 18.446086883544925 -0.50542956590652455
decision_type=10 8 10 10 10 10 8 10 8 8 8 10 8 10 8 8 10 10 8 8 8 8 10 10 10 8 10 10 10 8
left_child=1 3 5 8 -5 6 7 -3 12 10 11 -10 13 -1 -8 16 17 19 -18 -2 -21 22 -22 25 -25 27 -27 28 -23 -24
right_child=15 2 -4 4 -6 -7 14 -9 9 -11 -12 -13 -14 -15 -16 -17 18 -19 -20 20 21 23 29 24 -26 26 -28 -29 -30 -31
leaf_value=-1.0893800095378738 -1.9596935877120536 -0.035910117791758643 -3.0806984188483146 3.5263317602573512 0.92832556767892715 0.93652657644839865 1.724343308466405 -3.2960647281933251 0.17977276027311992 -3.3857462368524724 2.7947526658876445 -3.7858818510706436 3.0846620168051291 2.5759431658418404 -1.1295674913686253 0.0087861154382081804 3.2079849414543138 -2.5103896350543717 0.059150168296410774 2.444917928323644 -2.1168298633605316 -3.7202497883049315 -0.49704176845212317 0.18225357152051239 -2.7165400136443019 -2.1238657732205177 0.11757320280164038 0.56122108370000701 -0.40356780349648852 2.4025420684404653
leaf_weight=1786 1455 998 898 1125 10022 4152 1303 1457 2987 933 800 842 1087 811 1140 616962 843 1776 903 834 804 851 813 11757 814 5828 2278 3888 2334 2131
leaf_count=1786 1455 998 898 1125 10022 4152 1303 1457 2987 933 800 842 1087 811 1140 616962 843 1776 903 834 804 851 813 11757 814 5828 2278 3888 2334 2131
internal_value=0.00318757 0.343838 -0.281775 0.64901 1.19345 -0.000953708 -0.795938 -1.97628 -0.00795207 -0.648923 -0.0911927 -0.699868 0.958906 0.0607299 0.39342 -0.0126147 -0.366417 -0.462844 1.58907 -0.354505 -0.281685 -0.354632 0.801404 -0.511003 -0.00745976 -0.927749 -1.49459 -0.276925 -1.29862 1.60284
internal_weight=684612 30341 9948 20393 11147 9050 4898 2455 9246 5562 4629 3829 3684 2597 2443 654271 37309 35563 1746 33787 32332 31498 3748 27750 12571 15179 8106 7073 3185 2944
internal_count=684612 30341 9948 20393 11147 9050 4898 2455 9246 5562 4629 3829 3684 2597 2443 654271 37309 35563 1746 33787 32332 31498 3748 27750 12571 15179 8106 7073 3185 2944
is_linear=0
shrinkage=0.04


Tree=225
num_leaves=31
num_cat=0
split_feature=5 39 28 22 10 3 7 31 32 52 1 52 11 15 3 7 36 11 29 29 46 32 31 28 21 38 29 47 0 22
split_gain=2.95228e+06 6.39679e+06 5.34337e+06 5.42013e+06 4.87198e+06 7.17501e+06 6.56896e+06 9.67747e+06 7.1966e+06 6.78791e+06 5.83262e+06 4.08737e+06 5.65534e+06 3.77624e+06 4.14299e+06 3.72251e+06 8.54433e+06 3.22386e+06 5.86263e+06 3.53495e+06 3.04439e+06 6.49758e+06 5.29212e+06 4.06226e+06 3.5655e+06 6.80189e+06 5.82686e+06 3.88244e+06 3.86922e+06 6.46075e+06
threshold=-0.28175759315490717 -0.23448914289474485 0.47982686758041387 0.077495519071817412 -0.81112942099571217 0.014033555984497072 -0.33297660946846003 44.995000839233406 1.7277616262435915 -0.013418637216091154 -0.0029156208038330074 0.10269350931048395 0.40093529224395758 -0.4377825260162353 -0.053039550781249993 -0.28686913847923273 -0.90456873178482045 0.098903179168701186 1.358143746852875 0.99109718203544628 -0.014174717944115399 1.280706584453583 18.964999198913578 0.96033594012260448 4.645616054534913 -0.44018699228763575 0.44233568012714392 0.00047939372598193591 -0.072241544723510728 0.30948263406753546
decision_type=10 8 10 8 8 10 8 10 10 10 10 10 10 2 8 8 10 10 10 10 8 10 10 10 10 10 10 8 8 10
left_child=1 -1 3 -3 5 -2 7 8 9 10 -6 -4 -13 14 -5 16 17 19 -19 -8 21 -17 23 -23 25 26 -22 -27 29 -26
right_child=4 2 11 13 6 -7 15 -9 -10 -11 -12 12 -14 -15 -16 20 -18 18 -20 -21 24 22 -24 -25 28 27 -28 -29 -30 -31
leaf_value=-2.9646213124331244 3.0302637125730043 -2.9166245292182014 0.61192584059608079 -3.0587343649661292 -4.2020846115191315 -0.55119208971289357 -2.597466467344911 -3.9698141876111279 2.8083271190547006 0.75526574817532832 0.029016429398590601 0.31928608487710003 -2.9306692523314646 0.69490344722949626 0.0025956210577636374 -0.60432233279367698 4.1103327707978954 2.7799448630144821 -1.4545442540778055 0.83328214623768337 -2.0458561667720101 0.27166128763399627 0.64573162662987782 -2.9713937078104911 -3.715976426480299 0.83145255077080815 0.86667207779760713 -1.737183015153672 -0.0089976361055350979 0.3754732296824646
leaf_weight=943 2012 1348 43769 1165 1366 1601 1021 1611 901 1704 839 2623 1261 3756 1777 36943 1131 1417 818 893 1147 1225 14152 1234 1181 1332 22178 3161 528572 1279
leaf_count=943 2012 1348 43769 1165 1366 1601 1021 1611 901 1704 839 2623 1261 3756 1777 36943 1131 1417 818 893 1147 1225 14152 1234 1181 1332 22178 3161 528572 1279
internal_value=0.00847207 0.285019 0.340558 -0.612357 -0.0164862 1.4461 -0.0249763 -1.29678 -0.395129 -1.13879 -2.59929 0.501548 -0.740678 -0.144956 -1.21591 -0.0117347 1.0448 0.201271 1.23057 -1.0008 -0.0208608 -0.308931 0.34799 -1.36124 0.0067497 0.448105 0.722634 -0.975527 -0.0163786 -1.59585
internal_weight=684360 56642 55699 8046 627718 3613 624105 6421 4810 3909 2205 47653 3884 6698 2942 617684 5280 4149 2235 1914 612404 53554 16611 2459 558850 27818 23325 4493 531032 2460
internal_count=684360 56642 55699 8046 627718 3613 624105 6421 4810 3909 2205 47653 3884 6698 2942 617684 5280 4149 2235 1914 612404 53554 16611 2459 558850 27818 23325 4493 531032 2460
is_linear=0
shrinkage=0.04


Tree=226
num_leaves=31
num_cat=0
split_feature=18 14 5 33 5 52 0 8 15 10 7 33 23 8 15 7 6 23 10 8 4 5 4 35 5 15 10 29 6 52
split_gain=3.27308e+06 5.89251e+06 3.3623e+06 6.0223e+06 2.34145e+06 8.5995e+06 4.30058e+06 4.46894e+06 4.89487e+06 5.05449e+06 5.07263e+06 3.94605e+06 3.90901e+06 5.0481e+06 3.56192e+06 4.19359e+06 4.83367e+06 4.3404e+06 3.4223e+06 3.40141e+06 6.3996e+06 6.24391e+06 5.50481e+06 4.84296e+06 3.8698e+06 4.06363e+06 6.3234e+06 5.19091e+06 4.83477e+06 4.26812e+06
threshold=0.10545009002089502 0.92634809017181408 0.92229580879211437 18.970213890075687 0.17499780654907229 0.28357595205307012 -0.027737855911254879 -0.00077205896377563466 -0.87499991059303273 -0.059139668941497796 0.41021937131881719 16.898509025573734 -0.28553029894828791 -0.032043844461441033 0.30889341235160833 -0.11966836452484129 -0.76047980785369862 -0.17212954163551328 -0.10003060102462767 0.11735647916793825 0.044570922851562507 0.43053698539733892 -0.10715389251708983 0.064087904989719405 0.40634632110595709 -0.028947987593710419 -0.063873142004013048 1.321111857891083 0.31947517395019537 0.18198615312576297
decision_type=2 8 10 10 8 8 10 8 2 10 10 10 10 10 2 10 8 10 10 8 8 8 10 10 10 2 8 10 10 10
left_child=2 -2 4 -4 5 11 7 -6 -9 -10 -11 12 -1 14 15 16 -14 -17 -15 21 -21 -8 -23 24 -22 26 27 -26 -28 -29
right_child=1 -3 3 -5 6 -7 19 8 9 10 -12 -13 13 18 -16 17 -18 -19 -20 20 23 22 -24 -25 25 -27 28 29 -30 -31
leaf_value=3.2050976396950399 -0.21682913265165216 3.5297688241813279 -4.2255696855886695 -0.0071574316900272382 -0.9654617204407806 -3.4301509771024645 0.15461796745233977 -1.9456436192765578 1.5660770051569586 1.5008161180158479 -1.4470966346058096 -0.058437610953173014 -2.334630216860428 1.4654844545614447 1.4395180908477985 0.5019826803080395 1.0875725807485976 -2.9704109200384425 -0.2631263752771138 -1.2269421753891181 0.24914576307150721 -1.3329916324549631 2.1538627913222892 -1.9906049786839135 3.1626353644874046 0.12807784130672201 -3.3977511110633758 -1.8946546855222928 -1.0169652777018929 1.3179857057932909
leaf_weight=833 1578 1158 833 1514 2205 1188 63593 869 10877 1674 2087 491952 893 7126 1413 816 2448 1927 2462 7536 49110 859 4420 1903 853 12055 1791 1420 5701 1222
leaf_count=833 1578 1158 833 1514 2205 1188 63593 869 10877 1674 2087 491952 893 7126 1413 816 2448 1927 2462 7536 49110 859 4420 1903 853 12055 1791 1420 5701 1222
internal_value=-0.00222809 1.37598 -0.00778061 -1.51594 -0.00254713 -0.0451501 0.126912 0.716283 0.955885 1.12935 -0.134497 -0.0371959 0.545717 0.414257 -0.363065 -0.783388 0.168631 -1.93936 1.0218 0.05749 -0.117238 0.264473 1.58503 -0.00416135 0.0484994 -0.379066 -0.935117 0.468975 -1.58987 -0.409351
internal_weight=684316 2736 681580 2347 679233 511058 168175 17712 15507 14638 3761 509870 17918 17085 7497 6084 3341 2743 9588 150463 81591 68872 5279 74055 72152 23042 10987 3495 7492 2642
internal_count=684316 2736 681580 2347 679233 511058 168175 17712 15507 14638 3761 509870 17918 17085 7497 6084 3341 2743 9588 150463 81591 68872 5279 74055 72152 23042 10987 3495 7492 2642
is_linear=0
shrinkage=0.04


Tree=227
num_leaves=31
num_cat=0
split_feature=47 43 23 40 12 40 40 36 51 40 43 6 4 8 40 0 37 37 39 16 6 30 4 43 14 12 43 6 29 11
split_gain=2.14559e+06 7.59863e+06 2.87287e+06 2.58657e+06 3.8496e+06 2.98526e+06 2.82358e+06 5.12703e+06 4.13924e+06 2.95347e+06 2.8465e+06 2.53553e+06 4.89964e+06 3.87204e+06 4.01702e+06 3.01309e+06 2.8432e+06 2.64845e+06 2.87626e+06 2.38596e+06 3.41169e+06 2.19754e+06 4.35219e+06 5.85339e+06 6.91199e+06 6.77056e+06 6.72586e+06 5.47707e+06 6.72519e+06 4.81894e+06
threshold=0.13038960844278338 50.500000000000007 -0.037399262189865105 0.68733203411102306 0.034520082175731666 3.1903824806213383 0.49269235134124761 -0.56535246968269337 -0.0064393028151243916 0.50564301013946544 24.500000000000004 -0.28659105300903315 0.041423320770263679 -0.08586567640304564 1.0181497335433962 -0.022173643112182614 0.021068677306175235 0.77451866865158092 0.16039699316024783 -0.069146420806646333 -0.18446040153503415 0.94162032008171093 0.022497415542602543 55.500000000000007 0.89588046073913585 0.036734191700816161 19.500000000000004 -0.17864120006561277 6.8516657352447519 1.378440856933594
decision_type=10 2 10 10 8 10 10 8 10 10 2 10 10 10 10 10 8 8 10 10 10 8 8 2 8 10 2 8 10 10
left_child=3 2 -2 6 11 -6 19 8 10 -9 -8 12 16 14 -13 -15 -5 18 -17 20 -1 -21 -23 24 -24 -25 -26 -27 -29 -28
right_child=1 -3 -4 4 5 -7 7 9 -10 -11 -12 13 -14 15 -16 17 -18 -19 -20 21 -22 22 23 25 26 27 29 28 -30 -31
leaf_value=2.9091908789180478 1.734165184630549 -4.3019120314356272 -0.92630511558855899 3.1406402131317561 3.1551835917501934 0.22256396413455781 -1.6435779218368343 -0.61328424645807722 -0.42183882248460081 2.2760932105003269 -5.0038951003639971 0.61029009884374152 -1.3340490480193306 1.5161568709244539 -2.795582314296202 0.18002264847262731 0.54589657516720924 2.3049859698701072 -1.0787823542250972 0.081333345529779208 -0.092458171815090723 -0.19396298232803932 -0.034338409400683931 0.10102399950178689 0.052292216837502993 1.9579271309289732 -2.6546290267250177 0.77818619383454168 -2.074156454056399 0.076649298520332088
leaf_weight=1076 1005 832 1793 1596 1289 973 802 1523 1418 888 832 904 903 2638 1409 30302 1175 852 3202 237943 1369 214155 71461 71788 4299 5782 4513 14977 1441 1339
leaf_count=1076 1005 832 1793 1596 1289 973 802 1523 1418 888 832 904 903 2638 1409 30302 1175 852 3202 237943 1369 214155 71461 71788 4299 5782 4513 14977 1441 1339
internal_value=-0.00181814 -0.970374 0.0320689 0.00335997 0.295549 1.90025 -0.0174426 -0.922069 -2.00857 0.455914 -3.37461 0.210675 1.21411 0.1166 -1.46755 0.216017 2.0463 0.115774 0.0594318 -0.00958551 1.23498 -0.0144529 -0.0729304 0.0746788 -0.173144 0.289865 -1.14931 0.900198 0.526727 -2.03062
internal_weight=684479 3630 2798 680849 45243 2262 635606 5463 3052 2411 1634 42981 3674 39307 2313 36994 2771 34356 33504 630143 2445 627698 389755 175600 81612 93988 10151 22200 16418 5852
internal_count=684479 3630 2798 680849 45243 2262 635606 5463 3052 2411 1634 42981 3674 39307 2313 36994 2771 34356 33504 630143 2445 627698 389755 175600 81612 93988 10151 22200 16418 5852
is_linear=0
shrinkage=0.04


Tree=228
num_leaves=31
num_cat=0
split_feature=20 1 28 16 10 10 31 33 10 30 7 17 28 13 0 33 32 36 4 3 8 8 10 1 33 23 7 5 39 33
split_gain=2.38635e+06 6.38538e+06 3.2332e+06 3.99373e+06 5.34313e+06 3.26467e+06 2.96386e+06 5.11324e+06 6.2746e+06 4.12368e+06 4.09118e+06 4.32028e+06 5.91836e+06 5.42305e+06 3.52452e+06 3.39497e+06 5.75194e+06 4.1575e+06 3.34106e+06 3.08573e+06 3.39718e+06 3.07751e+06 4.34517e+06 4.64614e+06 4.28685e+06 5.19005e+06 3.66131e+06 4.94671e+06 5.81e+06 4.58129e+06
threshold=1.5000000000000002 0.10441589355468751 0.62399733066558849 0.038805412128567703 -0.18769323825836179 -0.44746303558349604 34.274999618530281 22.564469337463382 -0.28015238046646113 1.0819752216339114 -0.089685738086700426 0.059666613116860397 2.562802910804749 1.1099070906639101 0.087430357933044447 18.589837074279789 0.7061985731124879 -0.85883128643035878 0.1637227535247803 -0.041525840759277337 0.026084184646606449 -0.27366036176681513 -0.7799873650074004 -0.069287061691284166 20.504094123840336 -0.11424437165260314 -0.25291365385055536 0.10748219490051271 0.13109014928340915 20.95683574676514
decision_type=2 10 10 10 10 8 10 10 10 8 8 2 10 8 8 10 10 10 10 10 10 10 8 8 8 10 8 8 10 10
left_child=1 6 5 -4 -5 -2 7 14 -9 10 15 -12 13 -13 21 16 -8 19 -11 -17 -21 22 -1 -24 25 -25 -23 -28 -29 -30
right_child=2 -3 3 4 -6 -7 9 8 -10 18 11 12 -14 -15 -16 17 -18 -19 -20 20 -22 26 23 24 -26 -27 27 28 29 -31
leaf_value=-3.0751328728562028 1.915392969944524 1.6096173319545215 -0.16238420031050221 -3.4247034065927098 0.28103650314347045 0.18501347393675513 -1.2435690386138398 -3.9802189944337529 -0.4120714975669762 -0.096290573004602878 0.21403086058630436 -1.6809675178833225 1.3706076807798053 0.028029242470953203 2.3131821627838218 1.9436589787597303 0.68307856285486279 0.3144794800732198 0.68386594034184767 0.32425055289151333 2.9414396373152223 0.52017675242470096 1.1391251957355961 -2.953131901458673 1.2912033720269995 0.76414554481010843 -0.29840612993038212 0.24871805047880177 -0.22038101033339483 -3.3178143556337729
leaf_weight=1205 1922 4139 148196 1383 1123 18012 3701 1171 2381 141544 127607 6298 2217 5615 981 6970 7460 11068 9354 5300 924 16541 1958 2204 827 820 89309 60915 1831 1303
leaf_count=1205 1922 4139 148196 1383 1123 18012 3701 1171 2381 141544 127607 6298 2217 5615 981 6970 7460 11068 9354 5300 924 16541 1958 2204 827 820 89309 60915 1831 1303
internal_value=0.00369987 0.0467542 -0.125896 -0.189225 -1.76955 0.35273 0.0340268 -0.0956928 -1.59627 0.105774 0.236653 0.140535 -0.522881 -0.876112 -0.0656429 0.621097 0.0436588 0.886603 -0.0478874 1.36594 0.716887 -0.0789637 -0.899451 -0.443626 -1.24922 -1.94594 -0.0450403 -0.106034 0.162212 -1.51463
internal_weight=684279 513643 170636 150702 2506 19934 509504 181446 3552 328058 177160 141737 14130 11913 177894 35423 11161 24262 150898 13194 6224 176913 7014 5809 3851 3024 169899 153358 64049 3134
internal_count=684279 513643 170636 150702 2506 19934 509504 181446 3552 328058 177160 141737 14130 11913 177894 35423 11161 24262 150898 13194 6224 176913 7014 5809 3851 3024 169899 153358 64049 3134
is_linear=0
shrinkage=0.04


Tree=229
num_leaves=31
num_cat=0
split_feature=39 13 12 32 10 7 7 32 12 33 7 12 7 35 3 15 48 52 12 33 22 52 10 13 13 32 32 33 23 32
split_gain=2.84832e+06 3.2251e+06 4.36298e+06 3.80587e+06 7.3815e+06 4.76136e+06 7.75186e+06 3.64781e+06 3.46179e+06 4.38486e+06 3.70754e+06 5.06129e+06 3.62847e+06 3.40831e+06 4.4356e+06 3.38584e+06 3.15802e+06 3.30728e+06 3.10279e+06 9.91094e+06 5.78046e+06 4.23997e+06 3.79859e+06 6.31159e+06 7.49443e+06 6.28033e+06 4.37698e+06 6.74469e+06 6.64133e+06 4.56152e+06
threshold=-0.45900826156139368 1.4823876023292544 0.024705586023628715 0.28542096912860876 -0.50629934668540943 0.025690019130706791 0.12824434041976931 0.50461456179618847 0.053734187036752708 18.784564971923832 0.37422806024551397 0.034812903031706817 0.44056218862533575 0.056072086095809943 -0.017284393310546872 -0.39334231615066523 0.15346638858318332 0.030762298963963989 0.073001541197299971 19.937146186828617 0.46638979017734533 0.0030058380216360096 -0.7799873650074004 1.1555670499801638 1.0330290794372561 1.2283957600593569 1.0504085421562197 20.688985824584964 -0.22975444793701169 1.3633726239204409
decision_type=8 8 8 10 8 8 10 8 8 8 8 10 8 8 10 2 8 10 10 10 10 10 10 10 8 10 10 10 10 10
left_child=-1 3 -3 4 -2 -6 16 -4 10 12 11 -9 -10 -13 -15 -14 17 -7 22 20 -20 -21 23 24 26 -25 -5 28 -28 -30
right_child=1 2 7 18 5 6 -8 8 9 -11 -12 13 15 14 -16 -17 -18 -19 19 21 -22 -23 -24 25 -26 -27 27 -29 29 -31
leaf_value=-2.052460664204379 -3.3488758678422004 -1.2530435828237427 2.2559953092796317 -0.25250951787267056 0.4004670000246025 -1.605319243209872 0.01915102321755623 -2.5639638400665778 0.1176845441574539 0.64729676536462077 2.0168772005594922 2.5726059027862926 -4.339851374544649 1.8805414036725459 -2.3005277522758201 -0.7152234949897317 -1.0675194740192258 -4.5466733705097493 -1.2277711455014835 3.2092351981398561 -5.5049701978657639 -0.77291553253276579 0.0062787981272100181 3.8785888529282584 -1.8502168591538368 0.04298926881959482 5.1532120426587644 -1.9369982151593563 -0.18979773115016013 2.4503810979214449
leaf_weight=1064 1326 2031 2114 4347 9994 1598 11085 801 1706 5635 3743 1250 809 804 800 840 5725 1000 1269 816 839 881 613371 1697 2213 1139 856 818 1849 2400
leaf_count=1064 1326 2031 2114 4347 9994 1598 11085 801 1706 5635 3743 1250 809 804 800 840 5725 1000 1269 816 839 881 613371 1697 2213 1139 856 818 1849 2400
internal_value=0.00585413 0.00908707 0.502688 -0.00620187 -0.440857 -0.308614 -0.673769 0.69599 0.493502 -0.0340379 1.13374 0.226314 -1.17692 1.01565 -0.206113 -2.50891 -1.59555 -2.75057 0.0149213 -1.12238 -2.94808 1.14948 0.0218223 0.643771 0.256001 2.34369 0.711211 1.41774 1.95802 1.30373
internal_weight=684820 683756 20533 663223 30728 29402 19408 18502 16388 8990 7398 3655 3355 2854 1604 1649 8323 2598 632495 3805 2108 1697 628690 15319 12483 2836 10270 5923 5105 4249
internal_count=684820 683756 20533 663223 30728 29402 19408 18502 16388 8990 7398 3655 3355 2854 1604 1649 8323 2598 632495 3805 2108 1697 628690 15319 12483 2836 10270 5923 5105 4249
is_linear=0
shrinkage=0.04


Tree=230
num_leaves=31
num_cat=0
split_feature=17 0 52 18 14 32 6 33 7 16 28 9 31 2 13 9 16 33 18 17 13 21 6 11 1 6 4 32 21 12
split_gain=2.25645e+06 4.67767e+06 4.39638e+06 4.09259e+06 3.98228e+06 3.78697e+06 6.42378e+06 6.16767e+06 4.36476e+06 4.31618e+06 4.42737e+06 3.71111e+06 4.09842e+06 3.58368e+06 3.58317e+06 3.56023e+06 3.89335e+06 3.52965e+06 3.13326e+06 2.99856e+06 2.97807e+06 2.8407e+06 3.89824e+06 4.85285e+06 2.66896e+06 3.99542e+06 2.74288e+06 2.79563e+06 2.66373e+06 2.53665e+06
threshold=0.074216172099113478 -0.0092985630035400373 -0.41820436716079706 0.066202562302351012 0.91496315598487865 1.1747961044311526 1.1519308090209963 18.355021476745609 -0.3674404621124267 0.012837557122111322 0.83162647485733043 0.027723670005798343 52.514999389648445 -0.050173282623291009 1.1620771884918215 -0.21885859966278073 1.0000000180025095e-35 19.51825046539307 -0.058179814368486397 0.10516444593667985 1.0616458058357241 1.5014843344688418 0.4038457870483399 0.054577112197875984 -0.051753520965576165 -0.064263820648193345 -0.21817636489868161 0.99891078472137462 98.769744873046889 0.038162734359502799
decision_type=2 10 10 2 10 10 8 10 10 10 10 10 10 10 10 8 10 10 2 2 8 10 10 8 10 10 10 10 10 10
left_child=15 2 -2 28 13 6 8 -8 18 11 -11 12 21 -5 -13 16 -1 20 -4 -6 -15 -7 23 -23 26 -26 -10 -28 -3 -24
right_child=1 3 5 4 19 9 7 -9 24 10 -12 14 -14 17 -16 -17 -18 -19 -20 -21 -22 22 29 -25 25 -27 27 -29 -30 -31
leaf_value=-3.6627159573657093 2.6608063181067103 -0.80216820650567644 -3.7011189024052453 -2.8722157524145486 -0.58551558572519291 1.9465824628144601 0.0664413331029617 -4.3650886975606289 1.3302371913968472 -3.1916723379787149 0.10335910326913095 0.93990261247596718 2.8139536041579278 0.28323578093407781 4.3062668082178792 0.022935054111885518 -0.10063221239301895 1.2140974713874964 -0.28935436999493513 2.0648625306009647 -1.9095695899812273 -1.6693120108606285 -0.064094529895039346 1.1828165026468351 2.5012324931424428 0.076040207521560557 -0.19720718644796631 -2.502791568764795 -2.6380806694286525 -3.0367455834764496
leaf_weight=868 1039 18340 827 863 989 1234 864 1190 1130 891 2363 1202 1069 1953 873 623186 1115 2050 891 2171 1997 1275 837 3705 1647 3161 2785 1197 1351 1009
leaf_count=868 1039 18340 827 863 989 1234 864 1190 1130 891 2363 1202 1069 1953 873 623186 1115 2050 891 2171 1997 1275 837 3705 1647 3161 2785 1197 1351 1009
internal_value=-0.0047635 -0.241417 0.118224 -0.594624 0.0633527 0.023467 -0.45311 -2.50971 -0.088296 0.474795 -0.80589 0.847134 0.49876 -0.477654 2.37007 0.0175373 -1.67038 -0.129031 -1.9436 1.23613 -0.827403 0.188589 -0.131602 0.450721 0.23465 0.910267 -0.401326 -0.894805 -0.929405 -1.69651
internal_weight=684072 58903 29189 29714 10023 28150 13692 2054 11638 14458 3254 11204 9129 6863 2075 625169 1983 6000 1718 3160 3950 8060 6826 4980 9920 4808 5112 3982 19691 1846
internal_count=684072 58903 29189 29714 10023 28150 13692 2054 11638 14458 3254 11204 9129 6863 2075 625169 1983 6000 1718 3160 3950 8060 6826 4980 9920 4808 5112 3982 19691 1846
is_linear=0
shrinkage=0.04


Tree=231
num_leaves=31
num_cat=0
split_feature=49 34 5 7 5 50 6 50 11 48 13 52 7 5 6 8 33 11 14 6 30 7 8 11 2 7 14 5 16 7
split_gain=2.75654e+06 3.59547e+06 2.55809e+06 4.18861e+06 4.04749e+06 2.54445e+06 2.53885e+06 2.82129e+06 4.44426e+06 2.61541e+06 2.48764e+06 5.78366e+06 4.42983e+06 4.09188e+06 6.6319e+06 4.6677e+06 5.4167e+06 3.64922e+06 6.18237e+06 7.10805e+06 4.29556e+06 4.52508e+06 7.882e+06 3.81029e+06 3.78782e+06 3.47847e+06 3.59701e+06 6.20778e+06 4.38119e+06 3.44923e+06
threshold=-0.045769516378641122 0.083622116595506682 0.017929077148437503 -0.1657426059246063 0.14911913871765139 -0.097398370504379259 0.048739671707153327 -0.023707423359155651 0.51321953535079967 -0.069910712540149675 0.71657425165176403 -0.2469137832522392 -0.71614858508110035 -0.32730102539062494 -0.68221497535705555 -0.099250376224517808 18.784564971923832 1.2293503284454348 0.97694504261016857 0.62838804721832286 0.47490650415420538 -0.19734853506088254 0.018105387687683109 2.0245658159255986 0.011409401893615724 -0.2690416276454925 0.75668525695800792 0.41831851005554205 0.0042968930210918197 0.53982472419738781
decision_type=8 8 8 10 10 10 8 10 10 8 8 8 8 10 8 10 10 10 8 10 10 10 10 10 8 8 10 10 10 10
left_child=1 5 3 -3 -4 -1 9 8 -8 -7 11 -2 -13 15 -15 16 -14 29 20 -20 -19 22 -22 -24 -21 -16 -27 28 -28 -12
right_child=10 2 4 -5 -6 6 7 -9 -10 -11 17 12 13 14 25 -17 -18 18 19 24 21 -23 23 -25 -26 26 27 -29 -30 -31
leaf_value=1.7971845211655404 2.8971632538362169 0.8642637780085316 1.9156399789134213 -1.3621182032502213 -1.3791991551934113 -0.69725086681917303 -2.5610565894532566 0.93844857425238215 1.0345416790317998 1.7687525145043606 0.071695083542822807 -3.1147387798580888 1.0997204122996229 -2.1784188426526088 1.8054551252593165 1.7921618304529501 -1.9351219580002192 -2.4154401481558332 -1.2612880951704903 3.6323706749055904 -4.4339880145000556 -0.19800377891649021 -1.9182199671846873 1.1069389484770584 0.96445450989341452 -0.19131751599591987 -3.5796295546229802 1.6606985702986823 -0.5217107847475243 -1.7226939335118894
leaf_weight=3621 943 2031 1853 4002 869 870 1357 2002 913 3200 491746 837 2101 2858 1324 3358 1688 1514 1384 1497 1110 70666 1342 1304 1981 72254 1737 808 1320 1710
leaf_count=3621 943 2031 1853 4002 869 870 1357 2002 913 3200 491746 837 2101 2858 1324 3358 1688 1514 1384 1497 1110 70666 1342 1304 1981 72254 1737 808 1320 1710
internal_value=0.00829787 0.462535 -0.153375 -0.61242 0.862563 0.913035 0.527561 -0.153649 -1.1167 1.2412 -0.00589298 -0.202371 -0.235802 -0.207894 -0.289545 0.708631 -0.253837 0.0246388 -0.224535 1.15681 -0.31312 -0.270033 -1.62108 -0.428809 2.1199 -0.219564 -0.25502 -1.44233 -2.26524 0.0654421
internal_weight=684200 20718 8755 6033 2722 11963 8342 4272 2270 4070 663482 89228 88285 87448 80301 7147 3789 574254 80798 4862 75936 74422 3756 2646 3478 77443 76119 3865 3057 493456
internal_count=684200 20718 8755 6033 2722 11963 8342 4272 2270 4070 663482 89228 88285 87448 80301 7147 3789 574254 80798 4862 75936 74422 3756 2646 3478 77443 76119 3865 3057 493456
is_linear=0
shrinkage=0.04


Tree=232
num_leaves=31
num_cat=0
split_feature=36 6 6 49 48 6 33 31 7 14 39 39 52 12 51 12 52 23 23 48 33 14 39 12 33 10 11 10 48 51
split_gain=1.96912e+06 7.31454e+06 7.07087e+06 8.21878e+06 7.0644e+06 4.33213e+06 6.90758e+06 5.69605e+06 4.32861e+06 4.12907e+06 3.74248e+06 3.39584e+06 3.4724e+06 3.71495e+06 3.23828e+06 4.90457e+06 4.39661e+06 3.59451e+06 3.18921e+06 4.7438e+06 4.08354e+06 5.03083e+06 3.90879e+06 3.02989e+06 3.57859e+06 4.82733e+06 3.73605e+06 3.23808e+06 2.8922e+06 2.81093e+06
threshold=-0.83522871136665333 -0.85536623001098622 -0.4920822381973266 -0.069530647248029695 -0.054708158597350114 -0.0081248283386230451 21.065358161926273 53.68499946594239 -0.034987241029739373 0.076211832463741316 0.041952162981033332 -0.10864289104938506 0.018591505475342277 0.021694248542189602 -0.051360066980123513 0.016038140282034877 0.011814188677817585 -0.096680313348770128 -0.16445264220237729 -0.010943864472210406 18.989915847778324 0.91842278838157665 -0.21613580733537671 0.023348038084805015 19.937146186828617 -0.27224510908126826 0.11053496599197389 -0.29367724061012263 0.068577472120523467 -0.0082891522906720621
decision_type=8 8 10 10 8 10 10 10 10 10 8 8 10 10 10 10 10 10 10 10 10 10 10 10 10 10 10 10 8 10
left_child=1 -1 3 -3 14 6 9 8 -8 -6 -5 -11 23 -14 -4 -16 17 -17 19 -7 -20 22 -22 24 25 -13 -27 -26 -24 -23
right_child=-2 2 4 10 5 18 7 -9 -10 11 -12 12 13 -15 15 16 -18 -19 20 -21 21 29 28 -25 27 26 -28 -29 -30 -31
leaf_value=3.1244614261486308 0.020499240685924049 -4.3001802473978827 3.3525103654871642 1.1707856234605609 1.8264137040808939 -0.55139903507650101 -5.2339918609463023 0.22978722251896844 -1.4359788270923337 0.8391518877516434 -2.3432759257848814 1.6798918539297958 -0.97795678872464398 -3.9524438637187416 2.8778252849805837 0.19380198212592184 2.1695316328749907 -3.072787947172277 1.6682927947056267 3.5028052971400125 1.7751332051728006 -3.8712824325906849 0.29806460439334659 0.65960179840174193 -3.8284638091015553 -3.3599081576784826 0.021852570305699887 -1.0816365706131423 -0.49200628571425808 -0.71243983228958319
leaf_weight=1029 616382 1451 926 1123 1151 881 1222 805 803 2072 838 1444 1745 1092 1261 1470 991 840 1894 955 1641 891 11308 2482 993 844 1347 2218 21485 913
leaf_count=1029 616382 1451 926 1123 1151 881 1222 805 803 2072 838 1444 1745 1092 1261 1470 991 840 1894 955 1641 891 11308 2482 993 844 1347 2218 21485 913
internal_value=-0.00205504 -0.206125 -0.257669 -2.02898 -0.162449 -0.291906 -0.802942 -2.61565 -3.74237 -0.468085 -0.335159 -0.654738 -0.909664 -2.13274 1.20813 0.766486 -0.0463128 -1.00217 -0.0588249 1.56496 -0.137397 -0.232207 -0.124011 -0.535795 -0.969513 -0.108956 -1.29019 -1.94034 -0.219559 -2.28534
internal_weight=684497 68115 67086 3412 63674 58186 18218 2830 2025 15388 1961 14237 12165 2837 5488 4562 3301 2310 39968 1836 38132 36238 34434 9328 6846 3635 2191 3211 32793 1804
internal_count=684497 68115 67086 3412 63674 58186 18218 2830 2025 15388 1961 14237 12165 2837 5488 4562 3301 2310 39968 1836 38132 36238 34434 9328 6846 3635 2191 3211 32793 1804
is_linear=0
shrinkage=0.04


Tree=233
num_leaves=31
num_cat=0
split_feature=47 40 6 48 39 34 48 10 49 14 34 47 14 46 32 31 16 32 36 35 48 50 48 7 10 42 48 36 6 31
split_gain=3.16265e+06 2.37664e+06 5.55677e+06 3.63236e+06 3.57593e+06 3.6068e+06 4.18498e+06 3.29479e+06 4.55176e+06 2.8891e+06 2.83496e+06 2.72418e+06 3.06334e+06 2.58577e+06 7.24629e+06 5.33069e+06 3.86152e+06 3.26789e+06 7.3804e+06 8.26812e+06 6.20792e+06 4.62488e+06 5.41546e+06 8.22342e+06 4.77823e+06 7.59284e+06 7.1081e+06 5.86664e+06 8.15192e+06 6.49771e+06
threshold=-0.27895608544349665 0.68733203411102306 -0.28659105300903315 -0.18334504961967465 0.16446311771869662 0.010886999778449537 -0.11260187625885008 -0.36712265014648432 -0.025178296491503712 0.43063947558403021 0.018472159281373027 -0.018377711065113541 0.71031260490417492 -0.026273182593286034 1.4861579537391665 19.545000076293949 -0.01106088515371084 1.4861579537391665 -1.1257170438766477 -0.010872247628867624 -0.041193516924977296 -0.089205130934715257 0.0080563188530504721 -0.026344090700149533 -0.24248310923576352 1.0000000180025095e-35 0.088893733918666853 -0.66806703805923451 0.65814709663391124 14.484999656677248
decision_type=8 10 10 8 10 8 10 10 10 8 10 8 10 8 10 10 8 8 8 8 8 8 10 8 8 2 10 10 8 10
left_child=-1 3 7 9 5 6 -4 8 -3 -2 -7 -6 -13 14 16 -16 -5 -15 19 -19 -20 22 -22 -24 25 26 -23 28 29 -26
right_child=1 2 4 13 11 10 -8 -9 -10 -11 -12 12 -14 17 15 -17 -18 18 20 -21 21 24 23 -25 27 -27 -28 -29 -30 -31
leaf_value=-2.3749148124558834 -0.48122834488676819 2.7007950388419761 -1.5034895131519934 -2.3524016776486953 -2.9402092663348394 2.3153342502808183 0.13787580215437953 3.0498925767460703 -0.54413326033196419 2.4081921626060687 0.53457105231592428 -1.3237497310543358 1.183513696151937 0.033692206986421731 -1.5296760761727504 1.5492578176674616 -0.5958265686612404 1.0027409372972027 1.4005910227713403 -3.6978694872098785 1.290245308235773 0.17640330696493131 -4.1018216723904493 0.19925250600892835 -3.1271160280350569 -1.7917798665550573 3.3963283888459097 0.29497843769891474 -0.055611689777332912 -0.87064036816478763
leaf_weight=892 810 1163 2863 2279 876 1584 18416 1617 1679 1720 14081 2222 1189 479183 1145 4077 16119 866 4009 1904 819 49219 1759 1188 2213 3089 1112 16041 25008 25375
leaf_count=892 810 1163 2863 2279 876 1584 18416 1617 1679 1720 14081 2222 1189 479183 1145 4077 16119 866 4009 1904 819 49219 1759 1188 2213 3089 1112 16041 25008 25375
internal_value=-0.00792639 -0.00480322 0.273847 -0.0247646 0.128602 0.255568 -0.0835655 1.6136 0.788566 1.48487 0.715999 -0.963603 -0.448868 -0.0307988 -0.441375 0.872523 -0.814577 -0.0149402 -0.190672 -2.22997 -0.146995 -0.196412 -1.57516 -2.37315 -0.153746 0.129929 0.248204 -0.374516 -0.578719 -1.05271
internal_weight=684517 683625 45690 637935 41231 36944 21279 4459 2842 2530 15665 4287 3411 635405 23620 5222 18398 611785 132602 2770 129832 125823 3766 2947 122057 53420 50331 68637 52596 27588
internal_count=684517 683625 45690 637935 41231 36944 21279 4459 2842 2530 15665 4287 3411 635405 23620 5222 18398 611785 132602 2770 129832 125823 3766 2947 122057 53420 50331 68637 52596 27588
is_linear=0
shrinkage=0.04


Tree=234
num_leaves=31
num_cat=0
split_feature=52 14 16 7 43 1 16 10 6 11 28 10 17 12 43 46 14 17 0 23 14 22 52 12 22 14 40 36 1 7
split_gain=3.30472e+06 6.94217e+06 6.87688e+06 6.57753e+06 7.97166e+06 4.99128e+06 4.10961e+06 3.81237e+06 3.84642e+06 3.78963e+06 2.52599e+06 2.28413e+06 5.39539e+06 4.61168e+06 2.99294e+06 4.29654e+06 4.10416e+06 3.00979e+06 3.44561e+06 4.73279e+06 2.70759e+06 2.65837e+06 5.55336e+06 4.40131e+06 2.627e+06 2.61478e+06 8.1553e+06 8.27956e+06 8.53821e+06 6.59364e+06
threshold=0.24360259622335437 0.84160655736923229 -0.0054397210478782645 -0.41020524501800532 44.500000000000007 -0.023430109024047848 0.0056758234277367601 -0.053207069635391228 -0.046362400054931634 2.9519660472869877 1.0913748145103457 -0.84239459037780751 0.13111449778079989 0.073001541197299971 58.500000000000007 -0.027459136210381981 0.68272545933723461 0.036506175994873054 -0.010672807693481444 -0.057595014572143548 0.24484481662511828 0.23355362564325335 -0.066027782857418046 0.046686241403222091 0.71840092539787304 0.95189735293388378 -0.0036612451076507564 -0.35721765458583826 0.093805193901062026 -0.12957555055618283
decision_type=10 10 10 10 2 10 10 10 8 8 10 10 2 10 2 10 10 2 10 10 8 8 10 10 10 10 8 10 10 10
left_child=11 2 -2 9 6 -6 -5 8 -4 -3 -9 12 13 14 15 -1 17 18 -16 -20 -19 -18 -23 24 -24 -13 -27 28 -28 -29
right_child=1 3 7 4 5 -7 -8 10 -10 -11 -12 25 -14 -15 16 -17 21 20 19 -21 -22 22 23 -25 -26 26 27 29 -30 -31
leaf_value=-2.1777527280889415 -4.9480593476639854 -3.8934513709594807 -1.4992949570650509 -0.00031374464578488295 3.3064523541359332 0.6256189874180661 -3.1593856151895285 -0.4034058051624399 2.0869518781561642 -0.33820281014811221 -3.1358452210654439 0.02422164755898534 3.1927738772664878 -2.2367385225418288 -1.4131947584128848 1.4114033958229883 -0.15917695359552719 -2.6408968848209708 2.7171855180186419 -0.34264301844510964 -0.12577150762996778 4.0505172182266023 3.296920390375218 -1.0632825788378388 0.49485023443066345 -3.8456273481061403 -0.7385413948674967 4.4142647643599311 2.2228488262088786 0.48353043450803562
leaf_weight=1483 890 950 977 1520 1425 4956 1153 844 919 963 1516 622457 1071 1082 806 822 1252 804 2000 1350 4323 1364 1196 1083 970 1034 20669 953 1675 2357
leaf_count=1483 890 950 977 1520 1425 4956 1153 844 919 963 1516 622457 1071 1082 806 822 1252 804 2000 1350 4323 1364 1196 1083 970 1034 20669 953 1675 2357
internal_value=0.00680382 -0.559085 -1.76961 0.0100167 0.460805 1.22854 -1.36968 -1.0949 0.240805 -2.11481 -2.16448 0.0204466 0.445702 0.285333 0.442881 -0.897234 0.647257 0.123504 0.922319 1.48677 -0.524559 1.47462 1.91743 1.01223 2.05011 0.00759603 -0.380035 -0.238908 -0.515648 1.62514
internal_weight=684864 16113 5146 10967 9054 6381 2673 4256 1896 1913 2360 668751 19606 18535 17453 2305 15148 9283 4156 3350 5127 5865 4613 3249 2166 649145 26688 25654 22344 3310
internal_count=684864 16113 5146 10967 9054 6381 2673 4256 1896 1913 2360 668751 19606 18535 17453 2305 15148 9283 4156 3350 5127 5865 4613 3249 2166 649145 26688 25654 22344 3310
is_linear=0
shrinkage=0.04


Tree=235
num_leaves=31
num_cat=0
split_feature=41 3 7 11 43 21 9 21 32 42 33 38 0 17 21 3 28 11 7 4 11 4 33 31 30 28 18 2 3 17
split_gain=3.10144e+06 4.36429e+06 7.5367e+06 4.58576e+06 3.21506e+06 2.34585e+06 4.18579e+06 3.85864e+06 3.82894e+06 3.811e+06 4.85335e+06 3.96627e+06 3.83828e+06 6.05528e+06 6.34303e+06 5.71825e+06 4.83655e+06 5.23498e+06 4.1727e+06 5.41029e+06 3.74615e+06 3.72144e+06 3.23952e+06 3.63821e+06 3.2234e+06 5.26113e+06 3.64784e+06 3.19615e+06 3.09544e+06 3.04494e+06
threshold=1.0000000180025095e-35 -0.10345458984374999 -0.097415328025817857 1.096089839935303 51.500000000000007 88.680080413818374 0.082769453525543227 54.797201156616218 1.0793067216873171 1.0000000180025095e-35 21.958105087280277 -0.40690274536609644 -0.049760222434997552 0.044785318896174438 1.5014843344688418 0.026325702667236332 3.2089008092880253 0.97530800104141246 0.1978331804275513 0.016578912734985355 2.6561472415924077 0.086544990539550795 18.401897430419925 46.215000152587898 1.0713886022567751 0.90678864717483532 -0.010585827287286518 -0.018403291702270504 0.19706869125366214 0.091954041272401824
decision_type=2 10 10 10 2 8 10 10 8 2 10 10 8 2 10 10 8 10 10 10 8 10 10 10 10 10 2 10 10 2
left_child=5 -2 -3 4 -4 6 9 8 20 12 11 24 13 -1 -15 16 17 22 -19 -20 28 -9 23 -16 26 -26 -11 -10 -8 -14
right_child=1 2 3 -5 -6 -7 7 21 27 10 -12 -13 29 14 15 -17 -18 18 19 -21 -22 -23 -24 -25 25 -27 -28 -29 -30 -31
leaf_value=-3.8205609063104853 3.3907691292102444 -2.2815895049849666 1.1902060165783832 -1.28582322318939 4.0555739108439042 -0.18127459806999494 0.14603740397718437 1.7986781428585763 3.4713966765471316 1.3368906650074157 -3.3203351769113532 0.42347109196234806 0.044217915076392583 1.2726206513929399 -3.3405789451671852 1.1656769212164713 -3.4131673505006539 -4.3058537964281749 0.72349951145340963 -3.4581576215928806 -2.2137264629621884 -0.0058108358059079934 0.1337379075397914 -0.12812530634465155 -0.4790643921997994 -4.9351019691421598 -1.6146865939088952 1.224875483815673 2.6835607089270934 -0.59820671597404018
leaf_weight=853 936 1235 2251 863 866 108399 3828 1979 1225 1093 1071 4099 491820 3048 1039 2195 1231 1016 1097 888 848 22677 6751 1222 866 825 1698 5799 953 12085
leaf_count=853 936 1235 2251 863 866 108399 3828 1979 1225 1093 1071 4099 491820 3048 1039 2195 1231 1016 1097 888 848 22677 6751 1222 866 825 1698 5799 953 12085
internal_value=-0.00260182 0.890814 0.436485 1.28351 1.99672 -0.0107129 0.0217143 0.431244 0.998804 -0.00696509 -0.794142 -0.475349 0.00757042 -0.545278 -0.392171 -0.721448 -1.03486 -0.788508 -2.23259 -1.15514 0.220852 0.139696 -0.305688 -1.61256 -1.29647 -2.66929 -0.458156 1.62105 0.656389 0.0287993
internal_weight=684756 6151 5215 3980 3117 678605 570206 37309 12653 532897 9652 8581 523245 19340 18487 15439 13244 12013 3001 1985 5629 24656 9012 2261 4482 1691 2791 7024 4781 503905
internal_count=684756 6151 5215 3980 3117 678605 570206 37309 12653 532897 9652 8581 523245 19340 18487 15439 13244 12013 3001 1985 5629 24656 9012 2261 4482 1691 2791 7024 4781 503905
is_linear=0
shrinkage=0.04


Tree=236
num_leaves=31
num_cat=0
split_feature=13 52 6 32 4 23 11 30 13 18 50 6 11 32 12 52 12 9 32 33 12 36 34 1 7 29 52 6 14 51
split_gain=1.9579e+06 6.5858e+06 4.91203e+06 3.93763e+06 3.47253e+06 3.84577e+06 3.09034e+06 2.95919e+06 2.73563e+06 3.75177e+06 4.25522e+06 5.57009e+06 3.81604e+06 4.41529e+06 3.88693e+06 3.37144e+06 4.75319e+06 4.1111e+06 3.36435e+06 1.00843e+07 8.86782e+06 1.28078e+07 5.46491e+06 5.47458e+06 6.21429e+06 3.98241e+06 3.95663e+06 3.38038e+06 4.88986e+06 6.27612e+06
threshold=0.48216281831264501 -0.07826418429613112 0.46530365943908697 0.80412080883979808 -0.022040605545043942 -0.052277505397796624 0.26762396097183233 1.0904970765113833 0.72427439689636242 0.036841629073023803 -0.0087984064593911154 -0.4920822381973266 2.440474390983582 0.92269679903984081 0.023348038084805015 0.15435396879911426 0.028336927294731144 0.10873395204544069 2.1076766252517705 17.932436943054203 0.023466031998395923 -0.77734577655792225 0.081912357360124602 -0.061126708984374993 -0.3674404621124267 1.4345615506172182 -0.049283318221569054 0.52844333648681652 0.95856454968452465 -0.054802002385258668
decision_type=8 8 10 10 8 10 10 10 10 2 8 10 10 8 10 10 10 10 10 10 10 10 10 10 10 10 10 10 10 10
left_child=1 7 3 6 -5 -6 -3 -1 9 10 11 -2 15 -14 -15 17 -17 -12 -10 26 21 -21 23 25 -25 -22 -20 28 29 -26
right_child=8 2 -4 4 5 -7 -8 -9 18 -11 12 -13 13 14 -16 16 -18 -19 19 20 22 -23 -24 24 27 -27 -28 -29 -30 -31
leaf_value=0.94043972196668091 3.5762804178478644 1.8407517975574594 2.0826555781768992 0.82345727549688552 -4.3553134804971343 -1.096255014522584 -0.76276531751171261 3.5413324179496546 0.056589315728567895 1.0334163438367359 -0.43161292304069526 0.19056449833230452 3.4519400122162778 1.7592556449209686 -1.0723578579307136 0.20876294938196618 -3.8161932832966112 1.8872680048656503 -5.1347902807821599 -5.3273490528559861 3.1987283251858418 0.29678241840597508 -2.115969834710024 -2.5453197171951016 -2.8062655157827709 -0.062902499855009009 -1.4568675224783438 1.4783250408460216 -1.8488274241172855 0.88065390527200205
leaf_weight=1448 816 1525 1428 883 809 2016 1382 1363 559620 3798 67899 13260 811 1360 1778 820 1085 1236 904 1219 1674 1368 1549 1332 832 929 982 3023 1921 6022
leaf_count=1448 816 1525 1428 883 809 2016 1382 1363 559620 3798 67899 13260 811 1360 1778 820 1085 1236 904 1219 1674 1368 1549 1332 832 929 982 3023 1921 6022
internal_value=0.0139952 0.546704 -0.0365111 -0.496435 -1.35897 -2.04163 0.604657 2.20965 0.00541162 -0.196176 -0.248719 0.389237 -0.368505 0.840325 0.156545 -0.43581 -2.09162 -0.389889 0.037614 -0.450304 -0.184238 -2.36363 0.143181 0.366809 0.0340246 2.03888 -3.23756 0.327143 -0.0706724 0.429666
internal_weight=685092 10854 8043 6615 3708 2825 2907 2811 674238 92863 89065 14076 74989 3949 3138 71040 1905 69135 581375 21755 19869 2587 17282 15733 13130 2603 1886 11798 8775 6854
internal_count=685092 10854 8043 6615 3708 2825 2907 2811 674238 92863 89065 14076 74989 3949 3138 71040 1905 69135 581375 21755 19869 2587 17282 15733 13130 2603 1886 11798 8775 6854
is_linear=0
shrinkage=0.04


Tree=237
num_leaves=31
num_cat=0
split_feature=11 6 28 37 14 5 33 16 12 14 37 28 6 12 2 17 12 11 12 12 23 5 10 33 10 5 31 8 6 8
split_gain=2.63447e+06 4.11691e+06 4.69929e+06 4.5336e+06 4.29413e+06 3.92855e+06 5.55154e+06 4.80543e+06 3.83929e+06 3.16915e+06 5.82226e+06 4.11161e+06 5.26686e+06 3.8206e+06 6.57821e+06 3.16726e+06 2.98974e+06 2.98659e+06 3.82532e+06 6.00358e+06 4.57388e+06 6.98296e+06 4.64319e+06 4.55267e+06 4.95418e+06 5.55773e+06 6.51056e+06 7.94093e+06 4.02353e+06 4.41291e+06
threshold=0.028983235359191898 -0.073394775390624986 0.68868783116340648 -0.08561313152313231 0.3385016024112702 -0.57386803627014149 19.465677261352543 -0.024565228261053559 0.025451017543673519 0.79176095128059398 0.13952576369047168 1.5829792618751528 -0.2949156761169433 0.025194647721946243 -0.098119020462036119 0.027734309434890751 0.016217451542615894 0.16344904899597171 0.04926454275846482 0.03344238921999932 -0.14979010820388791 -0.14453876018524167 -0.52452212572097767 17.202544212341312 -0.71715325117111195 -0.51897740364074696 19.82499980926514 0.35799193382263189 -0.073394775390624986 -0.17679315805435178
decision_type=8 8 10 10 10 10 8 10 10 8 8 10 10 10 10 2 8 10 10 8 10 10 8 10 10 10 8 8 8 10
left_child=1 2 3 16 15 6 -4 -7 -6 11 -11 13 -13 -9 -15 -3 -1 18 19 28 21 -21 -22 -20 25 26 -25 -28 29 -2
right_child=17 4 5 -5 8 7 -8 9 -10 10 -12 12 -14 14 -16 -17 -18 -19 23 20 22 -23 -24 24 -26 -27 27 -29 -30 -31
leaf_value=0.079550597804027776 2.0491627871638647 0.59149633707249705 3.3316670212593253 0.31391749105580991 4.2485068477240375 -2.9231341268396256 -0.97181187563974636 -0.74640388765032328 0.40910420954084509 0.10673828013352248 -3.2768540166891542 2.6309622545077249 -0.43580467873876472 -1.5264079650529825 2.4412417903278447 -2.2306856697154158 -2.6056352717342826 -0.039008617300385441 2.0863414393082498 0.90574039811670259 -0.44611247385807973 -1.8863626137891867 2.2452689567113562 1.4291347949169884 0.11617776076779618 -4.9876387142168515 -0.016698966381284926 -5.411454216045704 0.38774520218927039 -0.15364938977871964
leaf_weight=801 1482 2503 1085 1618 838 1159 847 10259 824 1803 1472 1833 1739 1078 1728 842 3837 516962 817 7472 1258 1763 5472 958 3044 804 890 847 49352 58844
leaf_count=801 1482 2503 1085 1618 838 1159 847 10259 824 1803 1472 1833 1739 1078 1728 842 3837 516962 817 7472 1258 1763 5472 958 3044 804 890 847 49352 58844
internal_value=-0.0135405 -0.355325 -0.536709 -1.50787 0.70357 -0.272047 1.44971 -0.430528 2.35881 -0.284049 -1.41942 -0.0598326 1.14088 -0.388732 0.916955 -0.123432 -2.14272 0.00448346 0.173521 0.225458 0.949929 0.371252 1.74227 -0.712208 -1.0643 -2.08868 -1.20859 -2.66322 0.119925 -0.0992033
internal_weight=684231 34266 29259 6256 5007 23003 1932 21071 1662 19912 3275 16637 3572 13065 2806 3345 4638 649965 133003 125643 15965 9235 6730 7360 6543 3499 2695 1737 109678 60326
internal_count=684231 34266 29259 6256 5007 23003 1932 21071 1662 19912 3275 16637 3572 13065 2806 3345 4638 649965 133003 125643 15965 9235 6730 7360 6543 3499 2695 1737 109678 60326
is_linear=0
shrinkage=0.04


Tree=238
num_leaves=31
num_cat=0
split_feature=5 0 14 5 16 0 29 5 21 29 6 13 9 12 22 33 4 4 13 14 14 6 4 8 52 12 12 28 22 6
split_gain=2.73188e+06 4.1389e+06 3.45402e+06 4.19354e+06 3.33194e+06 3.3678e+06 4.03046e+06 3.94692e+06 4.6692e+06 3.05842e+06 5.03088e+06 4.59481e+06 4.99797e+06 7.21228e+06 4.31426e+06 6.03305e+06 3.9634e+06 3.31596e+06 3.25255e+06 4.81556e+06 3.18651e+06 3.12033e+06 2.97666e+06 2.85976e+06 4.89352e+06 4.4551e+06 6.05194e+06 3.74941e+06 2.81743e+06 2.77406e+06
threshold=-0.51897740364074696 0.062654376029968276 0.98976975679397594 -1.0715527534484861 0.034277148544788368 0.0023343563079833989 1.9092735648155215 0.3668286800384522 89.02469635009767 0.8416869342327119 -0.4920822381973266 0.82207810878753673 -0.1101822257041931 0.04926454275846482 0.027122897095978264 18.989915847778324 -0.17769968509674069 0.081110000610351576 1.1302261352539065 0.51047149300575267 0.94417423009872448 -0.80599737167358387 -0.060311079025268548 -0.27366036176681513 -0.31614080071449274 0.062338503077626235 0.036067727953195579 0.97588926553726207 0.31363005936145788 -1.0896478891372678
decision_type=10 10 10 8 10 10 10 10 10 10 10 8 10 10 10 8 10 10 10 10 10 10 8 10 8 10 10 10 10 8
left_child=1 2 9 -4 23 6 22 8 -7 10 11 28 14 17 15 -13 -12 -14 19 -11 21 -20 -6 25 -25 26 -2 -28 -1 -21
right_child=4 -3 3 -5 5 7 -8 -9 -10 18 16 12 13 -15 -16 -17 -18 -19 20 29 -22 -23 -24 24 -26 -27 27 -29 -30 -31
leaf_value=0.6719069009341736 0.71347306319728054 2.5299417148137211 0.83935380939675985 -2.8985293972453041 -2.5196997257703839 0.092473506168926592 -4.265115306164283 1.7128689828636505 -2.4987877594996624 2.3095408904019594 0.15691546578693169 -1.8109034064196954 -0.79109907378376432 -3.7379553119636943 3.0752669288990724 1.9551889994468798 -3.5222458279910023 1.8667305135175674 -0.043663065738303988 -1.9900754300249077 4.0508316876571602 3.1179943975029567 0.59489217164725061 2.4622410286740459 -0.014411395455557986 1.0534715823123331 -5.4005829853586205 -1.529506666922275 3.6242910782884104 0.35836388710631012
leaf_weight=1116 815 1373 823 1131 958 3300 829 1266 1668 1556 849 1292 2707 1093 1149 1416 1033 1028 1265 1117 901 815 990 1269 646072 1016 814 800 963 2807
leaf_count=1116 815 1373 823 1131 958 3300 829 1266 1668 1556 849 1292 2707 1093 1149 1416 1033 1028 1265 1117 901 815 990 1269 646072 1016 814 800 963 2807
internal_value=-0.010844 0.404402 0.27681 -1.32792 -0.0262275 -0.789698 -1.94568 -0.272463 -0.780811 0.425929 0.0319148 0.365957 -0.0391233 -0.895972 1.03298 0.158316 -1.87046 -0.056542 1.0141 0.434142 2.07522 1.20415 -0.941868 -0.0156443 -0.00951839 -1.16339 -2.09117 -3.50307 2.05026 -0.313499
internal_weight=684231 24434 23061 1954 659797 9011 2777 6234 4968 21107 12646 10764 8685 4828 3857 2708 1882 3735 8461 5480 2981 2080 1948 650786 647341 3445 2429 1614 2079 3924
internal_count=684231 24434 23061 1954 659797 9011 2777 6234 4968 21107 12646 10764 8685 4828 3857 2708 1882 3735 8461 5480 2981 2080 1948 650786 647341 3445 2429 1614 2079 3924
is_linear=0
shrinkage=0.04


Tree=239
num_leaves=31
num_cat=0
split_feature=18 35 52 6 33 35 7 29 19 17 4 33 16 29 11 52 12 2 1 17 8 3 7 7 23 16 23 12 11 12
split_gain=2.23022e+06 3.89333e+06 4.43963e+06 5.06806e+06 5.01074e+06 3.77265e+06 3.1211e+06 3.94123e+06 3.65099e+06 3.9516e+06 3.84723e+06 3.82503e+06 3.50056e+06 3.30808e+06 3.43273e+06 3.26932e+06 3.04115e+06 2.98981e+06 4.82667e+06 4.88888e+06 4.53605e+06 4.58747e+06 4.92491e+06 4.21024e+06 3.97962e+06 3.54742e+06 3.6058e+06 3.26453e+06 3.81435e+06 3.78648e+06
threshold=-0.020970088429749009 0.0056433009449392566 0.01514459401369095 1.0460188388824465 21.510443687438968 0.020781992934644226 -0.33297660946846003 1.2657532691955569 1.5000000000000002 0.055958639830350883 0.14795184135437014 20.174511909484867 -9.0074419858865426e-05 8.176340579986574 0.11053496599197389 0.076397348195314421 0.029359985142946247 0.064572334289550795 -0.022920370101928707 0.035408310592174537 0.0034456253051757817 -0.16784143447875974 -0.71614858508110035 -0.38714325428009028 -0.10495319962501524 -0.018015732988715168 -0.25238204002380366 0.025832231156528 0.25813800096511846 0.030879272148013118
decision_type=2 8 10 10 10 10 8 10 2 2 10 10 10 8 10 10 10 10 8 2 8 10 10 8 8 10 10 10 10 10
left_child=1 -1 4 6 17 -6 7 -4 11 10 15 13 -11 14 -8 -10 -13 18 19 -3 21 -21 -23 -20 -19 -24 -27 28 -22 -29
right_child=-2 2 3 -5 5 -7 8 -9 9 12 -12 16 -14 -15 -16 -17 -18 24 23 20 27 22 25 -25 -26 26 -28 29 -30 -31
leaf_value=0.72516297634706361 -0.04529878599976829 1.3070511147111707 -2.784488995610451 -1.0074007023965135 2.0476138483794739 -0.20862367479415586 3.2978316674191825 0.97850560858427249 0.56129291093680267 3.3305680792879064 2.2198782710728211 0.21680705137046821 1.2646947339041072 -1.4590087497696478 0.62575290319726407 -1.6696730319384872 -1.7850578304209601 -0.66083909016852804 1.5977061929273177 0.48859905302233297 -2.5404697541928374 -3.3909762338621832 -2.9275327750194218 -0.93760218579660692 2.5070441788794451 -2.2852789378158618 -0.28538828560911284 3.2111631924933386 0.58243371108143327 0.62583415879911208
leaf_weight=15994 563568 3888 970 3692 2799 2049 811 809 4026 1839 1575 2710 4609 1125 12416 1411 2187 1137 1100 6743 863 1032 962 19079 1416 1562 17572 1288 2201 3027
leaf_count=15994 563568 3888 970 3692 2799 2049 811 809 4026 1839 1575 2710 4609 1125 12416 1411 2187 1137 1100 6743 863 1032 962 19079 1416 1562 17572 1288 2201 3027
internal_value=-0.0118569 0.144032 0.0553647 0.399304 -0.141488 1.09555 0.550142 -1.07736 0.638963 1.14411 0.485799 0.285326 1.85814 0.614618 0.791956 -0.0196855 -0.679042 -0.238581 -0.296332 -0.0371932 -0.185789 -0.419268 -0.709108 -0.798674 1.09913 -0.569766 -0.449757 0.69545 -0.30256 1.40318
internal_weight=684460 120892 104898 38180 66718 4848 34488 1779 32709 13460 7012 19249 6448 14352 13227 5437 4897 61870 59317 39138 35250 27871 21128 20179 2553 20096 19134 7379 3064 4315
internal_count=684460 120892 104898 38180 66718 4848 34488 1779 32709 13460 7012 19249 6448 14352 13227 5437 4897 61870 59317 39138 35250 27871 21128 20179 2553 20096 19134 7379 3064 4315
is_linear=0
shrinkage=0.04


Tree=240
num_leaves=31
num_cat=0
split_feature=32 8 10 5 7 6 5 10 13 14 32 40 10 10 6 23 14 23 5 52 2 9 51 22 29 9 52 19 14 1
split_gain=2.88166e+06 4.52379e+06 5.12059e+06 4.01747e+06 2.74748e+06 5.89871e+06 5.19244e+06 3.78537e+06 4.05228e+06 4.38389e+06 3.76467e+06 3.59482e+06 3.42012e+06 3.32425e+06 2.88726e+06 3.01875e+06 2.86004e+06 2.66636e+06 2.46584e+06 4.09145e+06 3.76442e+06 6.81261e+06 6.44865e+06 4.6722e+06 4.56555e+06 4.15889e+06 3.90566e+06 3.5874e+06 3.51578e+06 3.03955e+06
threshold=0.28542096912860876 -0.099250376224517808 -0.45399618148803705 -0.57386803627014149 0.027590990066528324 0.17539000511169436 0.15918672084808352 -0.22661480307579038 0.7204323709011079 0.2969223558902741 0.05225550755858422 1.0007277727127077 -0.30803966522216791 -0.07975751161575316 0.98503303527832042 -0.06495428085327147 0.038264438509941108 -0.054870486259460442 0.09134912490844728 0.28357595205307012 -0.053577899932861321 -0.094618707895278917 -0.085772205144166933 0.64802145957946788 0.66976019740104686 0.0045115947723388681 -0.13530768454074857 3.5000000000000004 0.86141595244407665 -0.015002489089965819
decision_type=8 8 8 10 8 8 10 10 10 10 10 10 10 10 8 10 10 8 8 8 10 8 8 8 10 10 8 2 10 8
left_child=1 3 -3 -1 7 6 10 12 -9 -10 -6 14 -4 -12 15 -7 -17 -16 19 -2 22 -22 23 24 -20 27 -24 28 -26 -28
right_child=18 2 4 -5 5 11 -8 8 9 -11 13 -13 -14 -15 17 16 -18 -19 20 -21 21 -23 26 -25 25 -27 29 -29 -30 -31
leaf_value=-0.72647047035178247 -0.037875640837947526 -3.5534882347971894 0.49832125843807079 2.4914525836257524 -4.4951637565216336 1.2751297293591264 0.29584123489182079 3.3049274076806432 -0.31773661294922334 2.3452939012481235 -3.3766175847639297 -2.8260066867807381 -2.3007290304715586 -0.62918435579210097 -2.6683413047760554 1.770950989021169 -0.51775501477035657 0.051294707703337786 2.4646259991117137 -2.7454399868453847 -3.2539435199989284 0.079740809943037047 -1.1893178617080571 -3.2695783723385752 -0.57012661505076623 1.7726181645047556 1.4064593158506689 0.67098773915124565 -3.4479623079434978 -0.0076115156174746835
leaf_weight=1016 395515 850 1244 1571 1123 2932 1393 816 4254 1278 1193 808 1574 1715 1203 991 6860 1099 942 885 975 230769 1218 825 1430 969 13458 1206 1292 2968
leaf_count=1016 395515 850 1244 1571 1123 2932 1393 816 4254 1278 1193 808 1574 1715 1203 991 6860 1099 942 885 975 230769 1218 825 1430 969 13458 1206 1292 2968
internal_value=0.000350774 -0.370677 -0.512196 1.22974 -0.420221 -0.690727 -1.80813 0.149991 0.691378 0.300597 -2.53413 -0.253493 -1.0677 -1.76402 -0.0926029 0.182264 -0.226976 -1.37535 0.018508 -0.0439896 0.11526 0.0655754 0.588714 -0.470885 -0.0705404 -0.562241 0.988957 -1.14127 -1.94371 1.1511
internal_weight=684372 31920 29333 2587 28483 19317 5424 9166 6348 5532 4031 13893 2818 2908 13085 10783 7851 2302 652452 396400 256052 231744 24308 6664 5839 4897 17644 3928 2722 16426
internal_count=684372 31920 29333 2587 28483 19317 5424 9166 6348 5532 4031 13893 2818 2908 13085 10783 7851 2302 652452 396400 256052 231744 24308 6664 5839 4897 17644 3928 2722 16426
is_linear=0
shrinkage=0.04


Tree=241
num_leaves=31
num_cat=0
split_feature=21 18 15 18 46 9 29 43 31 7 10 36 14 47 14 8 4 33 29 13 16 5 13 35 18 33 33 18 15 4
split_gain=1.96875e+06 4.502e+06 3.61315e+06 3.79507e+06 3.24773e+06 3.51206e+06 3.61743e+06 7.1577e+06 5.92074e+06 5.43454e+06 9.09408e+06 5.24564e+06 5.2091e+06 7.3338e+06 4.72873e+06 5.46584e+06 5.29262e+06 4.70245e+06 4.36583e+06 4.03311e+06 4.0171e+06 3.99077e+06 3.9255e+06 3.7116e+06 3.57339e+06 3.55894e+06 3.51004e+06 3.4283e+06 4.49589e+06 3.76792e+06
threshold=88.680080413818374 0.10545009002089502 0.91905689239501964 0.10545009002089502 0.027228767052292827 0.097298860549926772 1.832258999347687 10.500000000000002 39.754999160766609 0.0036587119102478032 -0.60974219441413868 -0.29260136187076563 0.91496315598487865 -0.065204251557588563 0.66741406917572033 -0.087955027818679796 0.013636112213134767 18.745792388916019 2.3802524805068974 0.85212099552154552 -0.00086017811554484059 0.34990715980529791 1.1274797916412356 0.0061639142222702512 -0.023363287560641762 18.859823226928714 18.239552497863773 -0.0099607123993337137 0.01081955246627331 0.068264603614807143
decision_type=8 2 2 2 10 10 8 2 10 8 10 10 10 10 8 8 8 10 10 10 10 10 10 8 2 10 10 2 2 8
left_child=2 -2 3 4 5 6 -1 11 9 10 -9 12 13 17 15 -10 22 -8 -19 -12 27 -18 25 -14 -24 -16 -17 29 -29 -11
right_child=1 -3 -4 -5 -6 -7 7 8 14 20 19 -13 23 -15 16 26 21 18 -20 -21 -22 -23 24 -25 -26 -27 -28 28 -30 -31
leaf_value=0.056878072188055018 -0.17013477603326491 2.1136886753466748 -2.0717323525536875 -2.1950792734601157 0.51610528724278215 0.49301332483721122 -0.30558105921001255 1.0279187290569176 1.6607903962871136 -0.3419840400736418 -4.5677383577663164 2.6510099428764562 0.75756891384282543 -0.38522708096387265 -3.9372359389625271 0.10144921451213688 1.5599822680695845 1.2041667779573562 3.8019513207636426 -1.866645211332024 -0.78738051278570209 -0.63401388162876926 2.5735970512625626 -2.5852924638002861 -0.64943072667583024 -0.23185502660864082 -1.0186519459306116 -2.0238416468663503 0.86676662641239843 3.1015501775948899
leaf_weight=443275 107687 1389 1278 1193 23327 25459 1464 1651 1845 847 1030 1672 806 5637 833 7022 6843 2428 1813 6230 17032 1639 804 1529 1691 819 12329 1447 2095 1255
leaf_count=443275 107687 1389 1278 1193 23327 25459 1464 1651 1845 847 1030 1672 806 5637 833 7022 6843 2428 1813 6230 17032 1639 804 1529 1691 819 12329 1447 2095 1255
internal_value=0.0149393 -0.140861 0.044481 0.0492286 0.053941 0.0343123 0.0120185 -0.23418 -0.416592 -0.810308 -1.64678 0.54296 0.283504 0.637853 -0.0487954 -0.413797 0.563652 1.64764 2.32103 -2.25561 -0.481017 1.13578 -0.606464 -1.43309 0.3953 -2.11269 -0.612352 0.443259 -0.316496 1.71893
internal_weight=684369 109076 575293 574015 572822 549495 524036 80761 65412 31587 8911 15349 13677 11342 33825 21196 12629 5705 4241 7260 22676 8482 4147 2335 2495 1652 19351 5644 3542 2102
internal_count=684369 109076 575293 574015 572822 549495 524036 80761 65412 31587 8911 15349 13677 11342 33825 21196 12629 5705 4241 7260 22676 8482 4147 2335 2495 1652 19351 5644 3542 2102
is_linear=0
shrinkage=0.04


Tree=242
num_leaves=31
num_cat=0
split_feature=48 6 43 43 32 6 6 29 7 32 28 7 52 7 6 23 5 2 14 48 47 9 43 32 6 5 8 5 6 14
split_gain=2.63111e+06 4.3785e+06 4.06065e+06 4.73603e+06 2.96685e+06 2.98248e+06 2.66262e+06 2.48281e+06 3.91715e+06 2.44733e+06 4.34692e+06 3.94031e+06 5.43153e+06 4.17144e+06 9.16646e+06 4.21396e+06 3.5837e+06 3.37154e+06 2.59701e+06 2.50241e+06 5.7164e+06 4.11573e+06 2.4582e+06 3.12314e+06 2.41944e+06 7.55946e+06 6.29474e+06 5.0859e+06 4.42106e+06 4.403e+06
threshold=0.23378856480121615 0.036826610565185554 53.500000000000007 31.500000000000004 1.4628371596336367 0.30965900421142584 0.63788914680480968 10.490275382995607 1.029480576515198 0.33651858568191534 0.15861959010362628 0.7148185968399049 0.21625466644763949 0.025690019130706791 0.1604413986206055 -0.06495428085327147 0.17499780654907229 -0.001330137252807617 0.022018423303961757 0.20095109939575198 0.029855334199965004 0.02465087175369263 59.500000000000007 0.22301655262708667 -0.20195937156677243 -0.037324666976928704 -0.12566268444061277 -0.092253446578979478 0.040845870971679694 0.96606054902076732
decision_type=10 8 2 2 10 8 8 10 8 10 10 10 10 10 10 10 10 10 10 10 10 10 2 10 8 10 8 8 10 10
left_child=7 -2 3 4 5 -3 -5 9 -9 10 -1 12 13 24 16 22 17 -15 -17 -11 -21 -22 -16 -24 25 26 -12 28 -26 -29
right_child=1 2 -4 6 -6 -7 -8 8 -10 19 11 -13 -14 14 15 18 -18 -19 -20 20 21 -23 23 -25 27 -27 -28 29 -30 -31
leaf_value=-3.1513175090793837 2.6915675854355219 -1.1775241520753796 -2.2431801650772436 1.0896289291509722 -2.2057307667273691 1.15420041184966 3.8128205167295937 -0.26701919883725217 -2.8971739073713354 0.033221409017012864 0.46248747753892333 2.4540602216770311 -2.6339133160374195 -3.4745275051553484 2.0172691562410003 1.5417927836982559 -0.025847808452581517 -1.41128429985874 -0.64482870715332685 1.2222591956571009 -3.0862606607228082 -0.54925802634597565 -1.756265729837869 1.6717528040052574 3.0428033354426267 1.8863001829482122 -3.3477172644663025 0.24524684171703698 -0.091453244606106696 -2.7381217860641449
leaf_weight=816 1436 1341 883 1817 896 2497 839 3848 1176 616605 1155 853 1499 2266 2107 947 1381 2914 9496 1621 1695 2572 835 846 1908 1258 1719 14555 1152 827
leaf_count=816 1436 1341 883 1817 896 2497 839 3848 1176 616605 1155 853 1499 2266 2107 947 1381 2914 9496 1621 1695 2572 835 846 1908 1258 1719 14555 1152 827
internal_value=0.00722226 0.660668 0.305328 0.612458 -0.146637 0.338551 1.96093 -0.00219961 -0.887209 0.00445945 -0.275321 -0.223311 -0.27475 -0.192614 -0.601254 -0.0306658 -1.83695 -2.31881 -0.445255 0.0253783 -0.794634 -1.5619 1.11046 -0.0313567 0.183868 -0.689903 -1.82018 0.379907 1.86639 0.0831739
internal_weight=683760 9709 8273 7390 4734 3838 2656 674051 5024 669027 46534 45718 44865 43366 20792 14231 6561 5180 10443 622493 5888 4267 3788 1681 22574 4132 2874 18442 3060 15382
internal_count=683760 9709 8273 7390 4734 3838 2656 674051 5024 669027 46534 45718 44865 43366 20792 14231 6561 5180 10443 622493 5888 4267 3788 1681 22574 4132 2874 18442 3060 15382
is_linear=0
shrinkage=0.04


Tree=243
num_leaves=31
num_cat=0
split_feature=47 40 14 38 4 32 47 3 16 31 0 32 14 6 6 9 11 8 4 14 34 2 11 14 32 32 11 14 40 30
split_gain=2.97618e+06 2.99663e+06 8.24479e+06 3.93791e+06 3.59652e+06 3.11272e+06 2.55342e+06 2.02522e+06 4.79711e+06 6.29281e+06 5.42182e+06 4.08363e+06 8.45203e+06 4.4745e+06 4.17362e+06 6.34159e+06 3.9434e+06 3.73883e+06 3.85264e+06 3.73708e+06 5.78128e+06 3.59996e+06 3.94838e+06 3.1563e+06 3.98822e+06 3.40218e+06 3.37201e+06 3.1009e+06 3.05112e+06 3.36099e+06
threshold=-0.27895608544349665 -0.006084650754928588 0.94147637486457836 -2.0228687524795528 -0.069530963897705064 1.2685588598251345 0.011190682183951141 -0.12019443511962889 -0.040874555706977837 52.055000305175788 -0.064559221267700181 0.87410899996757518 0.40649683773517614 -0.59444355964660633 1.239785432815552 -0.098242968320846544 0.31088483333587652 0.032512664794921882 -0.022040605545043942 0.54566305875778209 0.095859762281179442 -0.017361521720886227 0.33507752418518072 0.32448568940162664 1.4941147565841677 1.2509810328483584 0.20538294315338138 0.6167944371700288 0.0021053552627563481 1.0458355545997622
decision_type=8 8 10 10 10 8 8 10 8 10 10 8 10 10 8 8 10 8 10 10 8 10 10 10 10 10 10 10 10 10
left_child=-1 2 3 -2 -5 6 -6 8 10 11 -3 12 -10 -14 17 -16 -15 18 19 -13 -21 28 -23 -11 25 26 -25 -28 29 -22
right_child=1 7 -4 4 5 -7 -8 -9 9 23 -12 14 13 16 15 -17 -18 -19 -20 20 21 22 -24 24 -26 -27 27 -29 -30 -31
leaf_value=-2.3176742157565475 -1.3636037164569919 0.74460615894399862 -2.6215587414137209 -0.30285841073916647 0.088773648761560367 3.6901130066423962 2.3060171970323045 -0.041687412554089108 1.7059076248694933 0.049000331937496762 -3.1175255862310283 0.88477679928143815 -3.8992051392569005 0.5887526780429323 3.4252838072766183 -0.4153481085927046 -2.5916932524792333 2.3688793900219829 2.2518992713285195 0.97010538517582234 -0.92402121614353161 -0.71395475824126631 -4.2856284946803802 2.6894218265954568 -0.42716824870070691 4.2758715835900087 -1.1475312824597932 2.1688734292757754 -2.8152970105179032 0.56384911597637621
leaf_weight=889 809 996 1000 1268 1362 1380 2125 633265 1387 2351 1377 4604 1237 1279 1563 1219 1202 1108 1142 3792 6003 1079 913 2397 1094 1032 961 833 843 4067
leaf_count=889 809 996 1000 1268 1362 1380 2125 633265 1387 2351 1377 4604 1237 1279 1563 1219 1202 1108 1142 3792 6003 1079 913 2397 1094 1032 961 833 843 4067
internal_value=-0.0176906 -0.014666 0.757202 1.24684 1.59273 2.0862 1.44271 -0.0237511 0.243585 0.347109 -1.50018 0.083869 -0.950418 -1.94328 0.284664 1.74696 -0.956335 0.11126 -0.00120332 -0.122998 -0.401243 -0.804639 -2.3642 1.30066 1.76567 2.22492 1.71091 0.395847 -0.518061 -0.323147
internal_weight=684577 683688 7944 6944 6135 4867 3487 675744 42479 40106 2373 31438 5105 3718 26333 2782 2481 23551 22443 21301 16697 12905 1992 8668 6317 5223 4191 1794 10913 10070
internal_count=684577 683688 7944 6944 6135 4867 3487 675744 42479 40106 2373 31438 5105 3718 26333 2782 2481 23551 22443 21301 16697 12905 1992 8668 6317 5223 4191 1794 10913 10070
is_linear=0
shrinkage=0.04


Tree=244
num_leaves=31
num_cat=0
split_feature=4 6 13 13 8 6 8 6 22 9 28 32 8 9 31 22 28 0 2 2 5 13 47 31 33 36 28 5 29 8
split_gain=3.44472e+06 4.00858e+06 6.6031e+06 6.2269e+06 5.71086e+06 5.89332e+06 4.4763e+06 4.11516e+06 6.59158e+06 7.28271e+06 3.76492e+06 3.35497e+06 3.63638e+06 3.25312e+06 3.21086e+06 2.93366e+06 2.86824e+06 3.88001e+06 3.92502e+06 4.0155e+06 4.70128e+06 4.62193e+06 4.43915e+06 3.92014e+06 4.89969e+06 3.79211e+06 3.50352e+06 3.37558e+06 5.43924e+06 3.26872e+06
threshold=-0.21817636489868161 -0.020329236984252926 0.73930284380912792 0.83045324683189403 -0.19451835751533506 0.21456289291381839 -0.27366036176681513 -0.41570782661437983 0.094471707940101637 -0.12050005793571471 1.1105021834373476 1.2685588598251345 -0.20507204532623288 -0.13475948572158811 31.744999885559086 0.19629634171724322 0.77783718705177318 -0.015753984451293942 0.037959098815917976 -0.042180538177490227 0.0035796165466308598 0.94954547286033641 0.083688523620367064 54.635000228881843 18.401897430419925 -1.0604917407035825 2.0102437734603886 0.1888687610626221 0.3523125052452088 0.16724824905395511
decision_type=8 8 8 10 10 10 8 10 10 10 10 10 10 10 10 10 10 10 8 10 10 10 8 8 10 8 10 8 8 8
left_child=1 2 -1 -4 -3 -6 10 8 -8 -10 14 13 -13 -9 -5 -7 27 18 19 20 23 22 -21 24 -18 -26 -22 -2 -29 -24
right_child=16 4 3 6 5 15 7 11 9 -11 -12 12 -14 -15 -16 -17 17 -19 -20 21 26 -23 29 -25 25 -27 -28 28 -30 -31
leaf_value=2.9873807996261603 0.033820178178560714 1.894649212468142 -3.4819793983525984 -2.5823429683961119 1.7477041200449352 0.0957666453777309 3.587561513993121 -1.0105964961830451 -2.2432890572458786 1.9949041844195532 0.58103291947693825 0.34749060293331857 -3.2209477982351649 2.1976276177338336 -0.3746042959961145 -2.459087057693893 -2.2439064492644936 -0.11303945299850207 0.81692225218975978 0.18525690727743757 1.2462828880123602 0.19337439488971433 -0.90391105925306503 0.93500513890262027 -2.3395376313227527 0.15684983258375973 -0.59415690217640005 3.5591158786838832 0.35124828260151975 -3.4875746347194627
leaf_weight=1147 159416 5924 836 2030 1923 1527 1562 872 1060 1638 2256 871 947 1179 2189 1348 1846 354974 13226 6879 11455 23753 12026 5415 1050 11934 1928 850 51496 830
leaf_count=1147 159416 5924 836 2030 1923 1527 1562 872 1060 1638 2256 871 947 1179 2189 1348 1846 354974 13226 6879 11455 23753 12026 5415 1050 11934 1928 850 51496 830
internal_value=0.0224534 0.462561 0.0727713 -0.145541 1.06494 0.0386991 0.0477036 0.67235 1.52855 0.327652 -0.736332 -0.271893 -1.51877 0.835339 -1.44047 -1.1065 0.00415525 -0.0534747 0.180555 0.0713213 0.3995 -0.182483 -0.634733 0.0148712 -0.321508 -0.046675 0.980897 0.125343 0.404008 -1.0733
internal_weight=684387 27309 16587 15440 10722 4798 14604 8129 4260 2698 6475 3869 1818 2051 4219 2875 657078 445316 90342 77116 33628 43488 19735 20245 14830 12984 13383 211762 52346 12856
internal_count=684387 27309 16587 15440 10722 4798 14604 8129 4260 2698 6475 3869 1818 2051 4219 2875 657078 445316 90342 77116 33628 43488 19735 20245 14830 12984 13383 211762 52346 12856
is_linear=0
shrinkage=0.04


Tree=245
num_leaves=31
num_cat=0
split_feature=30 15 4 51 1 11 14 52 23 32 35 30 41 33 33 37 36 13 6 13 6 14 39 51 22 23 23 12 52 2
split_gain=2.21313e+06 3.27888e+06 3.4954e+06 3.0155e+06 2.62454e+06 4.67531e+06 3.42985e+06 4.89345e+06 2.77557e+06 1.97553e+06 5.49668e+06 3.43863e+06 2.14448e+06 3.19119e+06 5.24687e+06 2.45722e+06 2.44453e+06 2.38723e+06 3.88241e+06 2.54955e+06 4.82036e+06 3.7647e+06 4.21756e+06 3.41158e+06 7.06938e+06 4.93453e+06 3.81238e+06 3.21118e+06 3.11117e+06 3.08842e+06
threshold=0.5705077350139619 -0.72173538804054249 -0.27538204193115229 0.20438562333583835 0.13306045532226565 1.6513050794601443 0.91496315598487865 0.13116770237684253 -0.054870486259460442 2.9999803304672246 0.018593843095004562 1.0275671482086184 1.0000000180025095e-35 19.864862442016605 20.672714233398441 0.088540554046630873 -0.45091193914413447 0.48216281831264501 0.72840988636016857 0.7204323709011079 1.239785432815552 0.71031260490417492 -0.0052861266303807488 -0.013551559764891861 0.030659663490951065 -0.1333244442939758 -0.074241816997528062 0.024944845587015155 -0.06373982876539229 -0.053577899932861321
decision_type=8 2 8 10 10 10 10 8 10 10 8 10 2 10 10 8 10 8 10 10 8 10 8 8 10 8 10 10 8 10
left_child=1 -1 -3 4 9 6 7 8 -6 12 -11 -12 17 -14 -15 16 -16 18 -2 20 21 -19 -23 24 -22 -25 27 -27 -24 -26
right_child=3 2 -4 -5 5 -7 -8 -9 -10 10 11 -13 13 14 15 -17 -18 19 -20 -21 23 22 28 25 29 26 -28 -29 -30 -31
leaf_value=1.9397868928042883 0.34308661291020831 -2.1900614645148675 0.32441478029166521 -1.6519327210209198 -1.0454112193235769 2.8302292897035564 1.9199829212433863 -2.9308540044943157 2.0309128101961407 1.4697850067996978 -4.1880458510112986 -0.60757065606864902 -1.5274964044003043 2.9653377937436391 -0.074178280289314238 -1.2803143663489676 2.7066856347481694 -0.26921777191272755 3.0657968425436599 0.0036319599614964399 -1.1440021704145047 -3.581701636666375 0.61889814132707988 -3.0257806145540869 3.6557412040660022 0.25806906505414612 -0.55653159962141685 3.2021873010039501 -1.5124898254127419 1.3177497143435586
leaf_weight=1930 8949 908 24330 1782 877 1419 1231 946 988 865 864 851 828 1662 1291 1142 821 67435 915 545806 1534 1067 1620 814 1276 1414 3567 1013 3347 3118
leaf_count=1930 8949 908 24330 1782 877 1419 1231 946 988 865 864 851 828 1662 1291 1142 821 67435 915 545806 1534 1067 1620 814 1276 1414 3567 1013 3347 3118
internal_value=0.0013096 0.355029 0.233119 -0.0133126 -0.0088339 0.863603 0.167911 -0.603447 0.586438 -0.0161746 -1.11869 -2.4252 -0.0117652 0.757009 1.14411 0.207668 1.01449 -0.0186565 0.598499 -0.0282979 -0.230439 -0.354979 -1.3114 0.487701 1.18842 -0.123296 0.275252 1.49501 -0.817485 2.00345
internal_weight=684610 27168 25238 657442 655660 5461 4042 2811 1865 650199 2580 1715 647619 5744 4916 3254 2112 641875 9864 632011 86205 73469 6034 12736 5928 6808 5994 2427 4967 4394
internal_count=684610 27168 25238 657442 655660 5461 4042 2811 1865 650199 2580 1715 647619 5744 4916 3254 2112 641875 9864 632011 86205 73469 6034 12736 5928 6808 5994 2427 4967 4394
is_linear=0
shrinkage=0.04


Tree=246
num_leaves=31
num_cat=0
split_feature=3 7 33 6 7 52 7 31 52 22 12 13 32 33 12 9 7 6 31 34 32 2 7 21 3 14 3 6 28 13
split_gain=3.69613e+06 4.80016e+06 4.00225e+06 6.79161e+06 3.76554e+06 4.47885e+06 4.15054e+06 3.7491e+06 3.45598e+06 4.21375e+06 4.87447e+06 8.66241e+06 3.63124e+06 6.83931e+06 6.77545e+06 4.11647e+06 3.79727e+06 4.97747e+06 4.00564e+06 3.64289e+06 3.91327e+06 3.7074e+06 5.29173e+06 6.2951e+06 6.26405e+06 5.27531e+06 5.22296e+06 5.87981e+06 3.93136e+06 3.42607e+06
threshold=-0.12019443511962889 -0.71614858508110035 16.983814239501957 0.47185111045837408 -0.62384316325187672 -0.029894628562033173 -0.56148302555084217 80.575000762939467 0.12222079932689668 0.41580104827880865 0.080387271940708174 1.5647577047348025 0.7061985731124879 20.124698638916019 0.026791121810674671 -0.12715971469879148 -0.0037777423858642574 0.32942056655883795 59.48500061035157 0.083622116595506682 2.3700801134109502 -0.12444090843200682 -0.22462615370750424 6.2295782566070566 -0.22432315349578855 0.87637430429458629 -0.29324173927307123 -0.22204208374023435 0.94759735465049755 0.85212099552154552
decision_type=10 8 8 8 8 10 8 8 10 10 10 8 8 10 10 10 8 10 10 10 10 10 10 10 10 10 10 8 10 10
left_child=2 -2 3 -1 5 -3 29 8 9 10 12 -12 13 14 -4 -16 18 -18 19 20 21 26 23 -23 -25 -24 -14 28 -28 -6
right_child=1 4 7 -5 6 -7 -8 -9 -10 -11 11 -13 16 -15 15 -17 17 -19 -20 -21 -22 22 25 24 -26 -27 27 -29 -30 -31
leaf_value=0.30486341662351135 -2.1673650044538961 3.9116411951806751 0.46681725336970958 4.7848508388847799 -0.21751123243238815 -0.15052026889074271 -0.0062230122505830014 -2.3948835837942428 2.502652139943697 -2.3899070475795474 5.1178580702942362 -0.25063422224272264 0.96200536734478048 1.7214487969564085 -5.3459372694677745 -1.470635001280215 1.8243460151551805 0.04728544437273495 1.841330282289434 -1.6227605300729737 2.4969001655444227 3.6318509008585513 0.047874859687808011 -2.3261901331772519 1.2841089116154498 -3.2185403271648569 -5.2480557440081217 0.063977242611476359 -1.7400321625718977 -3.7995030161600192
leaf_weight=1443 1639 847 1150 858 871 879 635640 813 1131 921 904 1013 1713 1139 903 864 5506 4647 1877 2189 1019 1322 4703 973 3525 941 809 1740 1404 831
leaf_count=1443 1639 847 1150 858 871 879 635640 813 1131 921 904 1013 1713 1139 903 864 5506 4647 1877 2189 1019 1322 4703 973 3525 941 809 1740 1404 831
internal_value=0.0122138 -0.012015 0.36894 1.98884 -0.00645336 1.85395 -0.0115206 0.278021 0.332399 0.26926 0.333743 2.29441 0.229952 -0.896882 -1.92165 -3.46999 0.371388 1.01184 0.0783573 -0.085173 0.101071 -0.0428215 0.370848 1.21618 0.499707 -0.50145 -0.878976 -1.67716 -3.04029 -1.97839
internal_weight=684214 640707 43507 2301 639068 1726 637342 41206 40393 39262 38341 1917 36424 4056 2917 1767 32368 10153 22215 20338 18149 17130 11464 5820 4498 5644 5666 3953 2213 1702
internal_count=684214 640707 43507 2301 639068 1726 637342 41206 40393 39262 38341 1917 36424 4056 2917 1767 32368 10153 22215 20338 18149 17130 11464 5820 4498 5644 5666 3953 2213 1702
is_linear=0
shrinkage=0.04


Tree=247
num_leaves=31
num_cat=0
split_feature=0 28 21 43 4 19 33 3 5 5 12 11 21 51 19 7 23 11 31 31 31 4 12 12 28 10 37 3 47 31
split_gain=2.31699e+06 5.60805e+06 4.4468e+06 5.23504e+06 5.29304e+06 5.09287e+06 4.68195e+06 6.37465e+06 6.90548e+06 5.42824e+06 5.67636e+06 4.89964e+06 4.8933e+06 6.83604e+06 5.04718e+06 4.54002e+06 4.45824e+06 4.40308e+06 4.22698e+06 4.09994e+06 3.87541e+06 3.62999e+06 3.62736e+06 3.52115e+06 3.48268e+06 4.19872e+06 3.34292e+06 3.32232e+06 3.30666e+06 3.54669e+06
threshold=-0.014842271804809569 0.21353093534708026 1.7581797838211062 42.500000000000007 0.10756039619445802 1.5000000000000002 19.44851112365723 0.0037953853607177739 -0.2549376487731933 0.008933305740356447 0.024475587531924251 0.92214506864547741 20.285674095153812 -0.050328083336353295 2.5000000000000004 -0.23781114816665647 -0.14269113540649411 1.4065818786621096 46.215000152587898 67.83499908447267 22.785000801086429 -0.14234995841979978 0.053734187036752708 0.052423795685172088 1.494516968727112 -0.35188165307044977 0.096637971699237837 -0.020882725715637204 0.054325196892023093 43.805000305175788
decision_type=10 10 8 2 8 2 8 8 10 10 10 8 10 10 2 10 10 8 8 10 8 10 10 8 10 8 8 10 10 10
left_child=1 -1 17 28 6 -6 7 8 12 10 24 16 13 -5 -15 -12 -8 -3 -17 -11 -7 -13 -9 -22 25 -10 -23 -28 29 -4
right_child=-2 2 3 4 5 20 11 22 9 19 15 21 -14 14 -16 18 -18 -19 -20 -21 23 26 -24 -25 -26 -27 27 -29 -30 -31
leaf_value=-2.3796418112168318 -0.025172705654381896 0.63486705163528212 0.054100543936197898 1.1840483872301715 -0.027728614079729801 3.2346114755971969 1.2610776369299135 0.41848302885200139 -3.9820073094147381 -0.96047232622816225 -0.99340299607751981 -3.0190858695469798 2.0658834962657746 -3.9036480858461471 0.19256320259175116 -5.1856198831835556 0.027579872535529751 3.0566788286896891 -2.3133515122735351 1.545858465581629 1.3684157730328235 -2.6837432825686025 -2.2363400651733123 -1.0973998591460952 1.2217298233521883 -0.67483764381515743 1.0906175583153312 -1.0119261875958072 1.532892536415742 0.73861598562739872
leaf_weight=1377 532929 11340 30365 1953 11137 1381 6776 10574 833 8891 1325 1014 1723 1116 839 1675 15167 1335 1653 1174 4675 879 883 1147 920 2284 2280 2522 3913 20138
leaf_count=1377 532929 11340 30365 1953 11137 1381 6776 10574 833 8891 1325 1014 1723 1116 839 1675 15167 1335 1653 1174 4675 879 883 1147 920 2284 2280 2522 3913 20138
internal_value=0.0140467 0.152193 0.175606 0.109366 -0.0908869 0.508534 -0.261429 -0.566034 -0.931554 -1.30022 -2.03216 0.119875 0.29648 -0.486915 -2.1537 -2.98329 0.408885 0.892154 -3.77018 -0.666885 1.33657 -0.826558 0.212102 0.881573 -0.931233 -1.56857 -0.430598 -0.013442 0.414112 0.327142
internal_weight=684218 151289 149912 137237 82821 18340 64481 35843 24386 18755 8690 28638 5631 3908 1955 4653 21943 12675 3328 10065 7203 6695 11457 5822 4037 3117 5681 4802 54416 50503
internal_count=684218 151289 149912 137237 82821 18340 64481 35843 24386 18755 8690 28638 5631 3908 1955 4653 21943 12675 3328 10065 7203 6695 11457 5822 4037 3117 5681 4802 54416 50503
is_linear=0
shrinkage=0.04


Tree=248
num_leaves=31
num_cat=0
split_feature=17 14 34 17 5 3 9 29 13 2 0 1 49 6 2 18 9 17 3 38 40 43 23 43 36 12 32 31 17 52
split_gain=2.77523e+06 3.54517e+06 8.29492e+06 5.19504e+06 4.34323e+06 5.96214e+06 3.98204e+06 4.01835e+06 3.34396e+06 4.53047e+06 3.19252e+06 3.81297e+06 3.20477e+06 3.01751e+06 3.01279e+06 2.94227e+06 2.92074e+06 6.80427e+06 6.33046e+06 3.52334e+06 3.23635e+06 5.51072e+06 3.91401e+06 3.19296e+06 4.95619e+06 4.33423e+06 3.1807e+06 3.22292e+06 3.96023e+06 3.20047e+06
threshold=0.089521285146474852 0.92932036519050609 -0.01574771665036678 0.10516444593667985 -0.57386803627014149 0.20846033096313479 0.23867535591125491 2.4210181236267094 0.86516320705413829 -0.10666418075561522 -0.059390783309936516 -0.094973325729370103 -0.097712136805057512 -0.42868041992187494 -0.1981847286224365 -0.0083506307564675791 -0.10197040438652037 0.055414333939552314 -0.19058072566986081 -0.10529793053865431 -0.0071081817150115958 22.500000000000004 -0.086977064609527574 1.0000000180025095e-35 -0.28222736716270441 0.019727448932826522 1.6012344360351565 46.844999313354499 0.036506175994873054 -0.15659049153327939
decision_type=2 10 10 2 10 8 8 10 8 10 10 8 8 10 8 2 10 2 8 10 8 2 10 2 10 10 10 10 2 10
left_child=10 6 3 -3 -5 13 7 8 9 -2 11 -1 -12 -6 15 -14 17 18 -16 26 21 -18 -23 24 25 -22 27 -20 -29 -28
right_child=1 2 -4 4 5 -7 -8 -9 -10 -11 12 -13 14 -15 16 -17 20 -19 19 -21 23 22 -24 -25 -26 -27 29 28 -30 -31
leaf_value=0.55837257435048704 2.6849264163400117 -0.70875031758467932 -2.9764725727312209 3.949372660820659 1.9742173782859807 3.6338462729558736 -2.5802993427284329 0.58165271683709519 -0.97085230527205812 -0.3912017587904853 1.5849030178446502 -1.9299667337683761 -0.037207166687977494 -0.89308696973110824 -1.6298979814287591 -3.3967513259816435 2.3367685128068034 1.2964580373717343 0.40367794820433522 -1.5611846652019106 -0.38492195143541558 -2.4199431048506757 0.67864530641613485 0.011955596891391716 1.9896255239739042 -2.6794262397046671 -2.5324205885066577 3.8694858956516089 0.75642208333709682 0.61553400670372038
leaf_weight=1509 959 2196 1006 1015 851 992 1473 4891 15777 3649 2101 2809 857 1837 3277 803 2559 9423 4458 1299 3191 868 2527 606425 818 2238 880 1188 1453 1225
leaf_count=1509 959 2196 1006 1015 851 992 1473 4891 15777 3649 2101 2809 857 1837 3277 803 2559 9423 4458 1299 3191 868 2527 606425 818 2238 880 1188 1453 1225
internal_value=0.00307056 -0.3457 0.39862 0.894941 1.64495 1.00037 -0.565509 -0.44712 -0.694119 0.253418 0.0216682 -1.06109 0.0289265 0.0186321 0.0238217 -1.67294 0.0282362 0.468732 -0.0978109 0.381305 0.011707 0.938996 -0.118352 0.00268037 -0.896288 -1.33397 0.656854 1.06146 2.16608 -0.706227
internal_weight=684554 34646 7897 6891 4695 3680 26749 25276 20385 4608 649908 4318 645590 2688 643489 1660 641829 23203 13780 10503 618626 5954 3395 612672 6247 5429 9204 7099 2641 2105
internal_count=684554 34646 7897 6891 4695 3680 26749 25276 20385 4608 649908 4318 645590 2688 643489 1660 641829 23203 13780 10503 618626 5954 3395 612672 6247 5429 9204 7099 2641 2105
is_linear=0
shrinkage=0.04


Tree=249
num_leaves=31
num_cat=0
split_feature=30 12 16 32 1 30 52 3 8 4 35 1 6 4 10 18 52 38 29 18 5 0 12 29 0 51 29 14 12 17
split_gain=2.04527e+06 6.29018e+06 4.3169e+06 3.65614e+06 5.82406e+06 5.22191e+06 3.63171e+06 5.45032e+06 3.55261e+06 4.00855e+06 3.54362e+06 3.34553e+06 4.51215e+06 4.09336e+06 3.2525e+06 3.68079e+06 3.1365e+06 2.90849e+06 2.77722e+06 3.33264e+06 3.32452e+06 3.22939e+06 2.76071e+06 5.20524e+06 4.15404e+06 4.31346e+06 3.46161e+06 3.4737e+06 2.96191e+06 2.6725e+06
threshold=0.97912815213203441 0.051291566342115409 0.0012796301743946972 2.0405899286270146 0.063719272613525405 0.74626046419143688 -0.049283318221569054 -0.25168013572692866 -0.076521575450897203 -0.071198940277099595 0.14180734753608706 -0.057669401168823235 0.04488873481750489 -0.066384553909301744 -0.3339849710464477 0.0063315038569271573 -0.0753001533448696 -0.070091899484395967 0.87148067355155956 -0.013554649427533148 -0.080349445343017564 0.0062316656112670907 0.060200085863471038 0.55949607491493236 -0.035381317138671868 -0.048352638259530061 2.6770647764205937 0.79898202419281017 0.073001541197299971 0.12246124818921091
decision_type=8 10 10 8 10 10 10 10 8 10 10 10 8 10 8 2 10 10 8 2 10 10 10 8 10 10 10 10 10 2
left_child=1 2 -1 6 5 -5 7 -3 16 18 22 12 -8 -13 15 -9 -4 -12 19 -10 -20 -22 -2 -24 25 -25 27 -26 -29 -15
right_child=10 3 8 4 -6 -7 11 14 9 -11 17 13 -14 29 -16 -17 -18 -19 20 -21 21 -23 23 24 26 -27 -28 28 -30 -31
leaf_value=0.29950122680360985 -0.071882584773880501 -1.6392511541918506 0.073379592154365819 -5.3109632352231246 0.92311388893860158 -1.3243278126688229 -1.3630303723702419 3.2493222859378945 -3.3875533563465372 -0.024797705928241546 -0.5234361665097379 -2.9753848799295746 2.752700857675535 -1.0811416495490616 -0.92904185534576456 0.32016917616104984 1.051697474808809 -3.5731467400559054 -1.6386297620357524 -0.89813855452624269 1.1145066948444649 -0.90038314592389823 -2.3595993098710935 1.1221135305577246 -0.17025306439684473 -2.2403524273585393 -0.12345538080217815 3.7398488019500751 1.4407542030183225 1.1718037851411105
leaf_weight=122969 369845 1387 13327 909 823 1250 816 1542 1210 129039 1312 1625 872 5379 802 1235 8636 803 2181 2959 2862 2276 843 1272 911 1156 1607 1798 1819 990
leaf_count=122969 369845 1387 13327 909 823 1250 816 1542 1210 129039 1312 1625 872 5379 802 1235 8636 803 2181 2959 2862 2276 843 1272 911 1156 1607 1798 1819 990
internal_value=-0.00215184 0.0754087 0.120703 -0.657627 -1.93198 -3.01956 -0.397057 0.481741 -0.0146186 -0.0885685 -0.0637931 -0.847834 0.766796 -1.18931 1.30598 1.95248 0.458364 -1.69268 -0.80423 -1.62704 -0.333968 0.221948 -0.0546648 0.621699 0.917608 -0.48142 1.47117 2.03614 2.59079 -0.729655
internal_weight=684455 303089 285459 17630 2982 2159 14648 4966 162490 140527 381366 9682 1688 7994 3579 2777 21963 2115 11488 4169 7319 5138 379251 9406 8563 2428 6135 4528 3617 6369
internal_count=684455 303089 285459 17630 2982 2159 14648 4966 162490 140527 381366 9682 1688 7994 3579 2777 21963 2115 11488 4169 7319 5138 379251 9406 8563 2428 6135 4528 3617 6369
is_linear=0
shrinkage=0.04


Tree=250
num_leaves=31
num_cat=0
split_feature=47 28 38 1 43 15 17 43 11 10 4 29 23 26 8 8 3 28 30 4 19 9 1 31 1 1 9 9 11 29
split_gain=2.23796e+06 1.81914e+06 4.91421e+06 4.73471e+06 4.41493e+06 3.98426e+06 3.91913e+06 3.54677e+06 4.01747e+06 5.80657e+06 5.25066e+06 4.22493e+06 4.13892e+06 3.69902e+06 4.04106e+06 3.6974e+06 3.2407e+06 3.11744e+06 3.64578e+06 3.50997e+06 3.41744e+06 3.07316e+06 3.07007e+06 3.89147e+06 3.00459e+06 2.82203e+06 6.35843e+06 4.36567e+06 3.05877e+06 4.18469e+06
threshold=-0.27895608544349665 0.89224877953529369 0.053699519485235221 -0.13008284568786618 58.500000000000007 -0.92307448387145985 0.076852299273014082 34.500000000000007 0.072692871093750014 -0.56734675168991078 -0.12088632583618163 0.66328763961792003 -0.15373176336288449 1.0000000180025095e-35 0.0034456253051757817 -0.13314104080200193 -0.061617136001586907 0.63824155926704418 0.90431261062622081 -0.14668953418731687 2.5000000000000004 -0.074150532484054552 -0.0062301158905029288 31.314999580383304 -0.039310216903686516 -0.062895536422729478 0.0075949430465698251 -0.21885859966278073 0.3212845921516419 4.3412184715271005
decision_type=8 10 10 8 2 2 2 2 10 8 10 10 8 2 10 10 10 10 8 8 2 8 10 10 10 10 8 10 10 10
left_child=-1 2 3 6 -4 -5 -2 8 9 -7 11 -10 15 -9 16 -11 17 19 -19 20 -15 -12 23 -6 -18 26 -3 -27 29 -29
right_child=1 25 4 5 22 7 -8 13 10 12 21 -13 -14 14 -16 -17 24 18 -20 -21 -22 -23 -24 -25 -26 27 -28 28 -30 -31
leaf_value=-1.9386809727715995 -3.5374412951285832 0.14108015742744401 -0.10347279178949503 -2.1971676754280329 -4.1034143721127672 2.7034199612704994 -0.39480179776842633 0.1550081934490829 4.1434862571706867 -0.79063062122523831 2.6783617857866586 1.2216302585749421 -0.12248774503315528 -3.8468586152875459 1.2651129201972968 -4.1281117441474118 -3.3326364581085604 2.413182343207906 -0.24158571552332508 -0.031854845746148865 -0.63139038679295023 0.40964013285730305 -0.47203035631267531 -1.1331625798246858 -0.95853278415443954 -2.2045084111467874 2.1964911500828417 0.036239086710354661 -0.1700195483129214 1.5950932836651504
leaf_weight=939 951 25914 49116 1109 1003 911 1880 146492 994 1339 964 3826 6426 1061 1791 877 1241 1096 3283 2443 1054 50870 5120 2368 2722 1532 2645 149709 211735 2797
leaf_count=939 951 25914 49116 1109 1003 911 1880 146492 994 1339 964 3826 6426 1061 1791 877 1241 1096 3283 2443 1054 50870 5120 2368 2722 1532 2645 149709 211735 2797
internal_value=0.00243446 0.00513042 0.0813765 0.163697 -0.249165 0.183867 -1.45922 0.195576 0.442043 -0.316499 0.569982 1.83152 -0.637601 0.0943165 -0.510568 -2.12408 -0.757887 -0.334915 0.426848 -1.0661 -2.25496 0.452342 -1.09081 -2.02645 -1.70849 -0.0507377 0.332145 -0.0806408 -0.0716475 0.0649316
internal_weight=684208 683269 288937 231330 57607 228499 2831 227390 66207 9553 56654 4820 8642 161183 14691 2216 12900 8937 4379 4558 2115 51834 8491 3371 3963 394332 28559 365773 364241 152506
internal_count=684208 683269 288937 231330 57607 228499 2831 227390 66207 9553 56654 4820 8642 161183 14691 2216 12900 8937 4379 4558 2115 51834 8491 3371 3963 394332 28559 365773 364241 152506
is_linear=0
shrinkage=0.04


Tree=251
num_leaves=31
num_cat=0
split_feature=7 10 6 43 1 22 29 29 29 10 7 4 10 4 31 29 21 48 1 37 3 29 7 29 31 36 51 7 30 11
split_gain=2.02436e+06 9.41568e+06 7.63901e+06 1.06398e+07 4.92546e+06 7.61257e+06 4.8556e+06 4.23818e+06 4.05363e+06 3.35707e+06 3.45425e+06 4.77703e+06 4.78005e+06 3.34527e+06 3.29199e+06 3.15272e+06 3.09852e+06 3.0777e+06 2.77655e+06 2.76145e+06 2.65453e+06 2.64259e+06 2.39899e+06 3.97442e+06 2.27919e+06 4.88686e+06 4.32128e+06 4.38076e+06 4.57197e+06 2.96424e+06
threshold=-0.38714325428009028 -0.68812492489814747 -1.0896478891372678 56.500000000000007 -0.04928231239318847 0.71840092539787304 0.73738917708396923 1.6291190981864931 0.71656110882759105 -0.81112942099571217 -0.34931498765945429 0.057668447494506843 -0.62669265270233143 -0.11243748664855956 49.844999313354499 0.97428330779075634 8.6024913787841815 -0.18334504961967465 0.0055229663848876962 -0.065241247415542589 -0.0310063362121582 1.246600389480591 -0.46767938137054438 1.0986295938491824 9.6649999618530291 -0.3490327894687652 0.030380537733435634 -0.25291365385055536 0.75516676902771007 1.7927999496459963
decision_type=8 10 10 2 10 10 10 10 10 8 8 10 10 10 8 10 10 8 10 10 10 10 10 10 10 10 10 10 8 8
left_child=1 2 3 -1 21 7 -3 14 -4 -2 11 12 -11 22 15 -6 -14 19 -15 -12 -21 -5 -8 -24 25 26 27 -19 -29 -28
right_child=9 6 8 4 5 -7 13 -9 -10 10 17 -13 16 18 -16 -17 -18 24 -20 20 -22 -23 23 -25 -26 -27 29 28 -30 -31
leaf_value=-3.1091056891378237 1.8742210012562321 -0.46195582998305212 -4.2397633329753219 -1.5440655543247723 3.1925295459027172 -1.1650652753269484 2.9583113035439998 4.6589856244412218 -1.0732499224998011 -3.9338231689900751 -0.11907307226744684 1.6514067352517703 1.2913868158461115 4.733897842248858 -0.46017903138410404 0.44537433814863825 -1.550593957400265 0.74795288505848878 1.7293088068895515 3.9934715416803312 0.7575108954829185 1.1741641436196049 2.4980703332753662 -0.58318280791455612 -0.015057778890257214 1.8360630810670031 1.2097315957335648 -1.1883076729903406 -3.7983460713851502 -1.5993007624094639
leaf_weight=1265 1480 1544 860 1751 1942 1410 1061 885 2566 1051 1267 859 812 1092 941 1022 2427 1058 921 801 823 839 1150 1578 644233 1126 1926 3129 1637 862
leaf_count=1265 1480 1544 860 1751 1942 1410 1061 885 2566 1051 1267 859 812 1092 941 1022 2427 1058 921 801 823 839 1150 1578 644233 1126 1926 3129 1637 862
internal_value=-0.0101152 0.3781 -0.249827 0.306296 0.800793 1.41211 1.52921 2.17158 -1.87814 -0.0223068 -0.0265749 -1.05757 -1.60257 2.05897 1.5974 2.24998 -0.836343 -0.0184772 3.37456 1.28151 2.36824 -0.662398 1.35299 0.720112 -0.0242435 -0.631303 -0.955661 -1.57476 -2.09087 0.338617
internal_weight=684318 20827 13481 10055 8790 6200 7346 4790 3426 663491 662011 5149 4290 5802 3905 2964 3239 656862 2013 2891 1624 2590 3789 2728 653971 9738 8612 5824 4766 2788
internal_count=684318 20827 13481 10055 8790 6200 7346 4790 3426 663491 662011 5149 4290 5802 3905 2964 3239 656862 2013 2891 1624 2590 3789 2728 653971 9738 8612 5824 4766 2788
is_linear=0
shrinkage=0.04


Tree=252
num_leaves=31
num_cat=0
split_feature=18 2 9 23 51 6 18 11 29 16 28 14 14 31 6 13 9 21 12 11 30 12 5 10 29 52 13 36 8 51
split_gain=2.43376e+06 4.65912e+06 3.90474e+06 3.24161e+06 3.4612e+06 3.02406e+06 2.12369e+06 3.46343e+06 2.98607e+06 2.23578e+06 9.6583e+06 3.00577e+06 2.44575e+06 7.62476e+06 4.53964e+06 4.13631e+06 4.08797e+06 6.77778e+06 4.95399e+06 3.73448e+06 3.8006e+06 3.7314e+06 3.49245e+06 5.50173e+06 2.59764e+06 2.59044e+06 6.57945e+06 4.2357e+06 4.02244e+06 5.16725e+06
threshold=0.066202562302351012 -0.050173282623291009 -0.035524874925613396 -0.049671113491058343 0.019920155405998233 0.22657680511474612 0.056361602619290359 0.3037285208702088 2.2267242670059209 -0.040874555706977837 0.47267864644527441 0.85746031999588024 0.98976975679397594 12.684999942779543 1.1133203506469729 1.2792940735816958 -0.14332723617553708 0.26347525417804724 0.080387271940708174 0.011221587657928469 1.0214146971702578 0.080387271940708174 -0.47641420364379877 -0.36307734251022333 1.2101104855537417 -0.13894280791282651 0.5626625418663026 -0.604841649532318 -0.080101430416107164 0.060102770105004318
decision_type=2 8 8 8 10 8 2 10 10 10 10 10 10 10 8 10 10 10 10 8 10 10 10 10 10 8 8 8 8 10
left_child=6 -2 -3 4 -4 -6 9 -8 -9 10 -1 -12 16 -14 15 -15 17 -11 19 20 24 25 -17 -24 -19 26 -18 -28 29 -27
right_child=1 2 3 -5 5 -7 7 8 -10 12 11 -13 13 14 -16 22 21 18 -20 -21 -22 -23 23 -25 -26 28 27 -29 -30 -31
leaf_value=-4.7791503203843169 -1.51237728525736 3.3945272935091038 1.5483921565839973 1.2185711799071908 0.13139329379382619 -3.1213254245386306 0.82283045716391434 -0.66011649668814787 -3.020472628960214 3.8139334436711341 -0.75631465656469754 1.5921955597110855 -3.6218371520516515 -2.3808385168595607 2.2076144856236724 -1.9685422274973812 1.8998513582149732 -0.61618265053706656 3.2514332144424833 0.62413050454044094 0.49198432127433483 -2.0642254791399814 3.5197660140045461 -0.41550527776048835 -3.7139981112798059 0.39144250273417835 0.42078847094809185 -0.74148789232750534 -0.022998250320094824 -1.3549351123427424
leaf_weight=825 1435 917 897 5400 925 893 1501 2631 1268 1006 2962 1224 1207 1535 1064 943 1936 844 918 9612 1570 1403 832 1744 890 60651 6330 24070 544478 2828
leaf_count=825 1435 917 897 5400 925 893 1501 2631 1268 1006 2962 1224 1207 1535 1064 943 1936 844 918 9612 1570 1403 832 1744 890 60651 6330 24070 544478 2828
internal_value=-0.00722989 0.597738 0.934294 0.65245 -0.473876 -1.47467 -0.0166298 -0.805958 -1.43349 -0.0102453 -0.851143 -0.0674447 -0.00388529 -0.730248 -0.154796 -0.655523 0.00422976 0.660349 0.428433 0.225429 -0.932855 -0.0109539 0.101679 0.86421 -2.21836 -0.00642259 -0.355225 -0.499416 0.0121351 0.31344
internal_weight=684739 10467 9032 8115 2715 1818 674272 5400 3899 668872 5011 4186 663861 7325 6118 5054 656536 14840 13834 12916 3304 641696 3519 2576 1734 640293 32336 30400 607957 63479
internal_count=684739 10467 9032 8115 2715 1818 674272 5400 3899 668872 5011 4186 663861 7325 6118 5054 656536 14840 13834 12916 3304 641696 3519 2576 1734 640293 32336 30400 607957 63479
is_linear=0
shrinkage=0.04


Tree=253
num_leaves=31
num_cat=0
split_feature=12 38 31 52 40 48 12 32 52 8 10 1 8 36 4 32 22 46 6 48 11 7 7 10 32 1 6 8 22 7
split_gain=2.4144e+06 3.97521e+06 4.06879e+06 4.39161e+06 4.20223e+06 3.9706e+06 5.57568e+06 4.76192e+06 3.52048e+06 3.49633e+06 4.29546e+06 6.47345e+06 4.09555e+06 7.22028e+06 3.97846e+06 3.71306e+06 3.5974e+06 3.55687e+06 3.80628e+06 3.53514e+06 3.26007e+06 3.62229e+06 3.21848e+06 5.71624e+06 4.11386e+06 3.85181e+06 3.6298e+06 3.25107e+06 3.24256e+06 4.06914e+06
threshold=0.02035416662693024 -1.4518566131591795 53.68499946594239 0.12810254096984866 0.005306720733642579 -0.06501490622758864 0.023466031998395923 2.1882588863372807 0.050234718248248107 -0.17679315805435178 -0.4353343248367309 -0.026554822921752926 -0.083854675292968736 -0.31214416027069086 -0.087126970291137681 1.6012344360351565 0.12057309970259668 -0.015654556453227993 0.14549350738525393 0.072238955646753325 0.17276942729949954 -0.0037777423858642574 0.046476125717163093 -0.13447603583335874 0.30322597920894628 0.0022499561309814457 -0.1322979927062988 0.0016409158706665041 0.17539931833744052 -0.054572373628616326
decision_type=10 8 10 8 10 10 10 10 10 8 10 10 10 8 10 10 8 8 10 10 10 8 8 10 10 10 8 10 10 10
left_child=9 2 3 5 -4 7 -7 -2 -8 -1 11 14 13 20 -11 -15 -13 -14 22 -20 -12 -22 28 25 -25 26 -24 -26 29 -19
right_child=1 -3 4 -5 -6 6 8 -9 -10 10 12 16 17 15 -16 -17 -18 18 19 -21 21 -23 23 24 27 -27 -28 -29 -30 -31
leaf_value=2.5023658395978368 0.087604604957131529 -0.08536442824427827 -2.5633881613901632 -1.5556736000810392 1.0904255689624922 0.2280922647662785 3.4142862731583667 3.2378920701167218 0.50622237255719793 -0.94859349229790568 0.46086160662578191 -2.6141219371325009 -0.35957654490800595 1.9499175590038726 -3.844639507779668 -0.91881454698860565 0.11329312674685399 -1.1569064375156974 0.41516944573031317 -0.066966612426861721 -2.3197533151754861 0.89358122640627924 -4.0841381637959664 -1.531599219577459 -0.86306518839286139 -0.49315631614255256 -1.3476793780670375 0.28746204685610727 0.2135488710126893 0.23105150735187199
leaf_weight=952 8116 366693 1277 1231 820 2428 2731 838 885 1741 5591 837 26248 6702 1348 803 8941 6746 90707 33248 1700 829 1203 2840 4834 3995 2197 20809 70696 6757
leaf_count=952 8116 366693 1277 1231 820 2428 2731 838 885 1741 5591 837 26248 6702 1348 803 8941 6746 90707 33248 1700 829 1203 2840 4834 3995 2197 20809 70696 6757
internal_value=0.00964387 -0.0566261 0.518145 0.732479 -1.13623 0.921197 1.71254 0.385721 2.70591 0.0947719 0.0870169 -0.627637 0.1192 0.748646 -2.22072 1.64216 -0.122607 0.0827855 0.130379 0.285853 -0.0782014 -1.26706 -0.0301273 -0.347318 -0.0898843 -1.3374 -2.32504 0.0703226 0.105056 -0.462705
internal_weight=684743 385019 18326 16229 2097 14998 6044 8954 3616 299724 298772 12867 285905 15625 3089 7505 9778 270280 244032 123955 8120 2529 120077 35878 28483 7395 3400 25643 84199 13503
internal_count=684743 385019 18326 16229 2097 14998 6044 8954 3616 299724 298772 12867 285905 15625 3089 7505 9778 270280 244032 123955 8120 2529 120077 35878 28483 7395 3400 25643 84199 13503
is_linear=0
shrinkage=0.04


Tree=254
num_leaves=31
num_cat=0
split_feature=47 10 52 12 5 35 8 11 51 5 7 43 47 7 23 22 12 39 47 33 52 13 5 33 4 29 18 52 12 31
split_gain=2.1645e+06 2.17537e+06 5.5538e+06 7.6731e+06 5.95982e+06 2.02024e+06 5.13658e+06 2.43327e+06 2.86652e+06 3.92888e+06 2.84766e+06 2.24852e+06 5.75694e+06 7.23644e+06 6.16406e+06 5.69782e+06 8.57198e+06 5.41569e+06 5.84997e+06 5.18704e+06 5.1193e+06 6.0407e+06 4.93097e+06 5.07178e+06 4.5562e+06 4.93773e+06 4.47172e+06 4.10634e+06 5.09374e+06 5.26709e+06
threshold=-0.27895608544349665 -0.84239459037780751 -0.16185130923986432 0.024353261105716232 -0.24718058109283444 0.042334184050560004 0.13064765930175784 0.148646354675293 -0.041440034285187714 0.0035796165466308598 0.14281165599823001 37.500000000000007 0.0033174202544614677 1.029480576515198 -0.077620416879653917 0.37347055971622473 0.037073099985718734 0.32356724143028265 0.022762552835047248 18.187323570251468 -0.058001536875963204 0.99326601624488842 0.20737600326538089 16.898509025573734 -0.13086485862731931 0.39020760357379919 -0.027762389741837975 -0.012629540637135504 0.02035416662693024 25.045000076293949
decision_type=8 8 10 10 8 10 10 10 10 10 10 2 8 8 10 10 10 10 8 10 10 10 8 10 8 8 2 8 8 10
left_child=-1 2 -2 -4 -5 11 7 -7 9 -9 -11 12 26 14 19 -15 -17 18 27 20 21 -14 23 -20 -24 -26 -3 -13 -29 -30
right_child=1 5 3 4 -6 6 -8 8 -10 10 -12 17 13 15 -16 16 -18 -19 22 -21 -22 -23 24 -25 25 -27 -28 28 29 -31
leaf_value=-1.9344364422055491 2.8027152097981594 1.0119155771689312 3.0326554988628778 -2.87956856161831 0.80008335338544811 0.43266765587313999 -1.7089765434503914 -2.5999327847891198 -0.14076611204220948 1.1262703871035922 -1.8285973084105385 0.8070138711821595 0.018465203029065094 0.75201012425193159 0.093407251512243883 -0.65740122794156985 -5.3954966973901364 -2.8771094509441766 0.44961940479040841 0.6993805372667895 0.60610307901370419 -4.0033498281986777 -1.2601931289249428 -0.23642093628503433 2.7828955560921389 0.16723088055717628 -0.30755719375147744 0.41138650206525468 -2.6136614779348726 -0.14628588840840726
leaf_weight=912 1566 4403 965 1433 1369 8836 3674 1951 18979 1232 890 20814 1200 1193 120182 1499 1025 1067 18617 55339 2489 1180 3540 231966 1159 95026 59811 15727 2015 4379
leaf_count=912 1566 4403 965 1433 1369 8836 3674 1951 18979 1232 890 20814 1200 1193 120182 1499 1025 1067 18617 55339 2489 1180 3540 231966 1159 95026 59811 15727 2015 4379
internal_value=0.00234695 0.00495938 0.808912 -0.025169 -1.08531 -0.00137437 -0.294807 -0.131388 -0.347688 -1.30918 -0.115811 0.014868 0.10915 0.222892 0.258924 -1.52178 -2.59525 -0.0445084 -0.0367497 0.589243 -0.661404 -1.98395 -0.0907645 -0.185436 0.147115 0.199035 -0.216941 0.403878 0.0243675 -0.92672
internal_weight=684438 683526 5333 3767 2802 678193 35562 31888 23052 4073 2122 642631 248321 184107 180390 3717 2524 394310 393243 60208 4869 2380 350308 250583 99725 96185 64214 42935 22121 6394
internal_count=684438 683526 5333 3767 2802 678193 35562 31888 23052 4073 2122 642631 248321 184107 180390 3717 2524 394310 393243 60208 4869 2380 350308 250583 99725 96185 64214 42935 22121 6394
is_linear=0
shrinkage=0.04


Tree=255
num_leaves=31
num_cat=0
split_feature=29 51 9 11 15 48 23 28 38 48 5 48 34 43 29 5 48 46 13 12 12 38 32 12 29 12 13 22 3 43
split_gain=2.69207e+06 4.74608e+06 5.00719e+06 4.59361e+06 4.08422e+06 4.13522e+06 3.82756e+06 4.59649e+06 3.72455e+06 4.9205e+06 4.49459e+06 4.10855e+06 4.62019e+06 3.70938e+06 6.64125e+06 4.8489e+06 4.69352e+06 4.63422e+06 5.45998e+06 1.24172e+07 3.72605e+06 4.27959e+06 3.70442e+06 5.46926e+06 7.20002e+06 3.69937e+06 5.06747e+06 3.68952e+06 1.01988e+07 3.97533e+06
threshold=1.0610486865043642 0.016131493262946609 0.059639394283294685 3.3683013916015629 -0.63799676299095143 -0.052569014951586716 -0.037399262189865105 2.1990623474121098 -0.29099187254905695 0.10435931012034418 -0.07782959938049315 0.047135649248957641 0.12476650252938272 7.5000000000000009 3.4083433151245122 -0.2549376487731933 1.0000000180025095e-35 -0.044789770618081086 1.0640236139297488 0.023348038084805015 0.037073099985718734 -0.52219682931900013 1.5537471771240237 0.019460394047200683 0.68265226483345043 0.03344238921999932 1.1212560534477236 1.0000000180025095e-35 -0.068687438964843736 4.5000000000000009
decision_type=10 10 10 10 2 8 8 10 10 10 10 8 8 2 10 10 10 8 10 10 10 10 8 10 10 10 10 10 8 2
left_child=1 2 3 8 5 -2 7 -3 9 27 -11 22 -13 14 25 16 -15 18 -17 -20 21 -16 23 -10 -25 -6 -27 28 -1 -29
right_child=4 6 -4 -5 13 -7 -8 -9 11 10 -12 12 -14 15 20 17 -18 -19 19 -21 -22 -23 -24 24 -26 26 -28 29 -30 -31
leaf_value=-4.570540302571275 0.98866290840636195 -0.40129821233292418 1.2135868609024649 1.633573925131 0.32259441470060601 -0.41836484869734164 0.14475163771659399 -2.9226706007958456 0.3837890165180195 3.925917070448266 0.86528578304097903 -0.34942225205732164 -2.3791868498649169 0.71430196356006026 4.3874795619345583 0.25240444176327803 -2.2862171625356988 -0.089161008764008509 -6.5170453251312521 -0.040578011887981776 -0.30237485049044094 1.154588281769938 1.3326750478537435 -3.6790903527154324 -0.33419462309889175 -3.8227953800392376 -0.10871047350729281 -1.3244740679591949 0.88662467659448174 0.21031012407086974
leaf_weight=948 3507 36576 7045 3208 30056 67425 26661 1185 17467 888 5368 29995 1899 17199 1303 1467 867 243801 860 1040 830 1327 3909 1251 5626 817 2034 2735 1274 166048
leaf_count=948 3507 36576 7045 3208 30056 67425 26661 1185 17467 888 5368 29995 1899 17199 1303 1467 867 243801 860 1040 830 1327 3909 1251 5626 817 2034 2735 1274 166048
internal_value=-0.00299031 0.0836699 0.163227 0.132424 -0.0755887 -0.348669 -0.222154 -0.481176 0.112072 0.204358 1.3053 -0.159897 -0.470984 -0.0113548 0.367428 -0.0633027 0.56912 -0.109549 -1.58118 -2.9908 2.03183 2.76684 0.191324 0.00758096 -0.947126 0.19186 -1.18268 0.164008 -1.45168 0.185363
internal_weight=684616 312083 247661 240616 372533 70932 64422 37761 237408 177261 6256 60147 31894 301601 36367 265234 18066 247168 3367 1900 3460 2630 28253 24344 6877 32907 2851 171005 2222 168783
internal_count=684616 312083 247661 240616 372533 70932 64422 37761 237408 177261 6256 60147 31894 301601 36367 265234 18066 247168 3367 1900 3460 2630 28253 24344 6877 32907 2851 171005 2222 168783
is_linear=0
shrinkage=0.04


Tree=256
num_leaves=31
num_cat=0
split_feature=20 1 11 16 4 14 52 40 28 49 43 43 4 7 11 7 5 7 43 4 6 48 7 43 11 48 11 4 33 31
split_gain=2.82714e+06 5.68211e+06 5.37874e+06 3.71502e+06 3.65377e+06 4.60614e+06 5.37967e+06 5.26847e+06 4.9226e+06 4.26013e+06 3.86602e+06 7.27855e+06 5.87696e+06 7.68026e+06 6.26646e+06 4.74316e+06 3.84178e+06 4.25152e+06 3.60098e+06 7.07538e+06 6.79377e+06 5.84553e+06 4.83152e+06 4.7794e+06 6.67673e+06 4.71753e+06 4.69389e+06 4.52646e+06 5.14561e+06 4.47227e+06
threshold=1.5000000000000002 0.046909809112548835 0.23028689622879031 0.038805412128567703 0.21843671798706057 0.95189735293388378 -0.31614080071449274 0.0045206546783447274 2.3311519622802739 -0.0010815849527716634 59.500000000000007 42.500000000000007 0.067004919052124037 -0.41020524501800532 0.45094937086105352 0.31284874677658087 -0.15543627738952634 0.025690019130706791 58.500000000000007 -0.12407243251800536 -0.0081248283386230451 0.10435931012034418 0.015895187854766849 47.500000000000007 0.36416596174240118 0.031375974416732795 1.0792940855026247 -0.061826229095458977 22.000670433044437 23.285000801086429
decision_type=2 10 10 10 8 10 10 8 10 8 2 2 10 8 10 8 8 8 2 10 10 10 8 2 10 8 10 10 10 10
left_child=1 4 -3 -2 5 6 -1 9 10 -7 11 -9 13 -12 -15 -14 -6 -18 19 26 21 22 -21 -22 -25 -26 -8 28 -20 -27
right_child=3 2 -4 -5 16 7 18 8 -10 -11 12 -13 15 14 -16 -17 17 -19 27 20 23 -23 -24 24 25 29 -28 -29 -30 -31
leaf_value=2.0434860589152555 -0.11506404962491235 1.6423565009035346 0.31056485564564135 -1.5453396538837276 -1.9124255085188904 1.5458262205118787 0.6432888684554483 -1.0015696534433578 -3.7855835106977707 -0.6036843764552432 1.7557542001715751 -5.0776754398577042 -0.55964482399223769 -3.8802742592731718 -0.28990523163053594 3.5612742951294996 2.3957718793997604 0.46385810335074829 -0.49672559121084703 -0.1896534384406344 0.1293429267784475 0.99769812310317452 -1.0040868349500864 1.9823501085496265 -2.4614077648680799 -1.9148179926971594 3.2663961265002053 -0.0010857506270147716 1.9101701846838119 0.92004488094448222
leaf_weight=2078 167588 6112 23426 2947 956 2611 22150 4137 1003 3366 1169 836 803 1505 1602 991 2037 16717 52538 60613 130567 5552 14421 5556 938 1022 1139 141160 1451 6498
leaf_count=2078 167588 6112 23426 2947 956 2611 22150 4137 1003 3366 1169 836 803 1505 1602 991 2037 16717 52538 60613 130567 5552 14421 5556 938 1022 1139 141160 1451 6498
internal_value=0.00121684 0.0481238 0.586602 -0.13987 0.0152099 -0.00746754 0.0178906 -0.634199 -1.11563 0.336324 -0.869926 -1.69561 -0.191787 -0.997645 -2.03591 1.72386 0.548463 0.674861 0.00835611 0.109356 0.0406923 -0.253588 -0.346295 0.204723 0.906439 0.198175 0.772925 -0.120232 -0.431696 0.532744
internal_weight=683489 512954 29538 170535 483416 463706 445683 18023 12046 5977 11043 4973 6070 4276 3107 1794 19710 18754 443605 248456 225167 80586 75034 144581 14014 8458 23289 195149 53989 7520
internal_count=683489 512954 29538 170535 483416 463706 445683 18023 12046 5977 11043 4973 6070 4276 3107 1794 19710 18754 443605 248456 225167 80586 75034 144581 14014 8458 23289 195149 53989 7520
is_linear=0
shrinkage=0.04


Tree=257
num_leaves=31
num_cat=0
split_feature=47 43 4 36 15 30 40 37 15 2 22 30 7 7 17 9 32 3 6 38 6 12 52 52 4 3 6 28 22 52
split_gain=2.42501e+06 2.27627e+06 3.32768e+06 2.82474e+06 2.78608e+06 2.63951e+06 2.98919e+06 2.20113e+06 2.14829e+06 5.02982e+06 5.53003e+06 4.87413e+06 5.4727e+06 4.71906e+06 4.26128e+06 4.12708e+06 4.02544e+06 4.1467e+06 4.15723e+06 5.36758e+06 3.96016e+06 4.21168e+06 5.05495e+06 3.88657e+06 9.3074e+06 3.88398e+06 3.81381e+06 4.55325e+06 3.51456e+06 3.98131e+06
threshold=-0.27895608544349665 1.0000000180025095e-35 0.02056527137756348 -0.53193691372871388 0.11614619195461275 0.76388517022132885 1.305091977119446 0.26427961885929113 -0.48148088157176966 -0.06782591342926024 0.51707360148429882 1.1349050998687746 -0.043705314397811883 0.40002870559692388 0.12246124818921091 0.020739495754241947 1.7556769847869875 -0.11625647544860838 0.36556935310363775 -1.0066804885864256 -0.050768852233886712 0.04926454275846482 0.14199755340814593 -0.0753001533448696 -0.071198940277099595 -0.012407064437866209 0.49213767051696783 0.68868783116340648 0.014625555370002987 -0.1288272142410278
decision_type=8 2 10 10 2 8 8 8 2 8 10 8 8 8 2 10 10 10 8 8 8 8 8 10 10 10 8 10 8 10
left_child=-1 2 5 4 -4 7 -7 -2 9 10 11 28 -13 14 15 16 -11 -18 19 -19 -15 26 -23 -21 -25 -26 -22 -28 -3 -30
right_child=1 8 3 -5 -6 6 -8 -9 -10 13 -12 12 -14 20 -16 -17 17 18 -20 23 21 22 -24 24 25 -27 27 -29 29 -31
leaf_value=-2.0424746573932291 -0.12047487961311293 3.1800009005434373 -3.6980102056754927 0.03931001624209212 -0.69481905812952582 0.33101506374536682 -2.5729573478149521 2.7539572744543963 0.070286046659091592 -0.15186229358128459 2.4769504975072318 -1.2143327820123073 0.50420440719054116 1.7867884230637014 2.2380967522522019 0.23457209996725364 1.5064441937366007 0.68993218551004742 0.22509183272836922 -3.6273229471442252 -1.8608220009270624 -3.9803271708224561 -0.92367703832726789 2.0316143910697453 -4.0522079762990275 -0.95572296753290387 0.47643626851201965 -0.8055585402978378 -0.44973339537915458 0.92408165250719687
leaf_weight=908 886 840 1258 1027 819 1451 919 810 465333 98684 1887 6085 5765 1013 1249 42686 953 1187 2272 2095 2994 1309 2544 906 1430 1193 7072 11844 4666 12142
leaf_count=908 886 840 1258 1027 819 1451 919 810 465333 98684 1887 6085 5765 1013 1249 42686 953 1187 2272 2095 2994 1309 2544 906 1430 1193 7072 11844 4666 12142
internal_value=0.0120133 0.0147731 -0.693688 -1.67769 -2.5228 0.0597731 -0.801119 1.26043 0.0222959 -0.0836307 0.383459 0.248743 -0.378548 -0.165348 -0.0794164 -0.0986809 -0.229533 -0.992361 -1.25591 -1.74954 -0.655048 -0.751717 -1.96974 -2.26473 -1.44785 -2.65283 -0.536719 -0.326269 0.669922 0.542662
internal_weight=684227 683319 7170 3104 2077 4066 2370 1696 676149 210816 31385 29498 11850 179431 152655 151406 108720 10036 9083 6811 26776 25763 3853 5624 3529 2623 21910 18916 17648 16808
internal_count=684227 683319 7170 3104 2077 4066 2370 1696 676149 210816 31385 29498 11850 179431 152655 151406 108720 10036 9083 6811 26776 25763 3853 5624 3529 2623 21910 18916 17648 16808
is_linear=0
shrinkage=0.04


Tree=258
num_leaves=31
num_cat=0
split_feature=11 46 29 23 32 14 32 29 43 43 14 11 16 5 3 29 39 14 23 13 10 10 32 52 13 30 11 32 5 13
split_gain=2.76883e+06 8.06054e+06 6.69998e+06 5.71397e+06 6.41197e+06 5.14427e+06 5.02025e+06 8.27823e+06 5.96657e+06 4.398e+06 6.21168e+06 4.09245e+06 4.10863e+06 3.78626e+06 4.93323e+06 4.46684e+06 3.77555e+06 4.55429e+06 5.02473e+06 3.73749e+06 3.70896e+06 3.32459e+06 6.98232e+06 6.48162e+06 5.66561e+06 6.82742e+06 5.16455e+06 5.83078e+06 7.29794e+06 5.19911e+06
threshold=1.252155661582947 -0.029455692507326599 0.39020760357379919 -0.033616334199905389 1.3564489483833315 0.99466660618782055 1.6542116999626162 0.95803707838058483 29.500000000000004 38.500000000000007 0.83776706457138073 1.570857882499695 0.0061607132665812978 0.16166973114013675 -0.056456089019775384 0.70583948493003856 -0.011967519298195837 0.89588046073913585 -0.078324973583221422 0.67672812938690197 -0.082182675600051866 -0.063873142004013048 0.8195091485977174 0.074915282428264632 0.91798365116119396 0.77274546027183544 3.1445968151092534 1.2685588598251345 0.12634348869323733 0.72427439689636242
decision_type=10 8 10 8 10 10 10 10 2 2 10 10 10 8 10 10 10 10 10 10 10 10 10 10 8 10 10 10 10 10
left_child=-1 -2 19 5 -5 6 9 13 20 10 -4 -12 -13 14 -8 -15 17 18 21 -3 -9 23 -23 24 25 -11 27 29 -29 -27
right_child=1 2 3 4 -6 -7 7 8 -10 16 11 12 -14 15 -16 -17 -18 -19 -20 -21 -22 22 -24 -25 -26 26 -28 28 -30 -31
leaf_value=0.020746508205761651 3.5237002042004395 4.0565107592089822 0.80926981960388167 0.72071998927240799 -0.74750974323263042 2.0927271373232861 4.8603887934916727 -4.3476800958511097 -0.031203221094969324 -4.1813056717155348 -3.5419127966089872 0.92168310500085138 -2.6476510908931421 2.5077105525537586 1.2389180053065232 -1.2145465073557558 -3.392843086108678 0.14797825456274524 -0.47286658936927434 0.44805979071914015 -0.65480464567169283 0.13202396490704557 -4.0382905764481958 0.41991001630303137 -2.3791685734815498 -3.9934561424731787 2.3132544929132783 -1.4378442127907531 3.6330285568724983 -0.67919083475248931
leaf_weight=592040 904 852 6300 15123 6933 1210 915 945 6396 817 951 1377 812 836 1752 1312 917 6695 16697 989 807 957 1940 3211 6965 1131 996 930 870 2268
leaf_count=592040 904 852 6300 15123 6933 1210 915 945 6396 817 951 1377 812 836 1752 1312 917 6695 16697 989 807 957 1940 3211 6965 1131 996 930 870 2268
internal_value=-0.0110987 -0.214226 -0.251373 -0.300301 0.259073 -0.481728 -0.528669 0.177895 -0.599031 -0.698809 0.0851555 -1.36564 -0.408365 1.49113 2.49489 0.239061 -0.865493 -0.81142 -0.98604 2.13092 -2.66005 -1.4122 -2.66495 -1.19963 -1.57173 -0.767451 -0.311218 -0.817477 1.01961 -1.79048
internal_weight=684848 92808 91904 90063 22056 68007 66797 12963 8148 53834 9440 3140 2189 4815 2667 2148 44394 43477 36782 1841 1752 20085 2897 17188 13977 7012 6195 5199 1800 3399
internal_count=684848 92808 91904 90063 22056 68007 66797 12963 8148 53834 9440 3140 2189 4815 2667 2148 44394 43477 36782 1841 1752 20085 2897 17188 13977 7012 6195 5199 1800 3399
is_linear=0
shrinkage=0.04


Tree=259
num_leaves=31
num_cat=0
split_feature=13 32 31 39 31 30 3 9 52 48 32 48 6 7 6 40 48 1 3 15 14 39 21 4 29 31 9 24 6 32
split_gain=2.03642e+06 3.53678e+06 3.16997e+06 3.02252e+06 3.39525e+06 2.86341e+06 3.2949e+06 2.8069e+06 2.63353e+06 2.57254e+06 2.27305e+06 6.11721e+06 5.54485e+06 4.57121e+06 7.26708e+06 4.1e+06 3.61596e+06 3.00442e+06 3.23426e+06 2.8556e+06 2.84548e+06 2.70234e+06 2.54963e+06 3.87287e+06 2.45594e+06 4.32787e+06 2.54983e+06 6.63612e+06 3.72065e+06 3.66703e+06
threshold=1.4823876023292544 0.53003180027008068 38.965000152587898 -0.23448914289474485 21.474999427795414 0.75953325629234325 -0.0019783973693847652 -0.008644908666610716 0.079425957053899779 0.14583359658718112 0.33651858568191534 0.16873408108949664 -0.62237858772277821 0.017813742160797123 0.1604413986206055 0.99760890007019054 0.082446631044149413 0.082570314407348647 0.095526456832885756 -0.21298873424530027 0.01055416325107217 0.046504594385623939 54.286703109741218 -0.018942594528198239 10.490275382995607 14.484999656677248 0.12395465373992921 1.0000000180025095e-35 0.32434988021850591 0.9894188940525056
decision_type=10 10 8 10 8 10 10 10 10 8 10 10 8 8 8 10 10 8 10 2 10 10 10 8 10 10 10 2 10 10
left_child=10 2 -2 4 7 -6 -7 -3 -8 -5 11 12 -1 -14 16 17 -15 18 21 -20 22 -16 23 -12 26 -26 -22 29 -29 -28
right_child=1 3 -4 9 5 6 8 -9 -10 -11 20 -13 13 14 15 -17 -18 -19 19 -21 24 -23 -24 -25 25 -27 27 28 -30 -31
leaf_value=-3.0973196209663976 3.6711777572934592 -3.422825999691451 0.73763284377202187 0.43455548457735294 2.1482787599496369 0.62516387282698238 -2.9598196868288849 -0.18061173763376243 0.060828304630214887 2.8701689572083326 -0.24848639940645226 2.1710785892116657 0.36463049094795963 -1.3521089089288993 -0.17681545061080531 -2.9351973086395478 -4.1207948303469291 1.714322089801865 -2.8265004050802198 -0.32822924988689589 0.0050507952572810882 1.7322199071458004 0.016321987111136339 -4.1077254560637746 -3.5443347724497678 -0.2745675552576391 0.10343732424800944 -0.64188153602311904 0.55450601487986162 1.7498935528389277
leaf_weight=1150 935 863 1584 2246 983 2906 967 839 875 997 800 1562 12107 5911 18015 854 860 1324 1342 1603 592271 1260 1488 860 825 2896 3185 8882 7804 6753
leaf_count=1150 935 863 1584 2246 983 2906 967 839 875 997 800 1562 12107 5911 18015 854 860 1324 1342 1603 592271 1260 1488 860 825 2896 3185 8882 7804 6753
internal_value=-0.000253227 0.49167 1.83671 0.172886 -0.27182 0.194793 -0.213311 -1.83497 -1.53235 1.18986 -0.00992309 -0.281312 -0.368007 -0.29478 -0.55095 -0.228906 -1.70932 -0.129538 -0.240128 -1.47237 0.0100257 -0.051189 -1.18763 -2.26048 0.0161002 -1.00708 0.022268 0.405133 -0.0823371 1.22286
internal_weight=684947 13195 2519 10676 7433 5731 4748 1702 1842 3243 671752 45988 44426 43276 31169 24398 6771 23544 22220 2945 625764 19275 3148 1660 622616 3721 618895 26624 16686 9938
internal_count=684947 13195 2519 10676 7433 5731 4748 1702 1842 3243 671752 45988 44426 43276 31169 24398 6771 23544 22220 2945 625764 19275 3148 1660 622616 3721 618895 26624 16686 9938
is_linear=0
shrinkage=0.04


Tree=260
num_leaves=31
num_cat=0
split_feature=15 6 21 23 4 17 46 36 31 29 2 21 12 17 38 43 10 7 6 3 10 16 5 18 14 8 23 5 1 10
split_gain=2.50761e+06 4.55167e+06 5.41817e+06 4.34524e+06 5.56556e+06 4.67909e+06 3.73774e+06 3.48923e+06 4.2708e+06 5.12589e+06 4.10211e+06 5.54685e+06 5.56771e+06 4.6093e+06 4.08418e+06 4.95287e+06 3.96746e+06 5.67289e+06 4.68417e+06 3.97154e+06 3.37047e+06 3.97368e+06 5.54738e+06 4.25577e+06 3.74936e+06 4.24846e+06 3.47358e+06 3.27322e+06 3.24547e+06 5.67507e+06
threshold=-0.48148088157176966 1.1519308090209963 10.030746459960939 -0.25238204002380366 -0.15109944343566892 0.08000152558088304 -0.014174717944115399 -0.64811313152313221 45.594999313354499 1.1337676644325259 0.037959098815917976 81.035003662109389 0.032451132312417037 0.091954041272401824 -0.55615016818046559 6.5000000000000009 -0.093609839677810655 0.46553927659988409 0.7420482635498048 0.022839784622192386 -0.23555326461791989 0.0051448082085698852 -0.232693076133728 -0.014311914797872303 0.90712335705757152 0.048170745372772224 -0.17784380912780759 0.13519835472106936 -0.0100862979888916 -0.34094068408012385
decision_type=2 10 10 10 10 2 8 10 10 8 8 8 8 2 10 2 8 8 8 10 8 10 8 2 8 8 8 10 10 10
left_child=1 7 -3 4 28 6 -5 8 9 14 20 13 -13 -12 15 -1 17 -17 -18 -20 21 27 -23 24 25 -24 -22 -11 -2 -30
right_child=3 2 -4 5 -6 -7 -8 -9 -10 10 11 12 -14 -15 -16 16 18 -19 19 -21 26 22 23 -25 -26 -27 -28 -29 29 -31
leaf_value=-2.2596389447511998 -0.041491337129583361 1.223628499551779 -1.6653497336282663 -0.34105636373077697 3.0916189576607667 -0.50907974981637427 0.089810683700475055 0.23576359511830206 0.073378317808763346 -1.0847949334714013 0.13848416796237456 -0.14248160344484864 -3.9291120080338504 2.9723981228415663 -0.91120781401948048 0.25525356293440388 0.087845928698218126 2.544076088341682 -3.1906390935951952 0.22953423481384427 1.1381044126241526 -0.18913168965590391 -4.0406511382848249 -0.45304290255591495 -5.8816669845609955 -0.71626653971218146 -0.69038042068028826 1.1949603926755439 1.6857053568936813 -1.8972244786362626
leaf_weight=1350 8387 1267 5600 35063 1408 24909 395176 42909 67806 6550 8687 1570 1019 1017 7366 29760 4673 1830 1644 807 1801 1733 1586 924 815 1009 20369 1182 5040 814
leaf_count=1350 8387 1267 5600 35063 1408 24909 395176 42909 67806 6550 8687 1570 1019 1017 7366 29760 4673 1830 1644 807 1801 1733 1586 924 815 1009 20369 1182 5040 814
internal_value=-0.00517983 -0.118962 -1.13131 0.0463657 0.701514 0.0238253 0.0546894 -0.0852289 -0.169481 -0.341557 -0.631734 -0.000904455 -1.64224 0.438239 -0.0462181 0.113003 0.196302 0.388608 -0.65579 -2.06818 -0.847271 -1.33795 -2.10366 -2.86701 -3.51787 -2.75576 -0.541396 -0.735193 0.463202 1.18511
internal_weight=684071 213274 6867 470797 15649 455148 430239 206407 163498 95692 48262 12293 2589 9704 47430 40064 38714 31590 7124 2451 35969 13799 6067 4334 3410 2595 22170 7732 14241 5854
internal_count=684071 213274 6867 470797 15649 455148 430239 206407 163498 95692 48262 12293 2589 9704 47430 40064 38714 31590 7124 2451 35969 13799 6067 4334 3410 2595 22170 7732 14241 5854
is_linear=0
shrinkage=0.04


Tree=261
num_leaves=31
num_cat=0
split_feature=7 33 11 29 21 5 47 7 47 11 2 52 6 33 8 11 9 11 17 51 11 32 22 7 14 32 33 33 11 22
split_gain=2.74353e+06 6.47229e+06 6.03261e+06 4.25993e+06 4.40531e+06 3.1683e+06 5.59914e+06 7.92113e+06 4.56713e+06 6.00765e+06 4.32406e+06 4.33426e+06 4.20604e+06 4.92946e+06 4.08036e+06 4.07798e+06 5.01827e+06 3.84266e+06 4.6126e+06 4.00285e+06 3.95237e+06 3.81142e+06 4.11138e+06 3.53969e+06 4.02878e+06 5.60995e+06 6.37238e+06 7.4882e+06 8.00119e+06 3.53061e+06
threshold=1.029480576515198 17.701019287109379 2.9519660472869877 1.5022310614585879 71.740325927734389 0.0703866481781006 -0.020573288202285763 0.24847108125686648 0.028851116076111797 1.609109163284302 -0.031350374221801751 -0.028210396878421303 1.7494645118713381 18.214642524719242 -0.03848788142204284 0.63253283500671398 -0.091275006532669054 2.6561472415924077 0.085456039756536498 -0.066213607788085924 1.1873097419738772 1.2394698262214663 0.29226005077362066 -0.71614858508110035 0.91105294227600109 1.4261246323585512 19.086501121521 18.569479942321781 0.21154421567916873 0.67486941814422619
decision_type=10 10 10 10 10 8 8 8 8 8 8 10 8 10 10 8 10 8 2 10 10 10 10 10 8 10 10 10 8 8
left_child=5 -2 -3 -4 -5 23 7 21 9 -8 11 14 -13 -14 15 -10 -17 18 19 20 -16 -7 -23 24 25 26 27 28 -1 -11
right_child=1 2 3 4 -6 6 8 -9 10 29 -12 12 13 -15 17 16 -18 -19 -20 -21 -22 22 -24 -25 -26 -27 -28 -29 -30 -31
leaf_value=1.313261493493479 -4.1273695484401207 2.3047598482400375 0.79064742059116822 -4.2134383405508453 -0.4643585671170613 -0.69440128936186962 0.44402028339831928 -2.5351491365846872 0.88398876721593422 4.7060959601712282 0.0023899829859742282 0.58751158580939267 4.5613108508724194 1.0158220193185157 0.30336212076531111 -0.43311881318898265 -3.0928329701145008 2.7609675472263255 -2.517445237854965 1.0971851726668707 -2.8195389855055617 3.1263287115890193 -0.083591311177864669 -0.046202762174028342 -2.1864844030489041 1.4386495954051095 0.86018607479495768 -4.799396376026869 -2.3726517443664914 1.0880820911761289
leaf_weight=1549 833 1063 1130 960 1044 6265 35068 2952 1624 836 201896 23744 945 1853 1955 3043 1804 1012 907 5564 959 997 1743 372726 2462 2112 2245 990 2376 897
leaf_count=1549 833 1063 1130 960 1044 6265 35068 2952 1624 836 201896 23744 945 1853 1955 3043 1804 1012 907 5564 959 997 1743 372726 2462 2112 2245 990 2376 897
internal_value=0.000938738 -0.928868 -0.285744 -1.16893 -2.27233 0.00784513 0.106675 -0.740771 0.142618 0.558083 0.0802697 0.442398 0.760932 2.22526 -0.0589749 -0.846825 -1.42736 0.431719 0.17788 0.46886 -0.730515 -0.150382 1.09152 -0.067748 -0.751501 -0.368523 -0.902852 -1.70826 -0.918367 2.8504
internal_weight=683554 5030 4197 3134 2004 678524 294064 11957 282107 36801 245306 43410 26542 2798 16868 6471 4847 10397 9385 8478 2914 9005 2740 384460 11734 9272 7160 4915 3925 1733
internal_count=683554 5030 4197 3134 2004 678524 294064 11957 282107 36801 245306 43410 26542 2798 16868 6471 4847 10397 9385 8478 2914 9005 2740 384460 11734 9272 7160 4915 3925 1733
is_linear=0
shrinkage=0.04


Tree=262
num_leaves=31
num_cat=0
split_feature=30 31 28 40 6 38 9 31 19 14 33 13 4 3 8 22 9 23 14 49 7 13 28 8 33 33 11 4 33 33
split_gain=2.02827e+06 3.50924e+06 3.42128e+06 3.52717e+06 3.43438e+06 5.79434e+06 3.91102e+06 3.6864e+06 3.65389e+06 3.54364e+06 2.8775e+06 2.80528e+06 4.0607e+06 2.75632e+06 2.70185e+06 2.41705e+06 3.06612e+06 2.82508e+06 2.58469e+06 4.38189e+06 2.9411e+06 2.37248e+06 3.5445e+06 2.44971e+06 2.41174e+06 2.5222e+06 2.83455e+06 3.39402e+06 2.57193e+06 2.33799e+06
threshold=0.94162032008171093 9.6649999618530291 0.89691966772079479 0.00042361021041870123 -0.13803815841674802 1.5753007531166079 0.16388344764709475 29.154999732971195 1.5000000000000002 0.922304928302765 21.347184181213382 1.3544049263000491 0.38780117034912115 -0.10059833526611327 0.32975476980209356 0.048974299803376205 -0.070232987403869615 -0.18379622697830197 0.23690446466207507 -0.038971252739429467 -0.077211081981658922 0.76395604014396679 1.306162476539612 0.080590546131134047 22.249516487121586 19.774761199951175 0.63978838920593273 0.11122941970825197 20.271794319152836 20.141555786132816
decision_type=8 10 10 8 10 10 10 10 2 10 10 10 10 10 10 10 10 8 10 10 8 10 10 8 10 10 10 10 10 10
left_child=2 -2 15 -4 5 11 7 21 -9 14 13 12 -5 -10 -8 16 17 -1 19 20 -17 22 23 29 25 26 -23 -28 -27 -6
right_child=1 -3 3 4 6 -7 9 8 10 -11 -12 -13 -14 -15 -16 18 -18 -19 -20 -21 -22 24 -24 -25 -26 28 27 -29 -30 -31
leaf_value=1.0098416908505421 -1.819835082088727 -0.037542463908703548 0.60715560867287832 -0.37156726840264898 -0.12689011442641712 -3.3354888887601306 1.15965567687902 0.043667573959741919 3.5013489100146034 2.1672132820186518 -0.58091924272096651 0.70598109507111062 -2.958188320510164 1.0255480864160651 -0.99412654660192035 1.9438508841837827 -0.3773224748939098 3.8776348496860402 0.11656683720553183 -0.117557343483788 0.67321862733200744 0.090228865807263109 -0.10823754807495618 -3.811803693207259 -2.0511083846182987 1.0390833991372566 -1.7523175051454203 -0.085310272426779438 -0.085454241288637878 -2.7977726392486488
leaf_weight=1416 1765 422158 12581 31781 1208 1048 2137 41490 817 2492 1535 3728 992 5702 1637 3661 1163 899 84010 9814 14265 6813 3150 867 1067 4392 4450 3480 12474 918
leaf_count=1416 1765 422158 12581 31781 1208 1048 2137 41490 817 2492 1535 3728 992 5702 1637 3661 1163 899 84010 9814 14265 6813 3150 867 1067 4392 4450 3480 12474 918
internal_value=0.00893957 -0.0450058 0.0968988 -0.0325619 -0.093493 -0.417119 0.0349532 -0.0335723 0.195105 0.999812 0.97421 -0.332438 -0.45074 1.34072 0.225279 0.259527 1.2965 2.1354 0.22714 0.561845 0.933657 -0.325404 -1.04597 -2.02925 -0.189661 -0.126196 -0.508197 -1.0218 0.207824 -1.28787
internal_weight=683910 423923 259987 144759 132178 37549 94629 88363 49544 6266 8054 36501 32773 6519 3774 115228 3478 2315 111750 27740 17926 38819 6143 2993 32676 31609 14743 7930 16866 2126
internal_count=683910 423923 259987 144759 132178 37549 94629 88363 49544 6266 8054 36501 32773 6519 3774 115228 3478 2315 111750 27740 17926 38819 6143 2993 32676 31609 14743 7930 16866 2126
is_linear=0
shrinkage=0.04


Tree=263
num_leaves=31
num_cat=0
split_feature=0 6 0 3 32 6 15 6 14 3 40 29 31 17 22 31 21 22 3 29 6 32 1 12 12 3 43 51 32 6
split_gain=2.25304e+06 4.52419e+06 2.17231e+06 5.68276e+06 4.92845e+06 5.41614e+06 2.98451e+06 2.68229e+06 3.23594e+06 2.83207e+06 2.92992e+06 2.57858e+06 2.53444e+06 2.44428e+06 2.359e+06 2.94696e+06 2.58538e+06 2.26294e+06 3.9905e+06 2.54213e+06 3.39021e+06 2.3983e+06 4.7822e+06 4.70917e+06 5.54324e+06 9.90221e+06 9.73407e+06 6.3144e+06 5.55804e+06 4.91364e+06
threshold=-0.082298636436462388 -0.80599737167358387 -0.049760222434997552 0.026325702667236332 1.8734843134880068 0.84793353080749523 -0.15625021606683728 -0.44315123558044428 0.64787894487380993 -0.10640645027160643 0.0029204487800598149 0.89198458194732677 29.365000724792484 0.083566408604383483 0.25446519255638128 43.614999771118171 13.017396450042726 0.014625555370002987 -0.12432181835174559 0.42002686858177191 0.95824718475341808 1.9356380701065066 0.11176335811614992 0.014698017854243519 0.024586066603660587 -0.0019783973693847652 51.500000000000007 -0.015576408244669436 2.4518741369247441 0.41507363319396978
decision_type=10 10 10 10 8 10 2 8 10 10 8 10 10 2 10 10 10 8 10 8 10 8 10 8 8 10 2 10 8 8
left_child=1 -1 3 4 5 6 7 8 -2 13 -11 -6 -5 -9 15 -12 -16 18 -4 20 -19 -21 23 -23 25 26 29 -28 -27 -25
right_child=2 -3 17 12 11 -7 -8 9 -10 10 14 -13 -14 -15 16 -17 -18 19 -20 21 -22 22 -24 24 -26 28 27 -29 -30 -31
leaf_value=2.662170877508359 -3.7783889349965425 0.081255012059902848 3.0724720749106882 2.5420579136028745 2.7292886382693728 -4.1117254831282821 -3.1200892186435172 -0.46495242299884559 -0.59576857456644927 1.1126316346720126 -4.1813295120638978 -0.18222823729881873 0.18288524969760378 1.804840889803154 1.1634952225872115 -0.82867888402667922 -2.0242913062340806 0.40740857484894649 -0.14222251261669919 0.011156693271850308 3.0451736366008118 2.3720274750914276 1.6698905179988395 -1.928903508768544 -0.1619491142342569 0.69858448538866524 -6.5393495436079778 -1.9361163850856877 -2.2151591473174732 1.5246112202306239
leaf_weight=1512 876 3802 1048 1161 802 905 872 1590 1219 835 868 1212 1933 1437 806 815 803 9129 1483 604222 843 967 1901 2961 31443 4327 1146 831 1371 839
leaf_count=1512 876 3802 1048 1161 802 905 872 1590 1219 835 868 1212 1933 1437 806 815 803 9129 1483 604222 843 967 1901 2961 31443 4327 1146 831 1371 839
internal_value=-0.000421721 0.819228 -0.00685181 -0.465297 -0.830946 -1.16322 -0.895777 -0.682925 -1.93817 -0.313142 -0.993723 0.984931 1.07348 0.614976 -1.52974 -2.57228 -0.430103 0.00431947 1.19573 -0.000267574 0.633224 -0.00999578 -0.289079 -0.374298 -0.436715 -1.18881 -2.35427 -4.62394 -0.00514609 -1.1644
internal_weight=683959 5314 678645 16134 13040 11026 10121 9249 2095 7154 4127 2014 3094 3027 3292 1683 1609 662511 2531 659980 9972 650008 45786 43885 42918 11475 5777 1977 5698 3800
internal_count=683959 5314 678645 16134 13040 11026 10121 9249 2095 7154 4127 2014 3094 3027 3292 1683 1609 662511 2531 659980 9972 650008 45786 43885 42918 11475 5777 1977 5698 3800
is_linear=0
shrinkage=0.04


Tree=264
num_leaves=31
num_cat=0
split_feature=4 43 28 52 30 33 7 40 6 2 30 5 21 33 33 52 49 49 2 33 29 52 47 32 33 3 0 32 33 47
split_gain=2.00106e+06 5.55446e+06 4.95089e+06 4.43439e+06 3.38303e+06 3.0501e+06 3.48852e+06 3.71086e+06 3.43998e+06 5.57598e+06 7.22794e+06 3.74552e+06 3.18879e+06 2.84666e+06 2.76904e+06 5.40772e+06 2.55735e+06 2.46887e+06 2.37123e+06 2.99803e+06 2.28089e+06 2.20358e+06 2.09782e+06 3.47978e+06 3.44005e+06 3.24113e+06 2.37944e+06 2.19545e+06 6.42723e+06 5.78674e+06
threshold=-0.21817636489868161 4.5000000000000009 0.38621665537357336 -0.035120541229844086 1.0175762772560122 20.768790245056156 0.13543528318405154 0.0060976743698120126 -0.76047980785369862 -0.098119020462036119 0.96622365713119518 -0.6508880853652953 24.990321159362797 21.586603164672855 19.429968833923343 -0.2273459583520889 -0.13971610367298123 0.025913415476679805 -0.0025923252105712886 19.067798614501957 1.1233522295951845 -0.27359706163406367 -0.094285279512405382 1.2932479381561282 21.885466575622562 -0.068687438964843736 -0.020835161209106442 1.0407089591026308 21.817659378051761 0.002287794835865498
decision_type=8 2 10 10 10 10 10 8 8 10 10 8 10 10 10 10 10 8 10 10 8 8 8 8 10 10 8 8 10 10
left_child=1 -1 4 5 -3 6 7 16 9 10 -9 -10 17 -14 18 -16 -4 -7 19 -13 -11 -2 23 24 25 -23 -25 28 -24 -29
right_child=21 2 3 -5 -6 12 -8 8 11 20 -12 14 13 -15 15 -17 -18 -19 -20 -21 -22 22 27 26 -26 -27 -28 29 -30 -31
leaf_value=-2.7255840636744249 1.9525163512727717 -3.2273154021495101 0.46113852733918487 -1.1244326929944162 -0.00057141032185072484 1.0866022875395396 -1.7868070751060674 -4.4814485978055965 3.6153604688157839 2.3038732938391169 0.5535036509418203 0.62006001964617663 1.848318952998016 -1.1501783751167101 -0.56180746907111312 3.2161482202976868 -2.5566768233268053 3.8464008833744554 2.1011868025408851 -1.9427820980951311 -0.32193123063785117 -2.0647748106804698 0.094118274666190646 3.616567049126906 2.3041605115050361 0.40350863063188741 0.99128725647151783 -0.18384982630566307 -0.65201615518912959 0.23405855248471125
leaf_weight=906 900 915 898 2148 1187 854 962 828 970 1301 997 4869 1205 860 867 1985 884 1353 1340 849 884 1366 305161 821 830 2225 1683 258315 19652 66694
leaf_count=906 900 915 898 2148 1187 854 962 828 970 1301 997 4869 1205 860 867 1985 884 1353 1340 849 884 1366 305161 821 830 2225 1683 258315 19652 66694
internal_value=-0.000604281 0.336427 0.443491 0.606314 -1.4138 0.776459 0.543548 0.679003 0.885509 -0.115797 -1.74282 1.25432 1.73436 0.600025 1.01981 2.06971 -1.04183 2.78821 0.593241 0.236806 1.24491 -0.014478 -0.0172032 0.674812 -0.000856132 -0.538542 1.86301 -0.0245881 0.0489566 -0.0980877
internal_weight=684709 27062 26156 24054 2102 21906 17634 16672 14890 4010 1825 10880 4272 2065 9910 2852 1782 2207 7058 5718 2185 657647 656747 6925 4421 3591 2504 649822 324813 325009
internal_count=684709 27062 26156 24054 2102 21906 17634 16672 14890 4010 1825 10880 4272 2065 9910 2852 1782 2207 7058 5718 2185 657647 656747 6925 4421 3591 2504 649822 324813 325009
is_linear=0
shrinkage=0.04


Tree=265
num_leaves=31
num_cat=0
split_feature=5 33 10 43 17 51 0 14 9 31 17 33 5 14 4 52 10 6 33 7 31 30 31 3 11 51 33 31 16 5
split_gain=2.02663e+06 3.42706e+06 1.78795e+06 8.27501e+06 4.18223e+06 3.80126e+06 5.88947e+06 5.85124e+06 5.44716e+06 3.75602e+06 3.59172e+06 3.1398e+06 5.03844e+06 3.6865e+06 3.94409e+06 4.1327e+06 2.78908e+06 5.3241e+06 6.31167e+06 4.63024e+06 3.92271e+06 3.1474e+06 2.71671e+06 2.65522e+06 3.2828e+06 2.66621e+06 2.53534e+06 2.41483e+06 2.40359e+06 1.95124e+06
threshold=0.92229580879211437 19.067798614501957 -0.7799873650074004 59.500000000000007 0.14342848211526874 -0.0061122619081288567 -0.024756669998168942 0.90358388423919689 -0.21885859966278073 37.114999771118171 0.031393133103847511 17.701019287109379 -0.029649972915649411 0.52225759625434887 -0.095306396484374986 0.011814188677817585 -0.71715325117111195 -1.0896478891372678 17.962778091430668 -0.43535435199737543 34.48500061035157 0.93640112876892101 30.474999427795414 -0.053039550781249993 0.16649383306503299 -0.029890574514865872 18.423960685729984 37.114999771118171 -0.0078496700152754766 -0.57386803627014149
decision_type=10 10 10 2 2 10 10 8 10 10 2 10 8 10 8 10 10 8 10 8 10 10 10 10 10 10 10 8 10 8
left_child=2 -2 3 10 5 8 -7 28 9 -5 -1 12 -10 26 -15 -16 17 20 -19 23 21 -4 -12 25 -25 27 -13 -18 -8 -21
right_child=1 -3 16 4 -6 6 7 -9 11 -11 22 13 -14 14 15 -17 19 18 -20 29 -22 -23 -24 24 -26 -27 -28 -29 -30 -31
leaf_value=0.11697220066730689 -2.9998939325387277 0.063896071499860096 -0.22056590544693677 -2.3288733485866411 2.861908285252369 -2.4576748518455251 -2.3293756144602606 2.0916976511346062 0.65107067541842667 0.92945280723523027 -4.4804096438828074 -2.1017415218868036 4.1147867432879313 -0.14461511295672619 4.162022041976452 1.0325517582909951 2.5827374233493736 0.050293799891786756 -4.5461177676894682 -1.0668488415118791 -1.5083083601781102 3.1646454547416942 -1.299026610011786 4.0811257002721906 0.62630346369328838 -1.2243073393798605 0.6207401419294738 -0.2855329948968261 -0.010496374297103317 0.0063689268467901732
leaf_weight=1074 950 1491 951 1187 1223 1437 805 2174 1236 1066 821 826 1474 1310 1286 1428 1098 838 1102 2712 1366 805 913 945 824 939 1576 812 5841 643818
leaf_count=1074 950 1491 951 1187 1223 1437 805 2174 1236 1066 821 826 1474 1310 1286 1428 1098 838 1102 2712 1366 805 913 945 824 939 1576 812 5841 643818
internal_value=0.0122855 -1.13586 0.0164122 0.343785 0.595578 0.466268 -0.0923194 0.295403 0.968975 -0.789912 -1.70171 1.40312 2.54323 0.919101 1.65788 2.52525 0.00359726 -0.930766 -2.57058 0.0108751 0.0931641 1.34044 -2.82237 1.27159 2.48444 0.512451 -0.320299 1.36821 -0.294449 0.00185067
internal_weight=684328 2441 681887 25677 22869 21646 10257 8820 11389 2253 2808 9136 2710 6426 4024 2714 656210 5062 1940 651148 3122 1756 1734 4618 1769 2849 2402 1910 6646 646530
internal_count=684328 2441 681887 25677 22869 21646 10257 8820 11389 2253 2808 9136 2710 6426 4024 2714 656210 5062 1940 651148 3122 1756 1734 4618 1769 2849 2402 1910 6646 646530
is_linear=0
shrinkage=0.04


Tree=266
num_leaves=31
num_cat=0
split_feature=41 9 10 11 8 12 8 17 10 1 5 36 14 10 11 32 47 10 7 10 47 22 4 4 19 8 13 36 39 14
split_gain=2.37655e+06 5.81311e+06 7.40182e+06 3.0923e+06 4.21534e+06 2.05052e+06 4.07303e+06 3.69129e+06 3.35653e+06 5.68562e+06 3.43706e+06 3.37435e+06 2.96672e+06 7.23227e+06 2.92372e+06 2.91608e+06 1.25821e+07 5.832e+06 6.92471e+06 5.82918e+06 7.6673e+06 5.09485e+06 4.0579e+06 4.01054e+06 5.03288e+06 3.86562e+06 3.76178e+06 6.48628e+06 3.75096e+06 3.68261e+06
threshold=1.0000000180025095e-35 -0.085594117641448961 -0.37572225928306574 1.1299563646316531 0.012632250785827638 0.020734003745019439 -0.17679315805435178 0.010471616871654989 -0.48976597189903254 -0.036095857620239251 -0.22003793716430661 -0.39901542663574213 0.072007261216640486 -0.27746072411537165 0.24602574110031131 0.80927321314811718 0.085299573838710799 -0.30803966522216791 0.1404102444648743 -0.41342037916183466 0.0066212264355272063 0.52991119027137767 0.38780117034912115 0.23335742950439456 1.5000000000000002 0.15285968780517581 0.78394019603729259 -0.57857155799865712 -0.22531700879335401 0.60532218217849743
decision_type=2 10 10 10 10 10 8 2 10 10 10 10 10 10 10 8 10 8 8 10 10 10 10 8 2 10 10 8 8 10
left_child=5 -2 -3 4 -4 6 -1 -7 9 -8 11 14 13 -9 -10 16 17 18 29 22 23 -20 25 -21 -25 28 27 -22 -17 -14
right_child=1 2 3 -5 -6 7 8 12 10 -11 -12 -13 15 -15 -16 19 -18 -19 21 20 26 -23 -24 24 -26 -27 -28 -29 -30 -31
leaf_value=2.5059829695096245 3.8595607313819604 -2.7149168656078881 -0.040597483391824521 -1.1693477983827945 2.7778144741245865 -2.4061851794135594 -2.8922594510909483 -1.3626713700625865 1.0464592150647432 -0.2667685106106375 0.043279786955155934 3.0904722251999921 -0.042058656886836986 3.4993769615144181 -1.0255461901277356 -2.319862737701988 -3.8957978866473808 -0.028071003209606905 -5.2979778034324232 -0.2838601953205509 -3.9035460578556771 -1.002496882169994 -1.6968859177585174 0.067905628876426802 1.986117734057431 1.4249349222075938 0.58492744925384577 0.61335337119318367 0.28553778077780434 -1.2398150569663673
leaf_weight=1066 828 1052 1510 827 1929 1088 1561 839 4824 8267 291964 985 8805 1151 1398 887 1530 52817 910 176166 827 861 1605 14303 2574 4801 27774 1291 62027 7689
leaf_count=1066 828 1052 1510 827 1929 1088 1561 839 4824 8267 291964 985 8805 1151 1398 887 1530 52817 910 176166 827 861 1605 14303 2574 4801 27774 1291 62027 7689
internal_value=-0.0194242 0.762963 0.274491 1.01631 1.54377 -0.0265275 0.0492489 -0.0903834 0.0406927 -0.686296 0.064597 0.926927 -0.08345 1.45293 0.580009 -0.0918691 -0.318717 -0.241185 -0.857094 -0.0354989 -0.135114 -3.22702 0.284839 -0.227426 0.361465 0.332054 0.460917 -1.16038 0.248442 -0.600829
internal_weight=684156 6146 5318 4266 3439 678010 310065 367945 308999 9828 299171 7207 366857 1990 6222 364867 72612 71082 18265 292255 222935 1771 69320 193043 16877 67715 29892 2118 62914 16494
internal_count=684156 6146 5318 4266 3439 678010 310065 367945 308999 9828 299171 7207 366857 1990 6222 364867 72612 71082 18265 292255 222935 1771 69320 193043 16877 67715 29892 2118 62914 16494
is_linear=0
shrinkage=0.04


Tree=267
num_leaves=31
num_cat=0
split_feature=49 37 10 5 34 39 5 47 38 6 13 38 50 48 11 48 48 12 21 28 13 6 14 14 3 7 30 21 30 28
split_gain=1.88917e+06 3.73138e+06 4.88057e+06 3.74242e+06 4.03898e+06 3.05549e+06 3.43169e+06 2.93288e+06 3.02494e+06 3.88535e+06 2.77619e+06 2.62853e+06 2.51682e+06 2.28187e+06 2.4814e+06 2.18953e+06 3.65666e+06 3.0467e+06 2.16624e+06 4.28717e+06 3.7366e+06 3.64569e+06 4.99253e+06 3.43985e+06 3.83662e+06 4.25644e+06 3.48513e+06 3.27759e+06 2.55499e+06 2.91425e+06
threshold=-0.033243125304579728 0.14644694328308108 -0.31387111544609064 -0.037324666976928704 -0.0094614215195178968 0.032776931300759322 0.19472599029541018 0.023205011151731018 0.37937542796134954 0.091814994812011733 0.79636877775192272 -0.92416515946388234 -0.056835390627384179 0.14583359658718112 0.75416004657745372 0.093517243862152113 0.047135649248957641 0.018674943596124653 4.645616054534913 0.27761884033679968 1.4823876023292544 0.57419037818908703 0.16704374551773074 0.87990385293960582 -0.29324173927307123 -0.33297660946846003 1.0365900397300722 2.0175821781158452 1.053357779979706 1.0731667876243594
decision_type=8 8 8 8 8 8 10 10 10 8 10 10 10 10 10 8 10 10 8 10 10 8 10 10 10 10 8 10 8 10
left_child=1 2 15 4 -3 6 13 10 9 -9 -7 -6 -5 14 -4 16 17 -1 19 -2 21 23 -23 24 -21 27 -25 -26 -27 -30
right_child=18 3 5 12 11 7 -8 8 -10 -11 -12 -13 -14 -15 -16 -17 -18 -19 -20 20 -22 22 -24 26 25 28 -28 -29 29 -31
leaf_value=3.5921881800164055 -2.292842014916606 0.082649580661081357 0.41222471201764443 1.8291958848276759 -0.93884395074724591 1.1731148909577891 2.5872811191984795 3.1975171968050904 -0.54712570494539858 0.044160456937762306 -1.1560493939853442 -3.8921648200463319 -0.55945913361050692 -1.0690881534604078 2.7439844532152673 3.0958263096861476 -1.3992392903724729 1.03078633848138 -0.050331304216230228 2.9002296258641334 2.9727437862991861 -1.7800913447524562 1.5533792794453418 -3.0759248544016913 -2.9584726360346347 0.69506591601597012 -0.0058071555107231908 0.12744317657039037 -0.74638730992186897 0.5045230195763386
leaf_weight=885 1012 1497 6795 1220 836 946 1288 1100 2448 1432 5756 1156 1648 1438 809 997 818 4480 610704 813 829 815 5648 1055 1196 11946 1331 1012 6063 5841
leaf_count=885 1012 1497 6795 1220 836 946 1288 1100 2448 1432 5756 1156 1648 1438 809 997 818 4480 610704 813 829 815 5648 1055 1196 11946 1331 1012 6063 5841
internal_value=-0.0166252 0.267249 0.458487 -0.610279 -1.48842 0.162863 0.66371 -0.280208 0.454527 1.42129 -0.826025 -2.6636 0.459461 0.387149 0.663582 1.36331 1.07939 1.45921 -0.0321959 0.262602 0.333967 0.271911 1.13092 0.0818305 0.211249 0.126273 -1.37047 -1.5499 0.282035 -0.132688
internal_weight=683814 35549 29192 6357 3489 22012 10330 11682 4980 2532 6702 1992 2868 9042 7604 7180 6183 5365 648265 37561 36549 35720 6463 29257 26871 26058 2386 2208 23850 11904
internal_count=683814 35549 29192 6357 3489 22012 10330 11682 4980 2532 6702 1992 2868 9042 7604 7180 6183 5365 648265 37561 36549 35720 6463 29257 26871 26058 2386 2208 23850 11904
is_linear=0
shrinkage=0.04


Tree=268
num_leaves=31
num_cat=0
split_feature=43 36 16 28 13 14 33 11 46 17 0 30 3 32 33 38 30 5 34 31 11 4 6 11 2 22 7 6 7 4
split_gain=2.75024e+06 6.14208e+06 3.92363e+06 4.36382e+06 2.68518e+06 3.59438e+06 7.72885e+06 5.34864e+06 3.51143e+06 3.32584e+06 5.44812e+06 3.90424e+06 3.04329e+06 4.6311e+06 4.27643e+06 4.4249e+06 3.92442e+06 3.46604e+06 3.52362e+06 3.07746e+06 2.547e+06 2.44989e+06 6.15316e+06 2.56622e+06 3.20466e+06 2.94194e+06 3.10202e+06 2.42352e+06 2.36772e+06 3.2771e+06
threshold=1.0000000180025095e-35 -0.31735299527645106 0.0061607132665812978 1.7727518081665041 1.3705743551254275 0.98976975679397594 21.392912864685062 0.73598545789718639 -0.050745984539389603 0.074216172099113478 -0.059390783309936516 1.1792974472045901 -0.08019471168518065 1.5718585848808291 20.006549835205082 -2.2820161581039424 0.95409968495368969 0.34990715980529791 0.060006370767951019 27.605000495910648 2.1659935712814335 0.38780117034912115 0.57419037818908703 0.0072334408760070809 -0.15355002880096433 0.04118135757744313 -0.56148302555084217 -0.10220026969909667 -0.13283479213714597 -0.13086485862731931
decision_type=2 10 10 10 10 10 10 8 8 2 10 10 10 10 10 10 10 8 8 8 10 10 8 8 10 8 8 8 8 8
left_child=1 2 -1 -4 5 9 7 -7 -6 10 -2 21 13 -10 15 20 -15 18 -16 -20 27 23 -23 24 -11 -25 -27 -14 -28 -30
right_child=4 -3 3 -5 8 6 -8 -9 12 11 -12 -13 14 16 17 -17 -18 -19 19 -21 -22 22 -24 25 -26 26 28 -29 29 -31
leaf_value=-0.58426831539778756 -2.1856579422021856 1.9890788964978956 -4.9620549264121374 -1.07351867706918 -2.0279261187761408 2.1661165200103412 -3.7278308373062958 -1.5394360520489649 1.5545644711289683 -3.4927128917283388 0.036265431932524315 0.36204236419650826 -0.27175445328916231 -1.9234614911487671 0.074358787220670214 2.9438549921194799 1.1179536475721903 1.6905156838456616 -2.7154707194886942 -0.63502014228623394 -1.5191340288561501 -3.9526870585493432 0.45927893294283179 1.9201015750161736 -0.3370334996921675 -2.4221653917366166 0.34385461999247147 0.9250783597439447 -1.6843348483069043 -0.33007111393626282
leaf_weight=4196 1761 1084 817 1062 962 1090 1293 1428 7021 949 586468 10535 3826 1339 5401 1203 1357 1135 1803 3077 992 1057 958 882 1117 1170 6535 9215 3295 21251
leaf_count=4196 1761 1084 817 1062 962 1090 1293 1428 7021 949 586468 10535 3826 1339 5401 1203 1357 1135 1803 3077 992 1057 958 882 1117 1170 6535 9215 3295 21251
internal_value=0.00715672 -0.772187 -1.26736 -2.78159 0.0154078 -0.0038357 -1.22699 0.0668588 0.345121 0.00351306 0.0295765 -0.317507 0.408431 1.01405 0.187333 0.625746 -0.394127 -0.397817 -0.629783 -1.40766 0.425068 -0.509928 -1.86318 -0.431952 -1.79641 -0.346356 -0.408915 0.574009 -0.332374 -0.512476
internal_weight=684279 7159 6075 1879 677120 639789 3811 2518 37331 635978 588229 47749 36369 9717 26652 15236 2696 11416 10281 4880 14033 37214 2015 35199 2066 33133 32251 13041 31081 24546
internal_count=684279 7159 6075 1879 677120 639789 3811 2518 37331 635978 588229 47749 36369 9717 26652 15236 2696 11416 10281 4880 14033 37214 2015 35199 2066 33133 32251 13041 31081 24546
is_linear=0
shrinkage=0.04


Tree=269
num_leaves=31
num_cat=0
split_feature=5 23 48 43 13 14 32 8 52 36 47 28 8 0 3 5 13 28 1 4 38 13 14 52 6 36 43 5 10 52
split_gain=2.50566e+06 2.5419e+06 1.95476e+06 4.36282e+06 4.03002e+06 3.09949e+06 2.6872e+06 2.42364e+06 3.28734e+06 2.78539e+06 2.65861e+06 2.05259e+06 4.8566e+06 5.0136e+06 4.11793e+06 3.68107e+06 5.6349e+06 3.6499e+06 3.61299e+06 4.14604e+06 3.56825e+06 4.17708e+06 4.92628e+06 4.97969e+06 3.93401e+06 6.39941e+06 4.9125e+06 4.36763e+06 4.14194e+06 3.79372e+06
threshold=0.92229580879211437 -0.048657298088073724 0.23378856480121615 57.500000000000007 1.1862499713897707 0.83415859937667858 0.54656219482421886 -0.0062139928340911857 0.044019533321261413 -0.76028451323509205 0.093533996492624297 1.1041294336318972 -0.25069844722747797 -0.045267581939697259 0.0031459331512451176 -0.7619725465774535 1.3326694369316103 0.68407779932022106 -0.017873764038085934 0.10398197174072267 0.053699519485235221 0.48216281831264501 0.30099564790725714 -0.048260759562253945 -0.17864120006561277 -0.62486729025840748 16.500000000000004 0.025049448013305668 -0.44746303558349604 -0.058001536875963204
decision_type=10 10 10 2 10 10 10 10 10 10 10 10 8 10 10 10 10 10 10 10 10 8 10 10 8 10 2 10 10 10
left_child=2 -2 11 4 6 -6 -4 -8 9 -9 -10 12 13 -1 15 17 -17 -15 19 -13 21 22 -14 -24 25 26 -22 -28 -27 -23
right_child=1 -3 3 -5 5 -7 7 8 10 -11 -12 18 20 14 -16 16 -18 -19 -20 -21 24 29 23 -25 -26 28 27 -29 -30 -31
leaf_value=-2.438790684329188 -2.2063044949290291 0.52698947916523631 3.4276483079376239 -2.1845129657369196 -2.4480400200482997 0.83259901405820202 2.8218615891175536 1.5655708604059695 2.9521016745666517 -1.0367097229265292 0.18455251692184618 0.076210379894982166 0.40166453055893592 -0.0050834378840178543 -2.6184843332681762 -1.8005781134407357 1.3482208657496073 3.5862347176011173 -0.16660594968216144 1.1776433465113474 0.16936909078394327 -0.10546402849141397 5.2008001488638547 0.97839459499252623 -0.031863846560889517 2.5000113817621759 -1.7862128644407635 -4.8595670236560151 -0.40640274026569545 0.20917039486543176
leaf_weight=2350 1583 822 809 826 925 901 964 952 1318 2074 957 58419 3718 1008 1019 2323 1481 812 192856 6023 1329 83320 831 966 71767 875 2614 1035 6901 232112
leaf_count=2350 1583 822 809 826 925 901 964 952 1318 2074 957 58419 3718 1008 1019 2323 1481 812 192856 6023 1329 83320 831 966 71767 875 2614 1035 6901 232112
internal_value=0.0123756 -1.27378 0.0169332 0.579652 0.838355 -0.833562 1.27049 0.98692 0.648546 -0.215555 1.79381 0.00877742 0.0638679 -0.855027 -0.291938 0.133503 -0.574345 1.60804 -0.0799626 0.179321 0.084269 0.145163 1.23551 2.94897 -0.146949 -0.794001 -1.91229 -2.66884 -0.0765655 0.12606
internal_weight=683890 2405 681485 9726 8900 1826 7074 6265 5301 3026 2275 671759 414461 8993 6643 5624 3804 1820 257298 64442 405468 320947 5515 1797 84521 12754 4978 3649 7776 315432
internal_count=683890 2405 681485 9726 8900 1826 7074 6265 5301 3026 2275 671759 414461 8993 6643 5624 3804 1820 257298 64442 405468 320947 5515 1797 84521 12754 4978 3649 7776 315432
is_linear=0
shrinkage=0.04


Tree=270
num_leaves=31
num_cat=0
split_feature=49 39 10 7 47 15 31 30 32 29 3 52 29 7 34 17 18 30 38 30 16 7 3 8 32 0 15 10 7 29
split_gain=2.20215e+06 5.38262e+06 3.8012e+06 4.6993e+06 4.38751e+06 1.99225e+06 4.8836e+06 3.86999e+06 5.27925e+06 5.01416e+06 3.42485e+06 4.38805e+06 5.56596e+06 4.05245e+06 3.98028e+06 4.18753e+06 3.51194e+06 3.44694e+06 3.42819e+06 3.3555e+06 3.27321e+06 3.30199e+06 3.23803e+06 2.96417e+06 4.74703e+06 3.46457e+06 2.92232e+06 2.90048e+06 2.81921e+06 4.20408e+06
threshold=-0.064153354614973054 0.059050438925623901 -0.36307734251022333 0.042780280113220222 0.023736813105642799 -0.61467725038528431 43.614999771118171 0.76823595166206371 2.0405899286270146 5.4223687648773202 0.02212929725646973 0.11949200555682184 1.1652072668075564 -0.037081152200698846 0.016753390431404117 0.056552119553089149 -0.017959024757146832 1.0138721466064455 -0.37402072548866266 0.82493188977241527 -0.0078496700152754766 0.38230323791503912 -0.035158514976501458 -0.08586567640304564 1.7010730504989626 -0.049760222434997552 -0.71717211604118336 -0.35188165307044977 0.42982971668243414 1.5452516674995425
decision_type=8 8 8 10 8 2 10 8 8 10 8 10 10 8 8 2 2 8 8 8 8 10 10 8 10 10 2 10 10 8
left_child=1 -1 -3 4 -4 6 7 8 -2 10 11 12 16 14 -14 -16 18 -18 26 -20 -12 -22 -15 25 -25 -21 -9 -19 -8 -30
right_child=5 2 3 -5 -6 -7 28 9 -10 -11 20 -13 13 22 15 -17 17 27 19 23 21 -23 -24 24 -26 -27 -28 -29 29 -31
leaf_value=1.6344919739806401 0.3653992303193091 1.6473090815043816 -3.1117974733579228 1.0772477352554535 0.31219830784252134 0.019556767534971486 0.17295655409585459 0.25198132734732515 -2.6426318723574971 -2.5842681766194842 2.0387025756656572 1.1657758962937406 -0.15656083019724651 0.107398051146534 -4.0797003957487545 -1.3467062429436805 -0.29853062766905175 -3.3348440628661509 -2.6557479317128725 -0.9927932471261689 0.13927713915753592 -1.2397355042391964 -1.6191157937104175 -0.1406039951038541 -2.5309490868651721 1.2777820667823379 3.0369715942799917 -1.1619922570020396 0.24472199884348775 -2.4493820717173711
leaf_weight=4331 15345 1229 1650 1281 934 533374 60855 1680 984 1801 1173 2007 1022 3101 2220 1524 5079 1382 911 1528 13927 3460 3941 6462 1664 3571 932 3415 2074 1663
leaf_count=4331 15345 1229 1650 1281 934 533374 60855 1680 984 1801 1173 2007 1022 3101 2220 1524 5079 1382 911 1528 13927 3460 3941 6462 1664 3571 932 3415 2074 1663
internal_value=-0.00738273 0.599492 -0.28196 -0.898101 -1.87774 -0.0158641 -0.149164 -0.364023 0.182626 -0.510842 -0.447121 -0.653544 -0.748831 -1.47133 -2.37126 -2.97378 -0.427964 -1.02581 -0.0750235 -0.321216 0.00274682 -0.1357 -0.859758 -0.158517 -0.632596 0.596755 1.2535 -1.79362 0.107414 -0.957517
internal_weight=684520 9425 5094 3865 2584 675095 141721 77129 16329 60800 58999 40439 38432 11808 4766 3744 26624 9876 16748 14136 18560 17387 7042 13225 8126 5099 2612 4797 64592 3737
internal_count=684520 9425 5094 3865 2584 675095 141721 77129 16329 60800 58999 40439 38432 11808 4766 3744 26624 9876 16748 14136 18560 17387 7042 13225 8126 5099 2612 4797 64592 3737
is_linear=0
shrinkage=0.04


Tree=271
num_leaves=31
num_cat=0
split_feature=10 2 38 31 30 3 18 23 15 47 36 6 12 23 50 48 12 52 14 22 12 28 51 31 22 6 28 11 43 23
split_gain=2.3208e+06 3.77895e+06 3.37367e+06 3.06348e+06 3.04115e+06 2.9745e+06 2.71917e+06 4.08898e+06 6.45474e+06 3.02351e+06 2.96367e+06 2.61668e+06 3.54339e+06 2.58062e+06 2.57781e+06 2.56434e+06 2.55448e+06 3.88236e+06 3.4339e+06 4.86568e+06 4.97521e+06 2.62081e+06 2.58681e+06 3.1597e+06 2.55878e+06 2.96942e+06 2.46895e+06 2.36613e+06 2.34622e+06 2.2748e+06
threshold=-0.027597248554229733 0.068910121917724623 2.1183955669403081 19.82499980926514 0.64400562644004833 0.12836503982543948 -0.042465474456548684 -0.13627183437347409 -0.36689846217632288 0.038682714104652412 -0.56535246968269337 1.1133203506469729 0.048357717692852027 -0.19426465034484861 0.027008667588233951 0.03758311644196511 0.015519998501986267 -0.037834964692592614 0.39894995093345648 0.67862734198570263 0.023017506115138534 0.83630141615867626 -0.031578510999679558 36.914999008178718 0.82387784123420726 0.7984910011291505 0.51184251904487621 1.0642113685607912 24.500000000000004 -0.062048852443695061
decision_type=8 8 10 8 10 10 2 8 2 10 10 10 10 10 8 8 8 10 8 8 10 10 10 10 8 8 8 10 2 8
left_child=2 6 -1 -3 5 -5 -2 8 -8 16 14 12 -6 -10 -11 28 17 -9 24 20 -20 -22 23 -21 25 -18 -24 -19 -4 -28
right_child=1 3 15 4 11 -7 7 9 13 10 -12 -13 -14 -15 -16 -17 18 27 19 22 21 -23 26 -25 -26 -27 29 -29 -30 -31
leaf_value=-0.029627351360859758 1.7203417968286696 1.468630661397909 -1.6241658569984978 0.66078010916165564 0.51220260297120634 -2.4334394916381599 -3.393950815701118 3.1929957731075227 1.716934436420205 -0.54646691024346139 -0.0069037484060215691 1.8155552712584699 -1.7855125426707996 -1.3706882990873361 -2.3094800214478286 -2.5439838077339192 -0.45854323349600057 0.56116020323938942 -0.23515389032684589 -2.7573898464499371 3.6692536253706614 1.0811611010806392 1.3830893821504473 0.31294769330711214 0.065487809030931168 -2.1653744339405434 -1.9800181124582801 -0.83371812887255892 1.1931819315769394 0.09987705781297157
leaf_weight=569749 1492 5027 1009 866 15874 1146 1422 830 896 3894 9411 2217 1142 820 2010 1473 4770 19213 1633 1119 1490 1094 2331 1018 6147 2474 867 2156 873 20691
leaf_count=569749 1492 5027 1009 866 15874 1146 1422 830 896 3894 9411 2217 1142 820 2010 1473 4770 19213 1633 1119 1490 1094 2331 1018 6147 2474 867 2156 873 20691
internal_value=-0.00453383 0.161951 -0.0370862 0.581593 0.37111 -1.10495 0.0333703 0.0033076 -1.41114 0.0581715 -0.447869 0.526018 0.357037 0.242104 -1.14957 -1.2999 0.175944 0.525168 -0.00180518 0.234312 1.49305 2.58191 0.0298628 -1.30013 -0.534842 -1.04365 0.149332 0.420101 -0.317889 0.0153505
internal_weight=685154 112050 573104 26272 21245 2012 85778 84286 3138 81148 15315 19233 17016 1716 5904 3355 65833 22199 43634 30243 4217 2584 26026 2137 13391 7244 23889 21369 1882 21558
internal_count=685154 112050 573104 26272 21245 2012 85778 84286 3138 81148 15315 19233 17016 1716 5904 3355 65833 22199 43634 30243 4217 2584 26026 2137 13391 7244 23889 21369 1882 21558
is_linear=0
shrinkage=0.04


Tree=272
num_leaves=31
num_cat=0
split_feature=30 6 51 2 3 7 11 21 3 15 11 5 34 32 30 48 16 32 32 35 21 4 7 3 8 23 6 7 2 7
split_gain=1.93177e+06 4.20767e+06 2.75697e+06 3.42732e+06 2.94048e+06 5.02303e+06 2.99451e+06 3.31167e+06 2.71609e+06 2.50797e+06 2.41766e+06 2.32733e+06 2.25882e+06 2.21035e+06 2.20584e+06 2.04655e+06 1.98002e+06 3.15e+06 2.34359e+06 1.92798e+06 2.57109e+06 1.75593e+06 3.83631e+06 1.68863e+06 1.64826e+06 7.1021e+06 7.47274e+06 7.72956e+06 5.48371e+06 4.43878e+06
threshold=0.65112859010696422 1.1519308090209963 -0.035813096910715096 -0.0068757534027099601 0.17658019065856936 0.59711807966232311 1.0642113685607912 60.01087951660157 0.027775764465332035 -0.24339110404253003 3.1445968151092534 0.34208691120147711 0.16991220414638522 1.0034701228141787 0.61145406961441051 0.10193229466676713 0.0014057950465939941 1.2568473815917971 1.0648900270462038 0.0035802610218524937 45.133920669555671 -0.11243748664855956 -0.26060113310813898 -0.040496587753295891 0.0062232017517089852 -0.086977064609527574 0.17539000511169436 -0.16985073685646054 0.016613960266113285 -0.21279430389404294
decision_type=8 8 10 10 10 10 10 10 8 2 8 8 10 10 10 8 10 8 10 10 8 10 10 10 10 10 10 10 10 8
left_child=1 2 9 15 6 -6 12 -8 13 14 -10 -9 19 -3 -1 -4 18 -18 -11 21 -21 23 -23 -5 -2 26 -26 -28 -29 -27
right_child=24 8 3 4 5 -7 7 11 10 16 -12 -13 -14 -15 -16 -17 17 -19 -20 20 -22 22 -24 -25 25 29 27 28 -30 -31
leaf_value=1.2042735102199136 -0.10679886064444027 -3.703786174796321 0.18985449083723482 0.40330382199487957 0.44691956943527295 4.1055032669697074 -2.6738505072780958 0.57272771273257106 1.0700509976145911 1.332143040725926 -1.2554489580288377 -1.9223777924791576 1.9438469542463461 -0.82140504248693247 -1.2529586546368969 1.4596495014948483 -3.6910548948485995 -0.37107788754613075 -1.3524598489757913 -2.5671404616985041 -0.098762699091590481 2.9233723807771321 0.35670402877156582 -2.1423337763263373 0.9607994341732341 -1.1274018737156311 -3.6584374228791074 0.42250966743446072 -0.90075990349435953 -0.034871174333381307
leaf_weight=2006 297806 808 2843 846 2292 805 1174 2032 1317 883 1542 836 1233 903 814 7128 905 919 1237 804 3964 987 14322 807 24384 6072 878 22655 6423 274169
leaf_count=2006 297806 808 2843 846 2292 805 1174 2032 1317 883 1542 836 1233 903 814 7128 905 919 1237 804 3964 987 14322 807 24384 6072 878 22655 6423 274169
internal_value=-0.0191819 0.2166 0.329692 0.455771 0.242695 1.40804 0.108578 -0.894043 -0.940642 -0.416827 -0.18421 -0.158729 0.285374 -2.19619 0.493066 1.09815 -1.06701 -2.02947 -0.233293 0.190418 -0.519493 0.390162 0.523982 -0.844894 -0.0383518 0.0225734 0.441042 0.0177835 0.130005 -0.0585825
internal_weight=683794 51407 46837 40073 30102 3097 27005 4042 4570 6764 2859 2868 22963 1711 2820 9971 3944 1824 2120 21730 4768 16962 15309 1653 632387 334581 54340 29956 29078 280241
internal_count=683794 51407 46837 40073 30102 3097 27005 4042 4570 6764 2859 2868 22963 1711 2820 9971 3944 1824 2120 21730 4768 16962 15309 1653 632387 334581 54340 29956 29078 280241
is_linear=0
shrinkage=0.04


Tree=273
num_leaves=31
num_cat=0
split_feature=1 33 52 8 6 32 30 36 9 9 6 5 32 32 5 31 32 33 32 33 5 12 0 22 5 28 33 33 25 6
split_gain=2.29858e+06 2.94364e+06 2.21409e+06 4.56008e+06 4.67963e+06 4.38297e+06 5.75587e+06 5.13124e+06 5.91874e+06 6.93959e+06 4.33782e+06 3.78857e+06 4.04048e+06 7.09446e+06 4.24404e+06 3.98945e+06 3.5911e+06 3.50253e+06 3.77727e+06 5.08876e+06 6.82728e+06 3.29395e+06 5.92461e+06 4.72887e+06 6.46054e+06 4.55782e+06 3.37261e+06 3.19261e+06 3.10128e+06 3.09009e+06
threshold=0.13306045532226565 17.667750358581547 -0.15659049153327939 -0.014486044645309447 0.38184475898742681 1.7141915559768679 1.588187634944916 -1.1653565764427183 -0.14332723617553708 -0.072053998708724962 -0.47482752799987787 -0.28175759315490717 0.7061985731124879 0.52208000421524059 -0.21422886848449704 44.594999313354499 1.4628371596336367 21.083939552307132 1.4408903717994692 19.594065666198734 -0.47641420364379877 0.06501584500074388 -0.064559221267700181 0.45375479757785803 0.3668286800384522 0.93431290984153759 19.44851112365723 17.374957084655765 1.0000000180025095e-35 0.056342601776123054
decision_type=10 10 8 10 8 10 8 10 10 10 8 10 10 10 10 10 10 10 10 10 10 10 10 8 10 10 10 10 2 8
left_child=2 -2 3 5 -5 6 11 8 -7 -10 -9 15 13 -13 -14 17 -6 18 19 28 -21 -4 -23 25 26 29 -25 -17 -1 -24
right_child=1 -3 21 4 16 7 -8 10 9 -11 -12 12 14 -15 -16 27 -18 -19 -20 20 -22 22 23 24 -26 -27 -28 -29 -30 -31
leaf_value=1.0021797385636844 -0.8386489164696963 1.0655780562554247 0.040303045151743461 2.882462189917069 -2.0812409351961079 -0.14666662785976747 -2.5440674272959458 -2.1704501406371302 -5.2205686457861367 -1.3104688930013473 1.4521538980913227 0.12104560377433192 -1.8429449756580953 -4.1498461030798479 0.25963063688143651 -0.45158939244888596 1.5378312950690589 2.3303041163467131 1.5387617606098567 -5.2440948630595701 -0.11524518013781956 2.0983791868115413 0.78182079388578507 -4.5831286628623653 -0.03367163694146369 2.5024091426084896 -1.695146276831627 2.2452510193437978 -1.5151088446584242 -2.5710807004461964
leaf_weight=2017 1612 6543 633981 1385 846 1570 1553 802 1395 1522 1507 1279 1898 1201 7870 934 890 860 1292 823 829 988 807 1399 1619 862 1230 2786 1266 947
leaf_count=2017 1612 6543 633981 1385 846 1570 1553 802 1395 1522 1507 1279 1898 1201 7870 934 890 860 1292 823 829 988 807 1399 1619 862 1230 2786 1266 947
internal_value=0.0214794 0.688603 0.0134257 -0.29857 1.15731 -0.443581 -0.195015 -1.34202 -2.12904 -3.19185 0.189958 -0.0357474 -0.517204 -1.9556 -0.150383 0.50988 -0.22766 -0.047351 -0.378934 -0.88309 -2.68654 0.0302127 -0.78351 -1.20078 -2.02312 0.137214 -3.2435 1.56875 0.0298024 -1.03275
internal_weight=684513 8155 676358 34525 3121 31404 24608 6796 4487 2917 2309 23055 12248 2480 9768 10807 1736 7087 6227 4935 1652 641833 7852 6864 4248 2616 2629 3720 3283 1754
internal_count=684513 8155 676358 34525 3121 31404 24608 6796 4487 2917 2309 23055 12248 2480 9768 10807 1736 7087 6227 4935 1652 641833 7852 6864 4248 2616 2629 3720 3283 1754
is_linear=0
shrinkage=0.04


Tree=274
num_leaves=31
num_cat=0
split_feature=9 10 10 33 17 32 43 51 0 2 0 10 13 18 7 15 5 14 11 8 9 33 19 32 48 8 2 4 3 33
split_gain=2.73045e+06 5.27617e+06 3.90344e+06 5.479e+06 4.20539e+06 5.24117e+06 7.63723e+06 8.55121e+06 3.40516e+06 3.33896e+06 2.94007e+06 2.88681e+06 2.76068e+06 2.62423e+06 2.45591e+06 4.83598e+06 3.56943e+06 4.92401e+06 4.14741e+06 2.85174e+06 2.2912e+06 4.58989e+06 4.15346e+06 4.83323e+06 3.88789e+06 3.76382e+06 4.93566e+06 5.05754e+06 4.72494e+06 6.34449e+06
threshold=-0.14332723617553708 -0.84239459037780751 -0.68812492489814747 17.900854110717777 0.14342848211526874 1.0311939120292666 14.500000000000002 -0.066213607788085924 -0.028406620025634762 -0.15355002880096433 -0.015753984451293942 -0.4353343248367309 1.3326694369316103 -0.037619983777403825 -0.71614858508110035 -0.25089672207832331 -0.6508880853652953 0.75277811288833629 0.12806737422943118 -0.27366036176681513 0.064046919345855727 21.462868690490726 1.5000000000000002 0.45686748623847967 -0.1970393434166908 0.12828236818313601 -0.082531452178955064 -0.039633512496948235 -0.035158514976501458 18.764594078063968
decision_type=8 8 8 10 2 8 2 10 10 10 10 10 10 2 8 2 8 8 10 8 8 8 2 10 8 8 10 8 10 10
left_child=1 -1 3 -3 5 10 -7 9 -5 11 13 -8 -6 -4 15 -2 17 18 -16 -18 24 22 -22 -24 -21 -26 -27 -28 29 -29
right_child=14 2 4 8 12 6 7 -9 -10 -11 -12 -13 -14 -15 16 -17 19 -19 -20 20 21 -23 23 -25 25 26 27 28 -30 -31
leaf_value=2.9723340626680215 -3.5387157537415623 1.5972796905848698 0.045259768995648521 -0.46818685922754527 -2.3997016650100318 -1.2947131062154289 3.8543722113854946 0.51808227391001505 -3.9370024218964033 5.2125551189841728 1.0126451079019765 0.69755083392966888 0.55701497422125112 -2.8867376958071369 1.8153868379649418 0.72408781065660366 -1.9322092934599095 2.5823641903412162 -1.7614956631121181 1.9495284426777821 0.17716638281155106 -0.55610118239444073 -0.9091841163251323 1.4957160814845518 -0.0095630101613286556 1.3859856063312195 -2.4678403486824356 -0.96033335377041806 -0.62875892549018697 2.14987668321784
leaf_weight=1287 886 831 1008 858 1101 1241 1081 2741 956 1221 1419 815 921 937 918 806 1212 2020 1166 1571 87666 12366 1617 7557 515311 2217 2073 1842 26663 2415
leaf_count=1287 886 831 1008 858 1101 1241 1081 2741 956 1221 1419 815 921 937 918 806 1212 2020 1166 1571 87666 12366 1617 7557 515311 2217 2073 1842 26663 2415
internal_value=0.0142713 0.523749 0.31364 -1.07955 0.609422 0.932132 1.54773 2.15107 -2.30786 3.58083 -0.367693 2.50818 -1.05683 -1.37477 0.00174832 -1.51577 0.00562275 1.1802 -0.184737 -0.00167104 0.00189634 0.169295 0.261973 1.0713 -0.0312183 -0.036906 -0.436965 -0.559843 -0.431166 0.804995
internal_weight=684723 16417 15130 2645 12485 10463 7099 5858 1814 3117 3364 1896 2022 1945 668306 1692 666614 4104 2084 662510 661298 109206 96840 9174 552092 550521 35210 32993 30920 4257
internal_count=684723 16417 15130 2645 12485 10463 7099 5858 1814 3117 3364 1896 2022 1945 668306 1692 666614 4104 2084 662510 661298 109206 96840 9174 552092 550521 35210 32993 30920 4257
is_linear=0
shrinkage=0.04


Tree=275
num_leaves=31
num_cat=0
split_feature=46 6 29 44 33 52 33 48 13 6 23 39 33 23 18 46 39 47 33 11 0 31 17 30 47 42 29 23 22 14
split_gain=2.01057e+06 6.50029e+06 5.04087e+06 4.4422e+06 4.35114e+06 4.10818e+06 4.67669e+06 5.38035e+06 4.64099e+06 3.96094e+06 4.67939e+06 3.98085e+06 4.45832e+06 3.97252e+06 3.85406e+06 3.62598e+06 3.60489e+06 3.41781e+06 3.38116e+06 3.36344e+06 4.66045e+06 5.47418e+06 4.2858e+06 4.11041e+06 4.02114e+06 4.31406e+06 8.41743e+06 3.54702e+06 3.54143e+06 3.72572e+06
threshold=-0.0078090135939419261 0.7420482635498048 0.5980009436607362 18.296222686767582 20.920309066772464 -0.017410861328244206 21.223080635070804 -0.052569014951586716 1.2689574360847475 -0.27866864204406733 -0.1668438911437988 -0.091575562953948961 19.195891380310062 -0.12913617491722104 -0.03309712000191211 -0.044789770618081086 -0.03195498697459697 -0.094285279512405382 19.68331336975098 1.1299563646316531 -0.049760222434997552 22.525000572204593 0.10136798769235612 0.47490650415420538 -0.021264952607452866 1.0000000180025095e-35 1.3992167711257937 -0.067339688539504991 0.045019028708338744 0.89182224869728099
decision_type=8 8 8 2 10 8 10 10 10 10 10 10 10 10 2 10 10 8 10 10 8 10 2 10 8 2 10 8 8 8
left_child=1 2 4 19 -1 6 9 16 -9 10 -4 -11 -13 -14 -7 -16 -8 -17 -12 -2 21 -21 -23 27 -25 28 -27 -22 -26 -30
right_child=3 -3 5 -5 -6 14 7 8 -10 11 18 12 13 -15 15 17 -18 -19 -20 20 23 22 -24 24 25 26 -28 -29 29 -31
leaf_value=-0.84754500791842169 0.052982199792356396 1.6208141864367342 -1.023034723613425 1.913298180332347 -4.1824390105073865 1.1374473537666316 -0.024876589177132671 0.55152945500579775 -2.5063661031154219 0.86748372573571886 3.8320411592770767 -3.3130999734080588 -1.6479639086715157 -0.14041242778313578 -1.7186004481413486 1.766552134419725 2.8948153485653876 -0.52395248624994817 0.89118232440034606 1.4589324607883263 -3.9278593782538556 -3.2903765654123118 -0.49725525446447322 -2.8185882222555967 2.214136122627397 -4.2391179772323424 0.92144279227365733 -0.51589678973009445 -0.18492452335069318 0.46839240938388366
leaf_weight=1981 499634 3006 1590 1958 910 2184 928 6917 887 2828 814 1016 3929 9651 4033 1069 2486 30995 2638 828 823 2113 1507 855 1092 1105 920 1184 77133 17044
leaf_count=1981 499634 3006 1590 1958 910 2184 928 6917 887 2828 814 1016 3929 9651 4033 1069 2486 30995 2638 828 823 2113 1507 855 1092 1105 920 1184 77133 17044
internal_value=-0.00859837 -0.19993 -0.273252 0.0159798 -1.90807 -0.207322 0.114851 0.781471 0.201207 -0.218214 0.768131 -0.503911 -0.770033 -0.577473 -0.490762 -0.589563 2.10342 -0.447061 1.59372 0.00980009 -0.196442 -1.46192 -2.13218 -0.140101 -0.103357 -0.0792091 -1.90156 -1.92756 -0.0402784 -0.0666511
internal_weight=684058 77862 74856 606196 2891 71965 33684 11218 7804 22466 5042 17424 14596 13580 38281 36097 3414 32064 3452 604238 104604 4448 3620 100156 98149 97294 2025 2007 95269 94177
internal_count=684058 77862 74856 606196 2891 71965 33684 11218 7804 22466 5042 17424 14596 13580 38281 36097 3414 32064 3452 604238 104604 4448 3620 100156 98149 97294 2025 2007 95269 94177
is_linear=0
shrinkage=0.04


Tree=276
num_leaves=31
num_cat=0
split_feature=5 7 7 11 33 29 32 3 14 29 25 12 12 33 33 15 33 14 14 32 29 33 7 14 38 7 3 8 14 9
split_gain=2.38867e+06 4.38383e+06 3.25075e+06 7.66418e+06 4.40225e+06 3.85666e+06 7.12373e+06 4.73706e+06 4.38894e+06 3.29295e+06 4.0716e+06 3.61718e+06 3.25738e+06 3.04209e+06 5.52016e+06 4.23849e+06 4.91384e+06 5.76088e+06 6.08266e+06 3.95639e+06 3.43862e+06 3.36109e+06 3.21361e+06 3.20529e+06 4.16261e+06 2.78236e+06 2.80448e+06 3.04739e+06 2.7684e+06 2.44111e+06
threshold=-0.28175759315490717 -0.62384316325187672 -0.10824599862098692 0.46054559946060186 18.379280090332035 0.71131888031959545 0.75671541690826427 -0.049715042114257806 0.91105294227600109 0.52527204155921947 1.0000000180025095e-35 0.043953340500593192 0.029193035326898101 22.666954040527347 20.93868446350098 0.1957654803991318 17.131856918334964 0.99466660618782055 0.15011737495660785 0.94212591648101818 0.96214246749877941 20.564422607421879 -0.38714325428009028 0.69041574001312267 0.60814914107322704 -0.50849914550781239 -0.29324173927307123 -0.23146864771842954 0.94417423009872448 -0.068457543849945054
decision_type=10 8 10 10 10 8 8 10 10 10 2 10 10 8 10 2 10 10 8 10 10 10 8 10 8 8 10 8 8 10
left_child=2 -2 3 5 -4 6 7 -1 9 11 12 -8 -11 14 15 16 20 18 -18 -16 -7 -20 -17 -21 -25 -3 -27 -28 -24 -26
right_child=1 25 4 -5 -6 13 8 -9 -10 10 -12 -13 -14 -15 19 22 17 -19 21 23 -22 -23 28 24 29 26 27 -29 -30 -31
leaf_value=-4.9340974646258209 2.2281462041389268 -1.7001200005032175 -0.51044700799622167 -1.4185324777770694 2.3635488145292776 0.021200888288074905 2.4159102043339393 -0.73459212761308101 -2.3565101122434662 -1.1623666422572025 -2.004458589315969 -0.68598445271777209 1.798637175016732 -1.8347695876401049 3.3865655963649481 2.2362289329309522 -3.1098103042400673 -3.1343361584947447 0.34703817328907877 -0.60115454341076324 3.333684368458627 -1.5014169448260679 0.21518096649997329 0.13500296144402485 4.6704256974242346 1.8031805678876278 -1.8901428974443031 -0.009057878374529954 2.2892565199673789 1.5637437726318979
leaf_weight=805 1389 1551 1284 4380 2511 876 2040 918 987 944 1387 846 1571 860 1583 2657 939 967 16764 1307 1163 1727 5588 1369 811 1353 1371 622454 1253 828
leaf_count=805 1389 1551 1284 4380 2511 876 2040 918 987 944 1387 846 1571 860 1583 2657 939 967 16764 1307 1163 1727 5588 1369 811 1353 1371 622454 1253 828
internal_value=0.0139044 -0.0084815 0.263324 0.181569 1.39238 0.327267 -0.394668 -2.71379 0.122093 0.485427 -0.272362 1.50739 0.687029 0.504542 0.55819 0.350267 0.0502983 -0.137218 0.0134798 1.68146 1.91762 0.17368 1.05805 1.04955 1.7664 -0.0134739 -0.00926242 -0.0132222 0.597856 3.11997
internal_weight=684483 628118 56365 52570 3795 48190 9498 1723 7775 6788 3902 2886 2515 38692 37832 31934 22436 20397 19430 5898 2039 18491 9498 4315 3008 626729 625178 623825 6841 1639
internal_count=684483 628118 56365 52570 3795 48190 9498 1723 7775 6788 3902 2886 2515 38692 37832 31934 22436 20397 19430 5898 2039 18491 9498 4315 3008 626729 625178 623825 6841 1639
is_linear=0
shrinkage=0.04


Tree=277
num_leaves=31
num_cat=0
split_feature=38 48 12 10 5 43 12 32 36 12 48 14 48 17 36 32 11 5 7 32 31 51 10 47 10 52 1 4 10 7
split_gain=2.34708e+06 7.39821e+06 6.65465e+06 5.65322e+06 3.82434e+06 5.06014e+06 4.86044e+06 3.30494e+06 3.03483e+06 2.99986e+06 5.48604e+06 4.60171e+06 4.38456e+06 3.80534e+06 3.30017e+06 3.83154e+06 3.51412e+06 4.00559e+06 3.1478e+06 3.32911e+06 3.19299e+06 3.10691e+06 3.00966e+06 2.88482e+06 2.87485e+06 2.84286e+06 3.0302e+06 2.81631e+06 3.05686e+06 5.01911e+06
threshold=-1.5751041769981382 -0.012198762968182562 0.01998969912528992 -0.25184348225593561 -0.037324666976928704 45.500000000000007 0.017417431809008125 1.1442605853080752 -0.98407167196273793 0.02026245649904013 0.068577472120523467 0.067651011049747481 0.23378856480121615 0.0098771420307457464 -0.73324245214462269 1.61158162355423 0.4757679700851441 -0.020095109939575192 -0.21279430389404294 0.90843433141708385 31.964999198913578 -0.043817047029733651 -0.3714111447334289 -0.01634788233786821 -0.25674641132354731 -0.11168925464153288 -0.02006125450134277 0.098791360855102553 -0.14246767759323117 -0.14339223504066465
decision_type=8 10 10 8 8 2 8 10 10 8 10 8 10 2 10 10 8 10 10 10 8 10 10 10 10 8 10 10 10 8
left_child=1 2 -1 8 7 6 23 -5 -3 10 18 24 14 -13 15 -12 21 -18 19 20 -2 -16 25 -6 -11 -21 -27 28 29 -4
right_child=9 3 27 4 5 -7 -8 -9 -10 11 12 13 -14 -15 16 -17 17 -19 -20 22 -22 -23 -24 -25 -26 26 -28 -29 -30 -31
leaf_value=-0.85648542101456293 -2.9836135412977804 0.54308994487088602 0.065922955950948728 0.37301154796700192 -2.1871954468270904 2.2900759498369392 1.4952904777577376 -2.0956459535478675 3.4688127746611008 0.14819832279652725 -0.68709544333343986 -2.6719488017306379 1.0024434342601916 -0.096181732133124614 -2.6645200422725295 -3.3566837881477682 2.3304314405657864 0.11122542413195019 0.21411980169601869 1.5814352662382722 -0.65032213704964537 -0.36834911307702412 1.9838399319631874 0.13152087535738649 3.3765889256588766 -2.4139369818026832 0.053601897247467986 -1.0620501929560531 -0.84311682737203741 2.0375373813213016
leaf_weight=11934 1115 825 4116 2311 1030 3188 4261 1377 1836 800 15739 910 4004 369354 980 901 1442 12554 199844 1082 5719 19976 1262 4914 977 1168 2456 1596 1615 4139
leaf_count=11934 1115 825 4116 2311 1030 3188 4261 1377 1836 800 15739 910 4004 369354 980 901 1442 12554 199844 1082 5719 19976 1262 4914 977 1168 2456 1596 1615 4139
internal_value=-5.36786e-05 0.285483 -0.195636 0.855558 0.587565 0.901513 0.465914 -0.551893 2.56717 -0.0192971 0.0826674 -0.092814 -0.27108 -0.102584 -0.370092 -0.833574 -0.149261 0.34137 0.175163 -0.432667 -1.03481 -0.476948 0.257433 -0.273274 1.93214 -0.208759 -0.74613 0.492334 0.744502 1.05575
internal_weight=683425 43142 23400 19742 17081 13393 10205 3688 2661 640283 268242 372041 55596 370264 51592 16640 34952 13996 212646 12802 6834 20956 5968 5944 1777 4706 3624 11466 9870 8255
internal_count=683425 43142 23400 19742 17081 13393 10205 3688 2661 640283 268242 372041 55596 370264 51592 16640 34952 13996 212646 12802 6834 20956 5968 5944 1777 4706 3624 11466 9870 8255
is_linear=0
shrinkage=0.04


Tree=278
num_leaves=31
num_cat=0
split_feature=13 52 6 12 32 18 13 14 32 21 20 12 22 51 1 10 6 33 0 22 52 14 28 6 14 12 17 7 52 47
split_gain=2.32675e+06 5.31491e+06 4.81754e+06 3.06767e+06 4.41416e+06 2.25828e+06 4.43029e+06 3.53053e+06 2.99968e+06 2.91862e+06 2.14662e+06 3.06215e+06 2.73114e+06 3.13191e+06 2.41714e+06 5.37144e+06 4.69048e+06 3.48698e+06 3.82915e+06 3.42295e+06 3.91517e+06 3.25383e+06 3.16985e+06 3.06193e+06 2.99172e+06 3.48719e+06 2.90192e+06 2.6849e+06 2.46171e+06 2.4163e+06
threshold=0.48216281831264501 -0.10687526315450667 0.49904322624206549 0.023789722472429279 0.50461456179618847 0.066202562302351012 1.0305854678153994 0.91496315598487865 1.5537471771240237 91.423618316650405 3.5000000000000004 0.026233529672026638 0.96100646257400524 0.078432768583297743 0.046909809112548835 -0.038590252399444573 1.2928402423858645 20.627145767211918 -0.043374538421630852 0.93199446797370922 0.21625466644763949 0.8724660873413087 0.77783718705177318 -0.32035422325134272 0.94147637486457836 0.052423795685172088 0.045760760083794601 0.30112904310226446 0.11417243629693986 -0.098446562886238084
decision_type=8 8 10 10 10 2 8 10 8 10 2 10 8 10 8 8 10 10 10 10 10 10 10 8 8 10 2 10 10 8
left_child=1 -1 3 4 -3 10 -7 8 -8 -9 14 -12 13 -13 29 16 17 18 -16 20 21 -17 23 -20 27 -26 -19 -24 -28 -2
right_child=5 2 -4 -5 -6 6 7 9 -10 -11 11 12 -14 -15 15 19 -18 26 22 -21 -22 -23 24 -25 25 -27 28 -29 -30 -31
leaf_value=2.5186072957547321 0.71196194912845134 1.8900945466610393 2.2481264926454294 -1.983870327939822 -0.52885963276819004 1.7238356897240552 -0.18570573079990302 -0.10596221273771692 -2.8243175063970063 2.5804500557476144 -0.055816555664390706 -0.52247452834100505 0.71446564648806876 -1.9127805464745118 2.9578874344739048 1.1330706724782393 -2.9949367231325197 -0.044606056201409422 3.1320222578461854 -0.046368831494586642 -0.45202831441624391 2.9460192944279515 0.02751196106619147 0.59625516805354639 3.0004200384422668 -0.32329738030438743 -0.9127564226989453 -1.4382406701791914 -3.3500022353613179 -0.028840417013452128
leaf_weight=1876 7125 1659 1485 1317 4351 3559 3499 1375 849 1211 27267 7157 1645 4065 815 9489 817 5975 997 5378 2068 1900 19572 3159 1095 927 3053 2217 842 557018
leaf_count=1876 7125 1659 1485 1317 4351 3559 3499 1375 849 1211 27267 7157 1645 4065 815 9489 817 5975 997 5378 2068 1900 19572 3159 1095 927 3053 2217 842 557018
internal_value=0.00611323 0.591387 0.178708 -0.243204 0.140899 -0.00318921 0.57875 -0.0106219 -0.706225 1.15715 -0.0124137 -0.295915 -0.80428 -1.02735 0.0058703 0.251039 -0.014228 0.0495346 0.272022 0.806622 1.14729 1.43784 0.192722 1.21063 0.014622 1.48255 -0.598881 -0.122218 -1.44686 -0.0194718
internal_weight=683762 10688 8812 7327 6010 673074 10493 6934 4348 2586 662581 40134 12867 11222 622447 58304 39469 38652 28782 18835 13457 11389 27967 4156 23811 2022 9870 21789 3895 564143
internal_count=683762 10688 8812 7327 6010 673074 10493 6934 4348 2586 662581 40134 12867 11222 622447 58304 39469 38652 28782 18835 13457 11389 27967 4156 23811 2022 9870 21789 3895 564143
is_linear=0
shrinkage=0.04


Tree=279
num_leaves=31
num_cat=0
split_feature=41 7 33 43 34 30 31 12 31 51 12 16 14 11 16 7 52 7 52 12 5 0 7 11 14 12 10 21 33 52
split_gain=2.21937e+06 3.49486e+06 4.20813e+06 3.3373e+06 3.0116e+06 2.11304e+06 4.04043e+06 4.25438e+06 5.25284e+06 3.92549e+06 3.49408e+06 5.21137e+06 4.39779e+06 4.16382e+06 3.6903e+06 3.68175e+06 4.86526e+06 3.7295e+06 3.588e+06 3.58025e+06 4.92407e+06 3.44891e+06 3.43976e+06 3.669e+06 3.40092e+06 3.25219e+06 3.177e+06 3.34944e+06 3.1388e+06 4.68812e+06
threshold=1.0000000180025095e-35 -0.050290882587432854 21.784776687622074 53.500000000000007 0.068942859768867507 1.0233377218246462 12.684999942779543 0.060200085863471038 41.975000381469734 0.025063531473279003 0.055198851972818382 -0.00016855271678650749 0.89588046073913585 0.38387072086334234 -0.015823894180357453 0.24016165733337405 0.1459668576717377 -0.26060113310813898 -0.034290656447410577 0.043372219428420074 0.39538121223449713 -0.025846958160400387 0.75068372488021862 1.4065818786621096 0.9630604386329652 0.026935389265418056 -0.64471131563186634 67.332969665527358 19.44851112365723 -0.0070530755911022416
decision_type=2 10 10 2 8 8 10 10 10 10 10 10 10 8 10 8 8 10 10 8 10 10 8 10 10 8 8 10 10 10
left_child=5 4 3 -3 -2 10 25 -8 26 21 19 12 13 -12 -14 17 -17 -13 -19 20 -1 -10 -22 -24 -18 -7 -9 -28 29 -21
right_child=1 2 -4 -5 -6 6 7 8 9 -11 11 15 14 -15 -16 16 24 18 -20 28 22 -23 23 -25 -26 -27 27 -29 -30 -31
leaf_value=0.10015163893948797 0.62703395857022648 1.3413949859980019 -1.0562713209967551 4.2762999347062181 -2.4446679766023278 -3.7024565608823226 -0.077857557150123755 3.5872483887162248 -1.324811486648821 -2.6749241418170251 -1.3328430169555725 -0.35157123545035718 1.0405517035953249 -5.0214598587340999 -1.7837705094141201 -2.6507214332102915 -1.7247791900458842 3.1874218880450615 0.42549505129414877 -0.83807959435403823 -1.1119841033798883 1.796439636810476 2.6511964307214009 -0.2856337219633297 1.2682725429978836 -0.70936268661956137 0.31421079743230979 3.3122713434474726 1.2211792662818979 0.79409403631041298
leaf_weight=322618 1357 2338 831 842 806 805 295252 1170 954 832 1075 3190 1257 905 1773 1599 959 1299 1779 4385 9313 1365 800 4253 1618 2045 2194 810 8153 7827
leaf_count=322618 1357 2338 831 842 806 805 295252 1170 954 832 1075 3190 1257 905 1773 1599 959 1299 1779 4385 9313 1365 800 4253 1618 2045 2194 810 8153 7827
internal_value=0.0165143 0.770858 1.46846 2.12947 -0.523559 0.0096362 -0.0683656 -0.0542196 0.897374 -0.335115 0.073541 -0.515126 -1.57427 -3.03556 -0.612528 -0.00603178 -0.924886 0.606645 1.59765 0.0990123 0.0678781 0.512231 -0.656456 0.183649 0.152082 -1.56477 1.82637 1.13092 0.613911 0.207818
internal_weight=684404 6174 4011 3180 2163 678230 305427 302577 7325 3151 372803 15454 5010 1980 3030 10444 4176 6268 3078 357349 336984 2319 14366 5053 2577 2850 4174 3004 20365 12212
internal_count=684404 6174 4011 3180 2163 678230 305427 302577 7325 3151 372803 15454 5010 1980 3030 10444 4176 6268 3078 357349 336984 2319 14366 5053 2577 2850 4174 3004 20365 12212
is_linear=0
shrinkage=0.04


Tree=280
num_leaves=31
num_cat=0
split_feature=29 11 9 31 12 14 18 15 46 6 44 11 52 16 47 14 36 43 6 48 43 43 46 51 29 38 43 17 30 12
split_gain=2.78918e+06 3.63693e+06 2.45087e+06 2.21344e+06 4.82882e+06 3.49912e+06 2.2119e+06 3.62999e+06 1.93102e+06 5.92501e+06 5.04521e+06 3.94489e+06 2.902e+06 4.17447e+06 3.78656e+06 5.11163e+06 3.36801e+06 3.22591e+06 3.50288e+06 2.84253e+06 2.7863e+06 3.79122e+06 3.41664e+06 3.03432e+06 3.39363e+06 2.57959e+06 4.45462e+06 2.98917e+06 2.55715e+06 2.4446e+06
threshold=10.490275382995607 2.440474390983582 0.057681500911712653 6.4949998855590829 0.026378140784800056 0.91496315598487865 0.022767107002437118 -0.52768081426620472 -0.014174717944115399 0.7420482635498048 14.352459430694582 0.11657416820526124 -0.014999971259385346 -0.010148684494197367 -0.0029523071134462948 0.51459148526191723 -0.52866670489311207 32.500000000000007 0.11042857170104982 0.0099973115138709562 6.5000000000000009 43.500000000000007 -0.034383434802293771 0.02737316302955151 1.6420053243637087 -0.40690274536609644 33.500000000000007 0.025773787871003154 0.96388530731201183 0.018077452667057518
decision_type=10 8 10 8 8 10 2 2 8 10 2 10 10 10 8 8 10 2 8 10 2 2 10 10 8 10 2 2 10 10
left_child=3 2 -2 4 -1 -6 7 -4 9 10 11 20 14 16 17 -16 -14 18 19 -13 28 23 -23 24 25 26 29 -27 -5 -22
right_child=1 -3 6 8 5 -7 -8 -9 -10 -11 -12 12 13 -15 15 -17 -18 -19 -20 -21 21 22 -24 -25 -26 27 -28 -29 -30 -31
leaf_value=-1.2344456398500669 -2.2284784494970791 -3.1242994364842911 -0.94446281699170154 3.0375267803052379 4.1582891077199671 0.50995360780215149 -1.5582187180267597 2.1821789393309849 0.021872224642867262 2.171663828590642 -3.3571520790130602 -1.079028261622121 -0.94880140970614379 -0.57658392120944502 -0.35028984829764548 2.3520024104595381 -4.0611034699685282 0.40994980592000951 -0.24550893246617844 -3.752390334085999 -1.509135345428368 2.5365355177164437 0.089702562039415956 1.811908108881737 -2.3075937215901026 -0.63806415085616619 -3.58027097451901 1.2881869375319277 0.16602891690577995 0.8489507562107721
leaf_weight=868 919 967 1094 1034 877 806 919 1279 619729 1600 835 1687 1211 20235 2356 2121 1032 4319 4083 1024 1308 1650 2031 993 1411 2443 825 2708 948 1499
leaf_count=868 919 967 1094 1034 877 806 919 1279 619729 1600 835 1687 1211 20235 2356 2121 1032 4319 4083 1024 1308 1650 2031 993 1411 2443 825 2708 948 1499
internal_value=-0.00129232 -0.925239 -0.414049 0.00576057 1.17949 2.42441 0.0976852 0.742821 0.00132102 -0.220711 -0.289744 -0.242503 -0.468014 -0.758765 -0.0485863 0.932323 -2.39244 -0.44424 -0.987059 -2.09889 0.266954 0.0786803 1.19039 -0.287856 -0.49397 -0.200316 -1.01524 0.375144 1.6718 -0.251322
internal_weight=684811 5178 4211 679633 2551 1683 3292 2373 677082 57353 55753 54918 38068 22478 15590 4477 2243 11113 6794 2711 16850 14868 3681 11187 10194 8783 3632 5151 1982 2807
internal_count=684811 5178 4211 679633 2551 1683 3292 2373 677082 57353 55753 54918 38068 22478 15590 4477 2243 11113 6794 2711 16850 14868 3681 11187 10194 8783 3632 5151 1982 2807
is_linear=0
shrinkage=0.04


Tree=281
num_leaves=31
num_cat=0
split_feature=12 33 14 3 14 33 17 33 7 5 19 8 33 43 6 48 14 43 50 7 23 5 11 12 1 11 52 33 43 6
split_gain=2.05441e+06 4.78073e+06 4.24422e+06 3.53841e+06 3.42511e+06 3.44043e+06 3.13117e+06 3.13231e+06 4.36825e+06 5.67229e+06 3.83822e+06 3.31636e+06 3.29368e+06 5.23054e+06 5.01421e+06 5.79289e+06 3.7486e+06 3.91055e+06 3.39822e+06 4.75883e+06 3.22889e+06 3.07263e+06 6.38012e+06 5.80156e+06 7.18137e+06 4.56791e+06 6.75718e+06 5.43763e+06 7.36702e+06 7.38727e+06
threshold=0.020548021420836452 15.794004440307619 0.29296146333217626 -0.01306629180908203 0.072007261216640486 19.556433677673343 0.0098771420307457464 16.072250366210941 0.52311772108078014 0.1888687610626221 7.5000000000000009 -0.027039408683776852 22.564469337463382 13.500000000000002 -0.31155061721801752 0.099755201488733306 0.89949622750282299 41.500000000000007 -0.12943472713232038 0.031308114528656013 -0.17212954163551328 0.1888687610626221 0.97530800104141246 0.06501584500074388 -0.040196180343627923 3.1445968151092534 -0.028210396878421303 17.554737091064457 43.500000000000007 0.83094060420990001
decision_type=10 8 10 10 10 10 2 8 8 10 2 10 10 2 10 10 10 2 8 8 10 8 10 8 10 10 10 10 2 10
left_child=1 2 3 -1 5 -2 -6 8 9 11 12 20 18 -14 -15 16 17 -16 19 -9 -8 25 23 24 -23 27 -27 -20 -29 -30
right_child=4 -3 -4 -5 6 -7 7 10 -10 -11 -12 -13 13 14 15 -17 -18 -19 21 -21 -22 22 -24 -25 -26 26 -28 28 29 -31
leaf_value=-1.3682432345838915 0.13091030983402091 0.062434510798671523 3.7729565511538947 1.8239828848174318 -2.4216521648011464 3.4654276916391487 0.018070751234419702 0.42874592128755595 1.2090028182204031 -3.6740629182450255 2.2389215913295342 0.50060410233408692 1.0853221937787376 -4.0003588397726064 -2.9938275654969022 -3.1373614610320177 2.3711324369704347 0.54992862211560434 0.46763690300263777 3.534338856090506 -2.9702821890748137 1.7561917481194822 -0.14673198460706666 -2.2970138798572304 0.33263172598240004 3.4431279856432897 -0.21244604801810726 0.042626939213166903 -0.35079757563095498 -1.7505234694700684
leaf_weight=868 1137 302360 984 1506 893 868 1006 5706 1273 1311 1161 2033 1581 1045 800 1283 812 1288 20419 907 1351 6558 63966 1183 41529 1396 1903 97793 113323 6363
leaf_count=868 1137 302360 984 1506 893 868 1006 5706 1273 1311 1161 2033 1581 1045 800 1283 812 1288 20419 907 1351 6558 63966 1183 41529 1396 1903 97793 113323 6363
internal_value=0.00199249 0.0791307 1.57784 0.655973 -0.0602494 1.58452 -0.0690413 -0.0633895 -0.902598 -1.3754 -0.0475053 -0.68215 -0.0547822 -0.925702 -1.53477 -0.910739 0.081745 -0.815631 -0.0383323 0.859384 -1.70012 -0.0551056 0.116774 0.458838 0.527099 -0.1358 1.34017 -0.156324 -0.214926 -0.425353
internal_weight=684606 305718 3358 2374 378888 2005 376883 375990 6974 5701 369016 4390 367855 6809 5228 4183 2900 2088 361046 6613 2357 354433 113236 49270 48087 241197 3299 237898 217479 119686
internal_count=684606 305718 3358 2374 378888 2005 376883 375990 6974 5701 369016 4390 367855 6809 5228 4183 2900 2088 361046 6613 2357 354433 113236 49270 48087 241197 3299 237898 217479 119686
is_linear=0
shrinkage=0.04


Tree=282
num_leaves=31
num_cat=0
split_feature=47 11 5 10 13 7 22 14 9 6 10 2 32 15 3 14 11 6 28 8 32 9 32 6 5 10 6 32 31 52
split_gain=2.98034e+06 2.18474e+06 3.84044e+06 3.96402e+06 4.65751e+06 4.3117e+06 5.62305e+06 4.98388e+06 4.30186e+06 3.77749e+06 5.3861e+06 3.73455e+06 3.22423e+06 4.0099e+06 3.02661e+06 3.86172e+06 3.8306e+06 6.2741e+06 5.59655e+06 4.81723e+06 4.792e+06 4.48323e+06 4.20458e+06 6.32348e+06 5.34994e+06 5.67004e+06 7.36197e+06 4.15653e+06 3.51302e+06 3.47659e+06
threshold=-0.27895608544349665 0.0072334408760070809 -0.7619725465774535 -0.60974219441413868 1.1524131894111636 -0.23134544491767881 0.12480961158871652 0.65564662218093883 -0.070232987403869615 -0.39091730117797846 -0.35188165307044977 -0.11180031299591063 0.86467719078063976 -0.64285680651664723 -0.12019443511962889 0.079893615096807494 0.10184860229492189 0.16797637939453128 0.97588926553726207 -0.17679315805435178 0.83954614400863659 -0.21885859966278073 0.87410899996757518 -0.76047980785369862 -0.062104463577270501 -0.62669265270233143 -0.40285778045654291 1.1797618865966799 52.295000076293952 -0.1320010423660278
decision_type=8 8 10 10 10 8 10 8 8 8 10 10 10 2 10 10 8 10 10 8 8 10 8 10 8 8 10 10 8 10
left_child=-1 2 -2 4 11 6 8 9 12 -7 -11 -4 -5 -14 15 -3 19 22 -19 21 -21 -17 23 -18 25 -24 -27 -22 -20 -28
right_child=1 14 3 5 -6 7 -8 -9 -10 10 -12 -13 13 -15 -16 16 17 18 28 20 27 -23 24 -25 -26 26 29 -29 -30 -31
leaf_value=-2.2561028029703079 1.7406023412661271 -2.2511955093956861 -5.1203078294778628 3.7024019649867204 0.435529934815514 1.9404903708745354 -2.0574348647070342 -3.2838282278420974 -1.6320964433084015 -3.7674236639304595 -0.39702194920927286 -1.3298076626587483 -0.59847290670382713 2.1507022446883415 -0.010526796806289913 -1.7019500612337231 -2.9993729389637287 -0.69207090693685558 0.38522211904000991 1.3117409383595264 -4.1004200465012506 1.3102274864450121 3.217070858529274 1.1918071379624013 2.5257564736599996 -2.4956778594393816 -0.53011462656580111 -0.99673826913944741 2.6834371225571516 2.1910375586521487
leaf_weight=930 1207 867 843 863 805 866 1150 1215 811 870 5525 830 1477 1975 629213 1025 842 7238 3920 854 1045 3345 1165 1768 5321 1250 1232 2025 1453 1902
leaf_count=930 1207 867 843 863 805 866 1150 1215 811 870 5525 830 1477 1975 629213 1025 842 7238 3920 854 1045 3345 1165 1768 5321 1250 1232 2025 1453 1902
internal_value=-0.00533636 -0.00223819 -0.431627 -0.584718 -2.06178 -0.335377 0.45893 -0.923364 1.02637 -0.524409 -0.86071 -3.25886 1.52865 0.976087 0.00968243 0.370298 0.437033 0.675009 0.033568 -0.311496 -1.32714 0.601437 1.27463 -0.166577 1.62051 0.749481 0.087917 -2.06309 1.01055 1.12305
internal_weight=683832 682902 18437 17230 2478 14752 6276 8476 5126 7261 6395 1673 4315 3452 664465 35252 34385 26091 12611 8294 3924 4370 13480 2610 10870 5549 4384 3070 5373 3134
internal_count=683832 682902 18437 17230 2478 14752 6276 8476 5126 7261 6395 1673 4315 3452 664465 35252 34385 26091 12611 8294 3924 4370 13480 2610 10870 5549 4384 3070 5373 3134
is_linear=0
shrinkage=0.04


Tree=283
num_leaves=31
num_cat=0
split_feature=3 21 31 23 32 5 10 5 2 23 5 2 33 14 37 13 10 3 13 4 48 3 5 23 9 34 21 17 29 36
split_gain=2.07444e+06 5.06956e+06 5.48216e+06 5.18411e+06 4.54068e+06 3.47417e+06 4.06726e+06 2.96649e+06 2.91144e+06 3.45154e+06 2.45413e+06 2.24477e+06 2.22992e+06 2.06359e+06 5.10773e+06 6.33819e+06 5.94743e+06 5.82294e+06 5.26749e+06 4.93887e+06 4.33221e+06 6.48738e+06 5.35923e+06 6.15336e+06 4.02593e+06 4.1589e+06 3.89035e+06 3.67104e+06 3.63308e+06 3.42698e+06
threshold=0.19706869125366214 79.871940612792983 13.635000228881838 -0.0046927630901336661 0.67624095082283031 -0.014340162277221678 -0.05091124773025512 0.40634632110595709 0.17252850532531741 -0.052277505397796624 0.03410685062408448 0.05308890342712403 17.701019287109379 0.95189735293388378 -0.15784247964620587 1.3326694369316103 -0.7799873650074004 -0.22432315349578855 0.84692487120628368 0.43315505981445318 0.096290625631809248 -0.036916017532348626 0.44495844841003424 -0.13477295637130735 0.099844157695770278 0.032864484935998924 13.017396450042726 0.065923362970352187 2.2267242670059209 -0.83984082937240589
decision_type=8 8 8 8 8 10 8 10 8 8 10 8 10 10 8 10 8 10 8 10 8 10 10 8 8 10 10 2 10 10
left_child=8 2 -2 4 -3 -4 11 -8 13 -10 -6 -7 -12 19 15 29 -16 27 -19 -1 -20 22 23 28 25 26 -23 -18 -22 -15
right_child=1 3 5 -5 10 6 7 -9 9 -11 12 -13 -14 14 16 -17 17 18 20 -21 21 24 -24 -25 -26 -27 -28 -29 -30 -31
leaf_value=0.037248299861590888 -1.4712141265418739 -2.5512923255662643 -0.055964514320647273 2.9199597839662754 -1.3468203676833641 2.1147099888633956 2.8725319470481017 -0.17027603990314202 -2.585810992700317 0.044127023397133362 -1.3488272504785339 4.6258638388264011 0.74616253012129929 -4.8868372582604112 2.2191843004050291 0.54910461632074392 -3.97733004500556 -2.7500300027169455 1.1682385488007043 -3.0319320539945647 1.9245270666780847 1.6571008671739142 3.8754064126043608 -2.3883276190024341 0.48403297489611752 -3.7224896994856316 -1.2249113493126225 -0.70366842201664526 -0.84313412129152798 -1.759253697029594
leaf_weight=633449 964 1333 1286 807 1704 1108 837 1296 1495 1700 975 1232 4654 863 1639 1337 1013 1105 4522 830 2638 836 815 1001 3017 933 6629 1192 1057 1623
leaf_count=633449 964 1333 1286 807 1704 1108 837 1296 1495 1700 975 1232 4654 863 1639 1337 1013 1105 4522 830 2638 836 815 1001 3017 933 6629 1192 1057 1623
internal_value=0.0228492 0.470012 1.30918 -0.126302 -0.413016 1.77634 2.30208 1.03157 0.0119956 -1.1907 -0.0213731 3.45088 0.381541 0.0177962 -0.305085 -1.66956 -0.106915 -0.261738 -0.0694992 0.0331843 0.0698188 -0.224155 0.901854 0.378649 -0.768089 -1.21796 -0.900372 -2.21879 1.13266 -2.8602
internal_weight=683890 16196 6723 9473 8666 5759 4473 2133 667694 3195 7333 2340 5629 664499 30220 3823 26397 24758 22553 634279 21448 16926 5511 4696 11415 8398 7465 2205 3695 2486
internal_count=683890 16196 6723 9473 8666 5759 4473 2133 667694 3195 7333 2340 5629 664499 30220 3823 26397 24758 22553 634279 21448 16926 5511 4696 11415 8398 7465 2205 3695 2486
is_linear=0
shrinkage=0.04


Tree=284
num_leaves=31
num_cat=0
split_feature=33 13 40 22 50 32 33 23 40 50 51 32 10 46 50 10 2 13 48 44 43 33 6 10 23 13 39 46 29 43
split_gain=2.1616e+06 4.18587e+06 4.84942e+06 3.78633e+06 3.37976e+06 2.65091e+06 2.27664e+06 1.35995e+07 5.57016e+06 4.67584e+06 5.90326e+06 5.52305e+06 4.3826e+06 4.2775e+06 3.80972e+06 3.79067e+06 3.65556e+06 3.88912e+06 3.37219e+06 3.70103e+06 4.80787e+06 3.29878e+06 3.89291e+06 3.64305e+06 3.63628e+06 3.11135e+06 3.10807e+06 6.33118e+06 3.03215e+06 6.43624e+06
threshold=22.666954040527347 1.0960602760314944 0.0012686252593994143 0.12057309970259668 -0.10535006597638129 0.7890414595603944 21.143013954162601 -0.10707068443298338 -0.0099586546421051008 0.17344683408737185 -0.015160770155489443 1.4337384700775149 -0.29367724061012263 -0.025241955183446404 -0.089205130934715257 -0.14894500374794004 0.048370361328125007 0.73198500275611889 -0.062715370208024965 16.267423629760746 33.500000000000007 19.465677261352543 -0.20195937156677243 -0.17076024413108823 -0.079674422740936265 0.87778621912002575 0.16850822418928149 0.0024783337721601133 1.0751214623451235 5.5000000000000009
decision_type=10 10 8 8 10 8 8 8 10 8 10 8 10 10 10 8 10 10 8 2 2 10 8 8 10 8 10 8 8 2
left_child=6 3 -3 -2 -5 -6 18 8 16 11 -11 12 -10 -14 -15 -13 17 -8 21 28 -21 22 -1 24 -23 -25 -9 -28 29 -20
right_child=1 2 -4 4 5 -7 7 26 9 10 -12 15 13 14 -16 -17 -18 -19 19 20 -22 23 -24 25 -26 -27 27 -29 -30 -31
leaf_value=3.0103358395166802 2.5348580368723188 -3.4539454043960292 -0.64648747774523796 -2.3238240760224564 -1.7578052870299086 0.45531551929173197 -0.54362159519114051 0.006279816935169197 1.6496997944466123 -2.9106230974206748 1.4128194453489211 2.4368718043193125 -1.9266314962791069 -1.1233675426565597 1.450318584791678 -0.30114683369970274 -0.60864823393325895 2.3740741443602658 -1.2146767151675708 3.3015914189489939 -0.53363975563060251 -0.52996255840519502 -0.60076496440538241 2.2067809492709656 -1.9620018630505698 -0.41280553607170939 -3.0296546955794459 0.13331759500933865 -0.095361567398890693 0.12777414069291582
leaf_weight=842 865 1354 3561 1063 1021 5401 809 88412 2316 1263 830 3968 1947 1569 2197 1013 894 7256 5844 1212 910 7178 1081 1033 4693 2375 1650 2594 289940 239361
leaf_count=842 865 1354 3561 1063 1021 5401 809 88412 2316 1263 830 3968 1947 1569 2197 1013 894 7256 5844 1212 910 7178 1081 1033 4693 2375 1650 2594 289940 239361
internal_value=0.00497207 -0.500477 -1.42534 0.0449704 -0.24577 0.101277 0.0149688 0.175527 1.02259 0.553245 -1.19755 0.83561 0.185824 -0.409464 0.377928 1.88055 1.81231 2.08109 -0.018832 -0.0011759 1.6621 -0.569961 0.987776 -0.766534 -1.09727 0.385351 -0.0445341 -1.10063 -0.00780219 0.0957311
internal_weight=684452 13265 4915 8350 7485 6422 671187 116718 24062 15103 2093 13010 8029 5713 3766 4981 8959 8065 554469 537267 2122 17202 1923 15279 11871 3408 92656 4244 535145 245205
internal_count=684452 13265 4915 8350 7485 6422 671187 116718 24062 15103 2093 13010 8029 5713 3766 4981 8959 8065 554469 537267 2122 17202 1923 15279 11871 3408 92656 4244 535145 245205
is_linear=0
shrinkage=0.04


Tree=285
num_leaves=31
num_cat=0
split_feature=31 22 5 6 7 32 43 43 4 8 39 11 11 4 37 0 12 15 28 47 6 43 4 14 35 18 3 51 5 31
split_gain=2.89679e+06 3.90138e+06 6.67141e+06 6.7896e+06 5.95644e+06 6.12807e+06 7.07743e+06 5.86311e+06 5.34288e+06 5.24765e+06 4.6704e+06 1.20656e+07 4.27618e+06 3.90979e+06 3.43568e+06 3.56093e+06 4.27026e+06 3.54132e+06 5.13536e+06 4.2502e+06 4.57105e+06 4.50004e+06 3.67473e+06 4.25248e+06 4.14446e+06 3.3186e+06 3.05016e+06 4.22494e+06 3.1053e+06 2.95568e+06
threshold=28.265000343322757 0.19629634171724322 -0.01806998252868652 -0.40285778045654291 0.054187476634979255 0.80412080883979808 13.500000000000002 43.500000000000007 -0.14234995841979978 -0.052703261375427239 0.091137632727623 0.063662111759185805 0.42263984680175787 0.51344299316406261 0.2374881058931351 -0.027737855911254879 0.03423933498561383 -0.4377825260162353 0.39642229676246649 0.018929010257124904 0.0078392028808593767 23.500000000000004 -0.028338909149169918 0.49773737788200384 -0.039585215970873826 -0.021725376136600968 -0.10640645027160643 -0.036477489396929734 0.16943717002868655 9.6649999618530291
decision_type=10 10 8 10 10 10 2 2 10 8 8 10 10 10 10 10 10 2 10 10 10 2 10 10 10 2 8 10 8 10
left_child=1 2 3 -1 5 -5 -7 8 -4 10 -8 -12 -10 14 15 16 -3 19 -19 20 22 -22 25 -24 -25 -17 28 -28 -9 -20
right_child=-2 13 7 4 -6 6 9 26 12 -11 11 -13 -14 -15 -16 17 -18 18 29 -21 21 -23 23 24 -26 -27 27 -29 -30 -31
leaf_value=-0.10419944437080896 0.026843857817729355 -0.30701085595635641 4.2213971791191822 0.8167153728764448 0.97296713511316613 -4.5546754637443883 0.31125145603510296 2.2364753242067761 -0.78789402715327395 -4.6753971368143405 -5.8559380663601699 -0.75396304994907837 2.036849816735121 -2.1756357121732854 0.59067792216121107 1.9001282634740602 1.2671050984672498 1.6623477195792762 -0.9758812848607672 0.6041860908510488 -1.6544373779690953 0.059046978943511505 -0.28186025634885059 -1.7813527274790197 -4.3073025235248537 -0.99276235744177088 -3.0225528549177305 -0.24404169666680994 -0.81161242688596247 -0.045795799776091661
leaf_weight=7065 510372 4966 826 1062 1176 1886 1870 991 1677 854 1007 2753 1736 1400 11935 858 6181 2693 5847 4350 3071 12015 2114 4462 1359 2349 1390 2343 1140 82075
leaf_count=7065 510372 4966 826 1062 1176 1886 1870 991 1677 854 1007 2753 1736 1400 11935 858 6181 2693 5847 4350 3071 12015 2114 4462 1359 2349 1390 2343 1140 82075
internal_value=-0.0211512 -0.162368 -0.596728 -1.06523 -1.70459 -2.0391 -2.402 0.22306 1.35473 -1.7698 -1.32155 -2.13228 0.650646 -0.0795128 -0.0590233 -0.117656 0.566188 -0.180596 -0.0549689 -0.55274 -0.744778 -0.290625 -1.35888 -1.82021 -2.37745 -0.215298 -0.595922 -1.28394 0.609695 -0.107752
internal_weight=683823 173451 27776 17673 10608 9432 8370 10103 4239 6484 5630 3760 3413 145675 144275 132340 11147 121193 90615 30578 26228 15086 11142 7935 5821 3207 5864 3733 2131 87922
internal_count=683823 173451 27776 17673 10608 9432 8370 10103 4239 6484 5630 3760 3413 145675 144275 132340 11147 121193 90615 30578 26228 15086 11142 7935 5821 3207 5864 3733 2131 87922
is_linear=0
shrinkage=0.04


Tree=286
num_leaves=31
num_cat=0
split_feature=14 21 4 10 10 29 3 8 4 5 33 10 35 33 31 0 10 12 5 29 21 4 2 14 5 12 14 29 33 8
split_gain=2.16709e+06 2.36845e+06 2.93576e+06 3.03818e+06 2.87419e+06 2.28348e+06 2.01644e+06 4.31403e+06 7.14095e+06 5.23206e+06 4.79166e+06 4.75977e+06 4.23582e+06 3.91572e+06 4.64503e+06 3.87942e+06 3.8392e+06 5.48854e+06 3.61614e+06 4.24316e+06 4.29191e+06 5.58099e+06 4.41834e+06 3.20475e+06 3.44626e+06 3.19763e+06 3.96486e+06 3.63923e+06 3.77086e+06 3.1612e+06
threshold=0.01542426645755768 69.08380508422853 -0.025152921676635739 -0.015752315521240231 -0.11499357223510741 0.91265738010406505 0.13617467880249026 0.13314223289489749 -0.040765166282653802 0.40634632110595709 18.079902648925785 -0.18375515937805173 0.035071771591901786 19.009734153747562 39.954999923706062 0.015775799751281742 -0.11800676584243773 0.027241707779467109 0.3756625652313233 6.0220985412597665 62.795751571655281 0.22557258605957034 -0.0043027400970458976 0.30461673438549047 0.78882777690887462 0.027852631174027923 0.71813344955444347 4.3412184715271005 18.134191513061527 0.17100137472152713
decision_type=8 10 10 10 8 8 10 8 8 8 10 8 10 10 8 10 10 8 8 10 10 8 10 10 10 10 8 8 10 10
left_child=1 2 5 4 -4 -1 7 9 13 -2 -11 25 16 14 -9 23 17 -13 -18 20 21 -20 -23 -8 -25 26 -10 28 -27 -19
right_child=6 -3 3 -5 -6 -7 15 8 11 10 -12 12 -14 -15 -16 -17 18 29 19 -21 -22 22 -24 24 -26 27 -28 -29 -30 -31
leaf_value=-1.3747218749206056 0.012820293719601576 0.29437427812638178 -0.95992553127363656 -0.21439672066674909 -3.7973443686147976 1.4846474015257007 -1.2793230127132855 0.99729615916172276 -1.1425152181986125 2.4793223174642738 0.42078797614370439 -0.66771131880874923 -1.6596449745665922 -4.479239015127594 -3.1494732591073062 -0.1309720344756882 0.14491097741375283 0.72203910172293695 -1.8325775459811915 -3.1349521831766012 0.18417267168579418 2.3414434443669738 -1.2380306540489197 0.89277684837322935 -1.4130073549569253 1.6884670036055502 -4.1019113629836976 -2.5133119929564782 -0.61796290649269059 2.4938570967143483
leaf_weight=802 556873 2843 984 1293 1381 984 1290 802 2845 2464 6754 3315 2536 898 918 19339 24471 5069 5379 998 8083 1098 1090 19372 1087 1418 968 1210 5503 2361
leaf_count=802 556873 2843 984 1293 1381 984 1290 802 2845 2464 6754 3315 2536 898 918 19339 24471 5069 5379 998 8083 1098 1090 19372 1087 1418 968 1210 5503 2361
internal_value=0.0017728 -0.640752 -1.12874 -1.77634 -2.6258 0.200148 0.00965715 -0.00791535 -0.306591 0.0284745 0.973131 -0.22555 -0.0667277 -2.35162 -1.22133 0.281192 0.0114662 0.684336 -0.164488 -0.61909 -0.456754 -1.14073 0.56073 0.647576 0.769639 -0.948259 -1.90258 -0.498948 -0.143659 1.28766
internal_weight=684428 8287 5444 3658 2365 1786 676141 635053 68962 566091 9218 66344 54400 2618 1720 41088 51864 10745 41119 16648 15650 7567 2188 21749 20459 11944 3813 8131 6921 7430
internal_count=684428 8287 5444 3658 2365 1786 676141 635053 68962 566091 9218 66344 54400 2618 1720 41088 51864 10745 41119 16648 15650 7567 2188 21749 20459 11944 3813 8131 6921 7430
is_linear=0
shrinkage=0.04


Tree=287
num_leaves=31
num_cat=0
split_feature=12 32 11 52 7 32 13 23 7 33 38 33 11 36 23 43 43 43 47 47 14 22 7 43 11 33 13 43 43 31
split_gain=1.87511e+06 4.17638e+06 5.33782e+06 5.86993e+06 4.08689e+06 3.82328e+06 4.33973e+06 4.91101e+06 3.61257e+06 4.06363e+06 3.59122e+06 4.06481e+06 5.78948e+06 4.42435e+06 3.48887e+06 3.19671e+06 3.67296e+06 3.16504e+06 5.12379e+06 4.37443e+06 4.14157e+06 3.71977e+06 3.36627e+06 4.34892e+06 3.28674e+06 3.16832e+06 3.1365e+06 3.06932e+06 4.60437e+06 4.00057e+06
threshold=0.017493612132966522 0.48582345247268682 0.1250947713851929 -0.092538978904485689 -0.15428212285041806 2.1480991840362553 0.80511918663978588 -0.1600055396556854 0.33142685890197759 19.140919685363773 -1.7860516309738157 19.792547225952152 0.50222235918045055 -1.1653565764427183 -0.16225236654281613 58.500000000000007 43.500000000000007 47.500000000000007 -0.086115226149559007 0.013788273558020593 0.32087557017803198 0.19629634171724322 0.14535027742385867 23.500000000000004 0.72734481096267711 20.658034324646 0.52097743749618541 59.500000000000007 48.500000000000007 30.474999427795414
decision_type=10 8 10 10 8 10 8 8 10 10 8 10 8 10 8 2 2 2 10 8 10 8 10 2 10 10 10 2 2 10
left_child=1 2 3 -1 -5 6 8 -8 14 -10 11 12 13 -2 -3 16 -15 18 -9 -19 21 -20 23 -22 -21 -24 -4 28 -16 -30
right_child=10 5 26 4 -6 -7 7 17 9 -11 -12 -13 -14 15 27 -17 -18 19 20 24 22 -23 25 -25 -26 -27 -28 -29 29 -31
leaf_value=3.7512369642237413 -1.2849676215143833 2.4036667045642957 1.2727085360263957 -2.2807456007096758 0.50485908867237661 2.6865389961178101 -2.5015894076860867 0.78762742389984797 3.1998662823145843 0.24753647736635717 -0.083915596491167851 -0.20093180231043556 3.1881965588829893 1.0384126552813071 -0.13540679585294149 2.8213195417513144 -1.5911296185551889 1.5732097566639707 -1.3338653286346618 0.2337160082397238 -0.026838070861795699 -0.12364640021017283 -1.8172360730622759 1.2569039540920433 1.4579770069822018 0.22169231286909433 -0.63372355993974139 -0.57802511445338134 -1.1964605990710802 1.7867627171139333
leaf_weight=813 1643 832 1440 926 8451 950 965 17215 1074 2398 454027 8174 1606 5492 38863 1271 996 6842 4972 21377 7832 22057 1852 9150 4189 3528 29273 21546 886 3678
leaf_count=813 1643 832 1440 926 8451 950 965 17215 1074 2398 454027 8174 1606 5492 38863 1271 996 6842 4972 21377 7832 22057 1852 9150 4189 3528 29273 21546 886 3678
internal_value=-0.017037 0.0820934 -0.280786 0.512167 0.227638 0.16931 0.155023 0.323612 -0.088291 1.16735 -0.061262 0.474699 0.976117 0.595275 -0.154708 0.994566 0.632913 0.351396 0.193594 0.675556 -0.0135704 -0.346678 0.389032 0.665182 0.434803 -0.482253 -0.543954 -0.187834 0.00584487 1.20629
internal_weight=684318 211109 40903 10190 9377 170206 169256 99979 69277 3472 473209 19182 11008 9402 65805 7759 6488 99014 66606 32408 49391 27029 22362 16982 25566 5380 30713 64973 43427 4564
internal_count=684318 211109 40903 10190 9377 170206 169256 99979 69277 3472 473209 19182 11008 9402 65805 7759 6488 99014 66606 32408 49391 27029 22362 16982 25566 5380 30713 64973 43427 4564
is_linear=0
shrinkage=0.04


Tree=288
num_leaves=31
num_cat=0
split_feature=12 7 17 52 7 4 5 23 11 11 17 32 12 51 11 11 2 7 15 2 29 38 51 7 5 37 20 12 48 32
split_gain=2.44387e+06 6.9024e+06 8.19285e+06 3.66231e+06 5.38634e+06 4.81456e+06 5.24054e+06 2.98484e+06 4.4382e+06 2.52366e+06 2.31736e+06 3.23059e+06 2.24342e+06 6.24916e+06 5.39228e+06 5.26964e+06 3.89934e+06 2.38906e+06 2.46076e+06 2.2901e+06 4.00141e+06 3.78174e+06 3.08893e+06 2.79103e+06 3.19717e+06 2.78288e+06 2.67591e+06 2.66587e+06 4.44377e+06 3.81845e+06
threshold=0.06501584500074388 -0.71614858508110035 0.070781756192445769 -0.1320010423660278 -0.26060113310813898 -0.011795163154602049 -0.11677050590515135 -0.17212954163551328 0.93455922603607189 0.15159410238265994 0.19290811568498614 1.0648900270462038 0.060200085863471038 -0.074138455092906938 0.22725540399551394 0.44613122940063482 0.063174724578857436 1.2071516513824465 0.12500014901161197 0.08585453033447267 1.5239824056625368 -0.80354377627372731 0.078432768583297743 -0.62384316325187672 -0.39355611801147455 0.070601016283035292 4.5000000000000009 0.016217451542615894 0.047135649248957641 0.48582345247268682
decision_type=10 10 2 10 10 10 10 10 10 10 2 10 10 10 8 10 10 10 2 8 8 8 10 8 10 8 2 8 10 10
left_child=10 2 -2 4 9 6 -5 -7 -9 -3 12 -12 17 -14 -15 -16 -17 19 -19 23 22 -22 -21 24 -1 -23 -27 28 29 -25
right_child=1 3 -4 5 -6 7 -8 8 -10 -11 11 -13 13 14 15 16 -18 18 -20 20 21 25 -24 27 -26 26 -28 -29 -30 -31
leaf_value=-0.019870158039207841 -4.6420014965793159 0.89669211860706943 -0.28278847372683191 -0.50772402600107791 3.2387155325747181 2.1333678186876663 -3.8017886076581395 -2.5733284766333449 0.82238433631108365 -1.7816044602998151 0.42573947076266244 -2.9582158897666311 3.7371108542657412 -2.6742687270048795 3.5533117393909395 1.2182213877507715 -1.9292458674469399 -2.5476511904559174 0.30217373745567372 0.16732794157903227 2.4914906434189503 -1.1145745437797996 -1.1161582932681342 -0.15941600849922663 2.6844850288189486 0.74204440879527711 -0.28476147909967098 -0.061410185640878467 -0.18636585629104346 0.38494561819374945
leaf_weight=1485 1279 1510 1487 2155 1136 1097 1198 921 1810 884 827 978 961 839 872 1589 1029 1163 823 8527 1519 1703 4617 26693 1312 21597 4995 448271 50985 90500
leaf_count=1485 1279 1510 1487 2155 1136 1097 1198 921 1810 884 827 978 961 839 872 1589 1029 1163 823 8527 1519 1703 4617 26693 1312 21597 4995 448271 50985 90500
internal_value=0.0026604 -0.530456 -2.30795 -0.0697126 0.983555 -0.58812 -1.69247 0.381086 -0.327993 -0.0955833 0.0133712 -1.41398 0.0172406 0.836934 0.185991 0.879277 -0.0215184 0.0106996 -1.37108 0.0148643 0.297253 0.553526 -0.284019 -0.0047299 1.25372 0.448644 0.549136 -0.0104601 0.125341 0.260954
internal_weight=684762 13477 2766 10711 3530 7181 3353 3828 2731 2394 671285 1805 669480 5290 4329 3490 2618 664190 1986 662204 42958 29814 13144 619246 2797 28295 26592 616449 168178 117193
internal_count=684762 13477 2766 10711 3530 7181 3353 3828 2731 2394 671285 1805 669480 5290 4329 3490 2618 664190 1986 662204 42958 29814 13144 619246 2797 28295 26592 616449 168178 117193
is_linear=0
shrinkage=0.04


Tree=289
num_leaves=31
num_cat=0
split_feature=16 4 23 5 14 10 21 52 33 33 6 32 14 15 4 32 29 21 6 4 23 29 33 10 6 52 4 11 36 39
split_gain=2.59282e+06 5.04121e+06 6.0873e+06 5.63076e+06 8.12115e+06 5.57142e+06 5.2618e+06 4.81556e+06 5.79466e+06 3.50897e+06 4.40252e+06 3.64273e+06 3.21744e+06 3.26465e+06 4.40469e+06 3.11003e+06 3.41435e+06 3.0489e+06 3.01262e+06 2.82688e+06 2.737e+06 7.41457e+06 5.14073e+06 4.3431e+06 4.01263e+06 3.89516e+06 3.75843e+06 3.45937e+06 3.37226e+06 5.2063e+06
threshold=-0.012737854849547146 -0.0851461887359619 -0.18081793189048764 -0.51897740364074696 0.65564662218093883 -0.42439255118370051 20.71877479553223 0.18924355506896975 19.411862373352054 17.962778091430668 0.86736321449279796 1.6542116999626162 0.16246826946735385 0.30889341235160833 -0.16049075126647946 1.2339914441108706 0.99987426400184642 41.809244155883796 -0.35835838317871088 0.10398197174072267 -0.17499998211860654 3.4083433151245122 21.1627311706543 -0.23317694664001462 -0.36847233772277826 -0.2469137832522392 0.024432897567749027 1.252155661582947 -0.60808512568473805 -0.06386240571737288
decision_type=8 10 10 8 8 10 10 10 10 10 8 8 10 2 10 8 8 10 10 10 10 10 10 10 8 10 10 10 10 8
left_child=1 3 -3 -1 12 6 -6 9 -9 19 11 -11 -5 18 -15 -7 -17 -12 -14 -4 21 22 26 24 -23 -22 28 -28 29 -2
right_child=20 2 7 4 5 15 -8 8 -10 10 17 -13 13 14 -16 16 -18 -19 -20 -21 25 23 -24 -25 -26 -27 27 -29 -30 -31
leaf_value=0.97267402529825164 3.0732696973875404 2.4320978187590074 0.41970557397998492 -2.2762152040244019 -5.158413764436018 -3.0714480885399711 -1.6363333090269456 -0.28101873636758823 -4.4246778481318421 -0.20997139928524206 -3.2135674182470488 1.5086542327334476 2.3749454464744297 -3.3185308692756985 0.4947817987377095 -2.1988967807715811 0.97828610224712964 -0.2917086262623616 -0.0094270259437250221 2.6406078308931011 2.7111332912089723 -0.74716622363541407 1.4186956965633863 0.51087489877225389 -4.3131783487449891 -0.019557529836547769 2.7553435176091821 -0.27395637338881318 -1.2821763609632419 0.16460353239472528
leaf_weight=2184 998 1550 3516 1086 1546 935 1227 1384 877 15833 1219 2244 1238 883 1055 909 1307 1072 2644 1233 827 927 6662 997 1112 581322 1718 924 2478 42530
leaf_count=2184 998 1550 3516 1086 1546 935 1227 1384 877 15833 1219 2244 1238 883 1055 909 1307 1072 2644 1233 827 927 6662 997 1112 581322 1718 924 2478 42530
internal_value=-0.00984662 -0.307044 0.0016804 -0.901479 -1.22102 -2.30629 -3.61144 -0.136755 -1.90067 0.0227239 -0.205671 0.00408745 -0.288075 0.0861762 -1.25077 -1.14992 -0.329013 -1.85359 0.755116 1.00066 0.0105475 0.27171 0.377457 -1.64971 -2.7035 -0.0156318 0.234605 1.69885 0.150166 0.231983
internal_weight=684437 43942 28928 15014 12830 5924 2773 27378 2261 25117 20368 18077 6906 5820 1938 3151 2216 2291 3882 4749 640495 58346 55310 3036 2039 582149 48648 2642 46006 43528
internal_count=684437 43942 28928 15014 12830 5924 2773 27378 2261 25117 20368 18077 6906 5820 1938 3151 2216 2291 3882 4749 640495 58346 55310 3036 2039 582149 48648 2642 46006 43528
is_linear=0
shrinkage=0.04


Tree=290
num_leaves=31
num_cat=0
split_feature=29 1 11 37 6 6 6 48 30 33 47 0 0 17 52 34 15 46 5 10 17 10 12 17 43 10 10 6 52 4
split_gain=2.62818e+06 2.57645e+06 2.06891e+06 3.38799e+06 3.22427e+06 4.53348e+06 5.48267e+06 5.23487e+06 5.34839e+06 3.46151e+06 6.02879e+06 3.36065e+06 5.17398e+06 3.7879e+06 3.54449e+06 4.37572e+06 4.72756e+06 3.28174e+06 3.75748e+06 3.10387e+06 3.02263e+06 2.94785e+06 3.31188e+06 2.78568e+06 2.71372e+06 2.65789e+06 2.73311e+06 2.52115e+06 2.46968e+06 4.12917e+06
threshold=15.750433921813967 0.015753984451293949 0.032492637634277351 -0.33273917436599726 -0.064263820648193345 -0.40285778045654291 -0.50931501388549794 -0.010008739307522772 1.2492719292640688 20.303023338317875 0.011716531589627268 -0.036472082138061516 -0.021273374557495114 0.10136798769235612 -0.2469137832522392 0.066334407776594176 -0.19800727814435956 -0.050745984539389603 -0.24718058109283444 -0.33044490218162531 0.06775378063321115 -0.27473297715187067 0.024586066603660587 0.035408310592174537 24.500000000000004 -0.41342037916183466 -0.25426837801933283 -0.1662180423736572 -0.16185130923986432 -0.24283027648925778
decision_type=10 10 8 8 8 10 10 8 8 10 8 10 10 2 10 8 2 10 10 10 2 10 10 2 2 10 10 10 8 10
left_child=2 -2 3 19 5 6 11 17 9 20 -11 13 -13 -5 -14 -16 23 -7 -19 -1 25 22 -6 -17 -12 -9 27 -27 29 -4
right_child=1 -3 28 4 21 7 -8 8 -10 10 24 12 14 -15 15 16 -18 18 -20 -21 -22 -23 -24 -25 -26 26 -28 -29 -30 -31
leaf_value=2.9242220862572008 -2.6353476850462161 -0.05824373135633195 0.29291053360340491 -2.8303299768436592 3.5371123492536531 -2.0054900653050418 1.3684242809702605 1.4786594105945838 -3.3348604826879944 -4.1983196527372657 1.0572392619844273 2.0482486731509755 1.7424193080915453 0.14901571542386166 1.2200183464187888 -4.9586105134218208 -0.21159631605227375 3.0415246859247835 0.0092932998482610392 -0.42485068996212327 -2.740630426723297 -0.17026301595863988 0.066520441179398496 -1.6255601870702598 -1.9524743616580964 -0.60124957935944001 0.95281318627211453 -3.068454837455147 0.027384306688169109 -0.78941303813241781
leaf_weight=965 1195 1281 8994 1680 911 938 3544 1173 1933 1316 814 1532 847 1144 995 810 1528 803 3341 807 864 3088 843 814 1139 2812 1283 860 620708 15094
leaf_count=965 1195 1281 8994 1680 911 938 3544 1173 1933 1316 814 1532 847 1144 995 810 1528 803 3341 807 864 3088 843 814 1139 2812 1283 860 620708 15094
internal_value=-0.0094222 -1.30764 -0.00468702 -0.296424 -0.38292 -0.536699 0.0309129 -0.960112 -1.40931 -1.04367 -2.11625 -0.476974 0.0224623 -1.62713 -0.601836 -1.08368 -1.81245 0.118362 0.602769 1.40517 -0.539896 0.574392 1.87892 -3.30815 -0.699046 -0.22565 -0.631278 -1.18585 0.0119602 -0.38534
internal_weight=684056 2476 681580 36784 35012 30170 12894 17276 12194 10261 3269 9350 6526 2824 4994 4147 3152 5082 4144 1772 6992 4842 1754 1624 1953 6128 4955 3672 644796 24088
internal_count=684056 2476 681580 36784 35012 30170 12894 17276 12194 10261 3269 9350 6526 2824 4994 4147 3152 5082 4144 1772 6992 4842 1754 1624 1953 6128 4955 3672 644796 24088
is_linear=0
shrinkage=0.04


Tree=291
num_leaves=31
num_cat=0
split_feature=23 31 52 28 6 11 15 3 17 51 11 6 52 1 8 6 30 52 32 13 12 1 6 52 8 28 11 6 17 31
split_gain=1.95103e+06 4.67049e+06 3.22129e+06 3.69334e+06 3.94877e+06 4.38333e+06 3.70935e+06 2.99855e+06 4.99246e+06 2.98329e+06 5.34225e+06 4.37794e+06 4.68606e+06 4.0513e+06 3.29086e+06 4.83626e+06 2.89939e+06 2.86176e+06 4.24872e+06 4.1238e+06 2.77852e+06 4.20052e+06 5.66538e+06 5.14321e+06 5.44513e+06 3.10604e+06 3.67318e+06 3.49311e+06 3.1146e+06 3.06269e+06
threshold=-0.17499998211860654 87.579998016357436 0.12222079932689668 0.43400973081588751 0.53590381145477306 1.7927999496459963 -0.67777812480926503 -0.046491384506225579 0.049027763307094581 -0.035201998427510255 0.025584936141967777 -0.76047980785369862 -0.098543461412191377 0.022579908370971683 -0.27366036176681513 -0.27866864204406733 1.2250276207923891 -0.072519354522228227 1.2014315128326418 1.0230337381362917 0.06501584500074388 -0.0069053173065185538 -0.80599737167358387 0.010198448318988087 0.39614647626876837 0.40605413913726812 2.6561472415924077 1.1133203506469729 0.02502485737204552 55.835000991821296
decision_type=8 8 10 10 8 8 2 10 2 10 10 8 8 10 10 8 10 10 10 10 8 10 10 10 10 10 8 8 2 8
left_child=1 2 3 4 6 -6 -1 8 -8 -5 11 -11 -13 14 -12 -16 17 19 -19 -17 25 22 -22 -23 -25 26 27 29 -28 -2
right_child=20 -3 -4 9 5 -7 7 -9 -10 10 13 12 -14 -15 15 16 -18 18 -20 -21 21 23 -24 24 -26 -27 28 -29 -30 -31
leaf_value=-3.5959019798111496 0.64578295410038167 -2.7618106855119318 1.5958438037031681 0.58914347277039936 2.2806651424291808 -0.96623856761846771 -3.0220688378661977 1.2247830587087314 0.61570354323482601 1.2394340759238081 -1.2456261744308894 -0.58738551320325683 -3.4632635433467165 -0.53927725272751026 2.0434160772643888 -2.1153380884389072 1.6415062040615382 -1.0091775325537651 1.8397163400600043 0.34935644206180122 -3.986981395644162 1.8106655208611055 0.13692447362407562 -2.8835073375635183 0.98329142712762796 -0.0061128700400016776 3.6733208644570334 -1.475304117616381 0.88981391612155925 -0.46043018722992324
leaf_weight=954 17684 814 2792 30174 1238 1416 1421 876 1039 913 1361 2083 1602 6900 3718 1837 2216 1283 2375 2631 1255 1457 920 1330 1024 582862 916 1707 2138 5168
leaf_count=954 17684 814 2792 30174 1238 1416 1421 876 1039 913 1361 2083 1602 6900 3718 1837 2216 1283 2375 2631 1255 1457 920 1330 1024 582862 916 1707 2138 5168
internal_value=0.0274909 0.2314 0.268266 0.210144 -0.66028 0.551206 -1.4093 -0.775119 -1.48936 0.316108 0.00995155 -1.23007 -1.84362 0.265826 0.626179 0.808125 0.362488 0.012104 0.840474 -0.666454 0.0051129 -0.851755 -2.24997 -0.0499686 -1.20439 0.0135287 0.42798 0.264939 1.73395 0.39552
internal_weight=684104 67643 66829 64037 6944 2654 4290 3336 2460 57093 26919 4598 3685 22321 15421 14060 10342 8126 3658 4468 616461 5986 2175 3811 2354 610475 27613 24559 3054 22852
internal_count=684104 67643 66829 64037 6944 2654 4290 3336 2460 57093 26919 4598 3685 22321 15421 14060 10342 8126 3658 4468 616461 5986 2175 3811 2354 610475 27613 24559 3054 22852
is_linear=0
shrinkage=0.04


Tree=292
num_leaves=31
num_cat=0
split_feature=1 20 12 5 32 52 12 29 13 13 30 23 16 11 6 1 6 29 29 2 31 6 33 3 11 13 7 9 29 6
split_gain=2.50837e+06 3.9712e+06 3.53989e+06 2.93232e+06 2.84929e+06 2.64878e+06 3.72935e+06 7.17683e+06 4.6592e+06 7.96726e+06 4.10969e+06 4.03128e+06 6.88546e+06 4.45669e+06 4.42653e+06 4.0328e+06 4.133e+06 3.88749e+06 5.35436e+06 4.47304e+06 4.12622e+06 4.23532e+06 4.11728e+06 3.9524e+06 3.66178e+06 3.65522e+06 4.33716e+06 7.15229e+06 4.37192e+06 4.30352e+06
threshold=0.093805193901062026 3.5000000000000004 0.050217373296618469 -0.6508880853652953 1.4475677609443667 -0.14710818976163861 0.06501584500074388 0.57964089512825023 1.4325956702232363 1.2505771517753603 1.0686056017875674 -0.17212954163551328 -0.027214558795094487 0.087541401386261 -0.09720826148986815 -0.033960580825805657 -0.12733793258666989 1.3744577765464785 0.76224225759506237 -0.10666418075561522 42.385000228881843 -0.44315123558044428 19.864862442016605 -0.015882730484008786 1.0033161640167239 0.48216281831264501 -0.71614858508110035 -0.11473551392555235 0.95803707838058483 1.4476814270019533
decision_type=10 2 10 10 8 8 10 10 10 8 8 10 8 10 8 10 8 10 8 10 10 8 10 10 8 10 10 10 10 8
left_child=5 3 4 -2 -3 25 11 -8 9 -9 -10 12 15 17 -15 16 -7 18 -14 -20 21 -21 -19 -23 -11 -1 27 28 -27 -28
right_child=1 2 -4 -5 -6 6 7 8 10 24 -12 -13 13 14 -16 -17 -18 22 19 20 -22 23 -24 -25 -26 26 29 -29 -30 -31
leaf_value=1.5058613187612611 2.8333376981918872 -0.49941131394088706 -2.1863689560905839 0.63791441250569192 1.4901361410976994 -4.4834518475039253 -4.1036492292012472 0.79561482996554489 -0.20208655385181146 -4.5947132312226158 3.2664035607666722 -0.0087134574563350175 -1.3814679229877829 1.7955274455706929 0.55684795886863214 0.88731957165902076 -0.90164618241703853 -3.1876719965530658 2.6259696436817217 1.4751135914293332 1.6109022381534317 -2.45991180206292 0.23489228425096453 0.84700457132854901 -1.1982592669445189 1.94853191287179 -0.35260579663566366 -4.0206826211653537 -1.9693921264442238 2.4968121675198107
leaf_weight=1652 1039 3927 1362 13754 1618 860 959 1617 1644 1048 808 576432 2371 6242 17704 853 1281 1170 1653 1168 2326 1803 1072 843 995 828 33786 1349 989 860
leaf_count=1652 1039 3927 1362 13754 1618 860 959 1617 1644 1048 808 576432 2371 6242 17704 853 1281 1170 1653 1168 2326 1803 1072 843 995 828 33786 1349 989 860
internal_value=0.00126337 0.424343 -0.367202 0.793922 0.0827649 -0.0126046 0.00753308 -0.905206 -0.397472 -1.3 0.949499 0.0180286 0.409712 0.561671 0.880349 -1.43105 -2.35455 -0.0536534 0.279255 0.785648 0.286736 -0.522919 -1.55742 -1.40713 -2.95444 -0.330353 -0.410954 -1.82577 -0.183116 -0.281176
internal_weight=684013 21700 6907 14793 5545 662313 622849 7071 6112 3660 2452 615778 39346 36352 23946 2994 2141 12406 10164 7793 6140 3814 2242 2646 2043 39464 37812 3166 1817 34646
internal_count=684013 21700 6907 14793 5545 662313 622849 7071 6112 3660 2452 615778 39346 36352 23946 2994 2141 12406 10164 7793 6140 3814 2242 2646 2043 39464 37812 3166 1817 34646
is_linear=0
shrinkage=0.04


Tree=293
num_leaves=31
num_cat=0
split_feature=18 9 40 30 43 43 7 4 9 10 31 10 5 10 6 30 12 10 12 2 9 38 31 4 15 10 40 39 31 30
split_gain=2.18279e+06 4.8014e+06 5.1309e+06 3.64363e+06 3.79279e+06 4.83938e+06 5.25329e+06 4.53424e+06 3.58442e+06 3.6615e+06 4.15286e+06 3.73723e+06 3.77019e+06 4.17875e+06 5.71144e+06 4.69738e+06 4.50866e+06 3.89967e+06 3.82884e+06 3.34928e+06 3.30884e+06 3.18359e+06 3.39321e+06 3.17947e+06 3.11341e+06 3.06206e+06 3.02534e+06 2.96054e+06 3.75538e+06 2.89289e+06
threshold=-0.020580732263624665 0.10251021385192872 0.68733203411102306 0.54593411087989818 3.5000000000000004 30.500000000000004 0.50748908519744884 -0.13086485862731931 0.02465087175369263 -0.7799873650074004 29.595000267028812 -0.64471131563186634 -0.35577154159545893 -0.32711121439933771 0.54398632049560558 1.2542767524719241 0.029359985142946247 -0.44137394428253168 0.033187313005328185 -0.075511455535888658 0.035189509391784675 0.10368201881647111 55.594999313354499 -0.14234995841979978 -0.77029529213905323 -0.066252797842025743 0.0045641064643859872 -0.012916264589875935 43.805000305175788 1.3147139549255373
decision_type=2 10 10 8 2 2 8 10 8 8 10 8 8 8 10 8 10 10 10 8 8 8 10 10 2 8 8 8 10 8
left_child=1 2 3 -1 27 6 7 26 9 10 -7 -11 -13 14 15 16 -14 23 -17 -10 25 -9 -23 -18 -3 -21 -6 -5 -29 -15
right_child=-2 24 -4 4 5 8 -8 21 19 11 -12 12 13 29 -16 18 17 -19 -20 20 -22 22 -24 -25 -26 -27 -28 28 -30 -31
leaf_value=1.5692253748986158 -0.049511463301521896 -0.53634220504728458 1.3030521966064559 1.0549726469469571 0.40765000404614687 -1.1030935190581337 -2.1677484554227497 1.2664724301670105 2.8248872415787107 -1.7264002626410389 2.3849832730775788 0.88382115118453786 -1.1182235967070535 -0.29535261697431087 -3.8167239121506857 -0.9170279655314556 0.18330710377290399 -0.5714728458999494 -3.7318777946436819 2.2676104373164381 -0.020133430776191556 -0.30698312546091461 1.2971669347385861 3.1224091332923223 1.5139059844834923 -0.20297524325960264 2.4909911095308237 -2.3428799756126417 0.2246458007660054 0.57330202238804007
leaf_weight=2353 561147 1467 5171 849 1732 802 1079 4625 852 2847 1670 4372 4658 32540 1015 2005 1091 2170 1258 2194 13247 9785 2679 1273 6062 1260 3145 2852 1335 7549
leaf_count=2353 561147 1467 5171 849 1732 802 1079 4625 852 2847 1670 4372 4658 32540 1015 2005 1091 2170 1258 2194 13247 9785 2679 1273 6062 1260 3145 2852 1335 7549
internal_value=-0.0159562 0.135963 0.0726 0.0152888 -0.018433 0.0336007 0.544776 0.678945 -0.112236 -0.252581 1.25345 -0.314031 -0.244335 -0.336574 -0.945829 -0.708996 -0.24536 0.651862 -2.01034 0.393337 0.267676 0.371442 0.0385748 1.77248 1.11424 1.36837 1.75347 -1.08937 -1.52565 -0.131678
internal_weight=685084 123937 116408 111237 108884 103848 23045 21966 80803 63250 2472 60778 57931 53559 13470 12455 9192 4534 3263 17553 16701 17089 12464 2364 7529 3454 4877 5036 4187 40089
internal_count=685084 123937 116408 111237 108884 103848 23045 21966 80803 63250 2472 60778 57931 53559 13470 12455 9192 4534 3263 17553 16701 17089 12464 2364 7529 3454 4877 5036 4187 40089
is_linear=0
shrinkage=0.04


Tree=294
num_leaves=31
num_cat=0
split_feature=36 30 36 14 2 4 29 40 14 43 4 38 43 16 6 6 36 4 52 30 14 48 1 29 52 2 14 35 14 18
split_gain=2.54231e+06 2.13575e+06 2.60508e+06 2.246e+06 4.8271e+06 3.07804e+06 2.93499e+06 2.40175e+06 9.23327e+06 5.05946e+06 3.77525e+06 3.63822e+06 2.34546e+06 4.61376e+06 2.65715e+06 2.34102e+06 1.87126e+06 1.80198e+06 3.36789e+06 3.09858e+06 2.76107e+06 2.72333e+06 2.73601e+06 2.40993e+06 3.06648e+06 6.43511e+06 7.49579e+06 1.18736e+07 4.64508e+06 4.77269e+06
threshold=0.57153618335723888 0.44669897854328161 -0.37826456129550928 0.01542426645755768 -0.0021678209304809566 -0.019960641860961911 0.90448310971260082 -0.006084650754928588 0.922304928302765 29.500000000000004 -0.049365282058715813 -0.94423565268516529 1.0000000180025095e-35 0.0056758234277367601 0.14162230491638186 -0.1957592964172363 -0.60159957408905018 -0.21817636489868161 -0.008647892624139784 0.61145406961441051 0.15825061500072482 -0.054708158597350114 0.093805193901062026 0.3523125052452088 -0.14710818976163861 -0.017887353897094723 0.69437247514724743 -0.0053675309754908076 0.51047149300575267 -0.03309712000191211
decision_type=10 8 10 10 8 10 10 8 10 2 8 10 2 10 8 8 8 10 10 8 10 8 10 8 10 10 10 10 10 2
left_child=1 2 -1 4 5 6 -3 8 9 11 -11 -5 13 15 -15 -9 -17 18 19 -14 -21 -22 -23 -19 25 26 28 -28 29 -25
right_child=-2 3 -4 7 -6 -7 -8 12 -10 10 -12 -13 17 14 -16 16 -18 23 -20 20 21 22 -24 24 -26 -27 27 -29 -30 -31
leaf_value=0.37819375478165584 -1.9341106279696609 -1.8855232601596295 2.4942553418846916 4.3584528675465934 0.12639397977794789 -3.1388679532007671 0.96536166204109519 1.885446905911953 -2.5318947329393384 -2.2049310262049584 0.94534283971936595 1.5104398047611753 2.2242842209859566 -0.78090300694370463 -3.6185573572143914 -1.9403631197785212 0.12567724288230941 0.9612622532185211 -1.5222931696527806 -1.9220098684233804 -1.1937574600569809 0.43266646273442294 2.6676339067917705 -3.7342997747453168 0.010202034429792754 0.32523023541147761 -3.4010597845509332 0.80472719214157662 1.1091461963906433 -0.362169736865946
leaf_weight=7160 1064 1524 1061 986 5903 1452 919 838 1184 828 2214 2643 1456 1012 1110 969 2470 4134 1473 831 1570 21072 905 827 598442 9104 3787 1493 2630 3411
leaf_count=7160 1064 1524 1061 986 5903 1452 919 838 1184 828 2214 2643 1456 1012 1110 969 2470 4134 1473 831 1570 21072 905 827 598442 9104 3787 1493 2630 3411
internal_value=0.0104952 0.013551 0.653991 0.00574352 -0.59515 -1.6862 -0.813523 0.0146006 0.709452 1.28767 0.0834568 2.2941 0.00628915 -0.755179 -2.27527 0.00254795 -0.460405 0.0137839 0.331773 0.438036 0.330483 0.410758 0.525873 -0.00014061 -0.00656957 -0.478629 -1.08083 -2.21254 -0.208846 -1.02745
internal_weight=684472 683408 8221 675187 9798 3895 2443 665389 7855 6671 3042 3629 657534 6399 2122 4277 3439 651135 27307 25834 24378 23547 21977 623828 619694 21252 12148 5280 6868 4238
internal_count=684472 683408 8221 675187 9798 3895 2443 665389 7855 6671 3042 3629 657534 6399 2122 4277 3439 651135 27307 25834 24378 23547 21977 623828 619694 21252 12148 5280 6868 4238
is_linear=0
shrinkage=0.04


Tree=295
num_leaves=31
num_cat=0
split_feature=1 32 0 23 15 51 51 48 5 43 11 11 31 30 3 9 16 29 17 31 29 12 5 11 52 5 13 8 32 13
split_gain=2.06403e+06 3.65689e+06 2.6491e+06 3.33503e+06 3.29368e+06 2.59276e+06 2.56509e+06 2.54816e+06 2.22354e+06 5.37935e+06 5.65461e+06 5.02063e+06 3.52667e+06 3.93463e+06 2.8368e+06 4.56427e+06 3.66713e+06 2.82451e+06 2.81481e+06 2.29498e+06 2.74994e+06 3.93126e+06 3.70361e+06 2.66516e+06 7.49527e+06 4.81381e+06 5.19271e+06 4.16959e+06 4.64826e+06 3.02082e+06
threshold=0.053354978561401374 1.0034701228141787 0.003231287002563477 -0.10297805070877074 -0.38709680736064905 -0.035201998427510255 0.20438562333583835 0.01184694515541196 0.51862788200378429 27.500000000000004 1.6967481374740603 1.0186548233032229 63.215000152587898 1.0507452487945559 -0.032652378082275384 0.064046919345855727 0.0060771687421947726 1.6420053243637087 0.0383176226168871 66.58499908447267 0.8798368275165559 0.019378091208636764 -0.28175759315490717 2.9519660472869877 0.0085882283747196215 -0.010688304901123045 1.0029040575027468 0.085995197296142592 0.86933928728103649 0.72427439689636242
decision_type=10 8 10 8 2 10 10 8 10 2 10 8 8 10 10 8 10 8 2 10 10 10 10 10 10 10 10 8 8 10
left_child=8 6 3 4 -3 -4 7 -2 19 10 -10 -11 13 14 -13 16 -16 18 -15 23 21 -21 -22 29 25 -25 -27 -26 -29 -1
right_child=1 2 5 -5 -6 -7 -8 -9 9 11 -12 12 -14 17 15 -17 -18 -19 -20 20 22 -23 -24 24 27 26 -28 28 -30 -31
leaf_value=-0.26622302833443706 -1.6337808311383426 -1.5338740909534894 1.8165767706233311 1.4220901561454156 1.3464473115909379 0.18658576272082641 -2.2220066693339486 0.015632019697016216 -0.27446762272227893 2.6752590114241532 -4.9520224373541648 0.79983517272457194 -2.9385867526357492 1.5161055091226789 -1.2123637342903277 -0.45305909349384721 -4.9033988099453119 1.7499449061565999 -1.2188409227118622 0.29575635468778116 2.2193151702439087 -1.0115933938128372 0.31550820448847156 4.2167542732113548 -1.9339444621060096 2.0424354611218192 -1.5436765613661338 -2.2057585955459924 1.1784206965807504 -0.002388328679077888
leaf_weight=82160 1593 1414 1629 7542 1137 33083 929 23009 815 876 832 1246 834 928 910 3314 823 2019 1672 9077 1690 6176 42991 1041 1804 2457 867 831 2843 448035
leaf_count=82160 1593 1414 1629 7542 1137 33083 929 23009 815 876 832 1246 834 928 910 3314 823 2019 1672 9077 1690 6176 42991 1041 1804 2457 867 831 2843 448035
internal_value=0.00666298 0.211899 0.429584 0.99968 -0.249848 0.263581 -0.170141 -0.0917893 -0.0168414 -0.510158 -2.65301 -0.228666 -0.447328 -0.254406 -0.904535 -1.32606 -2.98331 0.631379 -0.240607 -0.00510064 0.229711 -0.233911 0.387998 -0.0311641 0.620675 1.85524 1.10524 -0.364647 0.409064 -0.0432769
internal_weight=684577 70336 44805 10093 2551 34712 25531 24602 614241 14269 1647 12622 11746 10912 6293 5047 1733 4619 2600 599972 59934 15253 44681 540038 9843 4365 3324 5478 3674 530195
internal_count=684577 70336 44805 10093 2551 34712 25531 24602 614241 14269 1647 12622 11746 10912 6293 5047 1733 4619 2600 599972 59934 15253 44681 540038 9843 4365 3324 5478 3674 530195
is_linear=0
shrinkage=0.04


Tree=296
num_leaves=31
num_cat=0
split_feature=50 13 11 49 6 29 12 5 11 6 11 5 51 23 5 23 5 11 18 13 11 6 6 36 50 10 28 5 10 12
split_gain=2.08186e+06 2.13828e+06 3.47786e+06 3.5089e+06 2.89128e+06 4.03893e+06 2.91546e+06 3.24305e+06 3.49893e+06 4.34453e+06 4.15704e+06 5.60834e+06 4.08114e+06 3.96359e+06 4.23662e+06 3.12188e+06 3.11825e+06 5.09858e+06 3.0388e+06 3.01819e+06 2.75018e+06 4.11745e+06 6.80433e+06 3.53254e+06 3.93326e+06 3.40511e+06 7.96047e+06 3.26224e+06 3.91329e+06 3.555e+06
threshold=0.24028891324996951 0.72427439689636242 0.13410067558288577 -0.022491194307804104 1.5579099655151369 0.62930274009704601 0.019378091208636764 -0.32730102539062494 0.45571982860565191 -0.042012453079223626 0.85342866182327282 -0.12863254547119138 -0.022468979470431801 -0.088530510663986192 0.14662575721740725 -0.14789032936096189 -0.16684746742248532 0.31424516439437872 0.0017508429591543975 0.5626625418663026 0.039029836654663093 -0.40285778045654291 -0.50931501388549794 -0.96817430853843678 -0.12532197684049604 -0.7799873650074004 0.52394142746925365 -0.21422886848449704 -0.44746303558349604 0.029193035326898101
decision_type=10 10 10 8 8 10 10 8 10 10 10 10 10 10 8 8 8 10 2 8 8 10 10 8 10 10 10 8 10 10
left_child=1 2 3 -1 6 -6 15 19 9 -9 13 -12 -11 -10 -15 -4 17 -17 -13 -8 21 22 25 24 -23 -3 -27 28 -25 -29
right_child=-2 20 4 -5 5 -7 7 8 10 12 11 18 -14 14 -16 16 -18 -19 -20 -21 -22 23 -24 27 -26 26 -28 29 -30 -31
leaf_value=1.9812208870007755 -1.746689878305538 1.4071814538364578 2.1474249619053256 0.13027456304164664 2.9661822715505854 0.031441082391264752 -0.87899822901820279 -0.83279463354811456 1.7466260282190949 -5.0480992606412949 -3.4038584888705312 -1.2246442755430487 -1.704021345684205 -1.6005606190267037 1.154934383747992 0.12784157088976231 -0.11959677956019853 -3.6991097743545591 0.21898181597501723 1.374092478839356 0.06688960323993845 -1.3030527960955369 1.6942111271677485 1.7644760412083298 2.1867757200657136 -4.2348576012033847 -0.19265348646495831 -0.92123295713269326 -0.57202559311931389 -3.3750042654434447
leaf_weight=1757 1066 1584 920 22600 991 2997 1655 4532 2070 902 1328 5743 1672 2110 1533 1198 44312 1030 3920 2211 542370 808 3813 1515 1398 859 7581 14049 4616 1005
leaf_count=1757 1066 1584 920 22600 991 2997 1655 4532 2070 902 1328 5743 1672 2110 1533 1198 44312 1030 3920 2211 542370 808 3813 1515 1398 859 7581 14049 4616 1005
internal_value=0.0113867 0.0141559 -0.153326 0.264551 -0.281979 0.766306 -0.337714 -0.663929 -0.838366 -1.58131 -0.521556 -0.976197 -2.89088 0.353286 -0.441042 -0.147384 -0.193199 -1.64997 -0.639386 0.409785 0.04406 -0.28847 0.258359 -0.611919 0.908431 -0.288965 -0.608583 -0.770588 0.00726845 -1.08718
internal_weight=684145 683079 103481 24357 79124 3988 75136 27676 23810 7106 16704 10991 2574 5713 3643 47460 46540 2228 9663 3866 579598 37228 13837 23391 2206 10024 8440 21185 6131 15054
internal_count=684145 683079 103481 24357 79124 3988 75136 27676 23810 7106 16704 10991 2574 5713 3643 47460 46540 2228 9663 3866 579598 37228 13837 23391 2206 10024 8440 21185 6131 15054
is_linear=0
shrinkage=0.04


Tree=297
num_leaves=31
num_cat=0
split_feature=31 12 6 11 22 7 22 32 38 51 14 12 5 38 11 45 14 7 2 50 32 14 49 36 7 40 47 29 5 32
split_gain=1.85809e+06 2.78955e+06 4.71188e+06 4.53453e+06 4.79142e+06 2.39705e+06 2.38994e+06 2.50412e+06 2.25525e+06 2.16025e+06 2.22181e+06 2.42819e+06 2.56515e+06 2.15027e+06 5.11579e+06 5.88743e+06 5.02037e+06 5.27492e+06 4.15419e+06 3.79435e+06 3.59719e+06 5.14068e+06 5.95846e+06 4.12769e+06 4.09126e+06 4.69977e+06 4.30135e+06 3.48253e+06 3.94916e+06 3.77731e+06
threshold=72.725002288818374 0.029193035326898101 0.45236635208129888 1.1299563646316531 0.24179716408252719 -0.034987241029739373 0.38147945702075964 1.2685588598251345 -0.54035004973411549 0.033776659518480308 0.17105372995138171 0.010542378295212986 -0.01806998252868652 -0.78607943654060353 0.46531653404235845 12.301445007324221 0.96606054902076732 0.1061413884162903 0.079453229904174819 -0.039059063419699662 1.1338468194007876 0.73348909616470348 0.080107301473617568 0.16318346560001376 0.0015595555305480959 0.00016897916793823245 0.0033174202544614677 0.92501285672187816 0.17226982116699222 1.7417016029357912
decision_type=10 10 10 10 8 8 10 8 8 10 10 10 8 8 8 2 10 8 8 8 10 10 8 10 8 10 10 8 10 10
left_child=13 2 6 4 -3 -6 -2 8 -8 10 11 -10 -13 14 15 19 17 -16 27 -1 21 23 -23 -21 25 -22 -26 28 -19 -29
right_child=1 3 -4 -5 5 -7 7 -9 9 -11 -12 12 -14 -15 16 -17 -18 18 -20 20 24 22 -24 -25 26 -27 -28 29 -30 -31
leaf_value=0.62370341706658683 0.71168871059056715 2.2971040041505932 1.6342708009286622 -2.4917242234901007 -2.3419218414574559 0.14922240611306889 -1.4104120195345933 -2.1842782836099035 1.031189069017858 -1.0470913660740682 1.1553331212329125 -2.4353218705120336 -0.016965756652141357 -0.043352761976780903 1.9812418055152217 -2.7041439641206684 -2.2706944185175817 0.41298350613165546 3.2306281100676491 0.1065275599921378 1.3587925129937324 -0.27339568396270608 3.7503489846584914 -2.6384053691343858 -2.2894057360135536 -0.54350457116320439 -0.061199813914812169 0.19909429527593883 3.1131985660304968 -2.1825969121728415
leaf_weight=13850 9398 1157 4503 1403 976 1653 1531 867 1978 1797 4147 986 2376 573548 4964 1261 848 2591 814 20835 2604 1064 1305 905 3590 10125 2255 8647 1295 1205
leaf_count=13850 9398 1157 4503 1403 976 1653 1531 867 1978 1797 4147 986 2376 573548 4964 1261 848 2591 814 20835 2604 1064 1305 905 3590 10125 2255 8647 1295 1205
internal_value=-0.00174979 0.292096 0.452163 -0.558004 0.163262 -0.780969 0.220922 -0.116454 0.0250389 0.220876 0.4619 -0.0777677 -0.731335 -0.0165305 0.18028 -0.0118494 0.725291 0.856567 0.47182 0.0486713 -0.13802 0.184274 1.94959 -0.00889995 -0.556232 -0.153586 -1.43134 0.306124 1.3185 -0.0941286
internal_weight=684478 32772 27583 5189 3786 2629 23080 13682 12815 11284 9487 5340 3362 651706 78158 57794 20364 19516 14552 56533 42683 24109 2369 21740 18574 12729 5845 13738 3886 9852
internal_count=684478 32772 27583 5189 3786 2629 23080 13682 12815 11284 9487 5340 3362 651706 78158 57794 20364 19516 14552 56533 42683 24109 2369 21740 18574 12729 5845 13738 3886 9852
is_linear=0
shrinkage=0.04


Tree=298
num_leaves=31
num_cat=0
split_feature=4 8 6 28 8 29 10 7 31 28 43 6 5 22 8 49 52 16 22 28 6 17 14 18 9 22 5 15 15 4
split_gain=2.6191e+06 3.82667e+06 7.12404e+06 4.19418e+06 3.63358e+06 7.16264e+06 6.7778e+06 5.62964e+06 3.53462e+06 3.33849e+06 3.05658e+06 4.17271e+06 3.88863e+06 3.00757e+06 2.82017e+06 3.59066e+06 3.47039e+06 3.05062e+06 2.62873e+06 2.94264e+06 2.54825e+06 2.25828e+06 6.87532e+06 5.51314e+06 3.33418e+06 4.59566e+06 3.20798e+06 2.57759e+06 3.48854e+06 2.47718e+06
threshold=-0.24283027648925778 -0.15159234404563901 -0.046362400054931634 0.38621665537357336 -0.21698048710823056 0.57964089512825023 -0.68812492489814747 -0.38714325428009028 61.585000991821296 0.72460797429084789 25.500000000000004 0.81458711624145519 -0.30276584625244135 0.2798264771699906 -0.17679315805435178 -0.064153354614973054 -0.16185130923986432 -0.069146420806646333 0.17127982527017596 0.97588926553726207 0.11409211158752443 0.09473710879683496 0.8724660873413087 -0.044026486575603478 0.0019562244415283207 0.4200685471296311 0.3668286800384522 -0.71717211604118336 -0.81681209802627552 -0.063345432281494127
decision_type=8 10 8 10 8 10 10 8 10 10 2 8 8 10 8 10 10 10 10 10 10 2 10 2 10 10 10 2 2 8
left_child=1 2 3 -1 5 -2 -7 -8 -5 -3 -4 13 -13 18 15 16 -6 20 19 -12 -16 -19 23 27 25 -25 -26 28 -23 -24
right_child=4 9 10 8 14 6 7 -9 -10 -11 11 12 -14 -15 17 -17 -18 21 -20 -21 -22 22 29 24 26 -27 -28 -29 -30 -31
leaf_value=-2.6621906311290209 -3.9158709681571064 -2.7424064500638194 -0.66819813782439652 0.029072388140204432 -0.39183834103993492 -2.2551304153650471 3.560108726787647 -0.38658514088534346 2.6289251251695966 0.42991178034942112 1.6074299961976193 2.5863684660577055 -0.8791440427614613 4.8735479170105993 3.0927008955929729 -1.4192562949809824 1.7370846262875583 -0.0073144107197375156 0.28596910114319907 4.4957947645546685 0.057196139005621045 0.77936234925359882 -1.1001660581227695 -1.5470602232789687 -0.3879067223931002 -4.9094948892376422 -2.6190284833299655 0.76866114857342871 -2.5973328390230823 0.876314109084676
leaf_weight=850 1100 1068 814 10657 1689 1688 886 1626 898 1041 1352 851 1292 803 915 1007 4420 628495 896 982 849 882 1209 1866 3622 1001 1434 3073 1080 6068
leaf_count=850 1100 1068 814 10657 1689 1688 886 1626 898 1041 1352 851 1292 803 915 1007 4420 628495 896 982 849 882 1209 1866 3622 1001 1434 3073 1080 6068
internal_value=-0.00182894 0.432522 0.608593 0.0328389 -0.0159251 -1.05808 -0.302092 1.01404 0.233219 -1.18191 1.62886 1.93221 0.502656 2.6887 -0.00750984 0.783914 1.14881 -0.0161794 2.13217 2.83667 1.64029 -0.0207089 -0.436529 -0.988792 -1.64585 -2.73402 -1.02463 0.0463589 -1.08311 0.546883
internal_weight=684414 21504 19395 12405 662910 5300 4200 2512 11555 2109 6990 6176 2143 4033 657610 7116 6109 650494 3230 2334 1764 648730 20235 12958 7923 2867 5056 5035 1962 7277
internal_count=684414 21504 19395 12405 662910 5300 4200 2512 11555 2109 6990 6176 2143 4033 657610 7116 6109 650494 3230 2334 1764 648730 20235 12958 7923 2867 5056 5035 1962 7277
is_linear=0
shrinkage=0.04


Tree=299
num_leaves=31
num_cat=0
split_feature=19 51 10 8 9 29 11 0 37 11 43 39 33 8 10 4 32 51 50 3 10 43 18 51 22 11 33 8 11 7
split_gain=2.01403e+06 5.13389e+06 5.99093e+06 4.90971e+06 3.76666e+06 3.60636e+06 3.53888e+06 4.27767e+06 3.306e+06 2.91057e+06 4.34334e+06 4.10926e+06 2.73729e+06 6.99605e+06 5.13823e+06 3.98546e+06 4.80603e+06 5.23062e+06 3.70054e+06 3.57904e+06 3.67004e+06 2.8291e+06 4.89815e+06 2.62988e+06 7.07906e+06 5.69e+06 5.40864e+06 4.52786e+06 6.07164e+06 4.05531e+06
threshold=2.5000000000000004 -0.031578510999679558 -0.66416239738464344 -0.21698048710823056 0.067715167999267592 0.44233568012714392 0.0072334408760070809 -0.043374538421630852 0.16485241055488589 0.06060606241226197 8.5000000000000018 0.10908008739352228 18.725088119506839 -0.030011594295501706 -0.084668189287185655 -0.25746536254882807 0.95170697569847118 -0.056083973497152322 -0.12166934087872504 -0.0045149326324462882 -0.30803966522216791 55.500000000000007 -0.030826305039227005 -0.071874935179948793 0.5253623127937318 2.3457140922546391 19.300828933715824 -0.11891099810600279 1.2755014896392824 0.037199199199676521
decision_type=2 10 8 8 10 10 8 10 10 8 2 8 10 8 10 10 10 10 10 10 8 2 2 8 10 8 10 8 10 10
left_child=6 5 -3 -4 9 -2 7 -1 12 11 -11 -5 13 15 -15 -7 17 -17 -14 20 -20 -18 -23 24 25 27 -27 -8 29 -29
right_child=1 2 3 4 -6 8 23 -9 -10 10 -12 -13 18 14 -16 16 21 -19 19 -21 -22 22 -24 -25 -26 26 -28 28 -30 -31
leaf_value=-2.4509746929275615 -1.0555143578231976 -3.0051065016436516 3.0020212431705038 0.064638794792632182 1.9224467399008438 1.0224026117405454 -0.19693394959322041 -0.37436746386885039 -0.9737745068538487 1.3639931538979755 -0.21465516208784086 -2.3005384297231477 1.2039905191022715 1.9098334341254919 -1.1454965427610611 -4.0598206252181184 1.8619738840179036 -0.35511726524052994 2.2048619020648257 -1.59129046827797 0.089931972778302449 1.3863889971001602 -2.6859811849278561 -0.0041433900465821932 1.038624784281476 2.821053590123463 -1.3362531964468172 -1.8053102578646667 -3.8661990974282365 -0.064633663723795892
leaf_weight=1948 2315 1129 809 2320 1375 1646 6862 8408 2113 3059 30504 2371 17933 4081 1115 1436 832 1058 1680 1466 5886 827 1078 566016 4271 1279 811 5449 1501 3525
leaf_count=1948 2315 1129 809 2320 1375 1646 6862 8408 2113 3059 30504 2371 17933 4081 1115 1436 832 1058 1680 1466 5886 827 1078 566016 4271 1279 811 5449 1501 3525
internal_value=-0.00849232 0.173685 -0.144129 -0.063529 -0.126852 0.477577 -0.0343103 -0.766972 0.564058 -0.200995 -0.0704105 -1.13316 0.647524 0.146786 1.25325 -0.689825 -1.22952 -2.49591 0.871582 0.210983 0.561834 -0.07068 -0.920073 -0.0214312 -0.434166 -0.758324 1.20918 -0.99607 -1.51888 -1.1224
internal_weight=685103 85033 41567 40438 39629 43466 600070 10356 41151 38254 33563 4691 39038 12073 5196 6877 5231 2494 26965 9032 7566 2737 1905 589714 23698 19427 2090 17337 10475 8974
internal_count=685103 85033 41567 40438 39629 43466 600070 10356 41151 38254 33563 4691 39038 12073 5196 6877 5231 2494 26965 9032 7566 2737 1905 589714 23698 19427 2090 17337 10475 8974
is_linear=0
shrinkage=0.04


end of trees

feature_importances:
r250=420
logval=414
stock_beta=386
dd52=383
r60=370
vrank=353
du52=346
d200=331
sig20=306
val5ratio=296
volratio_sig=289
rel20=282
deliv=281
d50=269
res_since=252
r20=248
sec_d200=222
d20=213
r10=207
rel5=199
hi20=196
valratio=186
pcr=181
rsi2=177
hl=176
clv=159
r1=158
r5=152
pos20=142
delivratio=133
gap=132
r3=129
optact=124
sec20=117
oi_rel=99
basis=99
sec5=88
body=78
idio20=66
downdays=62
oi5=58
oi1=57
idio5=47
pcr5=33
ban_now=27
ban20=19
updays=16
at_l7=8
at_l20=6
ins_sell=4
at_h7=3
ins_buy=1

parameters:
[boosting: gbdt]
[objective: regression]
[metric: l2]
[tree_learner: serial]
[device_type: cpu]
[data_sample_strategy: bagging]
[data: ]
[valid: ]
[num_iterations: 300]
[learning_rate: 0.04]
[num_leaves: 31]
[num_threads: 2]
[seed: 7]
[deterministic: 0]
[force_col_wise: 0]
[force_row_wise: 0]
[histogram_pool_size: -1]
[max_depth: -1]
[min_data_in_leaf: 800]
[min_sum_hessian_in_leaf: 0.001]
[bagging_fraction: 0.7]
[pos_bagging_fraction: 1]
[neg_bagging_fraction: 1]
[bagging_freq: 1]
[bagging_seed: 17422]
[bagging_by_query: 0]
[feature_fraction: 0.7]
[feature_fraction_bynode: 1]
[feature_fraction_seed: 7040]
[extra_trees: 0]
[extra_seed: 6516]
[early_stopping_round: 0]
[early_stopping_min_delta: 0]
[first_metric_only: 0]
[max_delta_step: 0]
[lambda_l1: 0]
[lambda_l2: 10]
[linear_lambda: 0]
[min_gain_to_split: 0]
[drop_rate: 0.1]
[max_drop: 50]
[skip_drop: 0.5]
[xgboost_dart_mode: 0]
[uniform_drop: 0]
[drop_seed: 15215]
[top_rate: 0.2]
[other_rate: 0.1]
[min_data_per_group: 100]
[max_cat_threshold: 32]
[cat_l2: 10]
[cat_smooth: 10]
[max_cat_to_onehot: 4]
[top_k: 20]
[monotone_constraints: ]
[monotone_constraints_method: basic]
[monotone_penalty: 0]
[feature_contri: ]
[forcedsplits_filename: ]
[refit_decay_rate: 0.9]
[cegb_tradeoff: 1]
[cegb_penalty_split: 0]
[cegb_penalty_feature_lazy: ]
[cegb_penalty_feature_coupled: ]
[path_smooth: 0]
[interaction_constraints: ]
[verbosity: -1]
[saved_feature_importance_type: 0]
[use_quantized_grad: 0]
[num_grad_quant_bins: 4]
[quant_train_renew_leaf: 0]
[stochastic_rounding: 1]
[linear_tree: 0]
[max_bin: 255]
[max_bin_by_feature: ]
[min_data_in_bin: 3]
[bin_construct_sample_cnt: 200000]
[data_random_seed: 61]
[is_enable_sparse: 1]
[enable_bundle: 1]
[use_missing: 1]
[zero_as_missing: 0]
[feature_pre_filter: 1]
[pre_partition: 0]
[two_round: 0]
[header: 0]
[label_column: ]
[weight_column: ]
[group_column: ]
[ignore_column: ]
[categorical_feature: ]
[forcedbins_filename: ]
[precise_float_parser: 0]
[parser_config_file: ]
[objective_seed: 15521]
[num_class: 1]
[is_unbalance: 0]
[scale_pos_weight: 1]
[sigmoid: 1]
[boost_from_average: 1]
[reg_sqrt: 0]
[alpha: 0.9]
[fair_c: 1]
[poisson_max_delta_step: 0.7]
[tweedie_variance_power: 1.5]
[lambdarank_truncation_level: 30]
[lambdarank_norm: 1]
[label_gain: ]
[lambdarank_position_bias_regularization: 0]
[eval_at: ]
[multi_error_top_k: 1]
[auc_mu_weights: ]
[num_machines: 1]
[local_listen_port: 12400]
[time_out: 120]
[machine_list_filename: ]
[machines: ]
[gpu_platform_id: -1]
[gpu_device_id: -1]
[gpu_device_id_list: ]
[gpu_use_dp: 0]
[num_gpu: 1]

end of parameters

pandas_categorical:null
