tree
version=v4
num_class=1
num_tree_per_iteration=1
label_index=0
max_feature_idx=17
objective=huber
feature_names=gap mv fpc nmv ngap rng_s vrel vwd pos r1 r5 d20h mkt brd mgap rel nrel atr20
feature_infos=[-2.3713679025119441:2.2129639024716643] [-2.2269338619118644:2.3728374104913041] [-2.2002387229059299:1.6177649212087164] [-13.182412265128121:54.177464657269972] [-53.959244978602683:28.591249453551274] [0:54.270463632609307] [0:3427.9122001020928] [-1.3666844059022856:1.0986122886681096] [0:1] [-2.1831852421107567:2.1754696547935213] [-2.331230193428715:1.8146358106805012] [-3.6453943421741974:0] [-0.033692630888415676:0.033001178481941951] [0.017301038062283738:0.96529968454258674] [-0.090693296891487155:0.03877979225911337] [-2.2139293273208693:2.3631867363688883] [-13.044398949219039:54.031812759117095] [0:1.9203729064371498]
tree_sizes=3182 3076 3116 3113 3127 3144 3086 3145 3114 3074 3156 3132 3139 3152 3152 3141 3151 3126 3172 3124 3104 3124 3146 3159 3135 3085 3112 3110 3108 3059 3106 3066 3070 3074 3115 3078 3103 3110 3063 3110 3050 3066 3059 3068 3098 3096 3048 3065 3098 3112 3053 3026 3078 3054 3041 3053 3062 3114 3053 3020 3104 3033 3045 3063 3070 3108 3019 3083 3092 3056 3041 3076 2997 3039 3062 3045 3028 3039 3115 3071 3124 3082 3031 2990 3063 3088 3059 3016 2996 3086 3075 3042 3039 2984 3004 3115 3036 3029 3098 3018 3017 3003 3014 3030 3105 2955 2956 3050 3073 3057 3004 3006 2965 3056 3020 3004 3005 3109 3058 3038 3047 3014 3025 2955 3048 3033 3086 3021 3124 2981 3023 3020 3107 3023 3008 3040 3059 2965 3011 3011 3006 3038 3056 3021 3009 3020 2989 3050 3002 2982 3019 3010 3096 2929 3001 3024 3005 3005 2985 2984 2947 3025 3042 3011 2946 3055 3089 3084 2968 3101 3011 3039 3027 3018 2988 3051 2990 3002 3001 3026 2934 3078 3085 2956 2985 2951 3020 3040 3114 3034 2982 3062 2989 2970 3013 2978 2984 3015 3041 3008 3008 3048 3019 2953 3006 2970 2976 2945 3049 2981 2984 3015 2990 2966 2995 3124 3027 3024 2911 2967 2974 2985 3027 3089 3039 3011 3012 3000 3012 3019 2989 3012 3038 2979 3082 2999 3020 3025 2980 3041 2975 2989 2978 3051 2987 2966 3004 2983 2993 2950 3010 2943 3049 3038 2937 3004 2989 3005 3023 3002 3002 3019 3035 3063 2986 3019 2945 3001 2986 3094 2949 3044 3065 2936 3019 3006 2998 3017 2945 2940 2930 3121 3038 2957 3006 2968 2935 2972 2924 3000 2981 3026 2980 3006 3038 2945 3020 3029 3062 3013

Tree=0
num_leaves=31
num_cat=0
split_feature=12 2 14 12 12 9 14 14 12 14 14 14 14 12 12 14 12 14 14 10 12 6 12 14 14 2 12 14 14 14
split_gain=1.09251e+07 8.70894e+06 5.81837e+06 5.91741e+06 2.93355e+06 3.40645e+06 3.25368e+06 2.91596e+06 2.86502e+06 3.56801e+06 2.15425e+06 1.78413e+06 2.25426e+06 3.35336e+06 3.2248e+06 2.02808e+06 1.7163e+06 1.6538e+06 1.63774e+06 2.21768e+06 1.59595e+06 1.57911e+06 1.48712e+06 1.35451e+06 2.21478e+06 1.24722e+06 1.16791e+06 1.1666e+06 1.20867e+06 1.47927e+06
threshold=0.0069817067548779725 -1.0000000180025095e-35 0.02042647176750689 0.0013102427116815129 -0.009218330210910267 -0.058211730413737818 -0.033374233339537519 -0.016262574947656892 -0.0090148358906430217 -0.01796644498195283 0.00040813511009258409 -0.0080407074899879888 -0.0018105553692524285 -0.0073909465954626521 -0.0061352421811348484 -0.0023051585008065389 0.0014795005132255885 -0.0011851451013237192 0.0044927611038868163 -0.04189094170916019 -0.0064836710996034408 3.0236726372506193 0.0026205806401390446 -0.0015413939735762483 -0.0011851451013237192 -0.024584353483003689 0.0030639036876704264 -0.021658507068033826 -0.011175828150746085 -0.0018105553692524285
decision_type=10 10 10 10 8 10 8 8 8 8 8 8 10 8 8 10 10 10 10 10 10 2 10 10 10 10 10 10 10 10
left_child=1 4 3 21 5 -1 -6 25 -8 -10 26 -11 13 -13 15 20 23 -18 19 -9 -15 -3 -12 -14 -25 -2 -5 -7 -29 -30
right_child=7 2 -4 10 6 27 8 18 9 11 22 12 16 14 -16 -17 17 -19 -20 -21 -22 -23 -24 24 -26 -27 -28 28 29 -31
leaf_value=-6.4670822084472892 -5.6432922941734622 -10.280885764239683 -7.7963852479035554 -9.8687498613819056 -12.981815560752068 -10.950350454116629 -11.92641188574617 -7.9151876878864291 -7.8573745864154256 -10.499761935710881 -9.9916201981539654 -7.4487911490651735 -11.028863483658357 -14.221016617850701 -9.373574814840973 -8.8786383729638878 -11.173930066005514 -9.4298249493181725 -10.142385282204506 -9.196886107232908 -10.823793078951885 -10.726918013628955 -9.5995207295421778 -8.7248111532866712 -9.9231632316911238 -8.0384141046154181 -10.588578374670099 -7.5693642355891786 -10.092515187951699 -9.0916859606593068
leaf_weight=1087 773 163903 2630 9149 797 1063 1545 4285 2422 8438 45135 2114 2650 684 28039 535 1421 31242 3199 15891 699 22577 52091 3975 128464 1831 14671 1015 4899 14986
leaf_count=1087 773 163903 2630 9149 797 1063 1545 4285 2422 8438 45135 2114 2650 684 28039 535 1421 31242 3199 15891 699 22577 52091 3975 128464 1831 14671 1015 4899 14986
internal_value=-9.91633 -9.96397 -10.1382 -10.1582 -9.73513 -9.19931 -9.79311 -8.91452 -9.78114 -9.7654 -9.88595 -9.78759 -9.75752 -9.37344 -9.50925 -11.4927 -9.83095 -9.5057 -9.09133 -8.92468 -12.504 -10.3349 -9.78154 -9.90959 -9.8872 -7.32742 -10.3121 -9.33453 -9.25235 -9.33826
internal_weight=572210 546231 310156 307526 236075 23050 213025 25979 212228 210683 121046 208261 199823 32071 29957 1918 167752 32663 23375 20176 1383 186480 97226 135089 132439 2604 23820 21963 20900 19885
internal_count=572210 546231 310156 307526 236075 23050 213025 25979 212228 210683 121046 208261 199823 32071 29957 1918 167752 32663 23375 20176 1383 186480 97226 135089 132439 2604 23820 21963 20900 19885
is_linear=0
shrinkage=1


Tree=1
num_leaves=31
num_cat=0
split_feature=13 17 13 0 13 17 0 13 16 11 17 3 13 9 0 3 4 13 13 13 9 13 11 10 13 3 7 6 6 4
split_gain=1.2061e+07 8.70801e+06 3.44373e+06 2.68904e+06 2.34442e+06 2.29079e+06 1.95855e+06 1.57762e+06 1.54147e+06 1.51657e+06 1.42949e+06 1.24552e+06 1.15411e+06 1.01838e+06 983354 981932 931995 921125 909584 882442 863269 836977 809077 798941 735744 682667 658730 614066 607897 673961
threshold=0.72128291540526657 0.035589175216908776 0.086379690949227386 -0.037891549217626504 0.65671142809383187 0.024971868750422465 -0.0004196711440839803 0.086379690949227386 -0.10022008466261564 -0.043760988838210925 0.041705840010878133 0.1168158395192732 0.7164059387818823 -0.049842431534780525 0.001753324460031044 -0.3486771387223741 -0.26557116898004191 0.54011518679355708 0.54011518679355708 0.12723558433549184 -0.052906240073950048 0.22419210611291887 -0.030459207484708515 0.0044087537001755031 0.47001577287066248 0.038690566077011525 -0.010114117991769868 4.4863846453053764 4.7037746797918585 0.69086424238074795
decision_type=2 2 2 8 2 2 10 2 8 10 2 8 2 8 10 10 10 2 2 2 10 2 10 10 2 10 10 2 2 10
left_child=1 5 9 -2 6 17 11 22 14 -3 24 13 -6 -4 -9 20 -10 25 28 -15 -12 -21 -7 -5 26 -1 -8 -16 29 -18
right_child=3 2 4 23 12 7 10 8 16 -11 15 -13 -14 19 27 -17 18 -19 -20 21 -22 -23 -24 -25 -26 -27 -28 -29 -30 -31
leaf_value=0.126929355565084 3.6543252084589657 2.5520871927344633 1.2431178738829081 1.061012592440244 0.33314692136695534 2.1513387416897345 0.3923654568068361 0.22517802915056728 0.17763416364980794 -0.66309599008352038 1.2974670319117345 -0.60980141109683439 -1.6573842582148566 -1.7045199764277292 -0.089099743310838753 -0.86121714410098549 -0.36574761236294906 0.32687157841161052 -0.074430178814941059 0.61736589509310469 -0.45403112955399083 -0.19263257694222458 -0.23022461996073648 0.45088140150432904 -0.23988847778024036 -0.13653055488341512 -0.66640055555790445 -0.89893530631481033 -0.93698854111686924 1.2515121318158826
leaf_weight=70012 884 1347 1405 15169 10771 1121 1549 32176 10936 504 767 16638 781 869 47920 61449 86952 35871 32074 3669 8498 24389 523 8302 23875 37897 28476 2461 4708 649
leaf_count=70012 884 1347 1405 15169 10771 1121 1549 32176 10936 504 767 16638 781 869 47920 61449 86952 35871 32074 3669 8498 24389 523 8302 23875 37897 28476 2461 4708 649
internal_value=-0.141593 -0.189956 -0.469202 0.947162 -0.490891 -0.0477675 -0.537309 -0.149379 -0.161022 1.67664 -0.64102 -0.262157 0.198572 -0.0714641 0.00924681 -0.78887 -0.264902 0.10737 -0.303811 -0.135314 -0.309034 -0.0867133 1.3937 0.845201 -0.44705 0.0344038 -0.611778 -0.128658 -0.383512 -0.353766
internal_weight=572642 548287 184987 24355 183136 363300 171584 219520 217876 1851 124614 46970 11552 30332 82557 70714 135319 143780 124383 28927 9265 28058 1644 23471 53900 107909 30025 50381 92309 87601
internal_count=572642 548287 184987 24355 183136 363300 171584 219520 217876 1851 124614 46970 11552 30332 82557 70714 135319 143780 124383 28927 9265 28058 1644 23471 53900 107909 30025 50381 92309 87601
is_linear=0
shrinkage=0.05


Tree=2
num_leaves=31
num_cat=0
split_feature=13 2 17 12 14 13 14 14 12 11 14 17 17 12 9 12 14 12 14 2 13 9 14 14 13 13 12 12 13 12
split_gain=1.2263e+07 8.90949e+06 7.23564e+06 3.33478e+06 4.04458e+06 3.28833e+06 3.12221e+06 2.39099e+06 2.263e+06 2.25178e+06 2.43981e+06 2.13683e+06 2.08776e+06 1.95407e+06 1.69762e+06 1.6711e+06 4.12856e+06 1.63598e+06 1.53704e+06 1.37863e+06 1.19599e+06 1.19379e+06 1.38495e+06 1.17849e+06 1.14063e+06 1.11794e+06 2.26037e+06 1.29697e+06 1.17866e+06 2.16852e+06
threshold=0.72128291540526657 -0.0008873989955120058 0.03938037161250485 0.0013102427116815129 0.014332030701907571 0.086379690949227386 -0.011175828150746085 0.014332030701907571 0.0026205806401390446 -0.014149421906154321 -0.0018105553692524285 0.035589175216908776 0.023418817131829469 -0.0026961470868247499 -0.066042529569280334 0.013653625485355612 0.00083291358709311307 -0.009218330210910267 0.00040813511009258409 -0.032261463195290004 0.77188524590163954 -0.006664201226032636 0.0019856109205337131 -0.033374233339537519 0.10532212885154063 0.80823230522374767 0.0069817067548779725 0.0090764862390379057 0.78953528697763142 0.0067004030608599323
decision_type=2 8 2 10 10 2 8 10 10 10 10 2 2 10 8 10 10 8 8 10 2 10 10 8 2 2 10 10 2 10
left_child=1 5 3 4 12 9 19 8 -4 10 -1 24 -3 -9 17 25 -17 -13 -5 -2 -21 22 -12 -16 -7 26 28 -28 29 -8
right_child=6 2 7 18 -6 11 15 13 -10 -11 21 14 -14 -15 23 16 -18 -19 -20 20 -22 -23 -24 -25 -26 -27 27 -29 -30 -31
leaf_value=0.15077805339539185 4.7620808756839734 -0.10549918605293362 -1.0045147292955614 -0.36129739528504795 1.5444254187549511 -1.457121363245018 0.36105772697974714 1.8238106316131422 -0.37564697732714619 -1.0404621496553985 5.2260841947992134 3.3797982128615121 -0.51881426614087345 -0.5415994975407602 -1.9521176126498649 3.1113242615404104 -1.6029449987250897 0.027858618132690138 0.11927688694101045 3.8483458985603836 1.3783258586937095 1.178149922084244 2.2308602501538011 -0.20368943113491711 0.15044052622669338 -0.21512303236206184 2.0208040099046789 0.46079030200653337 2.3650505085721782 -2.3871077798621689
leaf_weight=1151 515 42403 54699 21610 2713 1112 7572 1546 19372 737 782 643 109332 2006 977 1878 617 839 72317 636 2136 639 762 71115 143402 3665 4048 1986 617 793
leaf_count=1151 515 42403 54699 21610 2713 1112 7572 1546 19372 737 782 643 109332 2006 977 1878 617 839 72317 636 2136 639 762 71115 143402 3665 4048 1986 617 793
internal_value=-0.142624 -0.191505 -0.357911 -0.226224 -0.369098 0.0526804 0.952675 -0.779277 -0.840045 1.46064 2.01353 0.0263983 -0.403312 0.48794 -0.192949 0.730126 1.94551 1.48218 0.00871006 2.38641 1.94504 2.99567 3.74787 -0.227384 0.138071 0.567802 0.758893 1.50735 0.256089 0.100532
internal_weight=572620 548157 325998 248375 154448 222159 24463 77623 74071 4071 3334 218088 151735 3552 73574 21176 2495 1482 93927 3287 2772 2183 1544 72092 144514 18681 15016 6034 8982 8365
internal_count=572620 548157 325998 248375 154448 222159 24463 77623 74071 4071 3334 218088 151735 3552 73574 21176 2495 1482 93927 3287 2772 2183 1544 72092 144514 18681 15016 6034 8982 8365
is_linear=0
shrinkage=0.05


Tree=3
num_leaves=31
num_cat=0
split_feature=13 2 17 13 2 12 12 9 11 17 17 9 12 12 12 12 13 13 12 13 12 12 13 13 17 17 12 13 13 0
split_gain=1.13301e+07 8.494e+06 5.76518e+06 2.94742e+06 2.68807e+06 2.51259e+06 2.49016e+06 2.15941e+06 1.94426e+06 2.11206e+06 1.94105e+06 1.92144e+06 2.26944e+06 1.78736e+06 1.84261e+06 1.71596e+06 2.21043e+06 1.15004e+06 1.58856e+06 1.13592e+06 993516 1.11568e+06 968141 966877 946827 908066 904445 1.267e+06 835295 1.32565e+06
threshold=0.72128291540526657 -0.0008873989955120058 0.032599580313473868 0.086379690949227386 -0.032261463195290004 0.0013102427116815129 0.0024187455855361416 0.0026350476380051432 -0.18480681369007165 0.042141159227411427 0.035589175216908776 -0.046959210939030778 -0.018397836894734759 0.0069817067548779725 0.0080283938590056132 0.010656917268997959 0.77188524590163954 0.78953528697763142 0.0067004030608599323 0.10532212885154063 0.0014795005132255885 -0.0073909465954626521 0.51541258577209559 0.7164059387818823 0.023748572996266096 0.061877326001551755 -0.0055529359160462902 0.25347289214740504 0.31775210084033617 -0.037891549217626504
decision_type=2 8 2 2 10 10 10 10 8 2 2 8 8 10 10 10 2 2 10 2 8 10 2 2 2 2 8 2 2 8
left_child=1 3 5 7 -2 24 8 -1 26 -10 19 12 -12 17 -15 16 -16 18 -6 -5 21 -21 28 -7 -3 -8 27 -4 -13 -30
right_child=4 2 6 10 13 23 25 -9 9 -11 11 22 -14 14 15 -17 -18 -19 -20 20 -22 -23 -24 -25 -26 -27 -28 -29 29 -31
leaf_value=2.0479058345638905 4.0652667084804479 -0.11737079793694644 0.029517966133645199 -1.4219835689130895 0.33613839005323265 0.10534596665051316 -0.16474867458096026 -0.58189517183664663 -0.5852668522334995 -1.0719859054504881 4.0275779414800761 -0.099583526309554263 0.44208108079697611 2.5057675536922202 1.4994555856370584 1.6135651376649776 -0.31096354499314344 1.9251367116483717 -1.9474460481547418 0.48648491411347605 0.41250648044397098 0.026941138186176723 0.1197776725945551 -1.7278381667821123 -0.41032435783889359 -1.0167148523260878 -0.21772196688804818 2.9922033496369487 -2.5807327482606843 -0.44636266134140867
leaf_weight=3094 662 45211 969 1149 7472 67754 35692 1044 58317 36078 507 22774 3407 2223 2842 5378 4145 967 848 15261 29959 98164 15279 727 70731 3428 6288 575 745 30964
leaf_count=3094 662 45211 969 1149 7472 67754 35692 1044 58317 36078 507 22774 3407 2223 2842 5378 4145 967 848 15261 29959 98164 15279 727 70731 3428 6288 575 745 30964
internal_value=-0.128729 -0.175785 -0.338396 0.0624634 0.922427 -0.154252 -0.578658 1.38442 -0.708482 -0.771292 0.0373945 -0.171474 0.906528 0.835283 1.18046 0.942197 0.425434 0.293076 0.103388 0.143866 0.156413 0.0887714 -0.231955 0.0858847 -0.296089 -0.239405 0.0485296 1.13285 -0.330594 -0.496509
internal_weight=572654 548117 325770 222347 24537 184423 141347 4138 102227 94395 218209 73676 3914 23875 14588 12365 6987 9287 8320 144533 143384 113425 69762 68481 115942 39120 7832 1544 54483 31709
internal_count=572654 548117 325770 222347 24537 184423 141347 4138 102227 94395 218209 73676 3914 23875 14588 12365 6987 9287 8320 144533 143384 113425 69762 68481 115942 39120 7832 1544 54483 31709
is_linear=0
shrinkage=0.05


Tree=4
num_leaves=31
num_cat=0
split_feature=13 17 2 2 14 14 14 13 9 13 14 17 17 14 14 14 2 14 13 13 13 13 14 13 11 14 7 11 14 14
split_gain=1.02543e+07 7.5682e+06 4.64624e+06 3.62767e+06 3.00838e+06 2.44288e+06 2.4269e+06 2.65766e+06 2.2124e+06 2.18241e+06 1.78891e+06 1.78557e+06 1.34807e+06 1.33046e+06 1.31319e+06 1.27226e+06 1.2541e+06 1.22854e+06 1.18586e+06 1.14104e+06 1.10731e+06 1.10161e+06 2.1597e+06 1.07801e+06 1.37926e+06 1.02033e+06 1.01925e+06 1.01889e+06 989795 1.33875e+06
threshold=0.72128291540526657 0.035992221737517413 -0.0059795833035149815 -0.001654924771131071 -0.01796644498195283 0.014332030701907571 0.014332030701907571 0.54011518679355708 -0.049842431534780525 0.64338374803491094 -0.033374233339537519 0.050766916419643988 0.025573344524249041 -0.0011851451013237192 -0.0020407902496278082 0.01135832798867265 -0.024584353483003689 0.0043297657154013789 0.086379690949227386 0.32184218486668686 0.7164059387818823 0.7597791717666259 0.0091590992600573077 0.086379690949227386 -0.014852980389983122 -0.0018105553692524285 -0.015267357067794746 -0.09200384397721266 -9.1784016183020094e-05 0.0023043808513056982
decision_type=2 2 8 8 8 10 10 2 8 2 8 2 2 8 10 10 10 8 2 2 2 2 10 2 10 10 10 10 10 10
left_child=1 3 8 23 16 9 7 12 26 11 -10 -4 -5 14 -9 -13 -2 27 -12 -7 -15 -19 -23 24 25 -1 -3 28 -6 -30
right_child=4 2 5 6 17 19 -8 13 10 -11 18 15 -14 20 -16 -17 -18 21 -20 -21 -22 22 -24 -25 -26 -27 -28 -29 29 -31
leaf_value=0.36448427450401749 4.521291116213213 3.108716834470874 -0.60261505191170572 -0.13035740966681003 2.1045645538557962 1.7692057385420736 1.1571908490658003 -0.18524557633033709 -2.3506520766745811 -0.0089137332768622519 1.4703341359618674 -1.0013126378996795 -0.42553555563609025 0.16996529638324123 -1.6871235300220269 -2.6533078661193046 1.8137901530397285 0.72641135256110301 -0.11501610699896268 0.028007079202377272 -1.8454499825099901 -1.9543095397529642 1.2861627307161925 0.14258185415666977 -1.1068559151829642 2.693118146459589 0.81857271170416068 0.65599921758437629 -0.3107767013872384 1.9785086585862506
leaf_weight=768 682 610 85327 68520 2907 1334 3434 6457 879 12268 1211 23978 88817 62787 1879 1225 1147 2465 45440 3193 689 1449 797 135254 518 1214 2387 12623 1369 1197
leaf_count=768 682 610 85327 68520 2907 1334 3434 6457 879 12268 1211 23978 88817 62787 1879 1225 1147 2465 45440 3193 689 1449 797 135254 518 1214 2387 12623 1369 1197
internal_value=-0.12564 -0.170487 -0.438571 -0.0417416 0.872272 -0.59956 -0.162175 -0.181947 -0.032888 -0.64161 -0.115968 -0.711835 -0.296986 0.0700978 -0.523781 -1.08161 2.82337 0.715804 -0.0738625 0.541097 0.148089 -0.00342153 -0.804418 0.161598 1.19041 1.7908 1.2847 0.903043 1.47283 0.75714
internal_weight=572825 548189 177852 370337 24636 127325 232583 229149 50527 122798 47530 110530 157337 71812 8336 25203 1829 22807 46651 4527 63476 4711 2246 137754 2500 1982 2997 18096 5473 2566
internal_count=572825 548189 177852 370337 24636 127325 232583 229149 50527 122798 47530 110530 157337 71812 8336 25203 1829 22807 46651 4527 63476 4711 2246 137754 2500 1982 2997 18096 5473 2566
is_linear=0
shrinkage=0.05


Tree=5
num_leaves=31
num_cat=0
split_feature=13 17 2 14 9 12 2 12 14 12 14 14 17 13 14 12 13 2 14 14 12 14 12 14 14 6 13 14 14 13
split_gain=9.81035e+06 7.27331e+06 5.07331e+06 2.91477e+06 2.69114e+06 3.03356e+06 2.62321e+06 2.61931e+06 2.32667e+06 2.10888e+06 2.46449e+06 1.97683e+06 1.83862e+06 1.64077e+06 1.70683e+06 1.54371e+06 1.40002e+06 1.36129e+06 1.29361e+06 1.39006e+06 1.24512e+06 3.95932e+06 1.23107e+06 1.15473e+06 1.15159e+06 1.13201e+06 1.08698e+06 1.07757e+06 1.03408e+06 834174
threshold=0.72128291540526657 0.032599580313473868 -0.0021067793399143623 0.014332030701907571 -0.052906240073950048 -0.018397836894734759 -0.002911065758995635 0.0024187455855361416 -0.011175828150746085 0.0013102427116815129 0.012408643984512928 -0.033374233339537519 0.041932481151005084 0.086379690949227386 -0.00081376696052021442 -0.0026961470868247499 0.45923146655922648 -0.029718135603776615 -0.01796644498195283 -0.021658507068033826 0.013653625485355612 0.00083291358709311307 0.0037372501179207171 0.00040813511009258409 0.00040813511009258409 2.944881103827294 0.77188524590163954 0.011824106625347611 0.0091590992600573077 0.42833800186741366
decision_type=2 2 10 10 8 8 8 10 8 10 10 8 2 2 10 10 2 10 8 10 10 10 10 8 8 2 2 10 10 2
left_child=1 6 4 7 5 -3 -1 12 17 10 25 -6 -4 14 -13 -5 -17 -2 19 -15 -10 -22 -18 -9 -11 -8 -19 -25 -14 -30
right_child=8 2 3 15 11 -7 9 23 20 24 -12 13 28 18 -16 16 22 26 -20 -21 21 -23 -24 27 -26 -27 -28 -29 29 -31
leaf_value=0.19856535557947247 4.3287387279188101 4.4602675539575296 -0.55651779164001847 1.5689116683881206 -2.3525559379358687 0.57032293842189974 -0.21290980419486247 -0.67634011812865125 0.52223626386354727 -0.24986426579393492 1.2318156167473777 -0.64180033490425203 -0.90920571915133697 0.019373481077557667 2.6775032345291021 -2.3263880843287259 1.3313352072937015 3.5130192837795295 -0.17014680575128097 2.6523939302743118 2.8991849454619363 -1.692075543864807 -1.0130736397868172 -0.020185058712220139 0.20792550734815474 -0.69661265482573986 1.0886821053922178 -1.8062765127711142 -2.7013197169107346 -1.1407834044877274
leaf_weight=99351 566 633 61812 2303 992 2407 119416 11315 18668 18044 2820 615 39540 1228 1046 595 1396 595 81081 847 1827 632 935 26737 57559 13459 2074 872 1492 2010
leaf_count=99351 566 633 61812 2303 992 2407 119416 11315 18668 18044 2820 615 39540 1228 1046 595 1396 595 81081 847 1827 632 935 26737 57559 13459 2074 872 1492 2010
internal_value=-0.129039 -0.172645 -0.380722 -0.559034 -0.0816775 1.3803 -0.0133261 -0.601207 0.852753 -0.112956 -0.230862 -0.133472 -0.731234 -0.107518 1.4485 0.600559 -0.161613 2.10147 -0.138599 1.09415 0.661548 1.71916 0.390957 -0.250939 0.0986658 -0.261904 1.62914 -0.0765968 -0.982142 -1.80564
internal_weight=572867 548505 237856 149007 88849 3040 310649 143778 24362 211298 135695 85809 104854 84817 1661 5229 2926 3235 83156 2075 21127 2459 2331 38924 75603 132875 2669 27609 43042 3502
internal_count=572867 548505 237856 149007 88849 3040 310649 143778 24362 211298 135695 85809 104854 84817 1661 5229 2926 3235 83156 2075 21127 2459 2331 38924 75603 132875 2669 27609 43042 3502
is_linear=0
shrinkage=0.05


Tree=6
num_leaves=31
num_cat=0
split_feature=2 17 14 14 14 5 17 14 14 11 17 9 17 6 10 6 5 10 0 1 15 8 14 14 8 14 14 6 17 9
split_gain=6.6784e+06 4.77726e+06 3.42201e+06 3.12334e+06 2.37585e+06 1.9317e+06 1.589e+06 1.54766e+06 1.4879e+06 1.34669e+06 1.30447e+06 1.29863e+06 1.7079e+06 1.15868e+06 1.12039e+06 1.03746e+06 886181 717934 699641 656312 669415 646949 613467 1.69945e+06 608412 558894 526882 547786 521527 518853
threshold=-0.0008873989955120058 0.032599580313473868 -0.01796644498195283 0.014332030701907571 -0.021658507068033826 1.6101209422405003 0.048452496731507484 0.01135832798867265 0.015959206129601212 -0.15462676224803151 0.025072103982059585 -0.037069648153896524 0.038685415850537995 3.2023220308365166 0.023459822683284649 2.5608653995461235 1.1664454952667651 -0.07752820007001722 -0.0004196711440839803 0.007372910447235855 -0.0052288095278418406 0.092896174863388831 -0.0034352202709559058 -0.0080407074899879888 0.35714285714285604 -0.0031432516275421403 0.00014252197149017991 2.7953228882532102 0.026365280262031575 0.011662061470891103
decision_type=8 2 8 10 10 10 2 10 10 8 2 10 2 2 10 2 10 8 10 10 10 10 10 8 8 10 8 2 2 10
left_child=2 8 4 6 5 19 9 17 10 -3 -2 16 22 -12 -5 29 21 -8 -14 20 24 -4 23 -13 -1 -24 -18 -28 -27 -11
right_child=1 3 11 14 -6 -7 7 -9 -10 15 13 12 18 -15 -16 -17 26 -19 -20 -21 -22 -23 25 -25 -26 28 27 -29 -30 -31
leaf_value=-0.46524868839977035 0.028348822130183395 0.11316376930933369 1.1779578888771103 1.1673056812457243 2.6709995285987551 3.186646256659234 -0.16440398060937519 -2.4710024602343039 1.2428425494556965 -0.48577767244239622 -0.17657461916861988 -0.25560526436453335 -0.014199640166789432 -0.73642698187479538 -0.35163812328132105 -0.86121547786888897 0.42531281884673033 -0.84940792583438141 -0.39015436974274853 1.1271220402900475 -1.0735171172933486 0.16001105339192329 -0.8188786621639228 0.61713104292387311 1.571944484222783 0.18599579270181876 3.5595956917110074 1.2260987438631084 -0.011521850324327485 -0.20255797787587349
leaf_weight=783 89760 10455 2076 3832 1955 623 4462 1366 2053 65206 90956 8272 21948 10287 1777 15373 516 26796 28372 1289 1285 6290 1764 17128 689 60507 502 504 74653 21504
leaf_count=783 89760 10455 2076 3832 1955 623 4462 1366 2053 65206 90956 8272 21948 10287 1777 15373 516 26796 28372 1289 1285 6290 1764 17128 689 60507 502 504 74653 21504
internal_value=-0.121382 -0.260739 0.0877116 -0.471637 1.20762 0.594871 -0.516371 -0.823617 -0.0960343 -0.427302 -0.110425 0.0543759 0.0283297 -0.23346 0.686086 -0.482655 0.614507 -0.751625 -0.226175 0.195791 -0.239641 0.412612 0.107225 0.332908 0.488302 0.0653604 1.72427 2.39053 0.0769008 -0.415539
internal_weight=572983 343827 229156 150771 6624 4669 145162 32624 193056 112538 191003 222532 212644 101243 5609 102083 9888 31258 50320 4046 2757 8366 162324 25400 1472 136924 1522 1006 135160 86710
internal_count=572983 343827 229156 150771 6624 4669 145162 32624 193056 112538 191003 222532 212644 101243 5609 102083 9888 31258 50320 4046 2757 8366 162324 25400 1472 136924 1522 1006 135160 86710
is_linear=0
shrinkage=0.05


Tree=7
num_leaves=31
num_cat=0
split_feature=13 17 12 13 12 14 12 14 13 12 17 9 13 13 13 14 12 12 12 14 13 17 12 13 14 14 13 12 13 14
split_gain=9.41481e+06 6.74024e+06 3.84676e+06 2.6155e+06 2.31828e+06 2.36062e+06 2.18301e+06 2.93705e+06 2.11388e+06 2.01946e+06 1.93297e+06 1.55791e+06 1.30882e+06 1.29704e+06 1.27295e+06 1.26307e+06 1.23862e+06 1.23676e+06 1.92521e+06 1.63029e+06 1.2175e+06 1.18218e+06 1.13046e+06 1.13431e+06 1.12904e+06 1.09431e+06 1.36348e+06 1.11958e+06 1.04188e+06 1.04174e+06
threshold=0.72128291540526657 0.038685415850537995 -0.009580108063527739 0.26724219939117205 0.010656917268997959 0.00083291358709311307 0.0013102427116815129 0.015959206129601212 0.65671142809383187 -0.009218330210910267 0.025669582178647347 -0.022850348844555907 0.086379690949227386 0.16887096774193552 0.27226271979510425 -0.0011851451013237192 -0.01158329952267197 -0.0070682575628737343 -0.0064836710996034408 -0.0019443866454812513 0.7164059387818823 0.050287139000483032 -0.0049951111909748653 0.30031645569620258 0.0061725728947960848 -0.0018105553692524285 0.12723558433549184 -0.018397836894734759 0.7164059387818823 -0.0010586915565139472
decision_type=2 2 8 2 10 10 10 10 2 8 2 10 2 2 2 8 10 10 10 10 2 2 8 2 8 10 2 10 2 8
left_child=1 6 3 12 24 -6 7 9 21 11 -11 25 -3 16 -8 17 -14 -12 19 -19 -16 -4 23 -23 -2 26 -1 -27 -10 -17
right_child=4 2 8 -5 5 -7 14 -9 28 10 15 -13 13 -15 20 29 -18 18 -20 -21 -22 22 -24 -25 -26 27 -28 -29 -30 -31
leaf_value=-1.7215913154997609 0.69186247042819204 1.5995912031360977 -0.47274253089474683 3.0510070295532654 2.2093151915312155 -0.42154832619502858 -2.3341625854613377 1.7086417289039444 0.35653856341556089 -0.014860933747266379 1.2337781789321822 0.14203252378565767 -1.0633740252235462 0.88469375767705916 0.14437735438978583 -1.8638770284672366 0.69900614692670549 -4.0439889091832768 0.074253376356721815 -0.18678205464866093 -1.3775933697718723 -0.42498454218480125 -0.90577007418690936 1.6499839499631186 -0.7169977870846157 3.7779183495615798 1.7346876662557484 1.2845298648410788 -1.7515310674018805 -0.33405316650356282
leaf_weight=550 17351 1473 81086 916 4652 1044 527 2151 8415 104968 2071 14361 3266 2497 124674 1122 1435 540 17155 556 1328 4355 35070 776 1549 621 593 1637 630 135702
leaf_count=550 17351 1473 81086 916 4652 1044 527 2151 8415 104968 2071 14361 3266 2497 124674 1122 1435 540 17155 556 1328 4355 35070 776 1549 621 593 1637 630 135702
internal_value=-0.114131 -0.157048 -0.456562 0.510076 0.842882 1.72711 -0.054473 -0.131887 -0.527666 -0.146033 -0.180996 0.369913 0.241653 -0.0362358 0.11808 -0.291968 -0.5254 0.0758472 -0.055547 -2.08723 0.128337 -0.582656 -0.804353 -0.111171 0.576396 1.33215 0.0715613 1.97027 0.209708 -0.346598
internal_weight=573071 548475 139919 9587 24596 5696 408556 282027 130332 279876 262114 17762 8671 7198 126529 157146 4701 20322 18251 1096 126002 121287 40201 5131 18900 3401 1143 2258 9045 136824
internal_count=573071 548475 139919 9587 24596 5696 408556 282027 130332 279876 262114 17762 8671 7198 126529 157146 4701 20322 18251 1096 126002 121287 40201 5131 18900 3401 1143 2258 9045 136824
is_linear=0
shrinkage=0.05


Tree=8
num_leaves=31
num_cat=0
split_feature=13 2 17 14 14 12 13 11 14 12 17 17 9 14 12 12 14 9 14 2 13 12 14 17 13 12 13 12 13 12
split_gain=8.61733e+06 6.72734e+06 4.72847e+06 2.93483e+06 2.62766e+06 2.58703e+06 2.55978e+06 2.03383e+06 2.13983e+06 1.8211e+06 1.67782e+06 1.51462e+06 1.49531e+06 1.45531e+06 1.4254e+06 1.35791e+06 3.33995e+06 1.30586e+06 1.24388e+06 1.16723e+06 1.13137e+06 1.28612e+06 1.11502e+06 1.02213e+06 1.00849e+06 1.01926e+06 1.74481e+06 1.71365e+06 1.63245e+06 1.53737e+06
threshold=0.72128291540526657 -1.0000000180025095e-35 0.030603518888102216 0.014332030701907571 -0.016262574947656892 0.0013102427116815129 0.086379690949227386 -0.014493007302566805 -0.0018105553692524285 -0.0026961470868247499 0.035589175216908776 0.043319886780299181 -0.083267613653601594 0.0019856109205337131 0.0013102427116815129 0.012472248262135881 0.00083291358709311307 -0.017572157199115739 0.017502042061277878 -0.027777691170817357 0.45923146655922648 0.0037372501179207171 -0.033374233339537519 0.061877326001551755 0.82686437975490878 0.0069817067548779725 0.78953528697763142 0.0080283938590056132 0.77188524590163954 0.0067004030608599323
decision_type=2 8 2 10 8 10 2 10 10 10 2 2 8 10 10 10 10 10 10 10 2 10 8 2 2 10 2 10 2 10
left_child=1 6 14 5 19 11 7 8 -1 -5 -8 -4 -12 17 18 24 -17 -10 -3 -2 -11 -22 -14 -7 25 26 29 -27 -29 -6
right_child=4 2 3 9 15 23 10 -9 13 20 12 -13 22 -15 -16 16 -18 -19 -20 -21 21 -23 -24 -25 -26 27 -28 28 -30 -31
leaf_value=0.090707245111403628 4.2781264959649468 -0.24305124710055687 -0.57036341611285191 1.660468600649756 0.24793364426619935 -0.24142841289863584 0.11819317673672068 -1.1230874476115147 5.5993015988274486 -2.0551198372452322 1.8759851851789966 -1.0108396600767746 -1.8539910736844769 1.4425269570928119 0.092286090766724449 2.4620309971946042 -0.86849819372946735 2.1386875800228871 1.6196133529728289 1.7316860507845118 1.2349000905264038 -1.102318913389343 -0.16909119300327174 -1.0974415301373222 -0.64272253491590281 2.2543732177844165 2.4334733244492224 1.2883239407032614 -0.45837553533587772 -1.9728675551892563
leaf_weight=1205 614 93168 63038 2431 7549 59859 156920 728 591 632 885 28268 995 1123 56677 2640 1053 506 905 1685 1497 970 74658 3703 1857 2040 821 3197 2300 869
leaf_count=1205 614 93168 63038 2431 7549 59859 156920 728 591 632 885 28268 995 1123 56677 2640 1053 506 905 1685 1497 970 74658 3703 1857 2040 821 3197 2300 869
internal_value=-0.112803 -0.153864 -0.30685 -0.495812 0.802229 -0.536227 0.0464684 1.27691 1.78704 0.636014 0.02458 -0.706733 -0.167348 2.7078 -0.105793 0.636488 1.51238 4.00307 -0.225132 2.41177 -0.167615 0.315929 -0.191251 -0.291298 0.462889 0.585273 0.233262 1.01677 0.557487 0.0186777
internal_weight=573384 548759 311148 160398 24625 154868 237611 4153 3425 5530 233458 91306 76538 2220 150750 22326 3693 1097 94073 2299 3099 2467 75653 63562 18633 16776 9239 7537 5497 8418
internal_count=573384 548759 311148 160398 24625 154868 237611 4153 3425 5530 233458 91306 76538 2220 150750 22326 3693 1097 94073 2299 3099 2467 75653 63562 18633 16776 9239 7537 5497 8418
is_linear=0
shrinkage=0.05


Tree=9
num_leaves=31
num_cat=0
split_feature=2 17 14 9 17 17 7 14 4 6 14 10 14 11 6 11 14 17 3 14 14 7 14 14 10 8 8 16 14 14
split_gain=5.4391e+06 4.2043e+06 2.65345e+06 2.58177e+06 1.87197e+06 1.6415e+06 1.48977e+06 1.385e+06 1.2714e+06 1.19747e+06 1.1119e+06 1.00967e+06 931058 888142 869182 824200 801101 689911 664000 590533 524806 712529 609089 789942 601094 513516 505042 698555 504634 845562
threshold=-1.0000000180025095e-35 0.03121162183414234 0.014332030701907571 -0.049842431534780525 0.03482511355678803 0.048038571714104049 -0.015267357067794746 0.01135832798867265 0.014323594378111848 4.7037746797918585 -0.01796644498195283 -0.06487286056605733 -0.013851110702276003 -0.15177285500405222 4.4863846453053764 -0.014149421906154321 -0.021658507068033826 0.020181186842415138 0.34702488515807622 0.014332030701907571 -0.033374233339537519 -0.010114117991769868 -0.01796644498195283 -0.021658507068033826 -0.045438922942194787 0.37500000000000017 0.50284902597402348 0.060932827954186801 -0.013851110702276003 -0.0034352202709559058
decision_type=10 2 10 8 2 2 10 8 10 2 8 10 8 10 2 10 10 2 10 10 8 10 10 10 10 8 8 8 8 10
left_child=3 14 5 6 10 9 -1 11 18 13 16 -7 -8 -3 17 -4 25 -2 20 -19 -6 24 23 -23 -22 -5 -15 -28 -12 -30
right_child=1 2 15 4 8 7 12 -9 -10 -11 28 -13 -14 26 -16 -17 -18 19 -20 -21 21 22 -24 -25 -26 -27 27 -29 29 -31
leaf_value=3.2143362187702831 0.18206116863510216 0.096917588665558663 0.86808552049354848 -0.80604623383626428 -1.2159464909817466 -0.0836808194453421 2.7648682608703776 -2.0565448375111797 -0.36564121123020771 -0.95809367119948152 -0.62954335926582417 -0.82452878514172956 0.54454505984357793 -0.53008510616525661 -0.5210767508559021 -0.76694493441219913 2.2251710400337901 -0.10007777919767061 1.0524167955500456 0.80252656318312399 1.7953747918791874 0.2024408136520689 -0.08948370351855528 2.2565199210143061 0.29179180177366681 1.0339394327276403 -0.048503106916225142 -0.40243134257612212 0.43731431248081165 0.092627883999215704
leaf_weight=768 29418 10732 5007 539 879 5597 540 1978 36919 8299 2165 25792 3758 36707 9816 911 1046 124018 1532 1839 945 1864 37486 625 2241 1279 19638 48062 20574 131607
leaf_count=768 29418 10732 5007 539 879 5597 540 1978 36919 8299 2165 25792 3758 36707 9816 911 1046 124018 1532 1839 945 1864 37486 625 2241 1279 19638 48062 20574 131607
internal_value=-0.109392 -0.242553 -0.422913 0.0689494 0.0453419 -0.462138 1.18595 -0.773293 -0.147553 -0.378029 0.146557 -0.692428 0.823506 -0.336219 -0.0647801 0.616394 1.12272 -0.0359345 0.0291255 -0.0868891 -0.00647125 0.0181604 -0.0391923 0.71823 0.73777 0.488421 -0.380741 -0.299766 0.128444 0.139228
internal_weight=572581 327814 162723 244767 239701 156805 5066 33367 82491 123438 157210 31389 4298 115139 165091 5918 2864 155275 45572 125857 44040 43161 39975 2489 3186 1818 104407 67700 154346 152181
internal_count=572581 327814 162723 244767 239701 156805 5066 33367 82491 123438 157210 31389 4298 115139 165091 5918 2864 155275 45572 125857 44040 43161 39975 2489 3186 1818 104407 67700 154346 152181
is_linear=0
shrinkage=0.05


Tree=10
num_leaves=31
num_cat=0
split_feature=12 17 12 9 14 17 12 14 12 14 12 14 12 14 14 14 9 12 14 14 12 12 14 14 12 14 12 14 14 10
split_gain=6.8889e+06 4.84792e+06 4.53478e+06 3.79949e+06 2.8051e+06 2.89233e+06 2.58076e+06 2.23858e+06 1.99109e+06 1.74747e+06 1.66346e+06 3.76483e+06 2.03622e+06 1.65516e+06 1.63593e+06 1.55797e+06 1.27058e+06 1.21843e+06 1.26815e+06 1.161e+06 1.11388e+06 1.08356e+06 1.62506e+06 1.04143e+06 1.04004e+06 1.07925e+06 1.40672e+06 994984 986278 1.13458e+06
threshold=0.0069817067548779725 0.028828094249179856 -0.009218330210910267 -0.058211730413737818 0.02042647176750689 0.049322186524095674 0.0019117719798810303 -0.0073043107792539535 0.0086759873145388564 -0.00066130064357517338 0.013653625485355612 0.00083291358709311307 0.0080283938590056132 -0.003777759958108706 0.0031415721934363564 0.017502042061277878 -0.025601782438033256 0.0046182709642192434 -0.0066860323921768099 -0.021658507068033826 -0.018397836894734759 -0.0049951111909748653 0.0089500665715177719 -0.011175828150746085 0.0013102427116815129 0.00040813511009258409 0.0030639036876704264 0.0060195072149775257 0.0028356026167798884 -0.07752820007001722
decision_type=10 2 8 10 10 2 10 8 10 10 10 10 10 10 10 10 10 10 8 10 10 8 10 10 10 8 10 10 10 10
left_child=1 24 3 20 5 6 9 8 23 -4 12 -12 13 -9 -8 16 -5 21 -19 -18 -3 28 -23 -2 -1 26 -26 -21 -7 -30
right_child=7 2 4 15 -6 17 14 10 -10 -11 11 -13 -14 -15 -16 -17 19 18 -20 27 -22 22 -24 -25 25 -27 -28 -29 29 -31
leaf_value=-0.046599555411462101 -1.0871694609592129 4.130969366100099 -0.036866222237074385 0.95855182825229268 1.7562519222687911 -0.78832454557594756 -0.2274924827219052 -0.88479016780219233 2.0259229290734853 -0.44070416867208578 2.8838999284876583 -1.6540187493250487 -0.16790210056008564 1.5119289094527 0.26932663533174533 2.4440318219279731 -2.0134396669621637 2.4695458974704092 -0.21338158341099767 0.19522202217017376 1.3636478535933507 -0.77810984447585796 -1.9396883846335886 0.97293422557121989 0.36436423730126438 0.30102116532446965 -0.5183594070798454 -1.247182146454942 2.5608243393856402 0.021891968138122987
leaf_weight=160873 860 819 32604 3882 1608 2569 37171 885 4777 150160 1665 630 11250 3872 29896 782 726 502 3592 11304 654 32544 3318 2140 7836 51791 10644 1337 573 1896
leaf_count=160873 860 819 32604 3882 1608 2569 37171 885 4777 150160 1665 630 11250 3872 29896 782 726 502 3592 11304 654 32544 3318 2140 7836 51791 10644 1337 573 1896
internal_value=-0.112668 -0.150515 -0.277825 0.460673 -0.326415 -0.337774 -0.271313 0.681271 1.39192 -0.368662 0.379298 1.6382 0.198804 1.06604 -0.00602881 0.26121 0.16225 -0.706801 0.115595 -0.0690095 2.9023 -0.789121 -0.885581 0.382371 0.0234975 0.183972 -0.144062 0.0426633 -0.10249 0.611122
internal_weight=573160 547081 315937 19504 296433 294825 249831 26079 7777 182764 18302 2295 16007 4757 67067 18031 17249 44994 4094 13367 1473 40900 35862 3000 231144 70271 18480 12641 5038 2469
internal_count=573160 547081 315937 19504 296433 294825 249831 26079 7777 182764 18302 2295 16007 4757 67067 18031 17249 44994 4094 13367 1473 40900 35862 3000 231144 70271 18480 12641 5038 2469
is_linear=0
shrinkage=0.05


Tree=11
num_leaves=31
num_cat=0
split_feature=13 2 17 13 12 17 11 13 13 12 12 12 13 12 13 12 2 12 12 13 8 12 12 13 17 13 12 10 12 12
split_gain=7.61614e+06 6.0211e+06 3.86422e+06 2.83602e+06 2.62064e+06 2.11015e+06 1.97159e+06 1.76894e+06 1.73815e+06 1.84432e+06 1.24962e+06 1.89108e+06 1.19331e+06 1.44943e+06 1.32644e+06 1.96151e+06 1.05245e+06 1.02623e+06 1.01589e+06 979692 1.46194e+06 1.34327e+06 978315 1.14553e+06 969096 963429 1.63115e+06 903939 903627 882520
threshold=0.66909206366005647 0.002326428393100682 0.042141159227411427 0.086379690949227386 0.010656917268997959 0.041705840010878133 -0.0081134795173041611 0.10532212885154063 0.40709906380380595 -0.0013715312726306137 -0.009218330210910267 -0.0090148358906430217 0.41198591549295777 -0.0013715312726306137 0.32550485182271183 -0.0044668393901314803 -0.024584353483003689 0.0014795005132255885 -0.0049951111909748653 0.12723558433549184 0.082352941176471975 -0.012121439880781302 -0.005151053458202064 0.30031645569620258 0.026827401021574323 0.26724219939117205 -0.009580108063527739 0.011276193791549941 -0.015523825238295434 0.0069817067548779725
decision_type=2 8 2 2 10 2 10 2 2 10 8 8 2 8 2 8 10 10 10 2 10 10 8 2 2 2 8 10 8 10
left_child=1 3 8 6 29 7 -1 -5 9 28 19 -12 14 -14 -13 -16 -6 -15 25 20 -9 -22 23 -4 -10 -7 -27 -18 -3 -2
right_child=4 2 22 5 16 18 -8 10 24 -11 11 12 13 17 15 -17 27 -19 -20 -21 21 -23 -24 -25 -26 26 -28 -29 -30 -31
leaf_value=1.6882057789456661 0.21063542239610961 1.3694398031316941 -0.36806617429865546 -1.6483346075775342 3.5396356268579496 -0.20989733270030989 -1.5349610088968106 1.222207748753033 0.0093279479838294065 -1.2004479758382096 -1.8283230122906475 0.075736503845783315 1.0499250476191444 -0.012521306092640039 -2.8284835489151803 -0.25162195831932482 1.5814696335917409 0.29464245626989433 -0.45808810574509784 0.78351388377483999 -2.3978022863840684 0.18304021960954542 -0.8196962647777033 1.935927356927881 -0.25939290620337274 2.8390294699534411 0.21331490758093596 0.0064051173533270795 -0.39819157600255706 0.71583594743906276
leaf_weight=3711 30071 736 3652 1543 555 9756 544 1111 54633 7894 1372 52156 4223 70068 751 44359 4411 44438 36203 9571 955 1068 43316 633 86945 739 2963 1148 40974 12132
leaf_count=3711 30071 736 3652 1543 555 9756 544 1111 54633 7894 1372 52156 4223 70068 751 44359 4411 44438 36203 9571 955 1068 43316 633 86945 739 2963 1148 40974 12132
internal_value=-0.104662 -0.160017 -0.345301 -0.00506862 0.496021 -0.0244499 1.27613 0.0389641 -0.244935 -0.499636 0.0502801 0.0221081 0.0338621 0.140234 -0.0959819 -0.294522 1.46348 0.106684 -0.320208 0.532268 -0.235016 -1.0353 -0.748402 -0.0277096 -0.155697 0.0507012 0.737465 1.2562 -0.367001 0.355864
internal_weight=572631 524314 238783 285531 48317 281276 4255 231615 191182 49604 230072 217367 215995 118729 97266 45110 6114 114506 49661 12705 3134 2023 47601 4285 141578 13458 3702 5559 41710 42203
internal_count=572631 524314 238783 285531 48317 281276 4255 231615 191182 49604 230072 217367 215995 118729 97266 45110 6114 114506 49661 12705 3134 2023 47601 4285 141578 13458 3702 5559 41710 42203
is_linear=0
shrinkage=0.05


Tree=12
num_leaves=31
num_cat=0
split_feature=13 2 14 13 13 14 14 13 10 14 9 14 14 14 13 5 13 14 2 14 13 13 9 13 2 14 13 8 8 13
split_gain=7.5278e+06 5.63469e+06 2.88504e+06 2.67602e+06 2.55343e+06 3.32813e+06 2.518e+06 2.28658e+06 1.93886e+06 1.76877e+06 1.46758e+06 2.86825e+06 1.80453e+06 1.64677e+06 1.35492e+06 1.27279e+06 1.23251e+06 1.20893e+06 1.14622e+06 1.13949e+06 2.39711e+06 1.51657e+06 1.54469e+06 1.42716e+06 1.11818e+06 1.11797e+06 1.05444e+06 1.04361e+06 944907 1.40901e+06
threshold=0.66909206366005647 -0.00043715848619002123 0.014332030701907571 0.086379690949227386 0.40709906380380595 0.0093921061047047109 -0.016262574947656892 0.38449010273114514 -0.010156263833211941 -0.0018105553692524285 -0.049842431534780525 -0.033374233339537519 -0.01796644498195283 -0.021658507068033826 0.10532212885154063 1.0379718216869864 0.32550485182271183 0.0018754365430909785 -0.024584353483003689 0.0058146928034701504 0.65143670371374374 0.41639861405595496 -0.024418842522300095 0.42713548097429571 0.0085837436913915478 0.0019856109205337131 0.32184218486668686 0.68725350470317037 0.063829787234046767 0.11425369198312237
decision_type=2 10 10 2 2 10 8 2 10 10 8 8 8 10 2 10 2 10 10 10 2 2 10 2 10 10 2 8 10 2
left_child=1 3 4 8 5 7 18 -3 9 -1 15 -12 13 -13 17 -5 -7 -14 -2 24 21 -21 -23 -24 -6 -11 -4 -26 29 -16
right_child=6 2 26 10 19 16 -8 -9 -10 25 11 12 14 -15 28 -17 -18 -19 -20 20 -22 22 23 -25 27 -27 -28 -29 -30 -31
leaf_value=0.36428610226501107 3.6311161536808694 -0.37733119323216802 1.5338532990148483 0.38255289633017114 -0.19003724263690325 -2.9690221744635927 0.41136599508907179 -1.1203878220228292 0.036779052517530664 4.5791915364998328 -2.4329780366787261 0.09014356325113515 -2.2153090086800082 2.3806681546649577 2.5720179637818603 2.2734624039016755 -1.0529583849231916 0.35039346714657321 1.3126933440449156 1.1881642172191191 1.8817824179137923 -1.0159462495585874 -1.9256529546284284 0.018590654786025295 -0.74894942501683437 1.879530441319432 0.26473110629973412 -0.31696758496274996 -0.045200172248781416 0.20494271569814965
leaf_weight=824 786 64805 2385 3185 104041 1846 46059 12322 1752 771 1214 1629 1296 1514 642 1235 1539 711 1657 2241 1623 4545 971 33776 20573 763 5216 43636 178794 30302
leaf_count=824 786 64805 2385 3185 104041 1846 46059 12322 1752 771 1214 1629 1296 1514 642 1235 1539 711 1657 2241 1623 4545 971 33776 20573 763 5216 43636 178794 30302
internal_value=-0.101609 -0.156755 -0.298726 0.0325462 -0.323766 -0.56339 0.494336 -0.496044 1.29665 2.23274 0.0089863 -0.00946072 0.00423083 1.1935 -0.0134219 0.910895 -2.09788 -1.30638 2.05861 -0.232508 -0.00330332 -0.0769675 -0.149124 -0.035741 -0.291299 3.2364 0.662949 -0.455378 -0.00104945 0.254053
internal_weight=572653 524151 299519 224632 291918 80512 48502 77127 4110 2358 220522 216102 214888 3143 211745 4420 3385 2007 2443 211406 43156 41533 39292 34747 168250 1534 7601 64209 209738 30944
internal_count=572653 524151 299519 224632 291918 80512 48502 77127 4110 2358 220522 216102 214888 3143 211745 4420 3385 2007 2443 211406 43156 41533 39292 34747 168250 1534 7601 64209 209738 30944
is_linear=0
shrinkage=0.05


Tree=13
num_leaves=31
num_cat=0
split_feature=12 17 12 9 14 12 14 17 12 14 12 12 14 14 12 14 14 14 14 12 12 14 17 12 14 12 14 14 12 10
split_gain=5.31938e+06 4.88574e+06 3.7497e+06 3.58034e+06 2.61585e+06 2.41405e+06 1.88918e+06 1.79071e+06 1.68152e+06 1.30834e+06 1.25288e+06 1.95334e+06 3.5703e+06 1.3934e+06 1.16416e+06 1.15647e+06 1.03652e+06 1.01269e+06 931505 1.49942e+06 1.15932e+06 1.12153e+06 1.11347e+06 1.00466e+06 1.05583e+06 931155 990937 912603 1.32838e+06 1.18794e+06
threshold=0.0069817067548779725 0.029613646454676925 -0.009218330210910267 -0.052906240073950048 0.02042647176750689 0.0019117719798810303 -0.0073043107792539535 0.043319886780299181 0.0086759873145388564 0.017502042061277878 0.0080283938590056132 0.013653625485355612 0.00083291358709311307 -0.0009312187362649167 -0.018397836894734759 0.0059817194653357655 -0.00066130064357517338 -0.0096976068340517887 0.00027640531885351848 0.0030639036876704264 0.0026669142903271779 -0.00081376696052021442 0.049322186524095674 0.0033943032852948416 -0.0036085129402870018 0.0013102427116815129 0.015959206129601212 0.0091590992600573077 -0.0049951111909748653 0.0021031976448435581
decision_type=10 2 8 10 10 10 8 2 10 10 10 10 10 10 10 8 10 10 8 10 10 10 2 10 10 8 10 10 10 10
left_child=1 25 3 14 5 7 8 16 17 15 13 -12 -13 -8 -3 -5 -4 -2 19 20 21 -7 -20 24 -21 26 -1 -9 29 -29
right_child=6 2 4 9 -6 18 10 27 -10 -11 11 12 -14 -15 -16 -17 -18 -19 22 23 -22 -23 -24 -25 -26 -27 -28 28 -30 -31
leaf_value=-0.041969619710669086 -0.77844219919428914 3.8415593842103206 -0.03716368025441321 0.25009193393977108 1.706227762717812 0.24805868475327594 0.037342169394098207 -0.5955326363859651 1.848947455733579 2.2887205508518051 -0.18872920072133811 2.679612783954612 -1.788556514089146 1.7817363904960208 1.2582441934490907 -1.1029179927397086 -0.38541085125752667 1.0905777047035246 0.12698775847906796 -0.22797947842147206 1.1684521493541749 -1.6222442071214265 -0.45465480699649652 -0.45554611979853876 -2.3092165392489554 0.17661968199691513 1.4929948555400669 1.5056132914436549 -1.8482570422338243 -1.7196286166005164
leaf_weight=169895 1216 888 26054 14593 1594 3151 2012 52118 4703 715 11235 1603 620 2656 857 1771 118775 1794 45391 969 2294 1075 10050 12121 1642 77335 1058 662 3321 502
leaf_count=169895 1216 888 26054 14593 1594 3151 2012 52118 4703 715 11235 1603 620 2656 857 1771 118775 1794 45391 969 2294 1075 10050 12121 1642 77335 1058 662 3321 502
internal_value=-0.0981021 -0.131227 -0.267523 0.415553 -0.313492 -0.325067 0.602929 -0.415962 1.25833 0.195138 0.324041 0.0792199 1.43343 1.02987 2.57285 0.103662 -0.322763 0.335519 -0.0863358 -0.367785 0.26352 -0.227705 0.0215512 -0.647184 -1.53682 0.0326558 -0.03247 -0.654428 -1.33882 0.114658
internal_weight=572670 546831 298543 18824 279719 278125 25839 201432 7713 17079 18126 13458 2223 4668 1745 16364 144829 3010 76693 21252 6520 4226 55441 14732 2611 248288 170953 56603 4485 1164
internal_count=572670 546831 298543 18824 279719 278125 25839 201432 7713 17079 18126 13458 2223 4668 1745 16364 144829 3010 76693 21252 6520 4226 55441 14732 2611 248288 170953 56603 4485 1164
is_linear=0
shrinkage=0.05


Tree=14
num_leaves=31
num_cat=0
split_feature=13 2 14 13 14 12 12 13 9 14 14 2 13 12 13 13 12 14 12 14 13 9 14 13 13 12 14 14 13 14
split_gain=6.60061e+06 5.13852e+06 2.80041e+06 2.57277e+06 3.09895e+06 2.40293e+06 2.30794e+06 2.07236e+06 2.11149e+06 1.89537e+06 2.55509e+06 1.57389e+06 1.54095e+06 1.43074e+06 3.02381e+06 1.36248e+06 1.87631e+06 2.71021e+06 2.58016e+06 2.53139e+06 2.47503e+06 2.44211e+06 2.03805e+06 1.87113e+06 2.85457e+06 2.23253e+06 1.74614e+06 3.33033e+06 1.66195e+06 1.48172e+06
threshold=0.66909206366005647 -1.0000000180025095e-35 0.014332030701907571 0.40709906380380595 0.0093921061047047109 -0.0013715312726306137 0.0069817067548779725 0.086379690949227386 0.0088752720926035637 -0.0018105553692524285 0.0019856109205337131 -0.032261463195290004 0.40031545741324931 -0.0026961470868247499 0.44220408383169013 0.10532212885154063 -0.009218330210910267 -0.033374233339537519 -0.0090148358906430217 -0.01796644498195283 0.26724219939117205 -0.01901515869009027 -0.0080407074899879888 0.46074929971988798 0.44220408383169013 0.0058347562935567665 -0.021658507068033826 -0.011175828150746085 0.60669865403788636 -0.0018105553692524285
decision_type=2 10 10 2 10 10 10 2 10 10 10 10 2 10 2 2 8 8 8 8 2 10 8 2 2 10 10 10 2 10
left_child=1 7 3 4 5 12 -2 8 9 -1 -11 -8 -3 -4 -15 -9 20 -18 -19 -20 26 -22 23 24 -21 28 -17 -28 -25 -24
right_child=6 2 13 -5 -6 -7 11 15 -10 10 -12 -13 -14 14 -16 16 17 18 19 22 21 -23 29 25 -26 -27 27 -29 -30 -31
leaf_value=-0.090912144795018496 0.19481585435931603 -0.32953250900093878 1.404741287074283 -0.21824093908409892 -2.0488130806844476 -1.1360254589245196 3.2508097587415552 -1.2634918832270239 -1.2977002357476919 4.2136287915597768 0.92127665361115096 0.81479484390165524 -2.1069499066964967 -3.5385547465311009 0.54659174030013247 -2.051035093736195 -3.0161413070859706 -2.0594355054011353 1.5754648968791685 -0.78585466253333391 4.7953700609643155 0.20725367699918296 0.33049981265600614 -1.578178531072874 2.2208187433021522 0.79760011275032461 3.6322692614537901 0.30192462023839012 -4.3699986391559369 -0.042037783274838834
leaf_weight=1073 30171 61685 3501 207377 3323 12026 689 2082 736 1095 1276 17613 1244 519 3561 716 752 1523 2538 3446 648 525 31924 2256 1024 762 792 14385 698 162830
leaf_count=1073 30171 61685 3501 207377 3323 12026 689 2082 736 1095 1276 17613 1244 519 3561 716 752 1523 2538 3446 648 525 31924 2256 1024 762 792 14385 698 162830
internal_value=-0.0947 -0.146308 -0.28526 -0.310432 -0.554668 -0.488428 0.463528 0.0300188 1.13321 1.65271 2.44179 0.906501 -0.364669 0.663224 0.0269371 0.00969568 0.0214864 -0.0199134 -0.00902856 0.00616902 0.525466 2.74187 -0.0134568 -0.786318 -0.0970776 -1.61541 0.361883 0.475716 -2.23786 0.0190284
internal_weight=572790 524317 293236 285655 78278 74955 48473 231081 4180 3444 2371 18302 62929 7581 4080 226901 224819 207753 207001 205478 17066 1173 202940 8186 4470 3716 15893 15177 2954 194754
internal_count=572790 524317 293236 285655 78278 74955 48473 231081 4180 3444 2371 18302 62929 7581 4080 226901 224819 207753 207001 205478 17066 1173 202940 8186 4470 3716 15893 15177 2954 194754
is_linear=0
shrinkage=0.05


Tree=15
num_leaves=31
num_cat=0
split_feature=13 17 12 9 17 14 14 14 12 14 12 14 8 14 13 12 14 13 14 14 14 13 12 13 14 14 12 12 12 13
split_gain=6.37983e+06 5.21246e+06 3.5813e+06 3.88934e+06 2.44863e+06 2.1318e+06 1.62306e+06 2.98891e+06 1.39578e+06 1.39546e+06 1.38981e+06 2.0718e+06 1.34072e+06 1.30753e+06 1.22433e+06 1.08186e+06 1.90842e+06 1.36989e+06 1.42132e+06 994671 1.89619e+06 1.20879e+06 1.15857e+06 1.67526e+06 1.31771e+06 1.99178e+06 1.083e+06 1.72009e+06 1.24099e+06 1.08389e+06
threshold=0.66909206366005647 0.028828094249179856 -0.009218330210910267 -0.058211730413737818 0.048452496731507484 -0.016262574947656892 0.012408643984512928 0.011824106625347611 0.0019117719798810303 -0.00066130064357517338 0.012472248262135881 0.00083291358709311307 0.1337996077761234 0.0031415721934363564 0.16887096774193552 -0.01158329952267197 -0.0012642752095639196 0.086379690949227386 7.7765714262847217e-05 0.0014528306466622214 0.0025310492192112525 0.80823230522374767 0.0051455069210035653 0.69271670416800613 0.00040813511009258409 0.0011296176608035534 0.0069817067548779725 0.005547319853706047 0.0058347562935567665 0.7597791717666259
decision_type=2 2 8 10 2 8 10 10 10 10 10 10 10 10 2 10 10 2 10 10 10 2 8 2 8 10 10 10 10 2
left_child=1 -1 3 -3 6 -2 7 8 9 -4 19 -12 -5 -10 15 17 -17 18 -14 22 -21 26 24 -24 -7 -26 27 -22 -29 -28
right_child=5 2 4 12 -6 10 -8 -9 13 -11 11 -13 14 -15 -16 16 -18 -19 -20 20 21 -23 23 -25 25 -27 29 28 -30 -31
leaf_value=0.051486590646560797 1.9025477110128965 2.8887669628722916 -0.025403259513670159 0.75550871078872361 -0.63915779027899833 -1.1238520318018796 0.61093345907662355 -3.2210501726039831 -0.23853928276486622 -0.390505940809239 1.9752736033369371 -0.65059405393054337 -1.4795427277628403 0.26339122017801669 0.48473904549439117 2.2318709519261923 -0.77798114323209755 -1.528977205783022 1.9853460889994112 1.457758346468653 0.67953780502688133 -1.3381276463171696 1.4572084887117609 0.044101177977209145 1.6577806215660962 -1.8317206087350648 0.82204787927025658 -1.9485756059773036 -0.075241881016354817 3.3400809781970802
leaf_weight=221152 2456 1439 32002 6608 47821 3609 5390 853 31614 143646 2890 1015 534 22007 4677 832 1435 3352 664 4486 8272 1053 2527 12336 1249 608 2049 1127 4101 540
leaf_count=221152 2456 1439 32002 6608 47821 3609 5390 853 31614 143646 2890 1015 534 22007 4677 832 1435 3352 664 4486 8272 1053 2527 12336 1249 608 2049 1127 4101 540
internal_value=-0.0823675 -0.133058 -0.267808 0.386881 -0.312961 0.467386 -0.246726 -0.266814 -0.255823 -0.323986 0.39053 1.29275 0.187996 -0.0325382 -0.138272 -0.565707 0.326649 -1.01032 0.440896 0.306559 0.542584 0.303086 0.0554527 0.284357 -0.566978 0.515284 0.410501 0.230854 -0.479076 1.34725
internal_weight=572344 524026 302874 19541 283333 48318 235512 230122 229269 175648 45862 3905 18102 53621 11494 6817 2267 4550 1198 41957 21628 17142 20329 14863 5466 1857 16089 13500 5228 2589
internal_count=572344 524026 302874 19541 283333 48318 235512 230122 229269 175648 45862 3905 18102 53621 11494 6817 2267 4550 1198 41957 21628 17142 20329 14863 5466 1857 16089 13500 5228 2589
is_linear=0
shrinkage=0.05


Tree=16
num_leaves=31
num_cat=0
split_feature=13 2 6 2 13 9 14 14 14 13 14 13 13 9 14 14 14 14 13 9 13 14 14 13 14 14 14 13 14 13
split_gain=5.71712e+06 4.7559e+06 2.3058e+06 2.299e+06 2.13676e+06 1.96513e+06 2.11242e+06 2.14124e+06 1.93146e+06 2.16064e+06 3.2362e+06 1.88049e+06 1.87241e+06 1.33596e+06 3.20398e+06 1.51816e+06 1.36176e+06 1.26962e+06 1.4375e+06 1.47673e+06 1.22e+06 4.1876e+06 1.38947e+06 4.73962e+06 2.29609e+06 1.75707e+06 1.92733e+06 1.69406e+06 1.21451e+06 1.2316e+06
threshold=0.72128291540526657 -0.0008873989955120058 2.6127597845242794 -0.032261463195290004 0.086379690949227386 0.0033002594359389926 -0.0018105553692524285 0.0019856109205337131 0.014332030701907571 0.40709906380380595 0.0093921061047047109 0.38449010273114514 0.32550485182271183 -0.049842431534780525 -0.033374233339537519 -0.01796644498195283 -0.021658507068033826 0.0058146928034701504 0.63525000951571375 -0.024418842522300095 0.12723558433549184 -0.0016311041792563933 -0.00037121405021835533 0.20834805061934403 -0.00098861099964685771 -0.001752787791000831 -0.0016311041792563933 0.54011518679355708 -0.0080407074899879888 0.21311827956989252
decision_type=2 10 2 10 2 10 10 10 10 2 10 2 2 8 8 8 10 10 2 10 2 10 10 2 10 8 10 2 8 2
left_child=1 4 8 -2 5 6 -1 -8 9 10 11 -3 -12 -6 -15 16 -16 -11 19 -19 21 -17 23 24 25 -22 -27 -24 -25 -30
right_child=3 2 -4 -5 13 -7 7 -9 -10 17 12 -13 -14 14 15 20 -18 18 -20 -21 22 -23 27 28 -26 26 -28 -29 29 -31
leaf_value=-0.11425030431404833 3.5240492922268949 -0.26254859389427038 -0.57587886481592976 0.57756032053820427 0.89001269046780074 -0.75146752744309819 4.2866711766027272 1.1055884981349944 0.67884047778395007 -0.19005337311116843 -3.2385758553063706 -0.97790959365972197 -0.70717805047674154 -2.5009025060696306 0.19215449226404627 -2.7433094201684085 2.2322662276034992 -0.89593153467156839 0.82577299706454677 0.1158769625562292 1.6308303578629293 0.20258856140901982 -0.12437347701598214 -0.47879277769468653 3.9155647516313672 -2.5399077571488671 0.94583828700996175 0.35407875871469657 -1.5891073968188436 0.21251559245292151
leaf_weight=976 681 57132 45043 23749 4474 988 1059 1057 6247 162470 1585 10947 1355 1256 1852 1748 1465 4087 6157 30651 4618 3893 120337 8412 827 595 1189 21862 969 45061
leaf_count=976 681 57132 45043 23749 4474 988 1059 1057 6247 162470 1585 10947 1355 1256 1852 1748 1465 4087 6157 30651 4618 3893 120337 8412 827 595 1189 21862 969 45061
internal_value=-0.0887 -0.122045 -0.243798 0.659695 0.0560555 1.18976 1.81005 2.69763 -0.190497 -0.21029 -0.447718 -0.377578 -2.07189 0.0348917 0.0170211 0.0318805 1.0932 -0.127375 0.121637 -0.00316447 0.0150776 -0.710269 0.0351477 0.233358 1.43626 1.11598 -0.216728 -0.0508151 0.0736328 0.174589
internal_weight=572742 548312 325674 24430 222638 4080 3092 2116 280631 274384 71019 68079 2940 218558 214084 212828 3317 203365 40895 34738 209511 5641 203870 61671 7229 6402 1784 142199 54442 46030
internal_count=572742 548312 325674 24430 222638 4080 3092 2116 280631 274384 71019 68079 2940 218558 214084 212828 3317 203365 40895 34738 209511 5641 203870 61671 7229 6402 1784 142199 54442 46030
is_linear=0
shrinkage=0.05


Tree=17
num_leaves=31
num_cat=0
split_feature=13 17 2 9 2 14 17 14 14 14 13 14 13 2 14 14 13 9 14 14 13 13 14 14 13 14 14 13 10 14
split_gain=5.14533e+06 4.83891e+06 3.08089e+06 2.34779e+06 2.21724e+06 1.83957e+06 1.56455e+06 1.67654e+06 1.49893e+06 1.47813e+06 1.25276e+06 1.58323e+06 1.47954e+06 1.05659e+06 1.02577e+06 1.01392e+06 921085 1.02706e+06 1.03486e+06 1.12938e+06 869782 1.04596e+06 848540 1.61176e+06 770530 753516 1.42258e+06 2.11055e+06 1.21972e+06 1.05677e+06
threshold=0.67467816471364916 0.038345273218489483 -0.0085106896679086729 -0.066042529569280334 -0.001654924771131071 -0.01796644498195283 0.025370576680830346 0.012408643984512928 0.014332030701907571 0.01135832798867265 0.40709906380380595 0.0093921061047047109 0.38449010273114514 -0.029718135603776615 -0.033374233339537519 0.0066413442328696103 0.086379690949227386 0.0024601939674563046 -0.0018105553692524285 0.0019856109205337131 0.67755265262596642 0.68048651507139091 0.012408643984512928 0.013401794456808247 0.54011518679355708 0.0044148473779117682 0.0014120469035604894 0.78953528697763142 -0.039530176536994185 0.0055241245800905373
decision_type=2 2 10 8 10 8 2 10 10 10 2 10 2 10 8 10 2 10 10 10 2 2 10 10 2 10 8 2 10 10
left_child=1 4 3 -3 16 13 -6 10 9 -4 11 12 -8 -2 -5 24 17 18 -1 -20 -7 -22 -11 -24 -12 26 27 -23 -29 -27
right_child=5 2 8 14 6 20 7 -9 -10 22 15 -13 -14 -15 -16 -17 -18 -19 19 -21 21 25 23 -25 -26 29 -28 28 -30 -31
leaf_value=0.058011000195616169 3.6165304372853377 2.2370464667392063 -0.52846863445727255 -1.76616936828459 0.025645720311498754 1.3468234655303659 -0.31952820374580621 0.73842128015444353 0.42596739749982959 -2.5165465768084103 -0.35194258281302782 -2.4603209850432033 -1.1622134618576963 1.1371268841285171 -0.0061610595504297747 0.23678367889594831 0.092201859038290104 -0.7001228244953035 3.774267926424681 0.91655302177762188 -0.83858385769297838 -0.088856091804092499 1.4356308783558527 -2.1586418396323035 -0.055787023006045371 -1.0511258115241864 0.92108410948329511 2.1227175125250706 0.54115738518712786 0.25065980373877361
leaf_weight=760 615 1160 96947 850 92133 2081 33231 4284 4000 1479 54628 1006 6177 1426 31790 13145 144876 672 696 687 1926 15013 508 808 36730 2055 11150 1796 3795 6459
leaf_count=760 615 1160 96947 850 92133 2081 33231 4284 4000 1479 54628 1006 6177 1426 31790 13145 144876 672 696 687 1926 15013 508 808 36730 2055 11150 1796 3795 6459
internal_value=-0.088665 -0.133106 -0.388016 0.0265642 -0.0429807 0.416583 -0.136361 -0.236402 -0.52309 -0.561151 -0.265219 -0.501616 -0.451615 1.88423 -0.0519946 -0.173798 0.109607 1.00539 1.5402 2.35471 0.348927 0.299711 -1.69476 -0.771187 -0.232875 0.354155 0.466152 0.219962 1.0492 -0.0635485
internal_weight=572883 526567 137542 33800 389025 46316 241334 149201 103742 99742 144917 40414 39408 2041 32640 104503 147691 2815 2143 1383 44275 42194 2795 1316 91358 40268 31754 20604 5591 8514
internal_count=572883 526567 137542 33800 389025 46316 241334 149201 103742 99742 144917 40414 39408 2041 32640 104503 147691 2815 2143 1383 44275 42194 2795 1316 91358 40268 31754 20604 5591 8514
is_linear=0
shrinkage=0.05


Tree=18
num_leaves=31
num_cat=0
split_feature=13 2 14 13 14 9 12 14 14 12 13 12 14 13 9 12 14 14 13 12 12 14 13 11 12 14 12 13 12 12
split_gain=4.91308e+06 4.72615e+06 2.39051e+06 2.27754e+06 2.11465e+06 1.97639e+06 3.61381e+06 3.04558e+06 1.8301e+06 1.78131e+06 2.37422e+06 1.60244e+06 1.57014e+06 2.07482e+06 1.86359e+06 1.44857e+06 1.34292e+06 1.73246e+06 1.27479e+06 1.65482e+06 1.20051e+06 1.0532e+06 1.03121e+06 1.53507e+06 1.05496e+06 1.24778e+06 2.99907e+06 5.95477e+06 3.79528e+06 2.52694e+06
threshold=0.66909206366005647 0.0025226777090132419 0.014332030701907571 0.40709906380380595 0.0093921061047047109 -0.044337447991710063 -0.018397836894734759 -0.033374233339537519 -0.016262574947656892 -0.0026961470868247499 0.44220408383169013 0.0037372501179207171 0.0058146928034701504 0.65143670371374374 -0.014876142343035534 -0.0013715312726306137 -0.01796644498195283 -0.021658507068033826 0.28708151012516542 -0.0061352421811348484 -9.5960842319426593e-05 -0.016262574947656892 0.086379690949227386 -0.01917482874319144 0.0014795005132255885 -0.00029924077208414774 -0.0070682575628737343 0.12723558433549184 -0.012121439880781302 -0.0064836710996034408
decision_type=2 8 10 2 10 8 8 8 8 10 2 10 10 2 10 10 8 10 2 10 10 8 2 10 10 8 10 2 10 10
left_child=1 5 3 4 15 6 -1 -7 -2 -4 -11 -12 -5 14 20 -3 17 -9 19 -6 -14 -18 23 -23 25 26 27 28 -24 -28
right_child=8 2 9 12 18 7 -8 16 -10 10 11 -13 13 -15 -16 -17 21 -19 -20 -21 -22 22 24 -25 -26 -27 29 -29 -30 -31
leaf_value=3.7184190074152661 1.7430780254447868 -0.40819474412276063 1.4740175747131286 -0.30984703482966958 -1.4182004141788491 -2.5212857425380855 0.39556799807938459 -0.079463036063566861 0.3310244471817651 -3.3192750673310694 1.0921042329796651 -1.21176154838493 0.51287019503857623 1.8439863465985877 0.16935625587478917 -1.1020018897296306 -1.2841578840813153 2.2589571877457977 -1.0317922685994245 -5.1539464410582037 -0.99506315927965161 1.3896109524778464 -3.8846497377274591 -0.91085321562496713 0.17933668899967098 -0.12938553419929125 -1.8471870712497891 1.5005577648903925 0.19468122972821655 0.038509508933699949
leaf_weight=938 2415 46135 3241 130866 635 1203 6409 1682 46035 502 2372 1107 1657 1554 28485 8989 1617 1497 1711 556 6488 2873 895 970 55206 169104 1871 8619 1571 35216
leaf_count=938 2415 46135 3241 130866 635 1203 6409 1682 46035 502 2372 1107 1657 1554 28485 8989 1617 1497 1711 556 6488 2873 895 970 55206 169104 1871 8619 1571 35216
internal_value=-0.0803127 -0.124856 -0.291826 -0.320309 -0.590589 0.0101964 0.8198 -0.0108721 0.401409 0.60372 -0.104804 0.359026 -0.227536 0.0545654 -0.0213495 -0.521333 -0.000129314 1.02171 -1.90612 -3.16218 -0.688293 -0.0118167 -0.0043712 0.808958 -0.0158421 -0.0654336 0.159064 0.880685 -1.28585 -0.0566219
internal_weight=572419 523969 234298 227076 58026 289671 7347 282324 48450 7222 3981 3479 169050 38184 36630 55124 281121 3179 2902 1191 8145 277942 276325 3843 272482 217276 48172 11085 2466 37087
internal_count=572419 523969 234298 227076 58026 289671 7347 282324 48450 7222 3981 3479 169050 38184 36630 55124 281121 3179 2902 1191 8145 277942 276325 3843 272482 217276 48172 11085 2466 37087
is_linear=0
shrinkage=0.05


Tree=19
num_leaves=31
num_cat=0
split_feature=13 2 17 2 14 13 11 14 17 12 14 14 12 13 12 12 14 14 14 13 14 13 14 14 12 12 14 13 12 13
split_gain=4.83613e+06 4.58716e+06 3.12307e+06 1.68065e+06 1.60021e+06 1.49452e+06 1.873e+06 1.82234e+06 1.67883e+06 1.47314e+06 1.43301e+06 1.28626e+06 1.3738e+06 1.24844e+06 1.09958e+06 992783 1.70495e+06 950728 1.09364e+06 1.02677e+06 944132 926149 1.31478e+06 1.25649e+06 1.2352e+06 1.11804e+06 1.02374e+06 2.69039e+06 1.15548e+06 959398
threshold=0.72128291540526657 0.002326428393100682 0.035992221737517413 -0.035333123563803838 0.0062769340166878461 0.086379690949227386 -0.031250558388501194 -0.0018105553692524285 0.041705840010878133 -0.015523825238295434 0.0019856109205337131 0.014332030701907571 0.0026205806401390446 0.51429203640242394 -0.0026961470868247499 0.010656917268997959 0.00083291358709311307 0.0061725728947960848 0.014332030701907571 0.8460462670872767 -0.0045940713398687502 0.40709906380380595 -0.033374233339537519 -0.01796644498195283 -0.0013715312726306137 -0.0020305403594664752 -0.0096976068340517887 0.46074929971988798 0.005952106488779375 0.4132361759261674
decision_type=2 10 2 10 10 2 10 10 2 10 10 10 10 2 10 10 10 8 8 2 10 2 8 8 10 8 8 2 10 2
left_child=1 5 4 -2 13 6 7 -1 21 -8 -9 12 -4 -3 -13 17 20 19 -19 -5 -17 22 -7 -23 -24 29 27 -27 -29 -25
right_child=3 2 11 15 -6 8 9 10 -10 -11 -12 14 -14 -15 -16 16 -18 18 -20 -21 -22 23 24 25 -26 26 -28 28 -30 -31
leaf_value=-0.040172140770440103 3.3090391768314316 -0.33374838511898425 -0.66674588295910775 0.58216224536371286 0.21395242860509045 -2.5850835573815165 -2.0142208439561951 4.0447056995997119 -0.24538859837675472 1.342388044970916 1.2887580060652206 1.3068894364504906 -0.21109145726995557 -0.029805907228604239 -0.35169523117538531 1.0452630391038955 -0.6907259069005165 -1.7806405530321283 0.99048522698450392 -1.0365148136642017 2.5947331003720064 1.7694959205071663 0.032458844748595443 -0.0074617079014671593 -0.5132974007677763 1.8308595771665612 0.15145882214233339 -2.4192895675681974 0.093545311920562285 2.6180385001598818
leaf_weight=1013 564 79149 61744 15907 27453 504 770 892 51473 568 1001 1760 22596 58947 2312 2875 1025 1013 549 1044 1494 1202 97728 593 11598 731 123147 1539 651 842
leaf_count=1013 564 79149 61744 15907 27453 504 770 892 51473 568 1001 1760 22596 58947 2312 2875 1025 1013 549 1044 1494 1202 97728 593 11598 731 123147 1539 651 842
internal_value=-0.0764519 -0.10715 -0.262834 0.611266 -0.134698 0.0272164 0.958708 1.67145 0.0135848 -0.589293 2.58739 -0.502764 -0.544669 -0.204009 0.365178 0.547622 1.14454 0.373701 -0.806666 0.482469 1.57511 0.0694682 -0.0371844 0.16048 -0.0254385 0.145311 0.129515 -0.795628 -1.67232 1.53308
internal_weight=572684 548213 253961 24471 165549 294252 4244 2906 290008 1338 1893 88412 84340 138096 4072 23907 5394 18513 1562 16951 4369 238535 109830 128705 109326 127503 126068 2921 2190 1435
internal_count=572684 548213 253961 24471 165549 294252 4244 2906 290008 1338 1893 88412 84340 138096 4072 23907 5394 18513 1562 16951 4369 238535 109830 128705 109326 127503 126068 2921 2190 1435
is_linear=0
shrinkage=0.05


Tree=20
num_leaves=31
num_cat=0
split_feature=13 17 12 13 17 0 12 9 13 13 13 12 13 12 12 13 12 13 12 12 12 13 12 12 13 13 12 13 8 12
split_gain=4.92709e+06 4.40641e+06 2.70135e+06 1.97786e+06 1.89894e+06 1.64644e+06 1.31907e+06 1.81619e+06 1.58814e+06 2.43179e+06 1.18888e+06 1.16337e+06 1.14551e+06 1.14258e+06 1.09402e+06 1.04686e+06 977660 1.37409e+06 1.37171e+06 1.27865e+06 963133 1.51856e+06 915773 911805 1.01741e+06 1.27941e+06 907592 906889 849981 887292
threshold=0.72128291540526657 0.041932481151005084 -0.009580108063527739 0.26724219939117205 0.025869856025480354 -0.037891549217626504 -0.009218330210910267 -0.035753670005788558 0.40709906380380595 0.38039962466191979 0.65671142809383187 -0.0019085968302541385 0.086379690949227386 -0.0090148358906430217 0.0019117719798810303 0.16887096774193552 0.0069817067548779725 0.77188524590163954 0.010656917268997959 0.0080283938590056132 0.005547319853706047 0.78953528697763142 0.0050431201962702543 9.7573030536232216e-05 0.47826587215076427 0.48172434729811781 -0.018397836894734759 0.70269304718353787 0.20421477815843647 -0.0047965554486507833
decision_type=2 2 8 2 2 10 8 10 2 2 2 8 2 8 10 2 10 2 10 10 8 2 10 8 2 2 10 2 10 10
left_child=1 4 3 12 -1 -2 7 26 9 13 -4 -10 -3 -8 23 -14 20 -18 19 -19 22 -22 -7 24 -13 -26 -6 -12 29 -15
right_child=5 2 10 -5 6 16 8 -9 11 -11 27 14 15 28 -16 -17 17 18 -20 -21 21 -23 -24 -25 25 -27 -28 -29 -30 -31
leaf_value=0.098844014904396496 2.7227737162822865 1.6955268762985651 -0.51990096367063621 2.8439835895655743 3.496449535908098 -0.054997499709995817 -1.6872630228462133 0.14931157561131028 1.0905099866779149 -0.92215551122257655 0.54460177608514737 -0.091249307013106948 -0.57993066465265175 0.40915864207384028 0.088673649204526847 0.84301094205413818 1.4420436070843261 2.0104713677532144 1.0724571959809786 -0.46944082665844827 -0.5678791009775942 1.5832497651551347 1.6599386760155146 -0.28352183647401924 2.8566039547862938 0.37161256687761995 1.0414034010853026 -0.74292449751094924 -0.29862967755523545 -0.19011090676742426
leaf_weight=163341 897 1113 88792 812 585 1469 1271 12739 2191 13846 4736 35617 3546 10558 67807 2034 5258 594 4305 4160 5147 976 1656 66004 567 5989 1056 1923 48217 14885
leaf_count=163341 897 1113 88792 812 585 1469 1271 12739 2191 13846 4736 35617 3546 10558 67807 2034 5258 594 4305 4160 5147 976 1656 66004 567 5989 1056 1923 48217 14885
internal_value=-0.0739915 -0.105004 -0.399761 0.513616 -0.0367583 0.620281 -0.115489 0.350989 -0.140617 -0.313388 -0.471577 -0.0545324 0.230894 -0.200897 -0.0687882 -0.0612455 0.54025 0.799088 0.425905 -0.159582 0.139538 -0.224991 0.853781 -0.167488 0.0141146 0.586529 1.9166 0.172787 -0.17525 0.0585661
internal_weight=572091 547629 102956 7505 444673 24462 281332 14380 266952 88777 95451 178175 6693 74931 175984 5580 23565 14317 9059 4754 9248 6123 3125 108177 42173 6556 1641 6659 73660 25443
internal_count=572091 547629 102956 7505 444673 24462 281332 14380 266952 88777 95451 178175 6693 74931 175984 5580 23565 14317 9059 4754 9248 6123 3125 108177 42173 6556 1641 6659 73660 25443
is_linear=0
shrinkage=0.05


Tree=21
num_leaves=31
num_cat=0
split_feature=13 17 12 9 13 2 14 17 2 13 17 14 14 2 6 12 14 14 13 13 9 14 14 12 13 12 14 13 12 12
split_gain=4.49821e+06 4.32448e+06 2.75202e+06 2.90521e+06 2.17596e+06 1.86357e+06 1.74869e+06 1.68455e+06 1.4092e+06 1.37663e+06 1.36748e+06 1.21702e+06 1.2939e+06 1.19849e+06 1.00802e+06 948326 860979 828179 737489 1.03937e+06 1.02229e+06 1.38551e+06 967007 758218 1.15583e+06 930706 2.52083e+06 3.29808e+06 3.65924e+06 2.21624e+06
threshold=0.72128291540526657 0.03802798900710426 -0.005151053458202064 -0.044337447991710063 0.29346189070927042 0.002326428393100682 0.0058146928034701504 0.05444649312703926 -0.032261463195290004 0.47001577287066248 0.023308435362524419 0.014332030701907571 0.01135832798867265 -0.0097644885804395714 4.4863846453053764 0.0019117719798810303 -0.00081376696052021442 -0.016262574947656892 0.086379690949227386 0.10532212885154063 -0.0049081624453314 -0.0018105553692524285 0.0019856109205337131 0.0014795005132255885 0.27226271979510425 -0.0073909465954626521 1.0000000180025095e-35 0.12723558433549184 -0.012121439880781302 -0.014023419856971607
decision_type=2 2 8 8 2 8 10 2 10 2 2 10 8 10 2 10 10 10 2 2 10 10 10 8 2 10 8 2 10 10
left_child=1 5 3 4 16 18 10 9 -2 13 -7 12 17 -4 15 -12 -3 -5 20 -20 21 -1 -23 25 -25 26 27 28 -21 -28
right_child=8 2 7 11 -6 6 -8 -9 -10 -11 14 -13 -14 -15 -16 -17 -18 -19 19 23 -22 22 -24 24 -26 -27 29 -29 -30 -31
leaf_value=-0.26210352370382833 2.9300921788679837 -0.75896421785379364 -0.023441853153351865 -1.3136004667350374 4.2937586820904334 0.033585967487772678 0.16067339591213303 -0.79604759340825404 0.52117027968093099 -0.17310111386319491 -0.38045377914172429 1.6547392362862166 -2.2754903973295142 -0.67807398931498852 -0.83381705854976595 -0.046447678963757399 1.4463526047683382 0.014830364835887564 -1.3074127892060652 -4.2399425007801801 -0.29425239267901832 3.9880701147637718 1.1080231677939181 -1.9530820431570288 0.26556275836497073 -0.025214688208679361 1.7593129430509311 1.4722684289307195 1.0346152999956038 -0.38644313252709894
leaf_weight=646 623 578 8706 1254 597 37801 37184 25809 23802 54127 64658 984 689 35506 8661 31656 1889 18217 1378 579 1180 615 554 594 50001 145651 1365 6717 761 10162
leaf_count=646 623 578 8706 1254 597 37801 37184 25809 23802 54127 64658 984 689 35506 8661 31656 1889 18217 1378 579 1180 615 554 594 50001 145651 1365 6717 761 10162
internal_value=-0.0813012 -0.110865 -0.341437 0.146241 1.58513 -0.0253827 -0.14474 -0.436531 0.582614 -0.342176 -0.22428 -0.0622701 -0.146077 -0.549167 -0.317137 -0.270674 0.929663 -0.0707252 0.0721614 0.0614166 0.851409 1.59625 2.62319 0.0701561 0.239515 0.0182983 0.341915 1.02043 -1.24447 -0.132348
internal_weight=572944 548519 148356 24208 3064 400163 179960 124148 24425 98339 142776 21144 20160 44212 104975 96314 2467 19471 220203 217208 2995 1815 1169 215830 50595 165235 19584 8057 1340 11527
internal_count=572944 548519 148356 24208 3064 400163 179960 124148 24425 98339 142776 21144 20160 44212 104975 96314 2467 19471 220203 217208 2995 1815 1169 215830 50595 165235 19584 8057 1340 11527
is_linear=0
shrinkage=0.05


Tree=22
num_leaves=31
num_cat=0
split_feature=2 17 12 12 14 7 17 14 12 12 14 14 14 14 14 12 12 6 12 14 12 12 14 12 14 14 12 14 12 14
split_gain=3.75514e+06 4.03161e+06 2.7266e+06 2.40315e+06 2.23552e+06 1.5856e+06 1.5133e+06 1.4714e+06 1.44325e+06 1.43532e+06 2.09656e+06 1.35505e+06 1.29481e+06 1.15621e+06 1.10289e+06 1.07496e+06 999434 985420 974737 1.15015e+06 931129 1.74709e+06 850996 770270 1.19463e+06 1.55254e+06 2.05201e+06 1.97156e+06 2.80707e+06 2.00573e+06
threshold=-0.0058408079379110274 0.042141159227411427 0.0086759873145388564 0.0013102427116815129 0.012408643984512928 -0.018894377864627835 0.023528735321732341 -0.033374233339537519 -0.0034388706987858726 0.0051455069210035653 0.02042647176750689 -0.01796644498195283 -0.021658507068033826 -0.0076510020158406878 0.011824106625347611 0.0012242074010483559 -0.0083764560395833219 4.4863846453053764 0.010656917268997959 0.00040813511009258409 -0.009580108063527739 -0.014023419856971607 -0.0073043107792539535 -0.0073909465954626521 -0.0034352202709559058 -0.0019443866454812513 -0.012121439880781302 -9.1784016183020094e-05 -0.014023419856971607 -0.00098861099964685771
decision_type=8 2 10 10 10 8 2 8 10 10 10 8 10 8 10 10 10 2 10 8 10 10 10 10 8 8 10 8 8 10
left_child=2 3 5 4 6 -1 -2 8 -7 10 -3 12 16 20 15 17 -9 -8 19 -5 21 -13 -4 24 -15 26 -26 29 -29 -27
right_child=1 9 22 18 -6 7 14 11 -10 -11 -12 13 -14 23 -16 -17 -18 -19 -20 -21 -22 -23 -24 -25 25 27 -28 28 -30 -31
leaf_value=1.550651127074494 0.010778222395247616 -0.60041244091637014 2.0476706524987152 -0.17842118628350123 0.87847663575971646 0.18245297598693652 -0.22640252760227667 -1.6125827841582625 -3.0467465390748103 0.079857488340868824 1.6232131904381604 -1.5305131982233642 2.1051934211392851 1.333980626229893 -2.4441668671341628 -1.3857343452581787 0.98216225251124478 -0.77350895956292565 0.84898946359455074 0.15583549711009628 -0.61087713404587241 1.9508272382437182 0.24359081154386072 0.072460511017971782 -2.3377232159556014 0.29068226508413597 1.0645524883632103 1.3645328789155626 -0.25620014950840508 2.514187695880882
leaf_weight=1914 62038 63635 2454 34924 4929 657 145446 550 731 10015 1078 560 1656 2946 587 2140 1141 8724 4118 97817 8864 1011 891 93011 1217 2086 697 3501 11277 1974
leaf_count=1914 62038 63635 2454 34924 4929 657 145446 550 731 10015 1078 560 1656 2946 587 2140 1141 8724 4118 97817 8864 1011 891 93011 1217 2086 697 3501 11277 1974
internal_value=-0.0710481 -0.142905 0.157119 -0.0736594 -0.174566 0.121867 -0.198273 0.10113 -1.51823 -0.477166 -0.563371 0.118355 1.11142 0.092213 -0.280934 -0.27281 0.138218 -0.257362 0.0913957 0.067893 -0.412038 0.709866 1.56712 0.137298 0.391777 0.258019 -1.09875 0.395872 0.127762 1.37177
internal_weight=572589 435451 137138 360723 223864 133793 218935 131879 1388 74728 64713 130491 3347 127144 156897 156310 1691 154170 136859 132741 10435 1571 3345 116709 23698 20752 1914 18838 14778 4060
internal_count=572589 435451 137138 360723 223864 133793 218935 131879 1388 74728 64713 130491 3347 127144 156897 156310 1691 154170 136859 132741 10435 1571 3345 116709 23698 20752 1914 18838 14778 4060
is_linear=0
shrinkage=0.05


Tree=23
num_leaves=31
num_cat=0
split_feature=13 2 7 14 12 12 14 12 12 14 14 10 12 13 13 13 14 12 12 14 13 14 14 13 14 14 14 13 12 14
split_gain=3.88585e+06 3.55952e+06 1.71338e+06 1.70496e+06 1.65844e+06 1.46251e+06 1.70451e+06 1.41176e+06 1.31749e+06 1.38676e+06 1.01121e+06 1.33988e+06 988656 1.00143e+06 981672 1.43065e+06 3.69632e+06 2.11234e+06 2.89581e+06 2.88155e+06 3.50278e+06 2.14198e+06 2.08635e+06 1.82478e+06 2.39186e+06 1.96063e+06 1.69457e+06 2.32607e+06 1.86663e+06 1.4527e+06
threshold=0.66909206366005647 -1.0000000180025095e-35 -0.018894377864627835 0.014332030701907571 0.0013102427116815129 0.010656917268997959 0.00083291358709311307 0.0037372501179207171 0.0013765958081696451 0.0034498793543783668 0.01135832798867265 -0.040333925877081143 0.0012758230275707104 0.53436112919453171 0.086379690949227386 0.12723558433549184 -0.0020407902496278082 -0.009218330210910267 -0.0090148358906430217 7.7765714262847217e-05 0.1935457635940728 -0.033374233339537519 -0.01796644498195283 0.1511401849516604 0.0027127406531941805 0.0039857197863518894 -0.0080407074899879888 0.60669865403788636 0.0041205147795505713 -0.021658507068033826
decision_type=2 10 10 10 10 10 10 10 10 10 10 10 10 2 2 2 10 8 8 10 2 8 8 2 10 10 8 2 10 10
left_child=1 2 -1 4 12 -2 -7 -5 9 -6 -10 -12 -3 -14 -4 16 -16 19 -19 29 23 -20 -23 25 -25 -21 27 28 -24 -17
right_child=5 3 14 7 8 6 -8 -9 10 -11 11 -13 13 -15 15 17 -18 18 21 20 -22 22 26 24 -26 -27 -28 -29 -30 -31
leaf_value=1.4904538119206223 0.25301929252414052 -0.3259958973347844 0.81186565621780504 0.8018695554643458 -0.21000797361321602 1.462963086185564 -0.77991457263609154 -1.1147129566432183 -0.095976574924093519 1.9076402441384586 -3.200476340482048 -0.24173495438785442 -2.8074485172335031 -0.096454890711327734 -2.8083975931591194 -0.24714706867933273 0.028315242255144753 -2.2196943123432993 -2.6950596491142438 0.86650280747775299 1.6707382750636268 1.4577544879311539 -0.61235908922254856 -3.5245270399239219 -0.16694554840636233 -2.3921372409216461 0.028385905152209807 -2.8069289063296328 2.3417410804773482 1.7883783752355329
leaf_weight=2006 42449 182419 3875 6418 1438 5021 1019 1130 97390 1672 612 1021 806 590 1603 1060 4049 1471 731 1927 2025 2480 6461 1097 1027 607 193919 1135 583 5064
leaf_count=2006 42449 182419 3875 6418 1438 5021 1019 1130 97390 1672 612 1021 806 590 1603 1060 4049 1471 731 1927 2025 2480 6461 1097 1027 607 193919 1135 583 5064
internal_value=-0.0716467 -0.111229 0.0355381 -0.226803 -0.246383 0.356601 1.08457 0.514941 -0.0848411 0.928483 -0.116666 -1.35058 -0.33614 -1.66168 0.0227996 0.00922454 -0.776223 0.0294414 -0.00915245 0.652571 -0.0653734 0.00668567 0.0163396 -0.820124 -1.90106 0.0859209 -0.00134843 -0.706331 -0.367862 1.43605
internal_weight=573105 524616 231120 293496 285948 48489 6040 7548 102133 3110 99023 1633 183815 1396 229114 225239 5652 219587 206780 12807 6683 205309 204578 4658 2124 2534 202098 8179 7044 6124
internal_count=573105 524616 231120 293496 285948 48489 6040 7548 102133 3110 99023 1633 183815 1396 229114 225239 5652 219587 206780 12807 6683 205309 204578 4658 2124 2534 202098 8179 7044 6124
is_linear=0
shrinkage=0.05


Tree=24
num_leaves=31
num_cat=0
split_feature=13 17 12 13 12 17 13 14 14 12 12 2 2 14 13 14 12 13 12 12 12 13 13 12 14 2 17 14 12 14
split_gain=3.74019e+06 3.95866e+06 2.79208e+06 3.15237e+06 2.02865e+06 1.86543e+06 1.65059e+06 1.81022e+06 1.86273e+06 1.56073e+06 1.31394e+06 1.30059e+06 1.22619e+06 1.10453e+06 1.07345e+06 1.24395e+06 1.27802e+06 1.4675e+06 1.04352e+06 2.08389e+06 1.72499e+06 1.47735e+06 1.11306e+06 1.14716e+06 1.05179e+06 1.02672e+06 1.04716e+06 929696 1.17487e+06 904589
threshold=0.66909206366005647 0.033157341725169855 -0.009580108063527739 0.1935457635940728 -0.018397836894734759 0.048452496731507484 0.086379690949227386 -0.00081376696052021442 0.0019856109205337131 0.0069817067548779725 -0.010932977868723071 0.0030015913327495502 -0.035333123563803838 0.0038288772853957201 0.45420751633986933 0.0058146928034701504 -0.00011546895183519087 0.61936600066971781 0.0043693898379462215 0.0047207016233077543 0.0042747392626906007 0.69271670416800613 0.78953528697763142 0.006091424816449839 0.00045539622530546954 -0.0026742254938425512 0.024971868750422465 -0.0049073893549430704 0.005547319853706047 0.014332030701907571
decision_type=2 2 8 2 10 2 2 10 10 10 10 10 10 10 2 10 10 2 8 8 10 2 2 10 10 8 2 8 8 10
left_child=1 25 3 6 -5 11 7 -3 -9 18 -8 -4 -11 -12 -13 -16 -17 -18 20 24 -2 27 23 -23 -20 -1 -27 -21 -29 -28
right_child=9 2 5 4 -6 -7 10 8 -10 12 13 14 -14 -15 15 16 17 -19 19 21 -22 22 -24 -25 -26 26 29 28 -30 -31
leaf_value=0.13742269422772288 0.37962592730727557 -0.97127610737252201 -0.093465568969764615 4.4733313740461567 1.2044417866133079 -0.58795704103292057 -0.60387288564013697 4.5935050247914413 0.92246000266596673 3.0026855974051525 0.14131621718952928 -0.6269418987254578 0.6427187023207076 2.8468682952641524 -0.3971564738475255 1.8448273291369539 -0.23349059935650518 1.2123815566481211 -2.7462092306392538 2.1888713403204991 2.8387767643584585 0.041561299407482766 1.471315419462939 -0.93931386368247949 -0.47922846755986725 0.06711797918732583 -0.1783849307015366 1.4022637143815742 -0.21357288354178372 0.95200825399569566
leaf_weight=102940 6923 643 80362 590 2427 48556 6929 528 1000 568 1381 28162 17773 519 32657 1064 9472 2154 978 999 795 9601 991 4323 1073 93441 109164 2025 2531 1799
leaf_count=102940 6923 643 80362 590 2427 48556 6929 528 1000 568 1381 28162 17773 519 32657 1064 9472 2154 978 999 795 9601 991 4323 1073 93441 109164 2025 2531 1799
internal_value=-0.0677813 -0.106706 -0.270504 0.411942 1.8437 -0.317759 0.0192497 1.2544 2.19099 0.351908 -0.284466 -0.232495 0.715804 0.880359 -0.384485 -0.233912 0.186189 0.0343925 0.131193 -0.0407549 0.632933 0.111488 -0.147741 -0.262972 -1.56022 0.00864606 -0.0562072 0.807509 0.504616 -0.160058
internal_weight=572368 523788 216444 14017 3017 202427 11000 2171 1528 48580 8829 153871 18341 1900 73509 45347 12690 11626 30239 22521 7718 20470 14915 13924 2051 307344 204404 5555 4556 110963
internal_count=572368 523788 216444 14017 3017 202427 11000 2171 1528 48580 8829 153871 18341 1900 73509 45347 12690 11626 30239 22521 7718 20470 14915 13924 2051 307344 204404 5555 4556 110963
is_linear=0
shrinkage=0.05


Tree=25
num_leaves=31
num_cat=0
split_feature=13 17 14 6 7 14 17 7 9 0 8 13 14 13 13 14 14 13 13 14 14 14 13 14 14 14 13 13 13 13
split_gain=3.46937e+06 3.97494e+06 1.7269e+06 1.64833e+06 1.55861e+06 1.37076e+06 1.35755e+06 1.20132e+06 1.16215e+06 855876 831417 1.03189e+06 1.65695e+06 1.45303e+06 1.21115e+06 1.03475e+06 1.24686e+06 926324 740105 714840 1.35422e+06 705220 1.43367e+06 1.23475e+06 770072 724588 679557 672649 1.13465e+06 621843
threshold=0.66909206366005647 0.041705840010878133 -0.01796644498195283 2.944881103827294 -0.011352688512255932 0.014332030701907571 0.025669582178647347 -0.015267357067794746 -0.052906240073950048 0.0041911379537866176 0.078842164060011558 0.40709906380380595 0.0093921061047047109 0.35294883110417091 0.32550485182271183 -0.01796644498195283 -0.0085802334926053346 0.35027571474701313 0.61120339608711716 0.014332030701907571 0.01135832798867265 0.0022799257668168122 0.36409779730719399 0.0024285878725784104 0.0020754950448866201 -9.1784016183020094e-05 0.41198591549295777 0.36150799813635665 0.44220408383169013 0.86887553408138019
decision_type=2 2 8 2 10 10 2 10 10 10 10 2 10 2 2 8 8 2 2 10 10 8 2 10 10 10 2 2 2 2
left_child=1 3 29 5 8 6 -1 -8 -3 -5 -9 12 13 17 -14 -13 18 -12 -17 20 -6 22 25 -23 -24 -15 -22 -7 -29 -2
right_child=2 4 -4 9 19 27 7 10 -10 -11 11 15 14 21 -16 16 -18 -19 -20 -21 26 23 24 -25 -26 -27 -28 28 -30 -31
leaf_value=0.10572282187997528 2.3960210213423738 2.0178694699768025 0.27264613365038504 -0.11524028206370183 -0.43707229627609012 1.5375621852618888 1.9772290848025211 0.18853371484446152 0.09041016856335507 -0.56761347885128788 -0.12640371920917504 1.7734382617005666 -3.1800389729839829 -1.0368168365910946 -0.34302775981751354 -0.66403185228069039 -0.035919212622567247 1.3800329523882136 -2.6459185693904592 0.29409737315117884 -2.7099254726656308 1.361150024986989 -0.48745558469376982 -0.46134371408569702 -2.1980804098131701 -3.1114503222199392 -0.96260002446307369 -1.7804107453522175 0.8641931957008846 0.49655288185854007
leaf_weight=137997 1336 917 46350 21084 88449 2021 700 23020 5314 20742 51751 777 839 755 682 1876 135710 1041 629 3182 927 1016 8659 10899 712 951 1392 515 1909 636
leaf_count=137997 1336 917 46350 21084 88449 2021 700 23020 5314 20742 51751 777 839 755 682 1876 135710 1041 629 3182 927 1016 8659 10899 712 951 1392 515 1909 636
internal_value=-0.0711011 -0.108453 0.3343 -0.0415661 -0.391731 -0.00897537 -0.0192399 -0.0910868 0.374069 -0.339577 -0.0971366 -0.12754 -0.273978 -0.241184 -1.90795 -0.0460936 -0.0563224 -0.0966984 -1.16168 -0.442521 -0.468344 -0.572936 -0.860133 -0.305938 -0.617427 -2.19331 -1.66108 0.863947 0.302324 1.78341
internal_weight=572788 524466 48322 424285 100181 382459 378014 240017 6231 41826 239317 216297 77305 75784 1521 138992 138215 52792 2505 93950 90768 22992 11077 11915 9371 1706 2319 4445 2424 1972
internal_count=572788 524466 48322 424285 100181 382459 378014 240017 6231 41826 239317 216297 77305 75784 1521 138992 138215 52792 2505 93950 90768 22992 11077 11915 9371 1706 2319 4445 2424 1972
is_linear=0
shrinkage=0.05


Tree=26
num_leaves=31
num_cat=0
split_feature=13 17 2 12 13 17 14 6 2 13 13 2 13 13 12 14 14 14 14 14 14 13 13 13 13 12 12 14 12 13
split_gain=3.29066e+06 3.39927e+06 2.14295e+06 1.97861e+06 1.79186e+06 1.69901e+06 2.09624e+06 1.37029e+06 1.36017e+06 1.17696e+06 1.10534e+06 1.00509e+06 991707 2.7147e+06 1.38501e+06 1.25331e+06 955088 1.09147e+06 1.02535e+06 1.46758e+06 1.03057e+06 1.89742e+06 1.16285e+06 885403 924167 868369 1.27421e+06 1.0674e+06 2.56711e+06 1.02374e+06
threshold=0.72128291540526657 0.042141159227411427 -0.0056933337353028699 -0.009580108063527739 0.26724219939117205 0.021801986251873684 0.0059355918821889335 4.1094198796731343 -0.035333123563803838 0.65671142809383187 0.54011518679355708 -0.0089065408162031668 0.45420751633986933 0.45114127606241178 -0.00011546895183519087 0.007938025578162972 0.0067211774124182394 0.0061725728947960848 0.007938025578162972 0.0089500665715177719 0.014332030701907571 0.28409859631320827 0.36150799813635665 0.086379690949227386 0.16887096774193552 0.0069817067548779725 0.0080283938590056132 0.00083291358709311307 0.0084027174470880702 0.80823230522374767
decision_type=2 2 8 8 2 2 10 2 10 2 2 8 2 2 10 10 10 8 10 10 10 2 2 2 2 10 10 10 10 2
left_child=1 2 -1 4 23 -4 7 10 -2 11 -7 -5 13 16 15 -14 17 -8 -18 -20 21 -21 -22 -3 -25 -10 -27 28 -28 -29
right_child=8 3 5 9 -6 6 12 -9 25 -11 -12 -13 14 -15 -16 -17 18 -19 19 20 22 -23 -24 24 -26 26 27 29 -30 -31
leaf_value=0.16646691391480814 2.95695769386721 1.4628941669357209 0.13504322130518798 -0.14553757346501228 2.6866838616214999 -0.25189803211190254 -0.38330061633206841 -0.67952249574905477 0.068310443881645436 0.22904835277281213 -0.00401729689351307 -0.55412806256838099 -0.39664740161576745 -3.5871039766160884 0.25396598576496826 2.3621159329139476 -0.71728454177655865 1.1334900272388539 1.229611950418062 -2.4285294258570294 1.242044112891348 -0.079248082641631523 -1.0309030052655721 -0.58872683892526179 0.74633039450033889 1.7803452665297799 -1.8787923466145473 1.0372425258284543 1.093211165880313 -0.7133635370720488
leaf_weight=103993 551 1097 66119 19326 788 150581 1863 14534 9354 6593 64124 68044 568 544 24366 1496 5979 3264 2263 1169 1838 3246 811 3482 2065 2248 804 1193 7546 2784
leaf_count=103993 551 1097 66119 19326 788 150581 1863 14534 9354 6593 64124 68044 568 544 24366 1496 5979 3264 2263 1169 1838 3246 811 3482 2065 2248 804 1193 7546 2784
internal_value=-0.0663303 -0.0916599 -0.0323422 -0.35302 0.432337 -0.0926598 -0.147081 -0.209671 0.500847 -0.415138 -0.177866 -0.463749 0.155576 -0.101119 0.35931 1.60292 -0.00830938 0.582333 -0.206155 0.121501 -0.23349 -0.701289 0.546174 0.164964 -0.0917207 0.444291 0.685589 0.485945 0.807045 -0.188226
internal_weight=572633 548153 446758 101395 7432 342765 276646 229239 24480 93963 214705 87370 47407 20977 26430 2064 20433 5127 15306 9327 7064 4415 2649 6644 5547 23929 14575 12327 8350 3977
internal_count=572633 548153 446758 101395 7432 342765 276646 229239 24480 93963 214705 87370 47407 20977 26430 2064 20433 5127 15306 9327 7064 4415 2649 6644 5547 23929 14575 12327 8350 3977
is_linear=0
shrinkage=0.05


Tree=27
num_leaves=31
num_cat=0
split_feature=17 2 12 12 9 12 12 2 12 9 17 6 6 12 12 12 12 12 12 10 12 17 12 12 2 9 17 12 7 11
split_gain=2.90818e+06 2.22687e+06 2.18772e+06 1.54922e+06 1.57352e+06 1.75878e+06 1.48427e+06 1.25599e+06 1.06991e+06 967291 948891 895723 795930 668627 876397 703709 721731 694806 633654 722424 615804 607021 493953 1.24393e+06 487293 623317 472500 879507 432597 428618
threshold=0.035853716683333342 -0.0085106896679086729 0.0023651824593056976 0.010100173992290821 -0.066042529569280334 -0.015523825238295434 0.0019117719798810303 -0.002911065758995635 -0.005151053458202064 -0.030626098228241128 0.050766916419643988 3.6498616744947996 2.944881103827294 0.0022326524313483732 0.0069817067548779725 0.0023264242646722764 0.0062609719852773889 0.0080283938590056132 -0.0070682575628737343 -0.024295896474603149 0.010656917268997959 0.020181186842415138 -0.0034388706987858726 -0.0036304690109206419 -0.058018488165277542 0.00065902524292461796 0.061877326001551755 0.012472248262135881 -0.011352688512255932 -0.11011584544336535
decision_type=2 8 10 10 8 10 10 8 8 8 2 2 2 10 10 10 10 10 8 10 10 2 8 10 10 10 2 10 10 8
left_child=6 3 8 4 5 -2 7 18 9 -3 29 26 21 -8 15 -15 -17 -16 19 -1 -19 -9 23 -20 25 -6 27 -4 -26 -10
right_child=1 2 11 -5 24 -7 13 12 10 -11 -12 -13 -14 14 17 16 -18 20 22 -21 -22 -23 -24 -25 28 -27 -28 -29 -30 -31
leaf_value=0.76549723340860065 4.0654522231336507 0.85462495524089666 0.042753132716517948 2.2281856824660262 0.16476032805520219 0.29264334161102978 0.54678822843868014 0.12330430249104457 -0.18249350303732459 -0.23789176743107526 -0.8270696379996938 -0.79644738795538783 -0.44035088737068628 -0.70537129223915696 1.0636476512284883 0.12449437093314303 -0.59829654030098278 0.0010998305529203013 -0.074742680276963999 0.11630932280338829 0.75455433343706235 -0.13790580112712914 0.10502687191495047 -1.6260512634403519 0.45191579471956356 -2.0516341996416223 -0.46162015053870853 1.2768636038321581 -0.044341373763344037 -0.49145075624583534
leaf_weight=6776 504 2483 34888 826 616 798 10640 26625 14054 11008 19089 3516 18591 2907 3749 68545 3637 7305 20760 11659 4313 135093 60009 1378 5026 654 4279 1506 34784 55781
leaf_count=6776 504 2483 34888 826 616 798 10640 26625 14054 11008 19089 3516 18591 2907 3749 68545 3637 7305 20760 11659 4313 135093 60009 1378 5026 654 4279 1506 34784 55781
internal_value=-0.0719098 -0.231873 -0.324848 0.0835882 0.0417913 1.75309 0.00757718 -0.0515518 -0.451721 -0.0368156 -0.514668 -0.0308007 -0.130519 0.171865 0.127764 0.0573579 0.0880755 0.471793 0.0900088 0.354926 0.280808 -0.0949006 0.0305574 -0.171305 -0.0124469 -0.976596 0.035386 0.0938212 0.0183109 -0.429274
internal_weight=571799 189812 146604 43208 42382 1302 381987 280891 102415 13491 88924 44189 180309 101096 90456 75089 72182 15367 100582 18435 11618 161718 82147 22138 41080 1270 40673 36394 39810 69835
internal_count=571799 189812 146604 43208 42382 1302 381987 280891 102415 13491 88924 44189 180309 101096 90456 75089 72182 15367 100582 18435 11618 161718 82147 22138 41080 1270 40673 36394 39810 69835
is_linear=0
shrinkage=0.05


Tree=28
num_leaves=31
num_cat=0
split_feature=2 17 13 12 12 14 9 12 14 14 14 14 14 14 12 17 17 12 13 14 14 12 9 12 14 13 14 13 13 14
split_gain=3.24596e+06 2.74188e+06 2.10462e+06 2.08193e+06 1.50526e+06 1.3541e+06 1.30477e+06 3.29615e+06 2.4681e+06 1.46749e+06 1.27611e+06 1.25013e+06 1.03184e+06 1.0258e+06 1.30762e+06 1.00039e+06 995734 889361 879701 827221 975901 737218 729646 664966 1.20984e+06 1.28979e+06 868074 1.25354e+06 2.95154e+06 1.50485e+06
threshold=-0.0008873989955120058 0.038345273218489483 0.65671142809383187 0.0086759873145388564 0.0019117719798810303 -0.0073043107792539535 -0.052906240073950048 -0.018397836894734759 -0.033374233339537519 -0.01796644498195283 0.012408643984512928 -0.021658507068033826 -0.013851110702276003 0.014332030701907571 -0.0026961470868247499 0.021420816883953881 0.047638465319881272 -0.0083764560395833219 0.47279021886281597 0.01135832798867265 0.012408643984512928 -0.001971657212894184 0.015336453692296236 0.0014795005132255885 -0.01034056252125609 0.27226271979510425 -0.0034352202709559058 0.31775210084033617 0.29061065915727996 -0.011175828150746085
decision_type=8 2 2 10 10 10 8 8 8 8 10 10 8 10 10 2 2 10 2 10 10 10 10 8 8 2 8 2 2 10
left_child=3 4 13 6 10 -5 7 -1 -8 11 15 17 22 19 -15 -2 23 -10 -6 -3 -21 -13 -11 26 -25 -26 27 28 -14 -29
right_child=1 2 -4 5 18 -7 8 -9 9 12 -12 21 16 14 -16 -17 -18 -19 -20 20 -22 -23 -24 24 25 -27 -28 29 -30 -31
leaf_value=3.9999366250478419 0.063858476509122394 -0.50749491946041903 0.20051552499375044 1.7286934070901019 -0.75123803221256547 -0.028086644424931091 -2.1712035670449059 0.26419600273574922 -1.5685434809696854 -0.5067713369387471 0.68332261607761191 0.880784187225788 0.49291053714895805 1.351233637909723 -0.51351465742640212 -0.2465868571857871 -0.27438492892713151 0.89914163290378968 0.12794774646388693 -2.3884296183019162 -0.40735903405650425 2.9796040591978015 -2.4945282311943702 -1.4456266149856374 -2.1390133216360905 0.33939186595408244 -0.0040871235251657267 -2.4419372131692927 3.5653481877425595 0.16207774687473309
leaf_weight=727 32141 71854 12531 3105 2952 1696 1255 3144 532 2411 4323 754 6221 1670 2151 134724 21384 1164 78648 1291 1199 940 571 1010 532 39586 134687 598 894 7682
leaf_count=727 32141 71854 12531 3105 2952 1696 1255 3144 532 2411 4323 754 6221 1670 2151 134724 21384 1164 78648 1291 1199 940 571 1010 532 39586 134687 598 894 7682
internal_value=-0.067997 -0.165196 -0.401041 0.0778634 -0.0805794 1.10809 0.0557915 0.965793 0.0397956 0.0524679 -0.164817 1.08468 0.036236 -0.497479 0.301489 -0.18679 0.0491915 0.12508 0.0961419 -0.538543 -1.43449 2.04542 -0.887391 0.0853787 0.263498 0.306526 0.0365676 0.392246 0.878962 -0.02599
internal_weight=572377 343484 90696 228893 252788 4801 224092 3871 220221 218966 171188 3390 215576 78165 3821 166865 212594 1696 81600 74344 2490 1694 2982 191210 41128 40118 150082 15395 7115 8280
internal_count=572377 343484 90696 228893 252788 4801 224092 3871 220221 218966 171188 3390 215576 78165 3821 166865 212594 1696 81600 74344 2490 1694 2982 191210 41128 40118 150082 15395 7115 8280
is_linear=0
shrinkage=0.05


Tree=29
num_leaves=31
num_cat=0
split_feature=13 2 6 9 12 2 13 8 13 13 13 2 13 12 12 7 13 9 11 12 12 12 9 13 12 12 12 12 10 13
split_gain=3.12123e+06 2.62901e+06 1.70798e+06 1.52691e+06 3.08761e+06 1.37652e+06 1.15002e+06 972347 960619 1.43577e+06 1.17284e+06 912112 912008 905732 1.66467e+06 883760 848664 837853 813449 724522 721124 709509 693482 688161 671015 601525 745986 587238 600333 578905
threshold=0.72128291540526657 0.002326428393100682 3.0236726372506193 -0.044337447991710063 -0.018397836894734759 -0.032261463195290004 0.51541258577209559 0.060240963855419383 0.45420751633986933 0.45114127606241178 0.46074929971988798 -0.058018488165277542 0.7164059387818823 0.0010528360006220414 0.0025153144691139923 -0.0016844759934897182 0.46677181913774979 -0.0042462908814510395 -0.23918144089756047 -0.015523825238295434 -0.00030448407412819826 9.7573030536232216e-05 0.0013153878774194736 0.7164059387818823 -0.00028694608599716935 1.0000000180025095e-35 0.0002263029525904646 -0.009580108063527739 -0.022289848242461576 0.086379690949227386
decision_type=2 8 2 8 8 10 2 10 2 2 2 10 2 10 10 10 2 10 8 8 10 8 10 2 8 10 10 10 10 2
left_child=1 3 8 4 -1 -2 7 27 9 13 -10 22 16 18 -15 -4 20 -18 -3 -20 -12 -8 -9 -23 -11 -22 -27 28 -5 -13
right_child=5 2 15 6 -6 -7 21 11 10 24 12 29 -14 14 -16 -17 17 -19 19 -21 25 23 -24 -25 -26 26 -28 -29 -30 -31
leaf_value=3.3538391293271594 2.7252170074283519 0.8120100845523468 -0.95926531425585648 1.3353259016247314 0.32938303446515776 0.42736465554255948 1.851910236898286 -0.17205162761029433 0.74982259867313727 -0.46689192408635222 -1.9233129568036802 0.63898749593847803 -1.6556324927692705 -3.0934473181148121 -0.30126531603876255 -0.380781052486377 -0.21634376781830059 0.041763076392643934 1.2380722974096576 -0.26913523562670921 0.88136945789200927 0.17912571363988694 -2.6756287269176111 -1.2282548481192102 -2.4329093543627032 -1.9792165025499977 -0.12977343857453175 0.10933718857251161 0.20927990136573685 -0.10283178610096666
leaf_weight=969 670 1837 8988 2143 6534 23919 626 511 4200 707 1052 2668 934 790 1646 24873 53716 75825 806 74237 700 66899 603 880 1124 845 1537 25233 2644 184519
leaf_count=969 670 1837 8988 2143 6534 23919 626 511 4200 707 1052 2668 934 790 1646 24873 53716 75825 806 74237 700 66899 603 880 1124 845 1537 25233 2644 184519
internal_value=-0.0611257 -0.0858518 -0.203759 0.0158609 0.719987 0.489976 -0.00256452 -0.0586159 -0.152869 -0.289532 -0.0729766 -0.100748 -0.0986492 -0.257577 -1.20678 -0.534333 -0.0877704 -0.0652646 -0.227501 -0.252947 -0.793001 0.176329 -1.52722 0.160853 -1.67378 -0.407184 -0.785852 0.205658 0.713378 -0.0922585
internal_weight=572635 548046 253817 294229 7503 24589 286726 218321 219956 81147 138809 188301 134609 79316 2436 33861 133675 129541 76880 75043 4134 68405 1114 67779 1831 3082 2382 30020 4787 187187
internal_count=572635 548046 253817 294229 7503 24589 286726 218321 219956 81147 138809 188301 134609 79316 2436 33861 133675 129541 76880 75043 4134 68405 1114 67779 1831 3082 2382 30020 4787 187187
is_linear=0
shrinkage=0.05


Tree=30
num_leaves=31
num_cat=0
split_feature=2 17 12 13 9 12 14 14 12 14 14 14 12 12 12 13 14 17 14 12 12 13 6 13 9 14 14 13 14 12
split_gain=2.89945e+06 3.08854e+06 2.08643e+06 2.06464e+06 2.00019e+06 2.41394e+06 2.19449e+06 1.1477e+06 1.13413e+06 1.11198e+06 1.10975e+06 1.26126e+06 1.07464e+06 979596 959142 952937 947385 918371 1.02357e+06 876065 851306 788465 780108 762624 1.78922e+06 1.41191e+06 1.26617e+06 804388 3.11457e+06 2.22245e+06
threshold=-0.0058408079379110274 0.035992221737517413 0.0086759873145388564 0.65671142809383187 -0.066042529569280334 -0.018397836894734759 -0.033374233339537519 0.014332030701907571 0.0013102427116815129 0.017502042061277878 -0.01796644498195283 -0.013851110702276003 0.0013765958081696451 0.0012242074010483559 -0.0026961470868247499 0.45923146655922648 -0.021658507068033826 0.05444649312703926 0.01135832798867265 -0.0083764560395833219 -0.0055529359160462902 0.30822077922077928 2.944881103827294 0.086379690949227386 0.0086755518465738892 -0.0018105553692524285 0.0019856109205337131 0.12723558433549184 0.0010896464249950553 -0.012121439880781302
decision_type=8 2 10 2 8 8 8 10 10 10 8 8 10 10 10 2 10 2 10 10 8 2 2 2 10 10 10 2 10 10
left_child=2 8 4 7 5 -1 -6 17 9 13 16 -12 -10 22 -9 -16 19 -3 20 -8 -19 -14 -2 24 25 -13 -27 28 29 -25
right_child=1 3 -4 -5 6 -7 10 14 12 -11 11 23 21 -15 15 -17 -18 18 -20 -21 -22 -23 -24 27 -26 26 -28 -29 -30 -31
leaf_value=4.693848922561803 -0.066738675848441634 -0.35813389686649877 1.3859913191336939 0.20392688076780008 -1.9507478634883482 0.61017175877567964 -1.4621314964432648 1.2197711675291034 1.064193933987728 1.2353006074792483 -0.97293022238674709 -0.15676275560471614 -1.6903154389371 -1.0642079022331408 -2.1824891625081793 0.2382658909612192 1.8479314958966251 0.39032499185152203 -2.3218746491162441 0.98379397272460489 -0.77464964564142802 0.083629137021337063 -0.42123696941840882 -3.3137395615096055 -1.4701047501965767 3.5610150180647353 0.97249524968595602 0.11903173274235535 0.98806757739854101 -0.44232108220989891
leaf_weight=509 167479 95167 3317 16751 1299 1252 552 1974 2807 1541 2726 985 630 2670 510 2004 1687 1745 975 1087 15475 109196 17104 1141 681 883 1016 116409 1948 1646
leaf_count=509 167479 95167 3317 16751 1299 1252 552 1974 2807 1541 2726 985 630 2670 510 2004 1687 1745 975 1087 15475 109196 17104 1141 681 883 1016 116409 1948 1646
internal_value=-0.0532787 -0.116347 0.147245 -0.315486 0.116541 1.79052 0.0942184 -0.389314 -0.027422 -0.102334 0.114533 0.0910013 0.0981441 -0.113342 0.394885 -0.252818 1.01616 -0.420361 -0.745832 0.160029 -0.656596 0.0734532 -0.0995875 0.114258 0.835029 1.37934 2.17611 0.093047 -0.545783 -1.61788
internal_weight=573166 436028 137138 134601 133821 1761 132060 117850 301427 188794 130761 127435 112633 187253 4488 2514 3326 113362 18195 1639 17220 109826 184583 124709 3565 2884 1899 121144 4735 2787
internal_count=573166 436028 137138 134601 133821 1761 132060 117850 301427 188794 130761 127435 112633 187253 4488 2514 3326 113362 18195 1639 17220 109826 184583 124709 3565 2884 1899 121144 4735 2787
is_linear=0
shrinkage=0.05


Tree=31
num_leaves=31
num_cat=0
split_feature=17 12 2 2 9 13 13 12 7 12 13 17 11 13 12 9 11 12 8 13 12 2 8 13 12 13 13 12 13 12
split_gain=2.50755e+06 1.89863e+06 1.56565e+06 1.4231e+06 1.40734e+06 1.32348e+06 956425 1.11595e+06 865035 762546 1.19943e+06 868990 779237 759965 882807 824002 752477 738791 720605 720017 697635 723101 634465 617187 655607 595640 804485 685010 654399 576618
threshold=0.043578393935548278 0.0069817067548779725 0.002326428393100682 -0.013788367848428322 -0.083267613653601594 0.65671142809383187 0.40709906380380595 -0.0013715312726306137 -0.018894377864627835 -0.005151053458202064 0.25347289214740504 0.055210611125910358 -0.15462676224803151 0.44786405723905731 -9.5960842319426593e-05 -0.044337447991710063 -0.031250558388501194 0.0080283938590056132 0.022333898643255579 0.45008038585209009 0.0086759873145388564 -0.058018488165277542 0.085714285714285313 0.39764987936352814 -0.0015566182097638181 0.41800076844262302 0.43859315010055461 -0.0013715312726306137 0.4132361759261674 0.010656917268997959
decision_type=2 10 8 10 8 2 2 10 10 8 2 2 10 2 10 8 10 10 10 2 8 8 10 2 8 2 2 10 2 10
left_child=1 2 8 4 -2 9 7 23 -1 10 -5 -11 -12 14 15 -10 17 -3 -6 -15 21 -20 -17 24 -4 27 -27 28 -24 -19
right_child=3 16 6 5 18 -7 -8 -9 13 11 12 -13 -14 19 -16 22 -18 29 20 -21 -22 -23 25 -25 -26 26 -28 -29 -30 -31
leaf_value=1.8046523481994319 2.63318756886129 1.3840926146089636 -0.22172177540662133 -0.44971999400827967 0.99012870854587787 0.17299900069059093 -0.071660042046755662 -0.8648418446622621 0.93006015003724096 -0.39527812656485284 1.8974485065816855 -0.80853208122176157 0.1984321180974554 1.3126720871682858 -0.54560359173815065 0.20040150792536426 0.05205264350634467 0.15644940740269309 -1.5374043628014411 0.13534426782625714 1.7329722332036519 -0.049938901175464345 -0.0747325849817672 -1.251372226340403 0.8917038934397965 0.52054090000416264 -0.37341853477617937 -0.47263907112098402 1.4099802841271991 0.9165642180641328
leaf_weight=703 542 2953 40243 5700 1781 9336 159427 7947 2355 39868 1034 18682 1943 1315 7754 27523 7210 5761 873 104365 513 12747 81278 1403 1367 8628 3553 11538 749 4401
leaf_count=703 542 2953 40243 5700 1781 9336 159427 7947 2355 39868 1034 18682 1943 1315 7754 27523 7210 5761 873 104365 513 12747 81278 1403 1367 8628 3553 11538 749 4401
internal_value=-0.0565563 -0.0105537 -0.031443 -0.294175 0.127668 -0.384843 -0.131933 -0.320494 0.0532048 -0.462312 -0.0248806 -0.527138 0.788551 0.0482611 -0.0267234 0.00294243 0.462368 0.68794 0.0423343 0.149994 -0.077104 -0.145281 -0.0134407 -0.219921 -0.185143 -0.0690984 0.259787 -0.111915 -0.0611755 0.485643
internal_weight=573492 480473 460148 93019 16456 76563 210387 50960 249761 67227 8677 58550 2977 249058 143378 135624 20325 13115 15914 105680 14133 13620 133269 43013 41610 105746 12181 93565 82027 10162
internal_count=573492 480473 460148 93019 16456 76563 210387 50960 249761 67227 8677 58550 2977 249058 143378 135624 20325 13115 15914 105680 14133 13620 133269 43013 41610 105746 12181 93565 82027 10162
is_linear=0
shrinkage=0.05


Tree=32
num_leaves=31
num_cat=0
split_feature=17 13 12 13 12 2 14 13 17 14 9 14 14 7 13 13 14 13 12 13 12 14 12 14 13 13 12 12 13 12
split_gain=2.62739e+06 1.84507e+06 1.83005e+06 2.28674e+06 1.8083e+06 1.49127e+06 1.47706e+06 1.08471e+06 908657 875931 782186 1.31341e+06 892381 889789 779285 1.24804e+06 964886 1.20826e+06 928936 835408 749273 1.25434e+06 863397 735284 1.85423e+06 1.60447e+06 1.30715e+06 1.36866e+06 2.68665e+06 1.2e+06
threshold=0.041932481151005084 0.65671142809383187 -0.009580108063527739 0.26724219939117205 0.0069817067548779725 0.002326428393100682 0.003175157908231327 0.77188524590163954 0.025072103982059585 -0.0085802334926053346 -0.046959210939030778 -0.033374233339537519 -0.01796644498195283 -0.010114117991769868 0.62480283911671941 0.77188524590163954 -0.0066860323921768099 0.4574647945403188 0.010656917268997959 0.90882120253164567 0.0026205806401390446 0.02042647176750689 0.0053948992070044144 -0.0080407074899879888 0.46074929971988798 0.44220408383169013 -0.0042591896515363249 -0.012121439880781302 0.24277598854893542 0.0058347562935567665
decision_type=2 2 8 2 10 8 10 2 2 8 8 8 8 10 2 2 8 2 10 2 10 10 10 8 2 2 10 10 2 10
left_child=4 2 3 -2 5 10 7 8 -7 -3 13 -12 -13 -1 16 -16 -6 -18 -17 -20 21 -8 -22 24 25 26 27 -14 -29 -26
right_child=1 9 -4 -5 14 6 20 -9 -10 -11 11 12 23 -15 15 18 17 -19 19 -21 22 -23 -24 -25 29 -27 -28 28 -30 -31
leaf_value=2.6980811653541905 0.10050487734031235 1.5828095649077689 -0.40734957046759174 2.9025364170751491 1.0635478472709656 -0.055391396084851434 -0.082870770134259419 1.5526279352696426 -0.38301931433778391 0.16960145938286855 -2.3752920030312494 1.1081632609316738 -1.0875556238817874 0.46280006073920354 1.1214671969670242 -0.31611918570642283 -2.5492140085985415 -0.091732759148989804 1.3436095663892738 -0.27568222810981091 0.38897629627547325 1.5528865990334695 -0.51412617759852042 0.067541465767319328 -1.8555181714734279 2.1118799667234249 -1.3543085831912005 3.6089390360148244 -0.52471809536738456 0.59417760426847221
leaf_weight=542 6694 1221 89246 817 1315 31451 81816 818 64697 10751 555 2013 888 2493 7215 4035 609 2799 2342 1207 19424 1189 3064 228287 2514 887 1589 724 860 624
leaf_count=542 6694 1221 89246 817 1315 31451 81816 818 64697 10751 555 2013 888 2493 7215 4035 609 2799 2342 1207 19424 1189 3064 228287 2514 887 1589 724 860 624
internal_value=-0.0505868 -0.271815 -0.344266 0.405292 0.00125836 -0.0194299 -0.119559 -0.260424 -0.275849 0.313732 0.0643473 0.0542158 0.0598721 0.861984 0.472245 0.650708 -0.0869502 -0.530878 0.202854 0.792895 0.00991933 -0.0594395 0.265928 0.0509446 -0.417623 0.185349 -0.235442 0.483764 1.36466 -1.36839
internal_weight=572686 108729 96757 7511 463957 444435 202459 96966 96148 11972 241976 238941 238386 3035 19522 14799 4723 3408 7584 3549 105493 83005 22488 236373 8086 4948 4061 2472 1584 3138
internal_count=572686 108729 96757 7511 463957 444435 202459 96966 96148 11972 241976 238941 238386 3035 19522 14799 4723 3408 7584 3549 105493 83005 22488 236373 8086 4948 4061 2472 1584 3138
is_linear=0
shrinkage=0.05


Tree=33
num_leaves=31
num_cat=0
split_feature=2 17 12 12 14 17 7 14 12 14 14 14 14 14 14 12 17 6 10 14 12 11 12 10 12 12 12 14 6 14
split_gain=2.4911e+06 2.65429e+06 1.87514e+06 1.7027e+06 2.73125e+06 1.04052e+06 896597 1.2214e+06 1.20523e+06 903062 1.12899e+06 1.09095e+06 846035 848522 1.29471e+06 793829 786671 740011 738385 720398 829492 682714 680066 657867 653995 835685 647780 935322 647153 625486
threshold=-0.0059795833035149815 0.032059862323642517 0.0086759873145388564 0.0020625259332994841 0.02042647176750689 0.050766916419643988 -0.018894377864627835 -0.033374233339537519 -0.0034388706987858726 -0.01796644498195283 -0.021658507068033826 -0.013851110702276003 0.0270617032583759 0.014332030701907571 0.01135832798867265 -0.0083764560395833219 0.021027698949167322 7.2017970545726691 -0.042760467605806492 0.0031415721934363564 0.0074590984930701697 -0.038839833316263832 -0.001971657212894184 0.030608038277221739 0.0084027174470880702 0.0069817067548779725 -0.005151053458202064 0.0093921061047047109 2.5608653995461235 0.0059355918821889335
decision_type=8 2 10 10 10 2 10 8 10 8 10 8 8 10 10 10 2 2 10 10 10 10 10 8 10 10 8 10 2 10
left_child=2 16 6 4 5 28 21 8 -8 10 15 -11 13 14 17 -9 -2 19 -16 20 -5 -1 -12 -22 25 -21 -7 -28 -3 -18
right_child=1 3 -4 12 -6 26 7 9 -10 11 22 -13 -14 -15 18 -17 29 -19 -20 24 23 -23 -24 -25 -26 -27 27 -29 -30 -31
leaf_value=1.8116983227171906 0.15879852356901164 -0.27123825765027404 1.328383451196 -0.26967874304399181 1.6507798157336513 -0.054733256914935392 0.15512812297836126 -1.5658305575432034 -2.7933868322783506 -0.90491747951982193 0.74129502863296515 0.10713293424444499 -1.5495325223653937 1.0314673109061563 -3.069754613237901 0.75546165464550885 -0.089016180009939466 -1.0004648975450807 -0.61876154090134095 0.21730371393954445 0.62195929807050776 -0.20948385785959786 2.7681497180803474 -0.45646482085407558 -0.99153402040334415 1.7920071659888539 -0.72341005397729763 -2.0431348727576899 -0.63215654735114313 0.16829095454180765
leaf_weight=1326 58393 91457 3218 25696 1674 3112 664 545 725 2722 764 122436 913 1874 523 1136 160835 1846 745 22704 5329 610 903 1925 1064 875 15056 1474 14372 27684
leaf_count=1326 58393 91457 3218 25696 1674 3112 664 545 725 2722 764 122436 913 1874 523 1136 160835 1846 745 22704 5329 610 903 1925 1064 875 15056 1474 14372 27684
internal_value=-0.0518304 -0.109769 0.135889 -0.24992 -0.355517 -0.382284 0.10678 0.0908608 -1.38387 0.106801 0.917209 0.0851223 -0.0384656 -0.0164205 -0.0487683 0.00287138 -0.00156018 -0.0150426 -1.6297 0.0165426 -0.136387 1.17486 1.83923 0.335777 0.221023 0.27574 -0.716504 -0.841092 -0.320252 -0.0512306
internal_weight=572600 437551 135049 190639 127145 125471 131831 129895 1389 128506 3348 125158 63494 62581 60707 1681 246912 59439 1268 57593 32950 1936 1667 7254 24643 23579 19642 16530 105829 188519
internal_count=572600 437551 135049 190639 127145 125471 131831 129895 1389 128506 3348 125158 63494 62581 60707 1681 246912 59439 1268 57593 32950 1936 1667 7254 24643 23579 19642 16530 105829 188519
is_linear=0
shrinkage=0.05


Tree=34
num_leaves=31
num_cat=0
split_feature=2 6 12 14 12 7 12 14 10 14 12 2 12 14 8 14 10 12 12 14 14 14 14 14 14 14 12 12 14 12
split_gain=2.20338e+06 1.70837e+06 1.48981e+06 2.93523e+06 1.47265e+06 1.42685e+06 996601 981597 1.77651e+06 1.18709e+06 974862 897986 849089 823105 765070 777816 741462 734952 722258 1.47277e+06 1.25748e+06 1.12065e+06 1.08976e+06 782542 758869 712157 2.60542e+06 4.3468e+06 2.57618e+06 2.19468e+06
threshold=0.0043440975958000264 4.4863846453053764 0.0013102427116815129 0.02042647176750689 0.010100173992290821 -0.018894377864627835 0.0014795005132255885 -0.033374233339537519 -0.086485818584687332 -0.01796644498195283 -0.0023689887345028902 -0.032261463195290004 0.0013765958081696451 0.0034498793543783668 0.085714285714285313 -0.016262574947656892 -0.015252110936034706 -0.005151053458202064 0.0069817067548779725 0.00040813511009258409 0.0044927611038868163 0.0023043808513056982 0.0017793135045680909 -0.0045940713398687502 0.0091590992600573077 -0.00037121405021835533 -0.012121439880781302 -0.0070682575628737343 -0.01034056252125609 -0.0064836710996034408
decision_type=10 2 10 10 10 10 8 8 10 8 10 10 10 10 10 8 10 10 10 8 10 10 10 8 10 8 10 10 10 10
left_child=4 2 3 -2 5 16 7 8 -7 10 -9 -6 13 -4 17 -16 -1 -11 19 -14 21 22 23 -20 -22 26 -17 28 -28 -29
right_child=1 -3 12 -5 11 6 -8 9 -10 14 -12 -13 18 -15 15 25 -18 -19 20 -21 24 -23 -24 -25 -26 -27 27 29 -30 -31
leaf_value=2.2527032337122503 -0.29413962254895459 -0.62390438436003137 -0.24475501085014267 1.6697529061224792 2.8416501940339529 0.48558559560865222 0.14931182725930151 0.1994081285922216 -3.5929013473686773 0.44180919645334166 2.1339169819054327 0.66805080732398747 -0.5379250413277924 1.7455768359017321 -1.3841877569013954 -1.5013085970305309 0.3574384023107795 -0.0012899340339078743 -0.067714281334258455 0.031295371648799183 -1.9317963022020281 1.8322459300460914 -1.43537337010171 0.97462915426948138 -0.07449665555157961 -0.1309260052220021 4.193555157940672 -1.8403804971125379 0.94636101738554523 0.024371770062051781
leaf_weight=1053 107126 19439 842 1937 543 533 89318 1556 535 13906 1120 3804 13716 1356 1153 2423 1012 28616 3018 66256 783 1561 758 4464 1848 161756 663 1658 7758 32645
leaf_count=1053 107126 19439 842 1937 543 533 89318 1556 535 13906 1120 3804 13716 1356 1153 2423 1012 28616 3018 66256 783 1561 758 4464 1848 161756 663 1658 7758 32645
internal_value=-0.0532602 -0.176058 -0.133313 -0.25926 0.0250045 0.0135045 0.00563018 -0.0448309 -1.55748 -0.0384519 1.00907 0.939563 0.0118865 0.983129 -0.0496387 -0.0891358 1.32389 0.143617 -0.0112163 -0.0663316 0.343327 0.603868 0.371161 0.554181 -0.627239 -0.0819189 0.0936671 0.184123 1.20202 -0.0657591
internal_weight=573156 223104 203665 109063 350052 345705 343640 254322 1068 253254 2676 4347 94602 2198 250578 208056 2065 42522 92404 79972 12432 9801 8240 7482 2631 206903 45147 42724 8421 34303
internal_count=573156 223104 203665 109063 350052 345705 343640 254322 1068 253254 2676 4347 94602 2198 250578 208056 2065 42522 92404 79972 12432 9801 8240 7482 2631 206903 45147 42724 8421 34303
is_linear=0
shrinkage=0.05


Tree=35
num_leaves=31
num_cat=0
split_feature=17 2 12 12 12 9 17 14 12 14 14 12 14 12 14 14 12 2 8 0 14 12 10 12 9 12 2 9 14 14
split_gain=2.42999e+06 1.44577e+06 1.36541e+06 1.46517e+06 1.37421e+06 1.41754e+06 1.35115e+06 1.21587e+06 1.03357e+06 1.03337e+06 982567 1.18675e+06 1.21712e+06 904308 889074 737906 911367 736826 677647 671788 641767 639990 1.23067e+06 713645 824957 728400 631692 622484 807648 831669
threshold=0.042141159227411427 -0.0052694732710856377 -0.009580108063527739 0.0051455069210035653 -0.010324644599988417 -0.058211730413737818 0.026553405544678364 0.015959206129601212 0.0069817067548779725 0.02042647176750689 0.0029403549489505536 0.0026205806401390446 0.011824106625347611 0.0086759873145388564 0.0091590992600573077 0.007938025578162972 -0.00018602558925177927 0.0069151048386151054 0.085714285714285313 -0.051807425953863277 0.0029665282722408054 -0.0052980094234980355 -0.0017922043971330551 -0.0012561437787633647 -0.038616155944430665 -0.0026961470868247499 0.0058930885423459489 -0.058211730413737818 -0.033374233339537519 -0.01796644498195283
decision_type=2 8 8 10 10 10 2 10 10 10 8 10 10 10 10 10 10 10 8 8 8 10 10 10 10 10 10 8 8 8
left_child=1 13 4 9 5 -2 -3 8 10 14 26 20 -13 27 15 17 -17 19 -7 -4 -12 22 -16 25 -25 -23 -8 -1 -29 -30
right_child=2 6 3 -5 -6 18 7 -9 -10 -11 11 12 -14 -15 21 16 -18 -19 -20 -21 -22 23 -24 24 -26 -27 -28 28 29 -31
leaf_value=1.3882767510424756 1.9775071472113042 0.067492078713621215 -1.9820971719564591 0.20093048840608072 2.0335023312808889 0.73118578160352854 -0.18837445720791557 0.86432093612891614 0.34845700583197681 1.3925662581399543 1.5626200281917502 0.36546659222220224 -1.6705221112830935 1.0681780324362766 1.8333599268152825 1.69970793891148 -0.18186776261784121 -0.59373485157052741 -0.5338524632523648 -0.24797177966496983 -0.15876410745089664 -1.0290749365705998 -1.5336488764565019 -2.5572520625165533 -0.56099400389086707 -3.2164287385512811 -0.4598814814707603 -1.754055946950327 1.1054496196334374 0.11333565466359784
leaf_weight=981 873 145896 565 12165 1088 1447 56622 3023 10056 810 545 18723 764 2655 554 948 2004 26880 3944 48433 83216 800 532 595 3975 726 34462 570 2155 106751
leaf_count=981 873 145896 565 12165 1088 1447 56622 3023 10056 810 545 18723 764 2655 554 948 2004 26880 3944 48433 83216 800 532 595 3975 726 34462 570 2155 106751
internal_value=-0.0484579 0.000717125 -0.264147 -0.312975 0.393271 0.108377 -0.049092 -0.131099 -0.145822 -0.384981 -0.171399 -0.0658002 0.285644 0.156297 -0.40172 -0.353198 0.422378 -0.383372 -0.194303 -0.267968 -0.147564 -0.934297 0.18396 -1.13351 -0.820901 -2.06972 -0.2911 0.134378 0.123142 0.132967
internal_weight=572758 466419 106339 98987 7352 6264 353307 207411 204388 86822 194332 103248 19487 113112 86012 78830 2952 75878 5391 48998 83761 7182 1086 6096 4570 1526 91084 110457 109476 108906
internal_count=572758 466419 106339 98987 7352 6264 353307 207411 204388 86822 194332 103248 19487 113112 86012 78830 2952 75878 5391 48998 83761 7182 1086 6096 4570 1526 91084 110457 109476 108906
is_linear=0
shrinkage=0.05


Tree=36
num_leaves=31
num_cat=0
split_feature=17 13 12 13 13 2 6 12 13 13 14 12 14 13 13 13 12 13 12 13 17 14 14 12 13 12 12 10 13 12
split_gain=2.202e+06 1.59964e+06 1.91528e+06 1.26655e+06 1.32972e+06 1.23382e+06 1.19017e+06 1.08498e+06 1.06533e+06 1.49128e+06 1.04786e+06 1.02433e+06 992934 1.22569e+06 1.19007e+06 1.11887e+06 1.36042e+06 1.32735e+06 1.17754e+06 965564 941594 933220 839780 829517 930586 828427 819180 806797 794370 831690
threshold=0.041069157920698422 0.65671142809383187 -0.005151053458202064 0.29061065915727996 0.31416765053128698 -0.0058408079379110274 5.6715424509433179 -0.0062853532632728519 0.40709906380380595 0.39559227695789745 -0.0085802334926053346 -0.0011685935079982078 0.0066413442328696103 0.72935854814976298 0.5329497340136794 0.45420751633986933 -0.00011546895183519087 0.41992345904298461 0.00025540098350028271 0.086379690949227386 0.057882862941276973 0.006890002005023343 0.0093921061047047109 -0.0020305403594664752 0.4132361759261674 -0.0018191691337477672 -0.018397836894734759 -0.086485818584687332 0.44153870566120651 -0.00050064339926930745
decision_type=2 2 8 2 2 8 2 10 2 2 8 10 10 2 2 2 10 2 10 2 2 10 10 8 2 8 8 10 2 8
left_child=5 2 3 19 7 27 8 -5 9 11 -3 26 13 23 15 17 -17 -14 -18 -2 28 -16 -20 24 -10 -25 -7 -1 -4 -30
right_child=1 10 20 4 -6 6 -8 -9 12 -11 -12 -13 14 -15 21 16 18 -19 22 -21 -22 -23 -24 25 -26 -27 -28 -29 29 -31
leaf_value=0.9231536287805755 1.3782480952734926 1.6059385880982207 -0.53243584279060308 3.5493624323890325 -0.18286410636266631 1.7149596008990819 -0.5094329873377097 0.74518167428557691 -0.29986844841051086 -0.84685739027745832 0.13528148203832141 -0.66698876712211252 1.3226624296383516 0.51145287260665784 1.3765037894482437 2.3079069902156082 -0.90728231334614429 -0.30591193181908954 1.3944763781711951 -0.10422303460279354 -0.72924697744134348 -0.15381868117369676 0.14110211829843869 -1.7269857062150693 2.2756162056348725 -0.030260830726878643 -0.066992941977997975 0.13400922233690346 0.6193019418792054 -0.24406657284049216
leaf_weight=3348 1182 1352 26371 735 967 650 12856 650 614 7276 11631 7397 1701 11117 1085 1609 985 4731 3857 15524 17371 12176 2045 722 818 199882 83045 99350 3003 39214
leaf_count=3348 1182 1352 26371 735 967 650 12856 650 614 7276 11631 7397 1701 11117 1085 1609 985 4731 3857 15524 17371 12176 2045 722 818 199882 83045 99350 3003 39214
internal_value=-0.0426658 -0.235149 -0.299877 0.153607 1.23993 0.00722388 -0.0372009 2.23332 -0.0193297 -0.15802 0.28843 -0.102999 0.0371989 0.000317506 0.31608 0.622279 0.998917 0.124779 0.693099 0.000666279 -0.40042 -0.0286094 0.960191 -0.0278076 1.17132 -0.0363676 -0.0531538 0.159736 -0.317139 -0.182653
internal_weight=573264 118000 105017 19058 2352 455264 352566 1385 339710 98368 12983 91092 241342 213153 28189 14928 8496 6432 6887 16706 85959 13261 5902 202036 1432 200604 83695 102698 68588 42217
internal_count=573264 118000 105017 19058 2352 455264 352566 1385 339710 98368 12983 91092 241342 213153 28189 14928 8496 6432 6887 16706 85959 13261 5902 202036 1432 200604 83695 102698 68588 42217
is_linear=0
shrinkage=0.05


Tree=37
num_leaves=31
num_cat=0
split_feature=6 7 13 2 9 14 13 14 13 12 14 9 2 13 13 14 11 13 12 14 13 12 13 14 14 13 14 14 14 13
split_gain=1.96372e+06 1.87357e+06 1.92523e+06 1.15391e+06 1.134e+06 1.01916e+06 999976 2.56022e+06 1.41503e+06 997459 961133 1.05848e+06 956630 877331 1.43185e+06 3.38253e+06 1.37716e+06 1.20584e+06 1.16888e+06 2.60506e+06 2.81311e+06 2.30876e+06 1.73235e+06 2.34069e+06 1.46643e+06 1.32053e+06 1.10976e+06 950658 1.06588e+06 1.97689e+06
threshold=4.4863846453053764 -0.015267357067794746 0.66909206366005647 -1.0000000180025095e-35 -0.058211730413737818 0.014332030701907571 0.40709906380380595 0.011824106625347611 0.40031545741324931 -0.0011685935079982078 -0.033374233339537519 -0.0096803379803500449 -0.035333123563803838 0.086379690949227386 0.12723558433549184 -0.0020407902496278082 -0.014493007302566805 0.10532212885154063 -0.009218330210910267 7.7765714262847217e-05 0.1935457635940728 -0.0090148358906430217 0.1511401849516604 0.0037907551294518401 0.0039857197863518894 0.21613322924798337 -0.0018105553692524285 -0.01796644498195283 -0.0080407074899879888 0.48035355874633323
decision_type=2 10 2 8 10 10 2 10 2 10 8 10 10 2 2 10 10 2 8 10 2 8 2 10 10 2 10 8 8 2
left_child=1 4 3 10 -1 6 7 8 9 -5 11 -3 -4 16 15 17 26 -15 19 25 22 -20 24 -24 -21 -16 -12 -23 29 -29
right_child=-2 2 12 5 -6 -7 -8 -9 -10 -11 13 -13 -14 14 18 -17 -18 -19 21 20 -22 27 23 -25 -26 -27 -28 28 -30 -31
leaf_value=3.1207488135172805 -0.4286957701338599 0.4655991973634252 2.361289348488762 -0.14865847022906598 0.72617666962432181 0.47436097636016766 -0.082573328151079817 -2.5832541953044519 -1.2861640944825157 -0.78759451147751092 -0.038024358288362439 -2.472334762080278 0.25586930292447768 -1.2384188321813876 1.7031871572906354 0.0017058314435948758 -1.314128481955503 -4.0888092302448422 -2.0086131418737625 0.79651511555913401 1.479598468088474 1.0136481464110008 -3.0463182231180168 0.49393969184160236 -2.1127843991733815 -0.60607554165184008 2.0044672308214202 0.052935750006130537 0.041685596804143993 -1.5853873019741462
leaf_weight=601 31258 501 546 60681 2788 6891 194294 1208 3218 6792 1033 790 45449 677 4379 3830 623 821 1399 1814 1888 2425 1402 700 569 721 1867 4996 185887 2916
leaf_count=601 31258 501 546 60681 2788 6891 194294 1208 3218 6792 1033 790 45449 677 4379 3830 623 821 1399 1814 1888 2425 1402 700 569 721 1867 4996 185887 2916
internal_value=-0.0433529 -0.0211175 -0.0284955 -0.0573972 1.15083 -0.125984 -0.141525 -0.300832 -0.261829 -0.212975 0.0280349 -1.33221 0.280862 0.0360922 0.0232335 -0.786184 0.818722 -2.80062 0.0438584 0.534497 -0.139494 0.0153744 -0.821065 -1.86736 0.101848 1.37672 1.27692 0.0298046 0.0174938 -0.550875
internal_weight=572964 541706 538317 492322 3389 273084 266193 71899 70691 67473 219238 1291 45995 217947 214424 5328 3523 1498 209096 11473 6373 197623 4485 2102 2383 5100 2900 196224 193799 7912
internal_count=572964 541706 538317 492322 3389 273084 266193 71899 70691 67473 219238 1291 45995 217947 214424 5328 3523 1498 209096 11473 6373 197623 4485 2102 2383 5100 2900 196224 193799 7912
is_linear=0
shrinkage=0.05


Tree=38
num_leaves=31
num_cat=0
split_feature=17 13 12 9 13 17 13 0 12 12 13 10 2 6 13 13 12 13 12 12 11 13 12 13 13 12 12 13 9 4
split_gain=2.3383e+06 2.72067e+06 2.02904e+06 3.16241e+06 2.32877e+06 2.15946e+06 1.66898e+06 1.09911e+06 1.05127e+06 1.12442e+06 950365 926029 783943 729991 702811 960795 1.19327e+06 664914 773808 650169 585460 583337 1.06025e+06 909147 951966 1.95127e+06 1.03178e+06 728410 786291 595914
threshold=0.029613646454676925 0.66909206366005647 -0.0049951111909748653 -0.058211730413737818 0.26136411553868866 0.050287139000483032 0.29061065915727996 -0.022315678973684364 -0.0010215795404864313 -0.0035468078566045411 0.24833449179276054 -0.045438922942194787 -0.002911065758995635 2.6127597845242794 0.086379690949227386 0.25347289214740504 -0.018397836894734759 0.47001577287066248 -0.00060487057409701448 0.0010528360006220414 -0.031250558388501194 0.12723558433549184 -0.009218330210910267 0.15807227410438207 0.18612563033917431 -0.0083764560395833219 -0.0090148358906430217 0.086379690949227386 0.0086755518465738892 -0.082308279996037223
decision_type=2 2 8 8 2 2 2 8 8 10 2 10 8 2 2 2 10 2 8 10 10 2 10 2 2 10 10 2 10 10
left_child=-1 2 3 6 8 12 -2 -3 9 10 -4 14 -6 17 -5 16 -16 19 -19 -14 -9 27 -23 -24 25 -25 -26 28 -13 -29
right_child=1 7 4 11 5 -7 -8 20 -10 -11 -12 21 13 -15 15 -17 -18 18 -20 -21 -22 22 23 24 26 -27 -28 29 -30 -31
leaf_value=0.063348335979570611 1.2001871886777227 1.5110938515430674 -0.6609178165023466 1.9518105588730255 -0.0096626812398992769 -0.58715149406786948 4.4490826530570073 0.39060933645021234 0.096643776555363478 -4.0248147072869456 -2.9709356491683092 0.81794300179905532 -0.27651044603650227 -0.51068786337884653 -2.070826343747274 1.0197524389637462 0.19122657921409231 1.2130608757710435 -0.10245252725805301 -1.1054928587395052 -0.13015407149160277 0.49785620025609828 -1.5632356141027521 3.1118963167787315 -2.4553148571026422 -0.12224542432414383 -0.18437030322157075 -2.3485524740301051 -1.458724378848542 -0.69819011470049641
leaf_weight=257455 1600 1830 1239 696 59043 35231 525 19235 726 566 695 1291 50693 19475 637 3330 6878 1136 69960 2481 7502 7206 1167 666 516 1556 16297 742 537 2081
leaf_count=257455 1600 1830 1239 696 59043 35231 525 19235 726 566 695 1291 50693 19475 637 3330 6878 1136 69960 2481 7502 7206 1167 666 516 1556 16297 742 537 2081
internal_value=-0.0484719 -0.139709 -0.186032 0.119354 -0.243914 -0.225829 2.00286 0.325629 -1.57829 -2.06469 -1.49104 0.0275547 -0.163055 -0.22606 0.411609 0.312763 -0.000513635 -0.181455 -0.0814327 -0.315189 0.244491 -0.110702 -0.0228423 -0.208574 -0.125522 0.847124 -0.254067 -0.628452 0.149141 -1.13197
internal_weight=572992 315537 286970 45725 241245 238019 2125 28567 3226 2500 1934 43600 202788 143745 11541 10845 7515 124270 71096 53174 26737 32059 27408 20202 19035 2222 16813 4651 1828 2823
internal_count=572992 315537 286970 45725 241245 238019 2125 28567 3226 2500 1934 43600 202788 143745 11541 10845 7515 124270 71096 53174 26737 32059 27408 20202 19035 2222 16813 4651 1828 2823
is_linear=0
shrinkage=0.05


Tree=39
num_leaves=31
num_cat=0
split_feature=17 12 12 12 9 12 17 14 6 7 14 14 12 12 14 12 14 14 12 12 12 14 14 14 14 12 10 14 12 12
split_gain=2.06358e+06 1.34699e+06 1.41153e+06 1.23097e+06 1.23584e+06 1.17676e+06 1.14296e+06 1.10753e+06 973947 949465 685536 1.0437e+06 911642 1.05663e+06 1.13561e+06 690567 782062 682895 999644 680268 680567 1.49207e+06 956174 675228 976763 1.15936e+06 1.26528e+06 953767 907702 799421
threshold=0.041932481151005084 -0.009580108063527739 0.0024187455855361416 -0.010324644599988417 -0.058211730413737818 0.0069817067548779725 0.025960297173287242 0.014332030701907571 3.1111915369624978 -0.015267357067794746 0.0026025985920121526 0.0024285878725784104 -0.0068887899551179086 -0.0055529359160462902 0.0024066667947869286 -0.0090148358906430217 -0.001752787791000831 -0.011175828150746085 0.0046182709642192434 -0.018397836894734759 0.0026205806401390446 0.011824106625347611 0.0028792428502272321 0.02042647176750689 0.0091590992600573077 -0.0049951111909748653 -0.029906151652488052 0.007938025578162972 -0.0025694912073986049 -0.0012561437787633647
decision_type=2 8 10 10 10 10 2 10 2 8 8 10 10 10 10 10 10 10 10 8 10 10 8 10 10 10 10 10 10 10
left_child=5 3 23 4 -2 6 -1 8 9 -8 11 12 15 -14 -15 -11 -17 18 -4 -12 -21 22 -22 24 27 26 -26 -3 -29 -27
right_child=1 2 17 -5 -6 -7 7 -9 -10 10 19 -13 13 14 -16 16 -18 -19 -20 20 21 -23 -24 -25 25 29 -28 28 -30 -31
leaf_value=0.093554070663799421 1.8808638265569961 -0.40524002132148618 -0.63759564679819392 1.9349664454532332 -0.1351764244468058 0.38564168987567821 1.7527844974912448 0.74483126712927883 -0.37557629405812665 -0.010604501147777157 1.6687980746754851 -0.83562854078433446 -1.0063384335949876 -0.1536964778110351 1.4819505542612186 1.5326749040744696 0.27307726320207071 -0.060797131944682392 1.6690813251155365 -0.038705094265912225 -0.78465397003670756 -2.1306487655017974 0.44491830884244632 1.0904490959811881 1.983204512820818 -2.4786638420464717 -1.1615522075315825 2.4516797874279863 0.098953575255124993 -0.98815559264405251
leaf_weight=165607 881 62737 715 1124 5542 19575 725 4086 26009 9245 624 5225 3614 96389 1073 1855 3671 27745 1369 104723 1724 628 19080 747 573 1358 724 522 1910 2665
leaf_count=165607 881 62737 715 1124 5542 19575 725 4086 26009 9245 624 5225 3614 96389 1073 1855 3671 27745 1369 104723 1724 628 19080 747 573 1358 724 522 1910 2665
internal_value=-0.0396968 -0.235878 -0.283995 0.40848 0.14135 0.00623938 -0.0104772 -0.0723003 -0.0844597 -0.0539996 -0.0592847 -0.144377 -0.1132 -0.166819 -0.135689 0.253709 0.695906 0.00476969 0.877683 0.0219774 0.0138317 0.270542 0.343025 -0.404911 -0.420758 -1.07219 0.227766 -0.367579 0.603938 -1.49129
internal_weight=572465 108612 101065 7547 6423 463853 444278 278671 274585 248576 247851 121072 115847 101076 97462 14771 5526 29829 2084 126779 126155 21432 20804 71236 70489 5320 1297 65169 2432 4023
internal_count=572465 108612 101065 7547 6423 463853 444278 278671 274585 248576 247851 121072 115847 101076 97462 14771 5526 29829 2084 126779 126155 21432 20804 71236 70489 5320 1297 65169 2432 4023
is_linear=0
shrinkage=0.05


Tree=40
num_leaves=31
num_cat=0
split_feature=2 17 12 9 12 12 13 12 17 2 6 9 12 12 13 13 17 13 9 13 13 10 12 13 8 12 12 9 4 13
split_gain=1.84384e+06 2.28128e+06 1.41081e+06 1.40433e+06 2.82056e+06 1.26746e+06 1.10181e+06 863128 816095 782744 747777 713484 706353 678101 1.10706e+06 1.02807e+06 1.02802e+06 1.02687e+06 715670 643263 755763 890368 812958 810016 909402 898588 768151 757058 689273 1.05494e+06
threshold=-0.0059795833035149815 0.031425459825208439 0.0013102427116815129 -0.049842431534780525 -0.018397836894734759 0.0086759873145388564 0.46523382559774967 0.0012758230275707104 0.063709155212157517 -0.058018488165277542 6.5768929613459699 0.015011514079151503 0.010100173992290821 -0.005151053458202064 0.30031645569620258 0.31416765053128698 0.050766916419643988 0.27226271979510425 -0.033427114534732273 0.44786405723905731 0.086379690949227386 -0.030526630702187443 -0.015523825238295434 0.12723558433549184 0.17647058823530273 -0.009580108063527739 -0.012121439880781302 -0.00067212772969872734 -0.1213419732732368 0.1511401849516604
decision_type=8 2 10 8 8 10 2 10 2 10 2 10 10 8 2 2 2 2 10 2 2 10 10 2 10 8 10 10 10 2
left_child=3 -2 7 4 -1 9 -4 10 12 11 13 -5 -8 14 18 -16 17 -15 -3 20 21 -11 27 24 -22 28 -26 -23 29 -25
right_child=1 2 6 5 -6 -7 8 -9 -10 19 -12 -13 -14 16 15 -17 -18 -19 -20 -21 23 22 -24 25 26 -27 -28 -29 -30 -31
leaf_value=3.7400884479168774 0.0084202183285099104 0.75929448446565928 -1.1895280449945493 -0.23212038659709783 0.39904934276340964 1.0861307134942837 -0.02909849471212311 -1.9347544197602269 -0.6678424077864934 1.8205802654441503 -0.95145851374019019 -2.4142651335160075 0.67295126775487268 -1.2144990403211071 2.66540609831794 0.20183077355296436 -0.74528718415484707 -0.24540969725011688 -0.2820555804099954 0.23303582637033121 -0.16851094463287022 0.46561929404138636 1.3167942550921772 2.3212000246177995 -2.7021891726271332 -0.055811339242044102 -0.52432570704282389 -1.9794446717657561 0.15392442554861588 0.36230811204967583
leaf_weight=774 236515 1911 2117 1020 3436 3090 72906 834 4782 1202 4515 592 3768 2830 707 1056 13743 80220 12076 42733 3078 674 847 1122 824 67395 796 597 5058 1774
leaf_count=774 236515 1911 2117 1020 3436 3090 72906 834 4782 1202 4515 592 3768 2830 707 1056 13743 80220 12076 42733 3078 674 847 1122 824 67395 796 597 5058 1774
internal_value=-0.0470993 -0.0968979 -0.220539 0.114448 1.01329 0.0855173 -0.0633892 -0.331941 -0.0341215 0.0613074 -0.320522 -1.0335 0.00540242 -0.29521 0.0090466 1.18978 -0.344718 -0.278432 -0.139779 0.075303 -0.00554916 0.733663 0.116819 -0.0362085 -0.673189 0.00350722 -1.63208 -0.682849 0.506119 1.12124
internal_weight=572992 437980 201465 135012 4210 130802 83573 117892 81456 127712 117058 1612 76674 112543 15750 1763 96793 83050 13987 126100 83367 3320 2118 80047 4698 75349 1620 1271 7954 2896
internal_count=572992 437980 201465 135012 4210 130802 83573 117892 81456 127712 117058 1612 76674 112543 15750 1763 96793 83050 13987 126100 83367 3320 2118 80047 4698 75349 1620 1271 7954 2896
is_linear=0
shrinkage=0.05


Tree=41
num_leaves=31
num_cat=0
split_feature=17 13 12 13 12 14 12 14 14 17 13 14 14 13 14 12 14 14 14 17 14 10 14 7 10 13 13 12 14 5
split_gain=1.77299e+06 1.2404e+06 1.64798e+06 1.16785e+06 1.10858e+06 995664 1.0061e+06 1.09609e+06 1.04387e+06 1.09675e+06 995395 1.78364e+06 1.06979e+06 963149 944437 904967 828817 800026 2.13389e+06 844342 798794 988393 771467 757688 1.12936e+06 737908 878402 1.26e+06 705295 641301
threshold=0.042141159227411427 0.65671142809383187 -0.0049951111909748653 0.29061065915727996 -0.0055529359160462902 0.015959206129601212 0.0019117719798810303 -0.033374233339537519 -0.01796644498195283 0.02606673860050757 0.47279021886281597 7.7765714262847217e-05 -0.0073043107792539535 0.48357959447799831 -0.013851110702276003 -0.0023689887345028902 0.0033853320366185693 -0.021658507068033826 -0.013851110702276003 0.065892330216053799 0.01135832798867265 -0.030526630702187443 -0.0085802334926053346 -0.0065278698171415796 -0.050468771671297367 0.086379690949227386 0.16887096774193552 -0.009580108063527739 -0.0049073893549430704 0.13461836820400411
decision_type=2 2 8 2 10 10 10 8 8 2 2 10 8 2 10 10 10 8 8 2 10 10 8 10 8 2 2 10 8 8
left_child=5 2 3 14 16 6 7 -1 15 -10 11 12 -8 -12 -2 -9 -5 -4 -19 -20 -15 -22 -3 24 -11 -16 -27 -28 -14 -21
right_child=1 22 17 4 -6 -7 10 8 9 23 13 -13 28 20 25 -17 -18 18 19 29 21 -23 -24 -25 -26 26 27 -29 -30 -31
leaf_value=-2.345768846765933 -1.4748654040727054 1.4572723874954308 -2.1259814987942871 0.67838117542855558 -0.56586131858906719 0.75852198905664081 1.5818482585283915 0.18518012193794886 0.056704610117195908 0.97187560708890419 1.8024817855719666 -3.3618731333712839 -1.5863647318007064 0.14524562892353091 1.3472463142052638 2.4346868432521287 2.8735530957875621 1.9420242602229423 -0.34416647170815734 0.61454643143196652 -2.4776515976644222 0.15900729540735484 0.11920414727493503 -0.16049801970560362 -0.011818830237266386 -0.64653152091276478 1.3449560979592912 -0.055279791838398477 -0.16279867319999974 -0.99923490798811399
leaf_weight=521 1033 1199 657 812 662 4261 686 1053 129632 3557 868 508 1182 116547 1080 777 914 982 66886 668 653 780 10605 185309 16236 3868 2050 7428 3297 7851
leaf_count=521 1033 1199 657 812 662 4261 686 1053 129632 3557 868 508 1182 116547 1080 777 914 982 66886 668 653 780 10605 185309 16236 3868 2050 7428 3297 7851
internal_value=-0.0443933 -0.228246 -0.288375 0.144558 1.17365 -0.0022864 -0.00930929 -0.0541742 -0.0506269 -0.0571377 0.112143 -0.534905 -0.25686 0.143028 -0.0144092 1.1403 1.84083 -0.388662 -0.37372 -0.403878 0.130819 -1.04248 0.255119 -0.12909 0.164961 0.0901694 -0.0115572 0.247578 -0.538475 -0.872694
internal_weight=572562 106695 94891 17847 2388 465867 461606 337085 336564 334734 124521 5673 5165 118848 15459 1830 1726 77044 76387 75405 117980 1433 11804 205102 19793 14426 13346 9478 4479 8519
internal_count=572562 106695 94891 17847 2388 465867 461606 337085 336564 334734 124521 5673 5165 118848 15459 1830 1726 77044 76387 75405 117980 1433 11804 205102 19793 14426 13346 9478 4479 8519
is_linear=0
shrinkage=0.05


Tree=42
num_leaves=31
num_cat=0
split_feature=2 6 9 12 12 14 12 14 12 13 12 14 13 14 14 14 13 13 12 12 14 9 12 12 11 13 15 13 11 14
split_gain=1.76818e+06 1.59666e+06 1.39581e+06 2.10169e+06 1.35853e+06 1.6715e+06 1.33256e+06 1.92643e+06 1.29704e+06 1.24513e+06 988811 1.08334e+06 894854 762373 854087 849375 842103 1.59426e+06 759546 735229 694252 682239 644098 641299 632708 629270 620680 582633 1.53144e+06 1.01913e+06
threshold=-0.0058408079379110274 2.944881103827294 -0.066042529569280334 -0.018397836894734759 0.0086759873145388564 -0.033374233339537519 0.0013102427116815129 0.02042647176750689 0.0012758230275707104 0.53436112919453171 0.0013765958081696451 0.0034498793543783668 0.30822077922077928 -0.01796644498195283 -0.013851110702276003 -0.021658507068033826 0.33459556191839662 0.52135258358662628 -0.0083764560395833219 -0.001971657212894184 -0.0073043107792539535 -0.0059667666423572066 -0.0017336470331282018 0.0014795005132255885 -0.024663022359234368 0.57042192365427324 -0.012440828888078929 0.086379690949227386 -0.01917482874319144 -0.0018105553692524285
decision_type=10 2 8 10 10 8 10 10 10 2 10 10 2 8 8 10 2 2 10 10 10 10 10 10 10 2 10 2 10 10
left_child=2 6 3 -1 5 21 7 8 24 -10 11 -8 -12 15 16 18 -15 -18 -7 -17 -6 -4 -9 25 -2 -14 -3 28 29 -16
right_child=1 26 4 -5 20 13 10 22 9 -11 12 -13 23 14 27 19 17 -19 -20 -21 -22 -23 -24 -25 -26 -27 -28 -29 -30 -31
leaf_value=4.2350171259944407 -0.19907546417629091 -1.0491990538877689 -0.26340141752436758 0.43394055039683216 1.5484720361560917 -1.483071757739858 -0.025168520300358738 0.89295144031776175 -2.5823853586156456 0.27745492407674566 -1.6985120692475122 1.7130431888692446 -0.7623461354553478 -1.6406540513713133 0.054077605472891581 0.49241137036392768 1.7420696073241542 -1.7589693678959617 0.78472453502319506 2.5885480476520768 -0.080848399251534253 -2.616670330091754 2.9657275626228095 0.06331083432522279 -0.028192292012221773 0.62122508188658798 -0.3264534746582976 0.068536901377664994 -1.2337943217144192 2.0213949167627692
leaf_weight=504 150867 3206 500 1306 2376 553 1732 1479 1050 597 741 1858 4282 1436 1068 775 699 608 1111 909 902 802 502 143460 84512 1017 40448 121295 785 1716
leaf_count=504 150867 3206 500 1306 2376 553 1732 1479 1050 597 741 1858 4282 1436 1068 775 699 608 1111 909 902 802 502 143460 84512 1017 40448 121295 785 1716
internal_value=-0.0433846 -0.0926914 0.11305 1.49236 0.09463 0.0697084 -0.060756 -0.134527 -0.147504 -1.54576 0.0544166 0.874441 0.034725 0.0874323 0.0678912 0.832228 -0.804858 0.11343 0.0310639 1.62388 1.10014 -1.71296 1.41821 0.0433587 -0.13772 -0.496807 -0.379533 0.0870637 0.716711 1.26669
internal_weight=573096 435751 137345 1810 135535 132257 392097 239007 237026 1647 153090 3590 149500 130955 127607 3348 2743 1307 1664 1684 3278 1302 1981 148759 235379 5299 43654 124864 3569 2784
internal_count=573096 435751 137345 1810 135535 132257 392097 239007 237026 1647 153090 3590 149500 130955 127607 3348 2743 1307 1664 1684 3278 1302 1981 148759 235379 5299 43654 124864 3569 2784
is_linear=0
shrinkage=0.05


Tree=43
num_leaves=31
num_cat=0
split_feature=17 2 2 6 9 13 14 13 14 13 14 14 14 14 17 9 11 8 13 14 0 14 13 14 14 11 14 2 9 14
split_gain=1.86351e+06 1.30798e+06 1.21556e+06 1.13773e+06 967929 947247 1.24035e+06 919415 783424 1.33072e+06 2.03962e+06 1.87901e+06 1.65602e+06 951909 766586 716858 657601 637514 628265 1.33389e+06 988014 892736 595405 1.08793e+06 1.22938e+06 1.1888e+06 596598 573157 557788 754364
threshold=0.043319886780299181 -0.013788367848428322 -0.0058408079379110274 4.1094198796731343 -0.083267613653601594 0.54011518679355708 0.02042647176750689 0.65671142809383187 0.0059817194653357655 0.27714118277826966 0.0064654358531858738 0.014332030701907571 0.0093921061047047109 0.0082918860079702356 0.023528735321732341 -0.052906240073950048 -0.098897292770096734 0.01046572761724862 0.44786405723905731 -0.033374233339537519 -0.0070962038344457171 -0.033374233339537519 0.65143670371374374 0.014332030701907571 0.01135832798867265 -0.11011584544336535 0.012408643984512928 -0.058018488165277542 -0.0013437544686131801 0.0091590992600573077
decision_type=2 10 8 2 8 2 10 2 8 2 8 10 10 10 2 8 8 10 2 10 8 8 2 10 10 10 10 8 10 10
left_child=2 4 15 5 -2 6 8 22 14 10 -10 12 13 -12 -4 -1 -11 -6 19 20 -17 -20 23 24 -3 -25 -26 -19 29 -7
right_child=1 7 3 -5 17 28 -8 -9 9 16 11 -13 -14 -15 -16 18 -18 27 21 -21 -22 -23 -24 25 26 -27 -28 -29 -30 -31
leaf_value=1.236191377026211 2.2486685650562173 -0.37968530742953033 0.026550691906179976 -0.39395068584085879 1.0699463996057184 0.026672743040499144 1.5540967476798115 0.13049683179905347 1.5252863567933568 0.72210362526453409 -1.5709625287570246 1.4438362493376882 -3.3529652590054342 0.92017342403078473 -0.19186929295674929 -3.2200842696414052 0.12579119578397061 -1.1812754336588216 1.9438241223809287 0.070178189759792439 -0.24234109508837093 0.25970306952992861 -1.7946337112525257 1.4896279947310593 -2.4006105988977633 -0.54999211510795476 -0.70797688341752085 0.072103049630608845 0.20348339096020776 -0.78582236009464657
leaf_weight=1489 536 62964 56733 21806 1503 51091 1157 9570 823 5492 1354 548 1036 535 137609 536 29230 977 804 68235 580 36986 749 1589 1117 1298 975 13734 59028 3026
leaf_count=1489 536 62964 56733 21806 1503 51091 1157 9570 823 5492 1354 548 1036 535 137609 536 29230 977 804 68235 580 36986 749 1589 1117 1298 975 13734 59028 3026
internal_value=-0.0405719 -0.242821 -0.00037912 -0.0436093 0.158183 -0.0216353 -0.0789615 -0.328646 -0.0870582 0.117401 -0.71274 -1.24309 -1.74648 -0.865426 -0.128107 0.146654 0.22011 0.0890765 0.131512 0.0421347 -1.67251 0.295534 -0.392612 -0.377156 -0.419304 0.572611 -1.61174 -0.0111374 0.0971855 -0.0187586
internal_weight=573110 95012 478098 369468 16750 347662 234517 78262 233360 39018 4296 3473 2925 1889 194342 108630 34722 16214 107141 69351 1116 37790 68692 67943 65056 2887 2092 14711 113145 54117
internal_count=573110 95012 478098 369468 16750 347662 234517 78262 233360 39018 4296 3473 2925 1889 194342 108630 34722 16214 107141 69351 1116 37790 68692 67943 65056 2887 2092 14711 113145 54117
is_linear=0
shrinkage=0.05


Tree=44
num_leaves=31
num_cat=0
split_feature=2 9 12 12 14 6 17 17 14 14 12 12 14 14 12 14 12 14 12 12 14 14 14 12 12 14 14 12 12 14
split_gain=1.7019e+06 1.45797e+06 3.1298e+06 1.303e+06 2.45222e+06 1.1389e+06 953032 888835 885614 857531 1.11648e+06 1.71198e+06 1.55909e+06 1.16875e+06 923231 881544 834493 931208 829550 686586 1.34057e+06 898970 667884 950215 774040 2.79735e+06 2.57413e+06 655640 638881 1.06513e+06
threshold=0.0065663293733787716 -0.038616155944430665 -0.018397836894734759 0.0014795005132255885 -0.033374233339537519 4.4863846453053764 0.050766916419643988 0.047638465319881272 0.02042647176750689 -0.0034352202709559058 -0.0070682575628737343 -0.0064836710996034408 -0.0039378222928587456 -0.0060873310949540555 -0.0079068726198417965 -0.0031432516275421403 0.0069817067548779725 0.0032118266929887034 0.00088346026385851216 -0.014023419856971607 -0.011175828150746085 -0.01796644498195283 -0.0024130478916207397 -0.0059250802429191285 -0.014023419856971607 -0.00081376696052021442 0.0012337244552452112 0.0080283938590056132 0.0004186371297949881 -0.0096976068340517887
decision_type=8 8 8 8 8 2 2 2 10 8 10 10 10 10 10 8 10 10 10 10 10 10 8 10 8 10 10 10 10 10
left_child=1 2 -1 4 -3 6 8 9 16 10 13 -12 18 19 -15 -11 17 -2 28 -6 21 -21 23 -17 25 -24 -27 -18 -13 -30
right_child=5 3 -4 -5 7 -7 -8 -9 -10 15 11 12 -14 14 -16 22 27 -19 -20 20 -22 -23 24 -25 -26 26 -28 -29 29 -31
leaf_value=2.9992813761357935 -0.27609408624613402 -2.7908114570736742 0.2961682178863238 0.14916198301745479 -1.106750713580064 -0.53701195065383334 -0.46674366409573698 -0.34343038089160666 1.1074600305089612 -1.202347065215243 -2.7792605211404924 -0.10648016327192555 1.4723785614623592 0.97026213964857499 3.1014719116917302 -1.1122118567869923 1.1513595954320959 -0.0066635462344097028 -1.8693550247059421 0.79270320352703827 -0.11916579795011617 3.5790049311976264 -2.5691929082567331 1.0365330323405515 -0.062841937395296352 3.5989421194638136 0.40490826052034762 0.13723189229930419 2.8345341082777633 0.094259423426986802
leaf_weight=1175 56855 817 12081 108396 674 18540 17876 23209 1555 1642 515 10218 1942 1308 831 628 2097 73564 597 673 2074 508 581 2847 220189 834 2589 6641 517 1129
leaf_count=1175 56855 817 12081 108396 674 18540 17876 23209 1555 1642 515 10218 1942 1308 831 628 2097 73564 597 673 2074 508 581 2847 220189 834 2589 6641 517 1129
internal_value=-0.037376 0.0202516 0.53577 0.00239588 -0.0555975 -0.166204 -0.122854 -0.047427 -0.0791664 -0.0199797 0.285945 0.0533512 0.154635 0.85777 1.79824 -0.0479774 -0.0924263 -0.124119 -0.05073 0.345768 0.646536 1.99121 -0.0396518 0.648213 -0.0503137 0.638642 1.18312 0.380609 0.0407838 0.954965
internal_weight=573102 395974 13256 382718 274322 177128 158588 273505 140712 250296 20986 14918 14403 6068 2139 229310 139157 130419 12461 3929 3255 1181 227668 3475 224193 4004 3423 8738 11864 1646
internal_count=573102 395974 13256 382718 274322 177128 158588 273505 140712 250296 20986 14918 14403 6068 2139 229310 139157 130419 12461 3929 3255 1181 227668 3475 224193 4004 3423 8738 11864 1646
is_linear=0
shrinkage=0.05


Tree=45
num_leaves=31
num_cat=0
split_feature=17 12 9 13 14 6 17 17 13 7 7 13 13 12 14 14 12 12 12 14 14 13 14 13 9 12 14 14 12 14
split_gain=1.47969e+06 1.26729e+06 1.63956e+06 1.53001e+06 1.97306e+06 873480 779229 720548 685824 651248 643597 762281 1.38637e+06 917167 1.03312e+06 1.383e+06 786174 810605 2.35258e+06 1.54033e+06 740993 834946 763575 788731 715951 723187 687886 672038 904672 834570
threshold=0.041274879011887054 -0.0049951111909748653 -0.083267613653601594 0.51541258577209559 -0.01796644498195283 1.6329199737969213 0.060275352314170423 0.063709155212157517 0.48991919093377562 -0.010114117991769868 -0.0074551742653256878 0.40709906380380595 0.39559227695789745 -0.0013715312726306137 -0.0015413939735762483 0.0011296176608035534 -0.0011685935079982078 -0.0020305403594664752 -0.0022352511682086954 -0.00081376696052021442 -0.013851110702276003 0.30031645569620258 -0.01034056252125609 0.086379690949227386 -0.0013437544686131801 0.0014795005132255885 0.0010896464249950553 0.0058146928034701504 0.0010162796672583336 0.0051949494318059026
decision_type=2 8 8 2 8 2 2 2 2 10 10 2 2 8 10 10 10 8 10 8 10 2 10 2 8 10 10 8 8 10
left_child=5 2 -2 6 -5 10 -3 -6 -8 -4 -1 12 16 14 -13 -16 17 18 20 -19 21 -12 -22 -24 -15 27 -18 28 -26 -30
right_child=1 3 9 4 7 -7 8 -9 -10 -11 11 13 -14 24 15 -17 26 19 -20 -21 22 -23 23 -25 25 -27 -28 -29 29 -31
leaf_value=0.45079032229889204 2.4857435013873261 -0.35817887708653201 0.69720908911485102 2.0313666968445783 -0.014557198098000455 -0.11089673189390535 -0.69835085083291359 -0.62524463317799706 -1.9899795029942613 -0.057058123751460521 -0.20688803337146472 2.0789696634580812 -0.72323707798516956 -0.02253141617308382 -1.3673768700729099 0.75982889445195512 -0.045314322840517743 -1.4716713296630426 -1.3709536799285968 0.50179258395905368 1.6868504497484453 -2.5706607642054351 1.1745090642128184 -0.0052982244761217139 0.058357033579226517 0.29059362186160553 -1.0154953375417308 0.39856078700217451 -0.36844920191701636 -2.2355061340543267
leaf_weight=9726 743 45056 3553 1119 36155 111940 7380 5575 1194 14710 1053 1095 7515 100804 923 4438 3727 1066 3210 13648 690 579 1443 77425 40254 55122 3584 10657 7697 649
leaf_count=9726 743 45056 3553 1119 36155 111940 7380 5575 1194 14710 1053 1095 7515 100804 923 4438 3727 1066 3210 13648 690 579 1443 77425 40254 55122 3584 10657 7697 649
internal_value=-0.0299108 -0.189827 0.183351 -0.263342 -0.0405833 0.0104787 -0.44132 -0.0961432 -0.878221 0.0896818 0.0498259 0.0382048 -0.0668982 0.0922361 0.679446 0.393589 -0.0205521 0.0163566 -0.0433471 0.358819 0.00914229 -1.04551 0.0307766 0.016288 0.0746184 0.160238 -0.520917 0.0389788 -0.0398702 -0.513635
internal_weight=572730 115485 19006 96479 42849 457245 53630 41730 8574 18263 345305 335579 113940 221639 6456 5361 106425 99114 84400 14714 81190 1632 79558 78868 215183 114379 7311 59257 48600 8346
internal_count=572730 115485 19006 96479 42849 457245 53630 41730 8574 18263 345305 335579 113940 221639 6456 5361 106425 99114 84400 14714 81190 1632 79558 78868 215183 114379 7311 59257 48600 8346
is_linear=0
shrinkage=0.05


Tree=46
num_leaves=31
num_cat=0
split_feature=17 13 12 9 13 14 14 17 14 13 14 13 14 14 13 6 14 13 14 14 14 12 12 12 13 17 2 14 13 14
split_gain=1.64773e+06 1.7515e+06 1.7307e+06 2.06423e+06 1.24196e+06 1.11427e+06 1.13499e+06 1.07332e+06 931495 862797 784604 707966 706548 809453 892504 661017 651680 1.28042e+06 741875 873562 996843 725078 2.01649e+06 1.06641e+06 1.50794e+06 626221 793128 794630 957242 1.32767e+06
threshold=0.03482511355678803 0.65671142809383187 -0.005151053458202064 -0.058211730413737818 0.26136411553868866 0.00099970194329166372 0.0021046239761008906 0.05444649312703926 -0.021658507068033826 0.23871975019516004 0.015959206129601212 0.6462500000000001 0.02042647176750689 0.0089500665715177719 0.55688665710186525 5.2914882610441998 0.01135832798867265 0.22997277853392964 0.0043808158740852197 0.00422130262786984 0.0038288772853957201 -0.014023419856971607 -0.0099511172059858315 -0.0081838571650755167 0.23389188628346133 0.019888242471454407 -0.0079619277441830075 0.0022799257668168122 0.45608462009387124 0.0021997587737810705
decision_type=2 2 8 8 2 8 10 2 8 2 10 2 10 10 2 2 8 2 10 10 10 10 10 10 2 2 8 8 2 10
left_child=25 2 3 9 5 -4 -7 15 -3 -2 16 12 13 -9 -15 -6 18 -18 19 20 -5 -20 -23 -24 -25 -1 -27 28 29 -28
right_child=1 8 4 10 7 6 -8 11 -10 -11 -12 -13 -14 14 -16 -17 17 -19 21 -21 -22 22 23 24 -26 26 27 -29 -30 -31
leaf_value=0.19166423626550608 0.8731652699914787 2.0738242843144254 0.030514822093684932 -0.11182318230983211 -0.16345083782037703 -4.0180988555790469 -1.1138814372396411 -0.45190200038957945 0.21649623802307794 3.0662271303128437 1.3499110993382564 -2.3636593518392099 1.1852570127107265 -2.2046969714799407 -0.33525175441692195 -0.67649490168180293 -2.9137613511589522 0.58960376861328612 1.7768546403459202 -1.8043249828144186 1.5102283705085116 -2.1542716142564067 2.6561067135728957 -1.4746590375909456 1.0380122547939605 0.1800777904298185 -0.24720416114135202 0.043788181179260623 -0.001218180825069505 -1.6475832862513102
leaf_weight=52167 1109 697 811 19713 121641 569 823 19871 21447 753 1104 530 595 1466 1131 6620 544 501 1001 721 995 710 615 811 2264 53400 47557 149293 61389 1755
leaf_count=52167 1109 697 811 19713 121641 569 823 19871 21447 753 1104 530 595 1466 1131 6620 544 501 1001 721 995 710 615 811 2264 53400 47557 149293 61389 1755
internal_value=-0.0325663 -0.14527 -0.195597 0.146296 -0.264042 -1.4427 -2.30102 -0.246943 0.274957 1.76005 0.0426071 -0.556882 -0.515361 -0.560397 -1.39055 -0.189931 -0.00916917 -1.23416 0.0385428 -0.0934533 -0.0338851 0.562251 0.285928 0.755452 0.375321 0.0312653 0.00456564 -0.0314827 -0.132994 -0.297043
internal_weight=572603 207042 184898 30841 154057 2203 1392 151854 22144 1862 28979 23593 23063 22468 2597 128261 27875 1045 26830 21429 20708 5401 4400 3690 3075 365561 313394 259994 110701 49312
internal_count=572603 207042 184898 30841 154057 2203 1392 151854 22144 1862 28979 23593 23063 22468 2597 128261 27875 1045 26830 21429 20708 5401 4400 3690 3075 365561 313394 259994 110701 49312
is_linear=0
shrinkage=0.05


Tree=47
num_leaves=31
num_cat=0
split_feature=13 2 7 6 9 13 13 12 12 2 12 13 12 8 13 13 12 0 12 12 12 12 13 13 12 12 12 9 15 13
split_gain=1.59522e+06 1.53176e+06 1.36028e+06 1.15209e+06 919699 827456 1.35326e+06 896562 1.13987e+06 818089 806715 1.40422e+06 1.14052e+06 739284 702430 644964 778561 1.04124e+06 1.03439e+06 682747 593330 581963 1.36197e+06 1.10309e+06 1.01326e+06 799995 1.03007e+06 561152 553863 546716
threshold=0.72935854814976298 -0.0018850146957712791 -0.018894377864627835 4.4863846453053764 -0.04213173244250918 0.40709906380380595 0.38449010273114514 -0.001971657212894184 -0.0016979720507348023 -0.032261463195290004 -0.0020305403594664752 0.42713548097429571 -0.0022352511682086954 0.027522935779812258 0.38721035892776018 0.51541258577209559 0.0031633743668316463 -0.011442711500343579 0.003194232817560119 0.0019117719798810303 0.005547319853706047 0.0069817067548779725 0.78953528697763142 0.77188524590163954 0.0065259749054591186 0.010656917268997959 0.0080283938590056132 -0.0035977192455572374 -0.010428583041499176 0.57242717025325729
decision_type=2 10 10 2 10 2 2 10 10 10 8 2 10 10 2 2 10 8 10 8 8 10 2 2 10 10 10 8 10 2
left_child=1 2 4 5 -1 6 -3 14 -9 -2 11 12 -7 -4 -8 -15 17 -17 -18 29 -11 22 24 -23 -22 26 -25 -12 -5 -19
right_child=9 3 13 28 -6 10 7 8 -10 20 27 -13 -14 15 -16 16 18 19 -20 -21 21 23 -24 25 -26 -27 -28 -29 -30 -31
leaf_value=3.0368941591320371 2.3379922110383138 -0.13788557404504129 0.3687343039998881 -1.2784409997439106 0.67031507181752725 -0.97312405886412123 -3.1688595684779477 1.0067873990523404 -0.65948351958408313 1.3305008088865038 -0.1432711387787127 2.9498339999898615 1.9659395231989643 -0.031132058701000137 -1.1078116464293766 1.2266526159955491 -2.045916212094161 0.058146514072709481 0.001525956678636922 0.50684445216518348 0.0079354749592677725 1.0728892524129072 1.4549627202804443 1.5583841521185811 -1.6481531311260653 0.59906218227477159 -0.61907691703428358 0.013535691513335682 -0.38782337183748616 -1.2469469260060313
leaf_weight=580 529 75023 16350 1915 1405 913 516 1148 9687 1423 96056 613 517 144803 2079 3097 644 9106 14650 11624 2468 4577 999 626 1476 4527 4103 140519 19741 880
leaf_count=580 529 75023 16350 1915 1405 913 516 1148 9687 1423 96056 613 517 144803 2079 3097 644 9106 14650 11624 2468 4577 999 626 1476 4527 4103 140519 19741 880
internal_value=-0.0336426 -0.0498167 0.0593261 -0.113394 1.36181 -0.090009 -0.220631 -0.682866 -0.482937 0.396978 -0.0415889 0.947713 0.0894605 0.0464731 -1.51764 0.017962 0.195682 0.369234 -0.0846878 0.246355 0.346144 0.271541 -0.194129 0.437941 -0.611838 0.123966 -0.330836 -0.0501322 -0.466579 -0.0568627
internal_weight=572594 551866 203139 348727 1985 327071 88453 13430 10835 20728 238618 2043 1430 201154 2595 184804 40001 24707 15294 21610 20199 18776 4943 13833 3944 9256 4729 236575 21656 9986
internal_count=572594 551866 203139 348727 1985 327071 88453 13430 10835 20728 238618 2043 1430 201154 2595 184804 40001 24707 15294 21610 20199 18776 4943 13833 3944 9256 4729 236575 21656 9986
is_linear=0
shrinkage=0.05


Tree=48
num_leaves=31
num_cat=0
split_feature=12 14 17 12 13 12 12 13 14 14 17 14 13 14 12 13 14 14 14 12 14 14 13 13 13 12 14 13 14 12
split_gain=1.43056e+06 2.18821e+06 1.42287e+06 1.45698e+06 3.0695e+06 2.44371e+06 1.57653e+06 1.37451e+06 1.59468e+06 1.2887e+06 1.28363e+06 958504 1.76454e+06 1.38123e+06 1.33994e+06 1.80594e+06 1.70428e+06 1.45065e+06 1.3053e+06 1.3044e+06 1.37141e+06 899488 2.63548e+06 1.77413e+06 1.56797e+06 1.49059e+06 1.61727e+06 1.62948e+06 1.57829e+06 1.53268e+06
threshold=0.013653625485355612 0.00083291358709311307 0.02901836927071948 -0.009218330210910267 0.26724219939117205 -0.014023419856971607 -0.0090148358906430217 0.66909206366005647 -0.033374233339537519 -0.01796644498195283 0.055210611125910358 0.0058773034096143749 0.63525000951571375 0.0060707602189851726 -0.0081838571650755167 0.28409859631320827 0.0091590992600573077 0.012408643984512928 0.007938025578162972 -0.0064836710996034408 0.007226914180853943 -0.0020407902496278082 0.12723558433549184 0.1935457635940728 0.1511401849516604 -0.014023419856971607 1.0000000180025095e-35 0.13515766582094965 0.0012337244552452112 -0.010932977868723071
decision_type=10 10 2 8 2 10 8 2 8 8 2 8 2 8 8 2 8 8 8 10 10 10 2 2 2 10 8 2 10 10
left_child=2 -2 -1 4 21 -6 -5 8 -8 -10 11 -11 14 -14 -13 16 19 -18 -15 -16 -21 22 -4 25 -24 28 27 -27 -23 -28
right_child=1 -3 3 6 5 -7 7 -9 9 10 -12 12 13 18 15 -17 17 -19 -20 20 -22 23 24 -25 -26 26 29 -29 -30 -31
leaf_value=0.050319232562395601 1.4846080230207623 -1.7338934321248605 -1.8478273573281925 -1.7992964645993486 5.2356067886343665 0.85848296633658616 -2.673939052051495 0.21252157377524461 1.0861809709205461 -0.1803614095406767 -0.50772814633339036 2.3950158383867199 3.4162278075240082 -0.72035510621875709 2.0508300995464639 0.045326400665564759 -3.879085195985907 -1.0229746636574286 1.5528168865359571 -2.5528425394533598 0.73727331957247855 2.5249836524661351 2.3781659980893264 1.5979334084648684 -0.23262146879957679 -0.68852329059969408 -1.5978146104254674 2.7857512195153733 0.2801375746782977 0.12251853665652757
leaf_weight=242992 3113 636 1971 1418 537 785 630 26981 2074 200231 24841 570 572 1002 535 43761 748 1096 1708 628 639 1012 821 2348 1920 640 2779 714 3460 2424
leaf_count=242992 3113 636 1971 1418 537 785 630 26981 2074 200231 24841 570 572 1002 535 43761 748 1096 1708 628 639 1012 821 2348 1920 640 2779 714 3460 2424
internal_value=-0.034909 0.938605 -0.0413138 -0.109438 0.310687 2.63648 -0.135964 -0.128257 -0.161208 -0.155522 -0.164842 -0.130973 0.0619516 1.18358 -0.0147763 -0.0437505 -1.11289 -2.18153 0.71233 -0.0193526 -0.893502 0.14071 -0.453359 0.349969 0.549377 0.0842859 -0.395756 1.14355 0.788139 -0.796337
internal_weight=573586 3749 569837 326845 19411 1322 307434 306016 279035 278405 276331 251490 51259 3282 47977 47407 3646 1844 2710 1802 1267 18089 4712 13377 2741 11029 6557 1354 4472 5203
internal_count=573586 3749 569837 326845 19411 1322 307434 306016 279035 278405 276331 251490 51259 3282 47977 47407 3646 1844 2710 1802 1267 18089 4712 13377 2741 11029 6557 1354 4472 5203
is_linear=0
shrinkage=0.05


Tree=49
num_leaves=31
num_cat=0
split_feature=17 0 9 14 14 14 14 10 12 9 10 12 14 6 14 12 12 14 14 14 0 2 14 14 14 12 14 12 12 12
split_gain=1.42148e+06 1.42981e+06 1.04852e+06 1.00166e+06 1.3804e+06 1.85762e+06 2.96223e+06 1.56389e+06 1.34897e+06 1.30953e+06 1.19236e+06 1.10548e+06 996157 904319 798119 643901 641999 1.33904e+06 631766 1.03428e+06 605676 561309 569799 719145 617954 549630 508454 1.23608e+06 1.39007e+06 2.12966e+06
threshold=0.033157341725169855 -0.0004196711440839803 -0.044337447991710063 0.014332030701907571 0.013401794456808247 0.012408643984512928 0.011824106625347611 -0.038724387311545178 -0.018397836894734759 -0.029771441410189534 0.025052585636646734 0.0026205806401390446 -0.01796644498195283 6.5768929613459699 0.0031415721934363564 0.0084027174470880702 0.010100173992290821 -0.033374233339537519 0.0091590992600573077 0.0084436808036504798 -0.029881677309890511 0.0042469356997695473 -0.01796644498195283 -0.021658507068033826 -0.016262574947656892 0.0021095789575273209 0.0022556369424982597 -0.0070682575628737343 -0.0048778284761807232 -0.0049951111909748653
decision_type=2 10 8 10 10 10 10 10 8 10 10 10 8 2 8 10 10 8 8 10 10 10 10 10 10 10 8 10 10 10
left_child=26 2 12 4 5 6 8 -6 9 -3 -5 18 -2 14 -13 -16 17 -4 19 -10 -18 22 23 -19 -24 -20 27 -1 29 -29
right_child=1 3 16 10 7 -7 -8 -9 11 -11 -12 13 -14 -15 15 -17 20 21 25 -21 -22 -23 24 -25 -26 -27 -28 28 -30 -31
leaf_value=0.40527651381103758 2.7829454449333357 3.1832461545899911 -1.8889531826556654 0.90746324072929052 -4.0455587848531183 2.0890172803587355 -2.7254986844178268 -0.36501689173599411 -0.28238708535891899 0.14283143984089097 -0.61998225507651616 -0.16988286092410668 0.52928866771004601 -1.2272659080704198 0.39356263624241949 -0.88774770205961806 2.3404802385126429 0.29876805748113028 -0.5715333573761876 0.83875609047862043 0.39501003593515027 -0.27115073736734296 -1.2664523668313794 2.0473224635118239 0.077717336857890409 -1.8777137493986669 0.093186827247701304 -0.4646118150310754 -0.03524776334812621 -3.4485433208295539
leaf_weight=14775 568 565 936 4115 502 871 1177 679 113696 949 1853 16698 3586 1385 16122 1044 523 2227 7383 2095 1702 13267 872 799 43970 904 175064 8199 135497 645
leaf_count=14775 568 565 936 4115 502 871 1177 679 113696 949 1853 16698 3586 1385 16122 1044 523 2227 7383 2095 1702 13267 872 799 43970 904 175064 8199 135497 645
internal_value=-0.0321588 -0.125408 0.0675494 -0.203084 -0.226229 -0.21388 -0.22626 -1.92948 -0.207972 1.27746 0.433208 -0.222087 0.837444 0.0250146 0.0762315 0.315636 0.0178085 -0.0121049 -0.292285 -0.262102 0.852305 0.0166303 0.0963912 0.760465 0.0515785 -0.71402 0.0343886 -0.0303029 -0.0748895 -0.682232
internal_weight=572668 238488 68450 170038 164070 162889 162018 1181 160841 1514 5968 159327 4154 35249 33864 17166 64296 62071 124078 115791 2225 61135 47868 3026 44842 8287 334180 159116 144341 8844
internal_count=572668 238488 68450 170038 164070 162889 162018 1181 160841 1514 5968 159327 4154 35249 33864 17166 64296 62071 124078 115791 2225 61135 47868 3026 44842 8287 334180 159116 144341 8844
is_linear=0
shrinkage=0.05


Tree=50
num_leaves=31
num_cat=0
split_feature=17 12 17 2 5 14 13 12 13 12 14 14 14 14 10 14 9 12 14 14 12 13 12 14 11 13 12 13 13 13
split_gain=1.39568e+06 973764 994532 1.04723e+06 895890 756358 732700 802708 1.14534e+06 1.0627e+06 905080 1.63367e+06 743195 909129 688621 673778 669506 846633 845333 647891 1.07297e+06 878789 1.41335e+06 2.15509e+06 1.59967e+06 1.28838e+06 938146 1.80197e+06 978734 592292
threshold=0.048452496731507484 0.0069817067548779725 0.024971868750422465 -0.0058408079379110274 1.2011408758340856 0.02042647176750689 0.72935854814976298 -0.0047350686144894674 0.26724219939117205 -0.0099511172059858315 -0.021658507068033826 -0.013851110702276003 0.010003092660542785 0.0084436808036504798 -0.031138865839035568 0.0026706786129427379 -0.052906240073950048 -0.009218330210910267 -0.033374233339537519 0.0030633151951046582 0.0026205806401390446 0.23871975019516004 -0.0055529359160462902 0.0064654358531858738 -0.041931481483274288 0.22419210611291887 -0.0070682575628737343 0.18612563033917431 0.15807227410438207 0.61736680752340722
decision_type=2 10 2 8 10 10 2 8 2 10 8 8 8 10 10 10 10 8 8 8 10 2 8 10 10 2 10 2 2 2
left_child=1 2 -1 16 5 19 7 8 12 -10 -9 -12 13 -2 -3 -11 17 -4 -18 -5 21 25 23 -23 -25 26 27 28 -21 -24
right_child=6 14 3 4 -6 -7 -8 10 9 15 11 -13 -14 -15 -16 -17 18 -19 -20 20 -22 22 29 24 -26 -27 -28 -29 -30 -31
leaf_value=0.084828415770255072 -0.27335429772442144 0.74013719437520753 2.5516575029541233 -0.19628211092765502 -0.73633191392575492 1.1043845118278641 0.55947207604077465 -2.4294969896996879 2.690872805635705 -0.45835085082694049 1.8435932313268251 -0.41721712867203087 -1.7262042222563558 1.8238362625095708 0.13168639926371861 1.0942415958395353 -1.69675515606342 0.23474450827346521 0.073220477268849601 -0.75625426293736864 0.25975532975375321 2.4198403808535254 -0.087209253865278516 1.2835785687314791 -2.1787557908502779 -2.2606022975884232 0.82928173611753919 -3.148051392658969 1.6601132422738936 -0.99816719166846379
leaf_weight=144295 6292 6618 610 122509 5793 1281 2555 543 627 1240 814 43513 784 563 15639 1601 680 1115 84632 1674 24805 1399 96390 691 645 1098 1221 647 559 1818
leaf_count=144295 6292 6618 610 122509 5793 1281 2555 543 627 1240 814 43513 784 563 15639 1601 680 1115 84632 1674 24805 1399 96390 691 645 1098 1221 647 559 1818
internal_value=-0.0372164 -0.0108784 -0.0255163 -0.0713267 -0.121491 -0.107509 -0.268558 -0.306352 0.0742085 0.827769 -0.400555 -0.375701 -0.267898 -0.101112 0.312606 0.416588 0.0788315 1.05406 0.0591125 -0.113634 -0.0363114 -0.105501 -0.0728506 1.04827 -0.387983 -0.739439 -0.332164 -0.824568 -0.151351 -0.104073
internal_weight=572651 514119 491862 347567 260530 254737 58532 55977 11107 3468 44870 44327 7639 6855 22257 2841 87037 1725 85312 253456 130947 106142 100943 2735 1336 5199 4101 2880 2233 98208
internal_count=572651 514119 491862 347567 260530 254737 58532 55977 11107 3468 44870 44327 7639 6855 22257 2841 87037 1725 85312 253456 130947 106142 100943 2735 1336 5199 4101 2880 2233 98208
is_linear=0
shrinkage=0.05


Tree=51
num_leaves=31
num_cat=0
split_feature=6 7 17 13 9 14 0 17 14 13 14 13 13 10 13 14 14 13 13 13 14 14 14 13 13 13 10 14 14 14
split_gain=1.32439e+06 1.38166e+06 1.18172e+06 1.0988e+06 813978 810414 682799 608862 698377 909914 874866 901403 862312 648143 608381 522822 1.08032e+06 826086 901569 793100 1.64449e+06 1.89174e+06 1.37349e+06 891540 764867 1.10554e+06 745927 701917 698329 709456
threshold=7.2017970545726691 -0.018894377864627835 0.040869217899224868 0.65671142809383187 -0.044337447991710063 -0.0085802334926053346 -0.051807425953863277 0.023086909610756341 0.0059355918821889335 0.72128291540526657 0.0054690193305115811 0.39408827145846376 0.7164059387818823 -0.031138865839035568 0.086379690949227386 0.006890002005023343 0.0073061961719905573 0.33226827276439369 0.57042192365427324 0.3193265421618563 0.015959206129601212 0.0093921061047047109 0.012408643984512928 0.54867378660248711 0.45608462009387124 0.44695315721805795 0.024517309368398337 0.0084436808036504798 0.0077611450595120616 0.010003092660542785
decision_type=2 8 2 2 10 8 8 2 10 2 10 2 2 10 2 10 10 2 2 2 10 10 10 2 2 2 10 10 10 10
left_child=1 4 6 14 -1 -5 -3 -8 9 10 12 -12 -9 -11 -4 17 -17 26 -19 20 21 27 -23 24 25 28 -10 -18 -21 -30
right_child=-2 2 3 5 -6 -7 7 8 15 13 11 -13 -14 -15 -16 16 19 18 -20 23 -22 22 -24 -25 -26 -27 -28 -29 29 -31
leaf_value=2.9398549603551096 -0.48293083821602645 1.7228244786852436 1.0023511329173271 1.4390399210726408 0.65378452291091282 0.13510333323090076 0.11608564137828824 -0.048252028650749665 1.6859447853760106 0.87069730858351146 -1.5942804945348095 -0.31064126190364988 -1.4354925380633938 0.1129249733707854 -0.23337253263487434 -0.643995487810612 -1.2334618634418817 -0.020076151475523794 0.89467750532035939 -0.61404758765797152 1.1197235236711556 -3.8236088117549176 -0.65100975608617417 -0.14177543099311632 0.88180482416495087 -1.8266078915964237 -0.26914771928327114 1.0336940090401325 1.2630481262987108 0.11698151995459721
leaf_weight=560 15772 584 1006 1330 1278 11452 106562 263308 1965 4194 1714 6768 1125 8625 100507 4916 564 9860 3706 1501 1129 789 601 8256 7082 641 649 865 2341 3191
leaf_count=560 15772 584 1006 1330 1278 11452 106562 263308 1965 4194 1714 6768 1125 8625 100507 4916 564 9860 3706 1501 1129 789 601 8256 7082 641 649 865 2341 3191
internal_value=-0.0311035 -0.0183112 -0.0228418 -0.166115 1.3503 0.270781 0.014296 0.0120301 -0.0211894 -0.0508494 -0.070187 -0.570033 -0.0541539 0.360846 -0.221126 0.155165 0.0376666 0.386646 0.229819 0.161964 -0.492767 -1.13856 -2.45186 0.274291 0.507081 0.161264 1.20054 0.138889 0.342443 0.601967
internal_weight=572841 557069 555231 114295 1838 12782 440936 440352 333790 285734 272915 8482 264433 12819 101513 48056 31876 16180 13566 26960 3948 2819 1390 23012 14756 7674 2614 1429 7033 5532
internal_count=572841 557069 555231 114295 1838 12782 440936 440352 333790 285734 272915 8482 264433 12819 101513 48056 31876 16180 13566 26960 3948 2819 1390 23012 14756 7674 2614 1429 7033 5532
is_linear=0
shrinkage=0.05


Tree=52
num_leaves=31
num_cat=0
split_feature=2 9 12 17 13 14 14 11 9 14 13 13 14 14 13 13 14 13 13 12 10 12 13 13 12 13 14 13 12 12
split_gain=1.44748e+06 1.46284e+06 2.81415e+06 1.12743e+06 1.01597e+06 4.07904e+06 1.10379e+06 973666 930978 823448 1.22394e+06 3.1818e+06 1.72553e+06 1.14857e+06 828788 1.54899e+06 1.38205e+06 2.6552e+06 1.18421e+06 1.08091e+06 915203 896726 2.37791e+06 937510 1.49563e+06 931444 825171 1.42714e+06 1.60628e+06 2.88213e+06
threshold=0.0043440975958000264 -0.032448203444030023 -0.018397836894734759 0.043319886780299181 0.54011518679355708 -0.033374233339537519 -0.033374233339537519 -0.20276423762375409 -0.058211730413737818 -0.0024130478916207397 0.12723558433549184 0.1511401849516604 -0.0076510020158406878 -0.003284176553691317 0.44695315721805795 0.46074929971988798 -0.0085802334926053346 0.51103521061421431 0.43760521885521891 0.0002263029525904646 -0.013082316975797497 -0.0070682575628737343 0.24277598854893542 0.1935457635940728 -0.0090148358906430217 0.18203383094463352 0.0022799257668168122 0.068898305084745773 -0.0070682575628737343 -0.0076246522117263543
decision_type=10 8 8 2 2 8 8 10 10 8 2 2 10 10 2 2 10 2 2 10 10 10 2 2 10 2 8 2 8 10
left_child=1 2 8 -2 5 -3 -6 -5 -1 10 12 -12 -7 -14 18 -16 17 20 21 -20 -17 23 -23 25 -25 -13 -11 -28 29 -29
right_child=3 4 -4 7 6 9 -8 -9 -10 26 11 14 13 -15 15 16 -18 -19 19 -21 -22 22 -24 24 -26 -27 27 28 -30 -31
leaf_value=3.9491176195530331 -0.082144992084710877 -3.311181967412312 0.28329603593953001 0.20868019924070272 1.8036299470355623 -3.4178277080689257 0.14101797472132635 -0.46069324040805415 1.3524102005953456 -0.17487203413298652 2.7684312972923641 0.062020699343235376 1.1320555017881224 -1.719118718115183 2.0510823790384669 -4.0217541146722553 0.6530747005677604 1.2403591126435254 -3.321476623210311 -0.13499316768246084 -1.12587928526097 -2.5268931631333929 0.060843224295958426 -1.7480054823290079 0.89328965579865793 2.3436839151208799 2.5214514259308056 -0.32208626280515645 0.06621655009035253 -3.244304358878761
leaf_weight=680 179310 953 16855 6346 1012 541 73539 37747 701 100564 1226 695 814 624 1469 520 6130 836 500 569 574 945 14656 780 1713 1255 567 10567 109236 917
leaf_count=680 179310 953 16855 6346 1012 541 73539 37747 701 100564 1226 695 814 624 1469 520 6130 836 500 569 574 945 14656 780 1713 1255 567 10567 109236 917
internal_value=-0.0384416 0.0251089 0.461088 -0.137845 0.00110388 -0.0460937 0.163587 -0.364355 2.63102 -0.0339245 0.195793 0.27072 -1.01075 -0.105172 0.170785 0.557851 0.285697 -0.881154 -0.00391022 -1.6254 -2.50235 0.082568 -0.0959038 0.709248 0.0668917 1.53048 -0.0689717 0.0188345 0.00708017 -0.555426
internal_weight=572841 349438 18236 223403 331202 256651 74551 44093 1381 255698 33847 31868 1979 1438 30642 9529 8060 1930 21113 1069 1094 20044 15601 4443 2493 1950 221851 121287 120720 11484
internal_count=572841 349438 18236 223403 331202 256651 74551 44093 1381 255698 33847 31868 1979 1438 30642 9529 8060 1930 21113 1069 1094 20044 15601 4443 2493 1950 221851 121287 120720 11484
is_linear=0
shrinkage=0.05


Tree=53
num_leaves=31
num_cat=0
split_feature=6 7 17 12 17 14 2 14 12 12 12 14 14 14 12 14 12 14 14 14 14 14 14 0 7 14 12 14 11 14
split_gain=1.36319e+06 1.56393e+06 1.15723e+06 1.09116e+06 848261 845703 774820 740267 921218 717417 753389 818662 632587 958609 625988 915625 860283 831889 813420 786908 806720 1.11392e+06 654650 616875 636713 593771 1.73076e+06 818687 565406 541366
threshold=4.4863846453053764 -0.018894377864627835 0.053750775460338907 0.0069817067548779725 0.026734724244458923 0.02042647176750689 -0.0052694732710856377 0.0030633151951046582 0.0026205806401390446 -0.005151053458202064 0.0046182709642192434 -0.011175828150746085 0.011824106625347611 0.014332030701907571 0.0080283938590056132 0.0017793135045680909 0.0084027174470880702 -0.0055040751619077934 -0.0009312187362649167 0.0023043808513056982 0.0032494504136427274 0.0091590992600573077 0.0018302000131842191 0.0051282902416904209 -0.00010473591499859303 -0.0073043107792539535 0.013653625485355612 -0.0039378222928587456 -0.20972053098206908 0.0011880350620827728
decision_type=2 10 2 10 2 10 8 10 10 8 10 10 10 10 10 10 10 10 10 10 10 10 10 8 10 10 10 10 10 8
left_child=1 29 3 4 -3 6 -6 -8 28 -4 -11 -12 -10 -14 18 16 17 -16 -5 -17 -21 -22 -20 -2 -25 -18 27 -27 -9 -1
right_child=23 2 9 14 5 -7 7 8 12 10 11 -13 13 -15 15 19 25 -19 22 20 21 -23 -24 24 -26 26 -28 -29 -30 -31
leaf_value=2.7904972930497434 -0.12719067116885438 0.07675602805689094 0.19297904781310607 0.29058694225291454 0.062840259402312901 1.1775623594875022 -0.20739402955385577 0.77214265281812877 0.33207801765806899 -0.54014436109264263 2.0034752656421304 -0.080457247211983107 -1.8365847256337131 0.57698618112252664 -2.0176590730194088 -1.9029798369273203 0.94992310766406884 0.27771698155691321 3.0653790312960294 1.4802178901231404 -1.8806727497190303 0.37464951833151144 1.0645338663889978 -0.87751447011448536 -0.23826910872842066 -0.93201905057088497 1.7542790270825268 0.36529846627396623 -0.11475534836181432 0.86363602353195068
leaf_weight=572 15596 174650 6009 3214 84104 1372 110358 1834 21153 21801 524 4684 862 787 681 789 5031 939 528 618 934 1323 1811 8145 7466 2227 1428 2679 89120 1005
leaf_count=572 15596 174650 6009 3214 84104 1372 110358 1834 21153 21801 524 4684 862 787 681 789 5031 939 528 618 934 1323 1811 8145 7466 2227 1428 2679 89120 1005
internal_value=-0.0282731 -0.00973903 -0.0143353 0.00436342 -0.0113516 -0.0610561 -0.0665696 -0.115134 -0.0256293 -0.301142 -0.411075 0.129216 0.258547 -0.684686 0.347119 0.193789 0.390755 -0.687191 0.806832 -0.504248 -0.120387 -0.558656 1.5162 -0.349599 -0.571794 0.544408 0.222314 -0.223598 -0.0968719 1.56254
internal_weight=572244 541037 539460 506442 484240 309590 308218 224114 113756 33018 27009 5208 22802 1649 22202 16649 12985 1620 5553 3664 2875 2257 2339 31207 15611 11365 6334 4906 90954 1577
internal_count=572244 541037 539460 506442 484240 309590 308218 224114 113756 33018 27009 5208 22802 1649 22202 16649 12985 1620 5553 3664 2875 2257 2339 31207 15611 11365 6334 4906 90954 1577
is_linear=0
shrinkage=0.05


Tree=54
num_leaves=31
num_cat=0
split_feature=2 9 7 14 13 14 6 13 13 14 14 2 13 17 4 17 13 14 13 14 10 13 14 13 14 14 13 13 13 10
split_gain=1.42415e+06 1.75277e+06 1.49403e+06 1.24366e+06 1.33985e+06 866596 847712 830867 829033 3.80591e+06 1.08656e+06 1.00918e+06 652757 639222 646964 637737 664890 832040 1.06833e+06 1.51322e+06 1.69159e+06 949351 839046 823432 616146 1.5007e+06 751820 665703 612112 598578
threshold=0.0065663293733787716 -0.035753670005788558 -0.018894377864627835 0.014332030701907571 0.40709906380380595 0.0093921061047047109 7.2017970545726691 0.28708151012516542 0.54011518679355708 -0.033374233339537519 -0.033374233339537519 -0.027777691170817357 0.39559227695789745 0.035992221737517413 0.020189752939179784 0.063709155212157517 0.63081011034464718 0.0066413442328696103 0.54867378660248711 0.0091590992600573077 -0.042760467605806492 0.57920097497030032 0.010389342610622724 0.56169841183212366 -0.0011851451013237192 -0.0018105553692524285 0.55496769299186444 0.65143670371374374 0.086379690949227386 0.07846190025435
decision_type=8 8 10 10 2 10 2 2 2 8 8 10 2 2 10 2 2 10 2 10 10 2 10 2 8 10 2 2 2 10
left_child=1 2 -1 4 5 12 15 -7 9 -3 11 -10 -2 -11 -15 16 17 -6 -19 21 -21 23 -22 -20 25 26 -12 -27 -4 -5
right_child=3 8 28 29 6 7 -8 -9 10 13 24 -13 -14 14 -16 -17 -18 18 19 20 22 -23 -24 -25 -26 27 -28 -29 -30 -31
leaf_value=2.8518523814781251 -0.31609246785295575 -3.1332413023583943 2.0507983200634476 0.6664289339083691 -0.19447913680814743 -2.5946193256696404 -0.650870308189058 -0.61059721854330817 3.2473561123235486 0.016670609010039365 1.7222429269971327 0.14167915320863911 -1.1011141229155266 0.0044325199847126996 -0.28154686499837478 -0.68904850171204357 0.14386829774839288 0.44545348854600281 0.68075889367143261 -3.427176851083904 -1.855537044441874 1.0681661449519195 0.70268184076666995 -1.5568735576531001 0.19201415230571692 -1.7996197334467219 -0.018529684623202401 -0.092419629502444756 0.37363131434408253 -0.85543178281903109
leaf_weight=668 30154 991 565 6221 74794 885 6702 1307 537 208549 640 510 2903 36652 42953 4081 31681 12260 718 719 566 1730 739 962 66527 1744 20104 849 14654 721
leaf_count=668 30154 991 565 6221 74794 885 6702 1307 537 208549 640 510 2903 36652 42953 4081 31681 12260 718 719 566 1730 739 962 66527 1744 20104 849 14654 721
internal_value=-0.0297818 0.0229392 0.537479 -0.147622 -0.174378 -0.448872 -0.102681 -1.41163 0.00143058 -0.0399773 0.133129 1.73456 -0.385032 -0.0293391 -0.149875 -0.0740337 -0.0538203 -0.121537 0.186796 -0.396778 -1.47979 0.246041 -0.40686 -0.600552 0.114471 -0.106581 0.0351771 -1.24065 0.435896 0.508368
internal_weight=573086 395943 15887 177143 170201 35249 134952 2192 380056 289145 90911 1047 33057 288154 79605 128250 124169 92488 17694 5434 2024 3410 1305 1680 89864 23337 20744 2593 15219 6942
internal_count=573086 395943 15887 177143 170201 35249 134952 2192 380056 289145 90911 1047 33057 288154 79605 128250 124169 92488 17694 5434 2024 3410 1305 1680 89864 23337 20744 2593 15219 6942
is_linear=0
shrinkage=0.05


Tree=55
num_leaves=31
num_cat=0
split_feature=2 6 7 14 13 14 13 13 10 14 14 13 13 10 13 14 14 7 10 14 14 14 13 13 14 13 14 13 14 14
split_gain=1.43149e+06 1.02754e+06 983444 926723 1.04226e+06 921617 1.37795e+06 1.33736e+06 1.05882e+06 1.01732e+06 738785 2.56713e+06 2.15617e+06 1.64517e+06 1.42937e+06 1.34037e+06 1.10764e+06 708521 677136 675544 840788 670497 814792 664334 1.66871e+06 1.97441e+06 1.59577e+06 707929 884613 1.18278e+06
threshold=0.002326428393100682 5.6715424509433179 -0.018894377864627835 0.014332030701907571 0.63081011034464718 0.0015395435248249415 0.72935854814976298 0.8460462670872767 -0.023767332281862966 0.0017202943097896436 0.0091590992600573077 0.28409859631320827 0.48991919093377562 -0.056246751678738681 0.42973781171570463 0.01084061813491532 0.0077611450595120616 -0.0021029615339753344 -0.063256918311411739 0.0011296176608035534 0.00099970194329166372 0.0270617032583759 0.45923146655922648 0.51541258577209559 -0.033374233339537519 0.38039962466191979 -0.01796644498195283 0.55496769299186444 -0.033374233339537519 -0.021658507068033826
decision_type=8 2 10 10 2 8 2 2 10 8 10 2 2 10 2 10 10 10 10 10 10 10 2 2 8 2 10 2 8 8
left_child=2 3 18 4 10 6 19 9 -8 -7 16 -12 14 -14 -13 -16 -2 -3 -1 20 -6 -5 -23 24 25 -4 27 -25 -29 -30
right_child=1 17 23 21 5 7 8 -9 -10 -11 11 12 13 -15 15 -17 -18 -19 -20 -21 -22 22 -24 26 -26 -27 -28 28 29 -31
leaf_value=2.3275395991560943 -0.15534111794915281 -1.0714425139017529 -0.1151345244050026 0.6986533995384433 -0.52813313575413223 1.7723748278257749 1.2248353768233249 -1.7276519436225819 -0.14181813115153286 0.2832023035433282 -2.7623649629396358 -0.47629835729865744 -2.723885323200204 -0.55505038356669756 0.1111645220535929 2.2708173059711334 0.42928693984389166 -0.30193439905395608 0.4552974089280773 -1.9601342280234928 1.2653739256439387 0.50168946934929981 -1.9013689843620645 2.1787198628096358 0.0046746559435683717 -4.2241920088202347 0.10604875642604453 1.8853026691673618 -1.2542909521191019 0.98274093772610982
leaf_weight=751 181644 4138 685 5940 9451 1200 2479 798 3309 25895 1167 2372 1090 4420 1449 1425 8480 10795 1353 749 702 846 605 1070 221289 510 74055 1138 899 1724
leaf_count=751 181644 4138 685 5940 9451 1200 2479 798 3309 25895 1167 2372 1090 4420 1449 1425 8480 10795 1353 749 702 846 605 1070 221289 510 74055 1138 899 1724
internal_value=-0.0280989 -0.112088 0.0463368 -0.0883926 -0.104925 0.11389 -0.179997 0.28974 0.443519 0.349156 -0.153208 -0.535002 -0.293338 -0.984094 0.432179 1.18197 -0.129265 -0.515168 1.12357 -0.511029 -0.404126 0.46328 -0.500275 0.0388162 -0.00538805 -1.86879 0.163486 1.04395 0.721115 0.216027
internal_weight=572428 268954 303474 254021 246630 44583 16690 27893 5788 27095 202047 11923 10756 5510 5246 2874 190124 14933 2104 10902 10153 7391 1451 301370 222484 1195 78886 4831 3761 2623
internal_count=572428 268954 303474 254021 246630 44583 16690 27893 5788 27095 202047 11923 10756 5510 5246 2874 190124 14933 2104 10902 10153 7391 1451 301370 222484 1195 78886 4831 3761 2623
is_linear=0
shrinkage=0.05


Tree=56
num_leaves=31
num_cat=0
split_feature=17 10 4 5 6 13 12 14 12 12 12 12 13 13 14 14 13 13 12 13 14 14 14 14 14 12 14 14 14 12
split_gain=1.13602e+06 1.17931e+06 759652 745550 651146 630556 619781 627489 940021 1.65463e+06 1.93583e+06 1.19223e+06 1.24153e+06 866724 1.2497e+06 841871 1.26637e+06 1.2624e+06 1.15337e+06 877142 780707 751271 662802 1.14782e+06 807200 648751 1.51771e+06 953191 1.23116e+06 1.2657e+06
threshold=0.03802798900710426 -0.080242435572512524 0.022074065262894366 0.52781846609986405 1.4927808871385915 0.86887553408138019 -0.018397836894734759 0.0022556369424982597 -0.0068887899551179086 -0.0048778284761807232 -0.0049951111909748653 -0.0047350686144894674 0.28708151012516542 0.41639861405595496 0.0021997587737810705 1.0000000180025095e-35 0.12723558433549184 0.20834805061934403 -0.012121439880781302 0.1935457635940728 -0.0020407902496278082 -0.00098861099964685771 0.00095675582311458517 0.0011296176608035534 0.0003343675616508972 -0.0055529359160462902 0.0011880350620827728 0.00093276220340378455 -0.0016311041792563933 -0.0064836710996034408
decision_type=2 10 10 10 2 2 8 8 10 8 10 10 2 2 10 10 2 2 10 2 10 10 10 10 10 10 10 10 10 10
left_child=4 3 5 -2 6 -3 -1 8 15 10 25 12 -11 14 -13 16 18 19 -8 20 -18 -22 24 -24 -17 27 -27 28 29 -10
right_child=1 2 -4 -5 -6 -7 7 -9 9 11 -12 13 -14 -15 -16 22 17 -19 -20 -21 21 -23 23 -25 -26 26 -28 -29 -30 -31
leaf_value=1.1679412416468788 -0.10103403241355893 -0.064931328865449126 -0.28658597050821993 0.56933385480279641 -0.088584391302328813 1.5718401134471964 -1.7599604504793001 0.11430730568687607 -3.3607435526368352 -0.051124462256063388 -3.5974624486878897 -0.2092522543069269 3.4260604334609397 0.043578358560663749 -2.433176068655718 0.18818546793999322 2.0387548823529369 0.072201358666527951 0.6618125710844428 3.4265468039575939 -0.59202915864780603 1.6548176890281454 2.2936707958373113 -0.12166567147699195 -1.7208483760262685 -0.71360232326207163 2.4893508016747319 -2.6509854666235544 0.43916615225353156 -0.5379022249078943
leaf_weight=1236 7890 53208 85605 8744 116737 595 861 158098 598 520 585 35929 507 83416 643 1100 1680 2015 1146 572 789 704 615 2457 1115 1287 519 673 1556 1182
leaf_count=1236 7890 53208 85605 8744 116737 595 861 158098 598 520 585 35929 507 83416 643 1100 1680 2015 1146 572 789 704 615 2457 1115 1287 519 673 1556 1182
internal_value=-0.0315071 -0.146574 -0.194055 0.251358 0.0115987 -0.0468305 0.0506079 0.0459824 -0.0309174 -0.0723183 -0.855819 -0.0308821 1.66546 -0.0454014 -0.248353 0.373181 0.704464 1.08133 -0.377124 1.62429 1.2994 0.467435 -0.113499 0.361873 -0.772795 -0.580005 0.206848 -0.934471 -0.588184 -1.48625
internal_weight=572582 156042 139408 16634 416540 53803 299803 298567 140469 127415 6400 121015 1027 119988 36572 13054 7767 5760 2007 3745 3173 1493 5287 3072 2215 5815 1806 4009 3336 1780
internal_count=572582 156042 139408 16634 416540 53803 299803 298567 140469 127415 6400 121015 1027 119988 36572 13054 7767 5760 2007 3745 3173 1493 5287 3072 2215 5815 1806 4009 3336 1780
is_linear=0
shrinkage=0.05


Tree=57
num_leaves=31
num_cat=0
split_feature=12 12 14 9 17 12 14 12 9 12 14 14 17 14 12 14 14 14 12 14 14 12 12 14 14 12 12 14 14 12
split_gain=1.19202e+06 2.43294e+06 3.61938e+06 2.28578e+06 1.37897e+06 1.30789e+06 1.36954e+06 1.30717e+06 1.10054e+06 1.07762e+06 1.17191e+06 899871 882662 827292 747591 1.07904e+06 775404 1.29853e+06 723038 723720 706377 1.24569e+06 1.70569e+06 1.67197e+06 912356 865281 918310 851703 835444 1.19688e+06
threshold=-0.009218330210910267 -0.0090148358906430217 0.0053849901496091637 -0.025601782438033256 0.053750775460338907 -0.018397836894734759 0.0091590992600573077 -0.010932977868723071 -0.058211730413737818 0.0019117719798810303 0.02042647176750689 -0.021658507068033826 0.027219657457664668 -0.011175828150746085 0.0022326524313483732 -0.033374233339537519 0.0080632901619468612 0.0060195072149775257 0.0023264242646722764 -0.00098861099964685771 -0.00066130064357517338 -0.0070682575628737343 -0.0064836710996034408 -0.0019443866454812513 -0.0043305576109457997 0.0012242074010483559 0.00085387108195358451 -0.011175828150746085 -0.0073043107792539535 -0.00078719024417664527
decision_type=8 8 10 10 2 10 10 10 10 10 10 10 2 10 10 10 10 8 10 10 10 8 8 10 10 10 10 8 8 10
left_child=3 2 -2 5 9 6 8 -7 -1 10 12 -5 -3 -13 16 -16 17 -11 19 -17 21 -14 23 -23 25 26 27 -24 29 -29
right_child=1 4 -4 11 -6 7 -8 -9 -10 14 -12 13 20 -15 15 18 -18 -19 -20 -21 -22 22 24 -25 -26 -27 -28 28 -30 -31
leaf_value=4.789708230099782 -2.9203200009924388 0.037428141644422944 1.5873299079203935 -1.5485106092493681 -0.34336235180618524 -0.06299915083154875 -0.01315220746539888 1.6571751394431962 1.9413505917391445 0.50700667496924923 1.8294498532793213 1.5688218118485737 1.1239390064331745 0.049690053005939074 1.2007402289748856 -2.2396026700452487 1.9508601788759972 -1.1682542883470339 0.070820600167864997 -0.33404128936191024 -0.16434278643446107 -3.6588645777478819 -1.034121489370168 -0.11778708323913829 0.29552979063932944 -1.6955771599587142 1.7946291961056653 -0.37351649656399227 -0.25155617310636702 1.7885759506744661
leaf_weight=528 1621 142286 614 844 32756 2677 525 1880 948 12763 823 937 2620 20585 2068 580 805 1272 126588 3536 179644 620 2553 721 18989 934 597 1210 9040 1359
leaf_count=528 1621 142286 614 844 32756 2677 525 1880 948 12763 823 937 2620 20585 2068 580 805 1272 126588 3536 179644 620 2553 721 18989 934 597 1210 9040 1359
internal_value=-0.019068 -0.035698 -1.68198 0.293708 -0.0289065 1.11456 2.18014 0.646662 2.96028 -0.00867039 -0.0551657 0.053023 -0.0594673 0.115828 0.105163 0.0675446 0.441735 0.355177 0.0496152 -0.602561 -0.122627 0.0713034 -0.00525611 -1.75497 0.0623978 -0.219699 -0.1263 -0.207277 -0.0254413 0.77023
internal_weight=572923 543999 2235 28924 541764 6558 2001 4557 1476 509008 361396 22366 360573 21522 147612 132772 14840 14035 130704 4116 218287 38643 36023 1341 34682 15693 14759 14162 11609 2569
internal_count=572923 543999 2235 28924 541764 6558 2001 4557 1476 509008 361396 22366 360573 21522 147612 132772 14840 14035 130704 4116 218287 38643 36023 1341 34682 15693 14759 14162 11609 2569
is_linear=0
shrinkage=0.05


Tree=58
num_leaves=31
num_cat=0
split_feature=6 7 11 13 14 14 5 12 13 13 14 14 13 13 13 13 14 12 11 12 12 14 13 14 12 13 13 12 14 12
split_gain=1.26191e+06 1.38297e+06 951028 793568 826761 866797 730521 672287 656157 1.02956e+06 1.07778e+06 1.43576e+06 676924 656012 632587 1.10078e+06 880044 662384 918737 659191 2.12765e+06 2.54992e+06 1.52425e+06 1.26099e+06 1.04622e+06 4.2522e+06 2.10411e+06 1.00315e+06 2.65015e+06 1.64503e+06
threshold=2.944881103827294 -0.013479505919178734 -0.074059944781127957 0.72935854814976298 0.0043297657154013789 0.0023043808513056982 1.1664454952667651 0.0053948992070044144 0.7164059387818823 0.72128291540526657 0.0032118266929887034 0.0011296176608035534 0.66909206366005647 0.7597791717666259 0.086379690949227386 0.10532212885154063 0.0018754365430909785 -0.015523825238295434 -0.031669309864938308 -0.009218330210910267 -0.0090148358906430217 0.0053849901496091637 0.29346189070927042 -0.033374233339537519 -0.0086616432847759408 0.21311827956989252 0.18203383094463352 -0.012121439880781302 1.0000000180025095e-35 -0.010324644599988417
decision_type=2 10 8 2 8 10 10 8 2 2 10 10 2 2 2 2 10 10 10 8 8 10 2 8 8 2 2 10 10 10
left_child=1 6 -2 8 5 -5 -1 -6 12 -10 11 -11 14 -7 17 16 -16 18 -3 22 21 -21 27 -22 25 26 -25 -17 29 -29
right_child=2 3 -4 4 7 13 -8 -9 9 10 -12 -13 -14 -15 15 19 -18 -19 -20 20 23 -23 -24 24 -26 -27 -28 28 -30 -31
leaf_value=0.52057243177719992 0.12844448356884564 0.72375505822009023 -0.35183569598329273 0.31606490199898918 1.1786834326875755 0.33080491251614574 2.0187154056320877 -0.67193340189329298 -1.5560481153445442 0.11523998361601624 1.062426597461265 -2.7528014164341719 0.27805323357830791 2.0473051616222202 -2.0075189959272777 -0.31877288855333663 0.23927127599048972 1.5901725891496175 -1.5647401170852859 -2.8243499572742046 -2.2478760061919876 1.3224995990307669 2.2592182905152196 0.5109742458092521 -0.028660267729180205 -2.6176490588694494 4.2773691579633164 2.3054432701594023 -0.24055364508117516 0.45793062741594925
leaf_weight=3338 13392 1752 44748 12938 587 924 1076 2993 1765 1395 1299 635 19655 1400 1247 6585 670 1215 585 1379 638 507 917 702 438038 558 786 2293 5968 2539
leaf_count=3338 13392 1752 44748 12938 587 924 1076 2993 1765 1395 1299 635 19655 1400 1247 6585 670 1215 585 1379 638 507 917 702 438038 558 786 2293 5968 2539
internal_value=-0.0204105 0.00454584 -0.241208 -0.00308156 0.315356 0.475766 0.885774 -0.368494 -0.0152983 -0.57982 -0.062234 -0.781906 -0.00938171 1.36484 -0.0214953 -0.0265967 -1.22226 0.643217 0.150897 -0.0216238 -0.033783 -1.70958 0.272431 -0.0266117 -0.0233915 1.10463 2.50048 0.167634 0.464208 1.33466
internal_weight=572524 514384 58140 509970 18842 15262 4414 3580 491128 5094 3329 2030 486034 2324 466379 462827 1917 3552 2337 460910 442608 1886 18302 440722 440084 2046 1488 17385 10800 4832
internal_count=572524 514384 58140 509970 18842 15262 4414 3580 491128 5094 3329 2030 486034 2324 466379 462827 1917 3552 2337 460910 442608 1886 18302 440722 440084 2046 1488 17385 10800 4832
is_linear=0
shrinkage=0.05


Tree=59
num_leaves=31
num_cat=0
split_feature=2 9 12 6 5 13 2 17 13 3 12 13 12 13 17 10 13 12 13 12 12 12 9 13 10 0 12 12 12 0
split_gain=1.17998e+06 1.05127e+06 2.18691e+06 1.00009e+06 753873 730526 954920 641097 788358 618028 593761 572462 536375 957312 762739 734193 556088 531299 1.03921e+06 747500 741337 879412 513910 484710 472666 454364 510443 1.05793e+06 593797 613631
threshold=0.0014493344167167313 -0.030626098228241128 -0.018397836894734759 2.944881103827294 1.2408643212516595 0.54011518679355708 -0.058018488165277542 0.029811016161444204 0.65671142809383187 -0.4597695569333935 0.0086759873145388564 0.55496769299186444 -0.005151053458202064 0.27226271979510425 0.057882862941276973 -0.047431769153746063 0.23871975019516004 0.0041205147795505713 0.66007812500000018 0.0043693898379462215 0.0069817067548779725 0.0080283938590056132 0.0034548316617539015 0.29061065915727996 -0.022788949398446966 -0.051807425953863277 0.0030639036876704264 0.002829391006346734 0.0053948992070044144 -0.0058651194523980767
decision_type=8 8 8 2 10 2 10 2 2 8 10 2 8 2 2 10 2 10 2 8 10 10 10 2 10 10 10 10 10 10
left_child=1 2 4 7 -1 6 22 -2 12 -5 -4 -7 15 24 -15 16 -9 -10 -19 -20 -21 -22 -3 -17 -14 -13 27 -27 29 -28
right_child=3 5 10 9 -6 11 -8 8 17 -11 -12 25 13 14 -16 23 -18 18 19 20 21 -23 -24 -25 -26 26 28 -29 -30 -31
leaf_value=1.3935801085231951 0.026426906104716333 -0.23023752863933186 0.19215809656128893 -1.4332556312589348 3.7686068699178534 0.67191148055214434 -0.015201733489200299 0.18488119822106699 -0.4932882172924915 -0.30249180519521557 1.7142688500012147 1.480866854591675 -2.4765184987061133 -0.15489859962016916 -0.65081734596917562 -0.30164476060188328 1.6435954596435325 2.2736369557136182 1.7461936315727429 -0.18605470734222737 1.5434416506337483 0.19517789099530294 -2.2334670358207278 0.88265721951046094 -0.78131245679470696 0.15476121574930574 -0.73832853507436502 1.1852606085373039 0.24846457502199454 -0.041183882869742713
leaf_weight=879 110890 562 16253 1250 539 5361 209060 1340 2706 36295 667 613 609 102045 8391 5153 1275 618 733 8966 1571 5255 744 1038 1266 16607 4147 2930 12110 13215
leaf_count=879 110890 562 16253 1250 539 5361 209060 1340 2706 36295 667 613 609 102045 8391 5153 1275 618 733 8966 1571 5255 744 1038 1266 16607 4147 2930 12110 13215
internal_value=-0.0283693 0.0440953 0.41023 -0.0994032 2.29636 0.0187921 -0.0236215 -0.063516 -0.134269 -0.340139 0.252161 0.181068 -0.182137 -0.2116 -0.192579 0.193635 0.896109 0.157815 0.260591 0.185307 0.112857 0.50548 -1.37143 -0.103081 -1.33192 0.128038 0.111117 0.309307 -0.0202629 -0.2077
internal_weight=573088 283687 18338 289401 1418 265349 210366 251856 140966 37545 16920 54983 121117 112311 110436 8806 2615 19849 17143 16525 15792 6826 1306 6191 1875 49622 49009 19537 29472 17362
internal_count=573088 283687 18338 289401 1418 265349 210366 251856 140966 37545 16920 54983 121117 112311 110436 8806 2615 19849 17143 16525 15792 6826 1306 6191 1875 49622 49009 19537 29472 17362
is_linear=0
shrinkage=0.05


Tree=60
num_leaves=31
num_cat=0
split_feature=17 2 9 13 9 7 14 13 13 14 14 14 13 14 13 14 14 14 14 13 14 14 13 13 14 14 14 14 14 13
split_gain=1.24801e+06 1.16164e+06 1.23013e+06 909343 730962 773106 717320 718970 1.73721e+06 1.36833e+06 1.96412e+06 1.98418e+06 1.83906e+06 2.23021e+06 2.35849e+06 1.33503e+06 1.34049e+06 1.04721e+06 1.02017e+06 718443 696580 1.92226e+06 2.16601e+06 1.27199e+06 2.27042e+06 1.58983e+06 2.45916e+06 1.90847e+06 1.25139e+06 2.0239e+06
threshold=0.043578393935548278 -0.011245997487828381 -0.066042529569280334 0.65671142809383187 -0.033427114534732273 -0.013479505919178734 0.017502042061277878 0.40709906380380595 0.39559227695789745 0.006890002005023343 0.0060707602189851726 0.0054690193305115811 0.27714118277826966 0.007226914180853943 0.32550485182271183 0.0093921061047047109 0.0084436808036504798 0.0055241245800905373 0.005315240823370513 0.23389188628346133 0.0022799257668168122 0.0021997587737810705 0.35752280645761864 0.23871975019516004 0.0024285878725784104 0.0029665282722408054 0.0031140740309636302 0.0026909570017902428 0.0027620452528954974 0.28409859631320827
decision_type=2 10 10 2 8 10 10 2 2 10 10 10 2 10 2 10 10 10 10 2 8 10 2 2 10 8 10 10 10 2
left_child=4 2 -2 -3 5 -1 7 8 9 10 11 18 15 14 -14 16 -11 -13 20 -17 21 -6 -23 25 -25 27 -27 -22 29 -26
right_child=1 3 -4 -5 6 -7 -8 -9 -10 12 -12 17 13 -15 -16 19 -18 -19 -20 -21 23 22 -24 24 28 26 -28 -29 -30 -31
leaf_value=2.0084027927363133 1.8659881911330647 -0.34985659940997793 0.058589446172894966 0.18360780928021866 -0.08662704269208038 0.25117589101658594 0.83502488176350187 0.035854174442424551 -0.73639522114986444 -2.0939829421399301 0.99038449904216275 -3.2455703449466342 0.27254848769307138 0.2180683090174978 -4.2783148013642274 -1.5155607591920526 0.8162544707542525 -0.84434830744952771 1.7791286655589276 -3.8784779595881904 -0.38761034567302638 -0.4612322565640814 -4.461386701218168 1.3418078426404598 -2.9678781562007361 -3.2935263388493676 -0.47112273745714583 1.8023701958688942 0.24677014358544486 -0.19578355415049961
leaf_weight=648 992 64428 18464 9119 76763 18375 2526 298901 9920 829 4713 529 525 5787 622 565 757 3205 787 747 2851 930 532 4218 751 892 5726 1528 30803 5342
leaf_count=648 992 64428 18464 9119 76763 18375 2526 298901 9920 829 4713 529 525 5787 622 565 757 3205 787 747 2851 930 532 4218 751 892 5726 1528 30803 5342
internal_value=-0.0251944 -0.192826 0.150743 -0.283713 0.00730072 0.311034 -0.00523956 -0.0098716 -0.0956569 -0.0531131 -0.0129513 -0.048016 -0.623229 -0.181145 -2.19531 -1.68099 -0.704923 -1.18453 -0.0156514 -2.86091 -0.0264887 -0.120833 -1.91683 0.115134 0.242892 -0.362511 -0.851537 0.376557 0.117262 -0.537461
internal_weight=572775 93003 19456 73547 479772 19023 460749 458223 159322 149402 139570 134857 9832 6934 1147 2898 1586 3734 131123 1312 130336 78225 1462 52111 41114 10997 6618 4379 36896 6093
internal_count=572775 93003 19456 73547 479772 19023 460749 458223 159322 149402 139570 134857 9832 6934 1147 2898 1586 3734 131123 1312 130336 78225 1462 52111 41114 10997 6618 4379 36896 6093
is_linear=0
shrinkage=0.05


Tree=61
num_leaves=31
num_cat=0
split_feature=6 7 17 14 14 14 14 13 10 9 12 13 14 13 17 13 10 12 14 13 13 10 10 14 13 12 13 14 14 11
split_gain=1.26248e+06 1.30174e+06 1.1185e+06 836298 857902 1.18758e+06 2.81295e+06 1.25226e+06 929480 799702 714859 1.21458e+06 739762 713146 705855 945507 643236 753616 1.48282e+06 818970 614295 575684 558421 558257 531016 511653 499806 545653 1.34115e+06 884203
threshold=7.2017970545726691 -0.018894377864627835 0.053750775460338907 0.014332030701907571 0.013401794456808247 0.012408643984512928 0.011824106625347611 0.41198591549295777 -0.031138865839035568 -0.049842431534780525 -0.0055529359160462902 0.26724219939117205 -0.00066130064357517338 0.65671142809383187 0.026734724244458923 0.66909206366005647 -0.066639860548050087 -0.0055529359160462902 0.0059355918821889335 0.41639861405595496 0.43431837791199318 0.036989098302234326 0.025596095837341005 0.0011296176608035534 0.35294883110417091 0.016890380576231493 0.6462500000000001 0.014332030701907571 0.0089500665715177719 -0.20972053098206908
decision_type=2 10 2 10 10 10 10 2 10 10 8 2 10 2 2 2 8 8 10 2 2 10 10 8 2 10 2 10 10 10
left_child=1 9 3 4 5 6 14 -8 -6 -1 11 -4 -13 26 -3 16 17 18 -16 23 -21 -5 -2 24 -19 -17 27 28 -12 -29
right_child=22 2 10 21 8 -7 7 -9 -10 -11 13 12 -14 -15 15 25 -18 19 -20 20 -22 -23 -24 -25 -26 -27 -28 29 -30 -31
leaf_value=2.996476022604627 -0.15985958677313672 0.074555319762792269 -0.26787848772667994 0.76319338236288115 -2.7132370390145013 1.3173753779134632 -3.8919473816362604 -0.8944041384761372 -0.15157981279420332 0.66439795439479921 -0.4048770895611149 0.035976794786578004 2.1429695225677938 0.23651666694947016 0.40470522572359491 0.18696567231470734 -0.096051779357667413 -0.40610342879674061 3.0516124320807574 1.6318800043472763 0.16440390022940068 -0.45034622905595145 -0.75314603704163341 -0.091822489762887427 -1.9969887846987993 1.4249193570407672 -2.0564828142907361 2.0617674041089122 -1.7610446471760071 -0.57369778557957629
leaf_weight=511 7640 182899 4026 5575 608 1690 633 775 848 1310 20708 688 1056 3798 4844 28320 274314 1182 594 763 10913 1185 8248 3633 943 860 505 546 1999 763
leaf_count=511 7640 182899 4026 5575 608 1690 633 775 848 1310 20708 688 1056 3798 4844 28320 274314 1182 594 763 10913 1185 8248 3633 943 860 505 546 1999 763
internal_value=-0.0283783 -0.0158311 -0.0202128 -0.0020436 -0.00931261 -0.00586851 -0.0102476 -2.24202 -1.22128 1.31881 -0.297677 0.209575 1.31177 -0.40103 -0.00407726 -0.0481438 -0.0748111 0.179938 0.69383 0.0196454 0.2603 0.550465 -0.467855 -0.468351 -1.11208 0.223451 -0.499778 -0.467044 -0.524267 0.525587
internal_weight=572377 556489 554668 520579 513819 512363 510673 1408 1456 1821 34089 5770 1744 28319 509265 326366 297186 22872 5438 17434 11676 6760 15888 5758 2125 29180 24521 24016 22707 1309
internal_count=572377 556489 554668 520579 513819 512363 510673 1408 1456 1821 34089 5770 1744 28319 509265 326366 297186 22872 5438 17434 11676 6760 15888 5758 2125 29180 24521 24016 22707 1309
is_linear=0
shrinkage=0.05


Tree=62
num_leaves=31
num_cat=0
split_feature=2 7 8 14 14 13 12 10 14 12 13 12 14 12 13 14 14 13 14 13 14 14 14 12 14 13 12 13 12 13
split_gain=1.16045e+06 903959 790257 752034 785964 1.82137e+06 961518 718350 660004 632211 1.39585e+06 851061 933115 919152 843557 2.58826e+06 2.798e+06 984095 1.81858e+06 888847 859927 842389 751724 735448 1.24272e+06 822680 679630 1.65452e+06 1.77745e+06 652634
threshold=0.0065663293733787716 -0.018894377864627835 0.72222222222222432 0.0093921061047047109 0.014332030701907571 0.42833800186741366 3.6452014036438599e-05 0.025052585636646734 0.0032930660900551412 0.0014795005132255885 0.27226271979510425 0.0030639036876704264 0.0010383794802773896 0.0030953910451583587 0.6278103044496488 -0.021658507068033826 -0.013851110702276003 0.58677817209954453 -0.0060873310949540555 0.6037983798379839 0.0016694991323357345 0.0011880350620827728 0.0084436808036504798 0.0052558494206341568 -0.0060873310949540555 0.46523382559774967 0.0012242074010483559 0.52871207838703616 0.0013526532793061458 0.61120339608711716
decision_type=10 10 8 10 10 2 10 10 10 8 2 10 10 10 2 8 10 2 10 2 10 10 10 10 10 2 10 2 10 2
left_child=1 7 -2 9 5 -5 -7 -1 -4 22 -11 12 -12 21 15 -15 -17 23 29 20 -20 -13 26 -18 -25 -26 -3 28 -28 -19
right_child=2 3 8 4 -6 6 -8 -9 -10 10 11 13 -14 14 -16 16 17 18 19 -21 -22 -23 -24 24 25 -27 27 -29 -30 -31
leaf_value=1.7650854873055168 -0.2442270259272577 -0.0059013226276508589 -0.1550687174803233 -1.7008487457739752 0.38025540984546424 1.1811657260362802 -0.51828462054207147 -0.13355284757482677 0.10985198312173175 -1.7110222376630799 0.56166148948645789 -2.6861545113113436 0.12637254113972915 -3.5809465032164343 0.18632658350837272 2.6808280844416004 0.63370471058214684 -1.4144497149072255 -2.3599489289471371 0.047241096118362108 -0.47791219877197211 -0.090405407668909102 0.8009157066939645 0.99387786872049222 -1.5364067107197645 -0.0018595951925591072 -2.6133992968872453 0.16235195161040941 -0.43255241806126704 -3.8208974332433856
leaf_weight=1326 82369 263521 50765 2727 2233 1167 2902 798 43790 1020 19918 597 32240 558 35573 848 3862 628 880 4975 1956 656 2813 1356 1794 1702 1427 5069 2706 511
leaf_count=1326 82369 263521 50765 2727 2233 1167 2902 798 43790 1020 19918 597 32240 558 35573 848 3862 628 880 4975 1956 656 2813 1356 1794 1702 1427 5069 2706 511
internal_value=-0.0245566 0.0230317 -0.131008 0.0174809 -0.433575 -0.700979 -0.0308778 1.05176 -0.0323795 0.0280698 0.129957 0.147335 0.2926 0.011785 0.0424881 -0.225827 -0.124695 -0.25938 -0.627629 -0.355464 -1.0619 -1.32717 -0.0122633 0.118842 -0.290969 -0.789325 -0.0206509 -0.443039 -1.18553 -2.49408
internal_weight=572687 395763 176924 393639 9029 6796 4069 2124 94555 384610 109074 108054 52158 55896 54643 19070 18512 17664 8950 7811 2836 1253 275536 8714 4852 3496 272723 9202 4133 1139
internal_count=572687 395763 176924 393639 9029 6796 4069 2124 94555 384610 109074 108054 52158 55896 54643 19070 18512 17664 8950 7811 2836 1253 275536 8714 4852 3496 272723 9202 4133 1139
is_linear=0
shrinkage=0.05


Tree=63
num_leaves=31
num_cat=0
split_feature=2 17 9 12 12 14 13 14 14 9 14 13 17 6 7 12 14 14 13 12 12 13 12 12 13 13 13 12 14 12
split_gain=1.1458e+06 1.23732e+06 1.15183e+06 1.63529e+06 722388 1.59187e+06 673552 615751 906110 899281 698470 652736 611337 670353 691795 607616 553164 721766 952813 701877 1.07212e+06 787216 803165 2.4333e+06 805752 1.06053e+06 715237 844492 676736 652982
threshold=-0.0079619277441830075 0.038852767469312939 -0.066042529569280334 -0.015523825238295434 0.0086759873145388564 -0.033374233339537519 0.72935854814976298 -0.01796644498195283 -0.013851110702276003 0.015011514079151503 -0.021658507068033826 0.33459556191839662 0.018330238411585622 1.6000679573278001 -0.00032492446566760759 -0.001971657212894184 0.0022799257668168122 0.0016381316822270302 0.61298166853722413 0.0074590984930701697 0.0030639036876704264 0.54011518679355708 0.00082694778906371028 0.00088346026385851216 0.44786405723905731 0.43859315010055461 0.43320568847834667 -0.00060487057409701448 -0.0009312187362649167 0.0030953910451583587
decision_type=8 2 8 8 10 8 2 10 10 10 10 2 2 2 10 10 8 8 2 10 10 2 10 10 2 2 2 10 10 10
left_child=2 12 3 -1 5 -4 -3 10 9 11 -7 -9 -2 16 -15 -12 17 19 -19 20 21 22 24 -24 25 26 -14 -28 -21 -22
right_child=1 6 4 -5 -6 7 -8 8 -10 -11 15 -13 13 14 -16 -17 -18 18 -20 28 29 -23 23 -25 -26 -27 27 -29 -30 -31
leaf_value=3.7025544942370545 0.20683434981196769 -0.23538838160520248 -1.6440024774873565 0.32841117319253765 0.90666099834331737 0.23088160300066862 0.35119572276014888 -1.2398927660730994 0.099597467377133028 -2.7486679697179226 0.46752007139834018 0.53100818966117291 -0.067237047090280375 -0.34540975095710102 -0.040773565945916336 2.435501825676591 0.069571478435667342 -0.4331440065229723 0.63870372157044031 0.28307453542586897 -2.11954019134728 0.43938060358457531 -3.8723764601828798 -0.2776266942550305 0.38819636539460284 -1.1460750104645097 2.6355247888659292 -0.002377437233229768 1.7817850967924522 -0.36141437703261492
leaf_weight=536 28529 103798 1323 1088 2707 3187 5136 1086 95007 502 735 999 28400 31099 46503 841 143208 20961 2301 6168 547 10241 511 5978 11811 2233 544 686 858 15310
leaf_count=536 28529 103798 1323 1088 2707 3187 5136 1086 95007 502 735 999 28400 31099 46503 841 143208 20961 2301 6168 547 10241 511 5978 11811 2233 544 686 858 15310
internal_value=-0.026195 -0.0602829 0.120501 1.44204 0.100328 0.0792753 -0.207732 0.101549 0.0744572 -0.848812 0.656667 -0.391389 -0.0151501 -0.0344958 -0.162857 1.51769 0.00538714 -0.0808803 -0.32712 -0.0121056 -0.0561626 0.0398918 -0.0416656 -0.560708 0.0354528 -0.0953025 -0.0161133 1.1643 0.466094 -0.422062
internal_weight=572833 464822 108011 1624 106387 103680 108934 102357 97594 2587 4763 2085 355888 327359 77602 1576 249757 106549 23262 83287 76261 60404 50163 6489 43674 31863 29630 1230 7026 15857
internal_count=572833 464822 108011 1624 106387 103680 108934 102357 97594 2587 4763 2085 355888 327359 77602 1576 249757 106549 23262 83287 76261 60404 50163 6489 43674 31863 29630 1230 7026 15857
is_linear=0
shrinkage=0.05


Tree=64
num_leaves=31
num_cat=0
split_feature=2 12 12 12 13 17 13 7 7 12 11 11 2 17 8 13 12 13 12 13 12 12 12 12 13 13 13 12 13 13
split_gain=1.04597e+06 843785 1.29284e+06 1.1669e+06 1.07245e+06 922683 847928 822621 745171 741877 644435 558019 529571 529493 466678 503916 1.15107e+06 850992 1.66824e+06 715063 1.11472e+06 960069 2.72943e+06 840968 773959 691099 625551 693574 611059 1.28846e+06
threshold=-0.001654924771131071 0.0013102427116815129 0.0013526532793061458 0.0012758230275707104 0.53436112919453171 0.035454102383933504 0.30822077922077928 -0.018894377864627835 -0.0034794264691791082 0.0086759873145388564 -0.23918144089756047 -0.037555541809151279 -0.027777691170817357 0.063709155212157517 0.048985473151798305 0.40709906380380595 -0.0019085968302541385 0.31775210084033617 -0.0041064867425633029 0.30622265187748049 -0.0041931567818556505 -0.0036304690109206419 -0.0034388706987858726 -0.0037909282100934485 0.26400255301042486 0.35294883110417091 0.33226827276439369 -0.0045526305173768161 0.12723558433549184 0.086379690949227386
decision_type=10 10 10 10 2 2 2 10 10 10 10 10 10 2 10 2 8 2 8 2 10 8 10 10 2 2 2 10 2 2
left_child=7 3 -3 5 -5 -2 -4 11 -8 14 -7 -1 -11 -10 -9 17 -17 19 26 21 -21 23 -23 28 -24 -20 27 -19 29 -16
right_child=1 2 6 4 -6 10 8 9 13 12 -12 -13 -14 -15 15 16 -18 18 25 20 -22 22 24 -25 -26 -27 -28 -29 -30 -31
leaf_value=1.6366902323051722 -0.054293515575764034 1.4064746659538738 -1.8589953773157988 -2.4032589687865622 0.24089314592721869 0.40807892329894407 -0.40952230492135144 0.24621818402254314 0.057716504738052954 1.9572563257020432 -0.31433469592180785 -0.17134671798684187 0.45999426326780751 -0.5342655254327674 0.43707709384891391 1.4565041258822697 0.076353553769287943 -1.3024312701616072 0.18219759895878354 1.9019692387311691 0.086138740064241479 -2.5924209152513349 -1.2776514891517718 1.4391901243293992 0.42942520657262051 -0.31415072086004736 -0.69083052652090371 -3.5304752271827753 0.11769131179002359 -0.94681421722216708
leaf_weight=1379 141764 1659 609 1069 598 3244 9846 25012 132682 699 63818 618 3807 3888 2818 1537 88393 1118 10743 1302 2409 1332 860 1103 2913 20199 2090 508 40107 4172
leaf_count=1379 141764 1659 609 1069 598 3244 9846 25012 132682 699 63818 618 3807 3888 2818 1537 88393 1118 10743 1302 2409 1332 860 1103 2913 20199 2090 508 40107 4172
internal_value=-0.0206211 -0.0726899 0.0184941 -0.137099 -1.45473 -0.12658 0.00283239 0.0671321 0.0105764 0.0575782 -0.279389 1.07717 0.692259 0.0408634 0.0437367 0.0158493 0.0999418 -0.0666434 -0.262035 0.0521283 0.723221 0.00540807 -0.646615 0.0744657 0.0403221 -0.14182 -1.26303 -1.99852 0.0425042 -0.388902
internal_weight=572296 359177 148684 210493 1667 208826 147025 213119 146416 211122 67062 1997 4506 136570 206616 181604 89930 91674 34658 57016 3711 53305 5105 48200 3773 30942 3716 1626 47097 6990
internal_count=572296 359177 148684 210493 1667 208826 147025 213119 146416 211122 67062 1997 4506 136570 206616 181604 89930 91674 34658 57016 3711 53305 5105 48200 3773 30942 3716 1626 47097 6990
is_linear=0
shrinkage=0.05


Tree=65
num_leaves=31
num_cat=0
split_feature=2 9 12 10 14 14 14 14 10 12 12 12 14 12 9 9 12 2 14 12 3 7 12 14 14 9 9 12 14 12
split_gain=1.09087e+06 1.07704e+06 2.00392e+06 985805 1.04282e+06 1.04761e+06 1.27663e+06 2.88473e+06 1.15194e+06 789946 965852 822098 945510 747689 1.02303e+06 668657 702866 647049 602868 1.017e+06 598297 555499 546456 515524 1.44946e+06 787090 527479 500080 1.09943e+06 1.11063e+06
threshold=-0.0055401803756154116 -0.049842431534780525 -0.018397836894734759 0.083339657639140127 0.014332030701907571 0.013401794456808247 0.012408643984512928 0.011824106625347611 -0.049403138406388783 0.0013102427116815129 0.0012242074010483559 0.0013765958081696451 0.0034498793543783668 -0.00078719024417664527 -0.013776621524349249 -0.044337447991710063 0.0012014126857920048 0.0060010979052871399 0.0270617032583759 -0.0034388706987858726 -0.46956235036969901 -0.0032481506463853268 -0.0055529359160462902 -0.0011851451013237192 -0.0015413939735762483 -0.026869462002428218 -0.0035977192455572374 0.013653625485355612 -0.033374233339537519 0.0029794210103305805
decision_type=8 8 8 10 10 10 10 10 10 10 10 10 10 10 10 8 10 10 10 10 8 10 8 8 10 10 8 10 8 10
left_child=1 2 -1 4 5 6 7 9 -7 10 15 12 -11 -9 -15 22 17 -17 -6 -20 -19 -13 -2 24 25 -23 -25 28 29 -3
right_child=3 27 -4 -5 18 8 -8 13 -10 11 -12 21 -14 14 -16 16 -18 20 19 -21 -22 23 -24 26 -26 -27 -28 -29 -30 -31
leaf_value=3.2307728260775463 1.4967132053504453 -2.4846798706625752 0.38580164322068911 -0.37895390730300127 0.73883467470688213 -3.2867223758631803 1.3703516094423784 -3.7702040584557448 -0.43716754060983654 0.023447877830084493 -0.93824204394198818 -0.29166358114548446 1.7072298530529264 -3.0570585949757465 0.07817029143979079 -0.046434533813665642 0.84410326009255943 -1.611947134320014 0.87753068409562118 -1.7863463250393423 -0.20799611185200947 0.69543941078937188 0.19976897748683031 -0.029129364567069382 -1.6646728882507216 -0.15227791557381742 0.1933781846654925 1.2016713455912411 0.082613448051504362 0.37976032980375635
leaf_weight=748 1091 835 3588 22822 6383 508 1582 511 1175 1764 3395 12555 1581 503 539 149986 1954 766 750 686 81236 3107 3178 44557 1471 23067 66220 980 135109 569
leaf_count=748 1091 835 3588 22822 6383 508 1582 511 1175 1764 3395 12555 1581 503 539 149986 1954 766 750 686 81236 3107 3178 44557 1471 23067 66220 980 135109 569
internal_value=-0.0195986 0.100697 0.876585 -0.0591486 -0.0412846 -0.0524426 -0.0471926 -0.0528345 -1.29728 -0.0443984 -0.100843 0.0439707 0.81928 -2.20357 -1.43528 -0.0889081 -0.100224 -0.108178 0.530592 -0.395046 -0.221111 0.0267932 0.53122 0.0556775 -0.137479 -0.0516491 0.103881 0.0762281 0.0681488 -1.32381
internal_weight=573216 141829 4336 431387 408565 400746 399063 397481 1683 395928 241606 154322 3345 1553 1042 238211 233942 231988 7819 1436 82002 150977 4269 138422 27645 26174 110777 137493 136513 1404
internal_count=573216 141829 4336 431387 408565 400746 399063 397481 1683 395928 241606 154322 3345 1553 1042 238211 233942 231988 7819 1436 82002 150977 4269 138422 27645 26174 110777 137493 136513 1404
is_linear=0
shrinkage=0.05


Tree=66
num_leaves=31
num_cat=0
split_feature=2 17 9 12 12 2 13 10 0 9 6 1 12 12 13 13 12 13 13 4 15 13 12 12 11 12 13 12 12 13
split_gain=1.06082e+06 1.03865e+06 837217 2.29888e+06 611308 632441 530589 571724 521100 514200 511900 477982 472048 694254 701602 610253 765827 487595 453297 445400 445209 426484 365979 364769 351889 389922 480920 472027 409972 376907
threshold=-0.002911065758995635 0.042141159227411427 -0.052906240073950048 -0.018397836894734759 0.0086759873145388564 -0.058018488165277542 0.72935854814976298 -0.050468771671297367 -0.037891549217626504 0.0013153878774194736 2.944881103827294 -0.011337035250372714 0.0069817067548779725 0.0080283938590056132 0.68048651507139091 0.78953528697763142 0.0062609719852773889 0.74388931509184686 0.7597791717666259 0.012235627386223981 -0.011266530626506717 0.82686437975490878 0.0069817067548779725 -0.015523825238295434 -0.21742521345156099 0.0013102427116815129 0.70716169203837898 0.006091424816449839 3.6452014036438599e-05 0.46677181913774979
decision_type=10 2 8 8 10 8 2 10 10 10 2 8 10 10 2 2 10 2 2 10 8 2 10 8 10 10 2 10 8 2
left_child=2 10 3 -1 5 9 11 -8 -6 -4 12 -3 15 14 -14 16 17 23 19 -7 -12 22 -9 -2 -13 28 -27 -28 29 -26
right_child=1 6 4 -5 8 18 7 21 -10 -11 20 24 13 -15 -16 -17 -18 -19 -20 -21 -22 -23 -24 -25 25 26 27 -29 -30 -31
leaf_value=3.3579977538592303 1.0044106490086773 -0.7957619887639491 -0.037570676590283812 0.217237461846575 1.8208766037887365 0.12840708945862564 1.2104760903337177 -0.72778259504911036 0.38968639006528605 -1.7819207076950723 -0.98217533199518692 0.13225968952539627 0.072450821722456371 0.074957057721945108 1.5722837025091341 1.4365448156157796 -0.83983838479447004 1.1075777326102441 -1.0288716993603801 -0.031739975153858145 -0.17367106883903016 -1.3272590539982483 0.79637944589339382 -0.025809785222915611 -0.33880453268513616 -0.071368911232541882 -0.30063036583809377 -2.1990395482077387 -0.66677184921654131 0.41834550708344304
leaf_weight=718 862 4182 839 3090 786 104177 1249 604 3333 851 1802 5661 1367 9529 1815 714 2868 958 958 74439 30901 554 1132 265193 19733 22113 849 533 9734 1793
leaf_count=718 862 4182 839 3090 786 104177 1249 604 3333 851 1802 5661 1367 9529 1815 714 2868 958 958 74439 30901 554 1132 265193 19733 22113 849 533 9734 1793
internal_value=-0.0213646 -0.0690941 0.0755486 0.809429 0.0604738 0.0467869 -0.246152 0.349959 0.66279 -0.915939 -0.0309174 -0.27881 -0.00929622 0.28849 0.927949 -0.0232845 -0.0271467 -0.0184175 0.0558473 0.0616651 -0.218221 -0.11938 0.266083 -0.0224719 -0.243026 -0.281826 -0.127921 -1.0328 -0.397501 -0.275738
internal_weight=573337 384146 189191 3808 185383 181264 68137 3539 4119 1690 316009 64598 283306 12711 3182 270595 269881 267013 179574 178616 32703 2290 1736 266055 60416 54755 23495 1382 31260 21526
internal_count=573337 384146 189191 3808 185383 181264 68137 3539 4119 1690 316009 64598 283306 12711 3182 270595 269881 267013 179574 178616 32703 2290 1736 266055 60416 54755 23495 1382 31260 21526
is_linear=0
shrinkage=0.05


Tree=67
num_leaves=31
num_cat=0
split_feature=6 7 13 13 12 13 12 17 17 13 12 14 13 14 14 14 14 13 12 13 9 14 13 14 14 12 14 12 14 12
split_gain=997577 1.17653e+06 711766 2.17908e+06 2.09794e+06 1.32125e+06 1.67191e+06 1.24658e+06 1.05325e+06 1.04835e+06 3.24913e+06 1.02225e+06 2.0562e+06 1.97616e+06 1.45225e+06 923354 2.54295e+06 2.96581e+06 2.11678e+06 1.7945e+06 1.10403e+06 1.04742e+06 884773 855702 836732 1.10684e+06 930568 783742 762112 1.53032e+06
threshold=4.4863846453053764 -0.018894377864627835 0.41198591549295777 0.35294883110417091 -0.0020305403594664752 0.35027571474701313 -0.0025168970306861157 0.02446966368048786 0.063709155212157517 0.42713548097429571 -0.0022352511682086954 0.0023043808513056982 0.35595962920300589 0.0024285878725784104 0.0021997587737810705 0.0093921061047047109 0.014332030701907571 0.32550485182271183 -0.0061352421811348484 0.23871975019516004 -0.066042529569280334 0.013401794456808247 0.32993055555555562 0.0022556369424982597 -0.01034056252125609 -0.0016979720507348023 0.00075205475904020541 -0.0049951111909748653 -0.01796644498195283 0.0031633743668316463
decision_type=2 10 2 2 8 2 10 2 2 2 10 8 2 8 10 8 10 2 10 2 8 8 2 10 10 10 10 10 8 10
left_child=1 -1 3 5 9 15 -7 -5 28 10 -4 12 -9 -13 24 20 17 18 19 21 -3 -17 -19 -16 -14 -26 -27 -18 29 -6
right_child=-2 2 4 7 8 6 -8 11 -10 -11 -12 13 14 -15 23 16 27 22 -20 -21 -22 -23 -24 -25 25 26 -28 -29 -30 -31
leaf_value=1.3489290511788332 -0.2926422313163235 1.6668454796723073 -2.1548070079866899 0.051531376268224238 2.2796129710540582 2.4103243554874547 -0.35182630508070256 -3.4986437110387691 -0.52613103185911747 2.8301783764340236 2.8975819288196281 1.6625891242109097 -2.3406897878729365 -0.35673845729064629 -3.5844733473019268 -0.88070762211014753 1.0060560207474765 2.3126354237391644 -3.6612397389277511 1.0078242405775333 0.027869247530001712 -3.6088923579802827 -0.29190234257412312 -0.92210457536598867 0.014413740088510513 -0.46058009767567454 -1.481158439965292 -0.81553043535739145 0.032717180858518123 0.022805393115192626
leaf_weight=1604 31507 1036 576 15792 1139 1285 955 651 8413 944 711 1275 614 24353 634 792 2460 529 1266 694 124949 633 850 576 7129 6718 3346 777 328080 2206
leaf_count=1604 31507 1036 576 15792 1139 1285 955 651 8413 944 711 1275 614 24353 634 792 2460 529 1266 694 124949 633 850 576 7129 6718 3346 777 328080 2206
internal_value=-0.0191484 -0.00322012 -0.0072411 -0.0828665 0.0363816 0.0284029 1.23271 -0.330997 0.0263487 1.56463 0.636373 -0.464361 -0.735503 -0.256276 -0.640913 0.00826904 -0.51258 -1.24735 -2.04362 -1.07717 0.0413469 -2.0926 0.707228 -2.3171 -0.527015 -0.462245 -0.799894 0.568808 0.0403731 0.791267
internal_weight=572494 540987 539383 197314 342069 136226 2240 61088 339838 2231 1287 45296 19668 25628 19017 133986 8001 4764 3385 2119 125985 1425 1379 1210 17807 17193 10064 3237 331425 3345
internal_count=572494 540987 539383 197314 342069 136226 2240 61088 339838 2231 1287 45296 19668 25628 19017 133986 8001 4764 3385 2119 125985 1425 1379 1210 17807 17193 10064 3237 331425 3345
is_linear=0
shrinkage=0.05


Tree=68
num_leaves=31
num_cat=0
split_feature=6 7 9 14 8 12 14 17 14 12 12 12 14 12 14 14 12 12 12 9 14 14 14 12 12 14 14 12 14 12
split_gain=980642 990610 1.01588e+06 966106 844808 685059 1.16421e+06 904092 679045 623091 608932 684037 906218 1.52068e+06 1.0948e+06 668953 1.56691e+06 2.23068e+06 625731 588198 1.12914e+06 2.29464e+06 1.08558e+06 961099 1.4759e+06 804812 774732 722304 1.62923e+06 791325
threshold=3.7796078323391185 -0.013479505919178734 -0.035753670005788558 0.0011880350620827728 0.99997371464619966 0.0014795005132255885 0.02042647176750689 0.03482511355678803 0.0093921061047047109 0.0014357847940820736 -0.0044668393901314803 -0.0041064867425633029 0.0077611450595120616 -0.00018602558925177927 0.0082918860079702356 0.0038288772853957201 -0.010324644599988417 -0.012776247349859415 0.00052506985385520797 -0.00084112716126838937 0.0091590992600573077 0.009744554259300096 0.0077611450595120616 0.0016597268665611627 0.0017818176994124509 0.01135832798867265 0.006890002005023343 0.0086759873145388564 -0.0055040751619077934 0.0056976341712737842
decision_type=2 8 10 8 10 10 10 2 10 10 8 8 10 10 10 10 10 10 10 10 10 10 8 10 8 10 10 10 10 10
left_child=1 2 3 -1 5 6 7 9 10 -3 15 -12 -13 14 -14 -9 17 -17 -15 20 22 -22 23 -7 -25 -23 27 28 29 -26
right_child=-2 4 -4 -5 -6 19 -8 8 -10 -11 11 12 13 18 -16 16 -18 -19 -20 -21 21 25 -24 24 26 -27 -28 -29 -30 -31
leaf_value=3.5500566929464599 -0.25789827973230633 0.018024854962365843 0.25626281096080128 0.82266546212683189 -0.43454322664607159 0.65701340656179674 1.1486098239284603 -0.065834823485029989 -0.65584563141743646 -1.0503256218281329 -0.94706763397995131 -0.20685513996627419 3.0645818699386513 -1.0291668670529754 0.56012236327157106 0.95891721077214331 0.91774620561044484 -2.9303588517447259 0.70447958134024791 0.17376869211728227 -3.1972066207306842 0.48920813417868214 1.0385299425017083 -1.3039407170777515 -1.5144204378056585 -0.87533038952220421 -1.0715394464089443 0.50961911239846269 0.04973513342659136 -0.30224895939299612
leaf_weight=522 40287 228093 3565 859 11393 5161 2051 20435 6493 1373 2928 77211 776 1274 997 760 5210 716 880 87208 796 1918 2604 2271 2502 2475 1666 6751 51178 2915
leaf_count=522 40287 228093 3565 859 11393 5161 2051 20435 6493 1373 2928 77211 776 1274 997 760 5210 716 880 87208 796 1918 2604 2271 2502 2475 1666 6751 51178 2915
internal_value=-0.0200391 -0.00205982 0.70226 1.85358 -0.00865704 0.000734611 -0.0391348 -0.0461522 -0.158827 0.0116324 -0.129803 -0.196264 -0.16917 0.57177 1.65626 0.0762053 0.510335 -0.927751 -0.320899 0.08388 -0.0138181 -0.727138 0.0355025 -0.000551326 -0.0509904 -0.279568 -0.00722231 0.0207692 -0.0375438 -0.862126
internal_weight=573268 532981 4946 1381 528035 516642 349197 347146 117680 229466 111187 84066 81138 3927 1773 27121 6686 1476 2154 167445 80237 5189 75048 72444 67283 4393 65012 63346 56595 5417
internal_count=573268 532981 4946 1381 528035 516642 349197 347146 117680 229466 111187 84066 81138 3927 1773 27121 6686 1476 2154 167445 80237 5189 75048 72444 67283 4393 65012 63346 56595 5417
is_linear=0
shrinkage=0.05


Tree=69
num_leaves=31
num_cat=0
split_feature=2 17 14 14 12 12 13 12 13 13 9 13 14 14 14 14 12 14 13 13 13 12 12 12 12 9 12 12 13 13
split_gain=894737 971528 890814 1.1809e+06 985480 2.00848e+06 1.02921e+06 1.02124e+06 1.07386e+06 1.18522e+06 1.00983e+06 916023 902382 875562 800177 1.01466e+06 768684 1.01543e+06 937954 1.98695e+06 1.84416e+06 1.5158e+06 1.02024e+06 778750 938768 720857 1.85351e+06 670423 642012 766027
threshold=-0.0030243448533707729 0.044399435196542977 0.0058146928034701504 0.0055852927927514022 -0.0039581796496085007 -0.0064836710996034408 0.28409859631320827 -0.0026961470868247499 0.40852852165509529 0.41639861405595496 -0.01303321815716091 0.42713548097429571 0.0077611450595120616 0.01084061813491532 0.0084436808036504798 0.0068447721656182082 -0.00078719024417664527 0.0084436808036504798 0.45420751633986933 0.45114127606241178 0.49360963658636187 0.00049796773516926562 0.00071112904992088938 -0.00050064339926930745 -0.00021584165176227838 -0.066042529569280334 -0.015523825238295434 0.00088346026385851216 0.54011518679355708 0.57764857881136955
decision_type=8 2 10 10 10 10 2 10 2 2 10 2 10 10 10 10 10 10 2 2 2 10 10 10 10 8 8 10 2 2
left_child=25 2 3 28 5 10 -7 12 13 -10 -4 -11 -6 14 15 -9 17 -13 19 23 -20 -22 -23 -18 -25 26 -1 -24 -2 -30
right_child=1 -3 4 -5 7 6 -8 8 9 11 -12 16 -14 -15 -16 -17 18 -19 20 -21 21 22 27 24 -26 -27 -28 -29 29 -31
leaf_value=3.4517212644686732 -0.11999571502507245 -0.26704051353443098 1.4925626167747226 -0.84210875191048684 0.40667428996422378 -2.1376928321660356 -0.41547562986972625 0.17516244578129805 1.468540023925357 -1.3909094205994037 -0.24124054852714027 -0.15961398303608992 2.0320755066116423 -2.1153371383149078 1.2164559999053632 -1.4653074733575799 -1.3112982776250399 1.7843183804995562 1.0225506592519433 -3.2098811985994731 -1.3233402501882576 1.7366189802399523 -1.361711668139165 1.7013367897792457 -0.47199923620498807 0.050811847909303098 0.028785847715857894 0.14366549636345716 0.30800572050727748 -0.035818607812536478
leaf_weight=558 175665 55012 1349 4968 2264 1733 1737 2111 1859 910 2225 1115 1371 740 763 1703 890 1690 6085 613 1845 987 763 872 1155 185019 1358 24118 21053 70275
leaf_count=558 175665 55012 1349 4968 2264 1733 1737 2111 1859 910 2225 1115 1371 740 763 1703 890 1690 6085 613 1845 987 763 872 1155 185019 1358 24118 21053 70275
internal_value=-0.0289785 -0.0724734 -0.0401227 -0.078303 0.136174 -0.418739 -1.27559 0.211555 0.150632 0.233699 0.41318 0.177768 1.01972 -0.519625 -0.261633 -0.557328 0.213337 1.0116 0.153352 -0.622183 0.234352 0.061286 0.160043 -0.078385 0.462953 0.0608035 1.02565 0.0975016 -0.0640907 0.04344
internal_weight=572806 385871 330859 271961 58898 7044 3470 51854 48219 42902 3574 41043 3635 5317 4577 3814 40133 2805 37328 3530 33798 27713 25868 2917 2027 186935 1916 24881 266993 91328
internal_count=572806 385871 330859 271961 58898 7044 3470 51854 48219 42902 3574 41043 3635 5317 4577 3814 40133 2805 37328 3530 33798 27713 25868 2917 2027 186935 1916 24881 266993 91328
is_linear=0
shrinkage=0.05


Tree=70
num_leaves=31
num_cat=0
split_feature=0 14 14 14 14 10 6 7 12 13 17 13 12 13 14 12 7 12 14 14 2 14 13 14 2 14 14 12 14 12
split_gain=1.00348e+06 1.03967e+06 984234 2.01504e+06 2.40154e+06 1.08555e+06 890128 817114 800937 807828 798876 1.31079e+06 757952 1.10498e+06 969247 637528 616491 550613 548676 1.22948e+06 547974 702527 529991 847667 519563 731549 552626 827473 800140 774075
threshold=0.0073719519145093951 0.014332030701907571 0.013401794456808247 0.012408643984512928 0.011824106625347611 -0.044542511935091518 3.9377395788633307 -0.010114117991769868 -0.009218330210910267 0.1935457635940728 0.027979578864006916 0.66909206366005647 -0.0026961470868247499 0.45923146655922648 0.0270617032583759 -0.018397836894734759 -3.2972178989040815e-05 0.0026205806401390446 0.0014963850870955001 0.00014252197149017991 0.0046370941872314322 -0.0040809891810287173 0.59832070590409325 0.0054690193305115811 -0.0072534405752370428 -0.033374233339537519 0.00099970194329166372 0.00962621090158222 0.00075205475904020541 0.012472248262135881
decision_type=10 10 10 10 10 10 2 10 8 2 2 2 10 2 10 8 10 10 8 10 10 8 2 8 10 10 10 10 8 10
left_child=7 2 3 4 6 -4 15 8 9 18 -9 20 -3 -14 -15 -2 -8 22 19 -1 -12 -22 -17 -24 25 -13 28 -28 29 -26
right_child=1 12 5 -5 -6 -7 16 10 -10 -11 11 24 13 14 -16 17 -18 -19 -20 -21 21 -23 23 -25 26 -27 27 -29 -30 -31
leaf_value=0.38958388408809519 1.2128867595907453 0.94453519100409855 -3.3262297668167067 1.9324325350160199 -2.3506469096201896 -0.50851245010596013 -0.85774373848132468 0.068445756806620184 0.13261880593771741 2.7616071422428607 -0.050450898919680791 2.3081556727160186 -1.7406617892067999 0.75334126072659569 -1.4415094030801334 -0.18171729224398414 -0.19547267682576352 0.10443443960143528 -0.12456815668608245 3.3454727900095564 -0.96946865314332253 -0.18368903050993671 -0.13735992646877679 -2.5950053704590008 -0.16448980216679743 0.4990898183558935 0.5819355298742328 -1.1912419298459107 -1.7657903307456575 0.9440957008768982
leaf_weight=1139 884 3476 518 1110 1293 1005 7577 192091 6839 586 157801 665 789 2684 619 67101 6553 18624 1139 509 2962 71688 853 596 8494 3500 8974 710 651 1933
leaf_count=1139 884 3476 518 1110 1293 1005 7577 192091 6839 586 157801 665 789 2684 619 67101 6553 18624 1139 509 2962 71688 853 596 8494 3500 8974 710 651 1933
internal_value=-0.0315608 -0.164573 -0.204954 -0.186579 -0.209309 -1.46687 -0.182214 0.00133398 0.443594 1.07412 -0.00871423 -0.0663017 0.401625 -0.0595573 0.342014 -0.123101 -0.550606 -0.136649 0.719303 1.30254 -0.103252 -0.214868 -0.202147 -1.14823 0.278272 0.787932 0.17603 0.451932 -0.0651534 0.0410243
internal_weight=573363 113682 106114 104591 103481 1523 102188 459681 10212 3373 449469 257378 7568 4092 3303 88058 14130 87174 2787 1648 232451 74650 68550 1449 24927 4165 20762 9684 11078 10427
internal_count=573363 113682 106114 104591 103481 1523 102188 459681 10212 3373 449469 257378 7568 4092 3303 88058 14130 87174 2787 1648 232451 74650 68550 1449 24927 4165 20762 9684 11078 10427
is_linear=0
shrinkage=0.05


Tree=71
num_leaves=31
num_cat=0
split_feature=8 17 12 9 13 13 12 12 12 12 13 13 12 12 12 13 12 13 13 12 12 12 13 12 12 12 12 13 13 13
split_gain=843561 1.02256e+06 708967 789622 694434 1.42253e+06 1.08049e+06 960772 781306 1.2217e+06 1.18328e+06 1.27358e+06 702827 1.06124e+06 857788 684252 781202 682553 1.24004e+06 595573 1.0237e+06 1.14807e+06 1.15096e+06 645640 1.08741e+06 869397 3.26664e+06 2.40866e+06 688328 626461
threshold=0.063829787234046767 0.048452496731507484 -0.005151053458202064 -0.037069648153896524 0.40709906380380595 0.39559227695789745 -0.0013715312726306137 -0.0015566182097638181 -0.0013715312726306137 -0.001873332594444906 0.38449010273114514 0.38721035892776018 -0.0016531034515771946 -0.0017336470331282018 -0.0019085968302541385 0.4132361759261674 -0.0025694912073986049 0.42833800186741366 0.44220408383169013 -0.0022352511682086954 -0.0020305403594664752 -0.001971657212894184 0.35294883110417091 -0.0025168970306861157 -0.0026201727375980417 -0.0029618408736696656 -0.0029011578399033094 0.33720878136200721 0.31228524855464218 0.37287510516428685
decision_type=10 2 8 10 2 2 8 10 10 10 2 2 10 10 10 2 10 2 2 10 10 10 2 10 10 10 10 2 2 2
left_child=2 4 3 -1 5 8 7 12 9 10 19 -12 13 14 15 -6 -17 -16 -19 23 -21 -22 -23 24 25 -2 -27 -28 -25 -24
right_child=1 -3 -4 -5 6 -7 -8 -9 -10 -11 11 -13 -14 -15 17 16 -18 18 -20 20 21 22 29 28 -26 26 27 -29 -30 -31
leaf_value=1.6883381651549756 -0.052960806098056826 -0.2344554225042772 0.073120596300774179 0.38383417958319221 -0.2389858456435198 -0.65945009432124091 0.021447857747154811 1.5357597854075999 -0.41714387538995112 0.4789560741156762 -2.9744226234388496 -0.47785913225315824 -0.91540079254908291 2.0905183531810638 0.45963335212284084 -0.18397261141753588 1.9450980430505738 -2.3856397663668045 0.68990663084471349 -1.1912088889759216 1.0000964123241385 0.92726116865468777 -2.5319402704920364 -1.1956013180077709 -0.94099926175609905 2.6076874583209748 1.1744443329683822 -0.80008821180124667 0.63226387766225978 -0.29417205531841029
leaf_weight=1295 96039 54055 31166 11130 1065 10274 307384 1999 13263 11456 672 2130 1023 898 1138 610 1467 846 535 2953 1723 663 778 564 3245 1483 2604 3796 5934 523
leaf_count=1295 96039 54055 31166 11130 1065 10274 307384 1999 13263 11456 672 2130 1023 898 1138 610 1467 846 535 2953 1723 663 778 564 3245 1483 2604 3796 5934 523
internal_value=-0.0109774 -0.0283947 0.200439 0.519797 -0.00494822 -0.0905433 0.037746 0.560635 -0.0510039 -0.0149159 -0.0608742 -1.07661 0.303542 0.493659 0.240351 0.791444 1.31981 -0.447038 -1.19417 -0.037217 -0.4975 0.0581065 -0.768293 -0.0103285 -0.039672 -0.0115277 0.493254 0.00329972 0.473613 -1.63236
internal_weight=572711 529120 43591 12425 475065 158100 316965 9581 147826 134563 123107 2802 7582 6559 5661 3142 2077 2519 1381 120305 6640 3687 1964 113665 107167 103922 7883 6400 6498 1301
internal_count=572711 529120 43591 12425 475065 158100 316965 9581 147826 134563 123107 2802 7582 6559 5661 3142 2077 2519 1381 120305 6640 3687 1964 113665 107167 103922 7883 6400 6498 1301
is_linear=0
shrinkage=0.05


Tree=72
num_leaves=31
num_cat=0
split_feature=2 9 12 6 11 17 4 13 12 14 12 12 8 14 14 13 13 13 9 14 13 2 14 14 9 14 13 13 12 12
split_gain=898210 990970 1.93705e+06 798695 645419 811977 518985 515200 577762 473842 884865 672510 458997 447661 847442 620095 909299 896432 485631 428798 3.31485e+06 795803 498356 703011 890759 553955 507102 569743 566078 473917
threshold=0.002326428393100682 -0.044337447991710063 -0.018397836894734759 7.2017970545726691 -0.11436663728295111 0.032059862323642517 0.014323594378111848 0.40709906380380595 -0.0013715312726306137 0.0042899046929920992 0.0065259749054591186 0.0084027174470880702 0.75000000000000078 0.02042647176750689 0.0091590992600573077 0.48991919093377562 0.63081011034464718 0.32550485182271183 -0.024418842522300095 -0.033374233339537519 0.56736237614964247 -0.029718135603776615 -0.01796644498195283 -0.013851110702276003 0.010200721979538691 -0.021658507068033826 0.33459556191839662 0.52135258358662628 0.0090764862390379057 0.0031633743668316463
decision_type=8 8 8 2 8 2 10 2 10 10 10 10 8 10 10 2 2 2 10 8 2 10 10 10 10 10 2 2 10 10
left_child=1 2 -1 4 9 -6 19 8 -7 10 -2 13 -5 14 -11 17 18 -16 -17 20 -3 -22 25 24 26 29 -24 -28 -29 -21
right_child=3 6 -4 12 5 7 -8 -9 -10 11 -12 -13 -14 -15 15 16 -18 -19 -20 22 21 -23 23 -25 -26 -27 27 28 -30 -31
leaf_value=2.6914204629468177 -0.16673839660725373 -2.6235859159408634 0.30036574323321708 -0.77886347951451573 -0.018040714650088618 -0.31720597327274191 -0.043724261815790234 -0.14861686190208312 -1.037312566813881 0.56878718151544083 0.76393082164001425 -0.81502628633594354 -0.11330743040526869 1.3207332803206495 -0.79725276906357945 -2.4473593170240475 0.93204094446992802 1.2178903357547064 -0.74755707865829069 0.49821335494569952 2.6919128970400004 -0.0047572402672015415 -1.0535918683828995 0.097260680535199387 -2.049877748351761 1.2589171989241914 1.5409071135939214 -1.5709084472711226 0.62522934168260391 -0.71875748309501863
leaf_weight=965 18622 1048 6929 6370 125164 18317 142385 72716 3285 10606 2960 1237 4366 1207 959 634 588 1300 1246 3749 534 561 1064 140954 824 1845 627 515 682 1017
leaf_count=965 18622 1048 6929 6370 125164 18317 142385 72716 3285 10606 2960 1237 4366 1207 959 634 588 1300 1246 3749 534 561 1064 140954 824 1845 627 515 682 1017
internal_value=-0.0191881 0.0397772 0.59266 -0.0856171 -0.0680894 -0.101524 0.0250227 -0.21231 -0.426712 0.118356 -0.0390959 0.309509 -0.508202 0.393611 0.320629 -0.236165 -0.784053 0.362413 -1.32079 0.0888249 -0.613488 1.31033 0.0987739 0.0793739 -0.599834 0.523299 -0.18611 0.319922 -0.319642 0.238528
internal_weight=573276 303699 7894 269577 258841 219482 295805 94318 21602 39359 21582 17777 10736 16540 15333 4727 2468 2259 1880 153420 2143 1095 151277 144666 3712 6611 2888 1824 1197 4766
internal_count=573276 303699 7894 269577 258841 219482 295805 94318 21602 39359 21582 17777 10736 16540 15333 4727 2468 2259 1880 153420 2143 1095 151277 144666 3712 6611 2888 1824 1197 4766
is_linear=0
shrinkage=0.05


Tree=73
num_leaves=31
num_cat=0
split_feature=9 14 13 17 14 14 13 14 14 14 14 2 13 13 13 13 14 14 10 14 13 14 13 13 13 14 14 10 14 14
split_gain=973617 1.04472e+06 1.07252e+06 859994 643933 820377 618260 1.04224e+06 628040 1.84941e+06 1.21533e+06 918643 766299 2.32975e+06 703847 614405 604585 971676 630045 595345 594416 608262 588463 579875 1.77736e+06 1.00556e+06 673379 622702 579527 546618
threshold=-0.031526253646773937 -0.033374233339537519 0.086379690949227386 0.030001814291209922 -0.0080407074899879888 -0.0034352202709559058 0.66909206366005647 -0.033374233339537519 0.0050249561938617059 0.0050897647725120995 0.004947925890541066 0.0045351603073198994 0.45420751633986933 0.45114127606241178 0.46074929971988798 0.67755265262596642 0.0091590992600573077 0.01084061813491532 -0.048395029060635385 0.0021046239761008906 0.48511157085857842 0.014332030701907571 0.1935457635940728 0.18612563033917431 0.23871975019516004 0.0087005699091269404 0.02042647176750689 -0.10486343559144841 0.013401794456808247 0.0060707602189851726
decision_type=8 8 2 2 8 8 2 8 8 8 10 10 2 2 2 2 8 8 10 8 2 8 2 2 2 8 8 10 8 10
left_child=1 -1 -3 4 -2 -6 7 -5 10 -10 11 -9 13 23 -14 -8 18 -18 29 -7 28 -22 -21 -11 25 -25 27 -26 -19 -4
right_child=3 2 16 6 5 19 15 8 9 12 -12 -13 14 -15 -16 -17 17 20 -20 22 21 -23 -24 24 26 -27 -28 -29 -30 -31
leaf_value=2.3220696277614379 -0.4061329309019544 1.9074325873255731 0.36192846943431456 -1.7471446511523849 0.41583120976946231 -0.069291605090065184 0.95637079776443368 -0.062798835585401391 2.1039689894277318 0.48581942565853259 -1.3718334518566964 -0.29907897413875228 1.4672316803615102 -3.5675444153718434 0.10439834088410667 0.070416666268055969 -1.8936823473429727 1.7416907249215772 0.013863743933562662 -0.44593657775137185 -1.6919947064791356 0.267778898510453 0.11146984307801988 -0.44893932573735928 1.4836642579137669 -3.2693947926324918 0.77769176177190069 -0.24243944566473663 -0.068260748210131186 1.3052344964523963
leaf_weight=592 8050 900 12700 975 14308 96924 2148 120507 1049 3265 2036 62458 973 505 36007 21998 862 680 15067 4907 815 770 135042 562 535 722 1899 22363 1265 1747
leaf_count=592 8050 900 12700 975 14308 96924 2148 120507 1049 3265 2036 62458 973 505 36007 21998 862 680 15067 4907 815 770 135042 562 535 722 1899 22363 1265 1747
internal_value=-0.0147167 0.239274 0.203849 -0.0314521 0.0340593 0.0481668 -0.0925401 -0.115537 -0.109246 0.0208376 -0.156976 -0.143457 -0.0118598 -0.200305 0.140257 0.14923 0.158629 -0.388693 0.240077 0.0259586 -0.0211859 -0.739928 0.0919256 -0.14236 -0.220999 -2.0349 -0.127075 -0.20211 0.564524 0.475998
internal_weight=572631 35398 34806 537233 259231 251181 278002 253856 252881 67880 185001 182965 66831 29851 36980 24146 33906 4392 29514 236873 3530 1585 139949 29346 26081 1284 24797 22898 1945 14447
internal_count=572631 35398 34806 537233 259231 251181 278002 253856 252881 67880 185001 182965 66831 29851 36980 24146 33906 4392 29514 236873 3530 1585 139949 29346 26081 1284 24797 22898 1945 14447
is_linear=0
shrinkage=0.05


Tree=74
num_leaves=31
num_cat=0
split_feature=17 10 9 7 14 14 2 1 11 17 0 7 13 14 13 14 14 13 13 9 13 14 13 13 13 14 13 13 14 13
split_gain=869333 746870 710025 984271 536968 610993 549310 789404 615550 646069 525121 497575 420742 2.03861e+06 691799 621896 1.31601e+06 1.11223e+06 882598 1.55114e+06 1.16607e+06 777165 1.90142e+06 2.24895e+06 2.19081e+06 1.42452e+06 1.32336e+06 765594 2.56176e+06 1.82708e+06
threshold=0.053750775460338907 0.088688460522742915 -0.058211730413737818 -0.010114117991769868 0.02042647176750689 0.0270617032583759 0.0026214619151365835 -0.015483510691358835 -0.11436663728295111 0.031741771333220141 0.0048718932515027782 -0.011352688512255932 0.41800076844262302 -0.033374233339537519 0.41992345904298461 -0.0034352202709559058 -0.00298795615906153 0.34705529629533077 0.086379690949227386 -0.0034342915157394623 0.10532212885154063 0.0022799257668168122 0.22419210611291887 0.1935457635940728 0.18203383094463352 0.0021997587737810705 0.22997277853392964 0.12723558433549184 -0.0064556919326447977 0.1511401849516604
decision_type=2 10 8 10 10 10 8 8 8 2 10 10 2 8 2 8 8 2 2 10 2 8 2 2 2 10 2 2 10 2
left_child=2 11 3 -1 6 -6 10 -8 -9 -10 12 -2 13 -4 -14 27 17 -17 19 -18 -20 22 23 24 -22 26 -24 28 -15 -29
right_child=1 -3 4 -5 5 -7 7 8 9 -11 -12 -13 14 15 -16 16 18 -19 20 -21 21 -23 25 -25 -26 -27 -28 29 -30 -31
leaf_value=2.3007501672167487 0.55050356225396491 -0.73217351948925979 -2.745432757358615 0.30487714722410286 1.7846878814939804 -0.022165983132941838 -1.0935668610371811 0.16175695800933076 -0.0089471629113798117 -0.18713805736092395 -0.10097558355805969 -0.20362795533421099 1.6154310118430741 -2.7588420014518813 0.1264411240154793 -2.483843231145368 2.2037430272341738 0.32974955456656052 -1.7069535018062312 -0.81483564773681771 0.24831823934221006 0.15606001826458646 -2.6461520806742604 1.3559304881058463 -2.1359334505694245 -2.4581821288427581 -0.23292032674868898 2.5143567945628291 1.5020525628795274 0.26318330136799278
leaf_weight=730 2378 6575 671 4016 897 978 1838 29180 121766 87366 53234 27272 785 770 124328 988 1146 545 1023 677 7010 39722 577 4109 1117 759 36801 963 651 14072
leaf_count=730 2378 6575 671 4016 897 978 1838 29180 121766 87366 53234 27272 785 770 124328 988 1146 545 1023 677 7010 39722 577 4109 1117 759 36801 963 651 14072
internal_value=-0.0129864 -0.250056 0.00301426 0.61187 -0.00241765 0.842233 -0.00540525 -0.061332 -0.0533708 -0.0833874 0.0409162 -0.143145 0.0728258 0.00224558 0.135784 0.0188659 -0.0305436 -1.48358 -0.00657676 1.08275 -0.0283709 -0.0093111 -0.139716 0.402615 -0.0793807 -0.313719 -0.270173 0.302526 -0.806807 0.407372
internal_weight=572944 36225 536719 4746 531973 1875 530098 240150 238312 209132 289948 29650 236714 111601 125113 110930 94474 1533 92941 1823 91118 90095 50373 12236 8127 38137 37378 16456 1421 15035
internal_count=572944 36225 536719 4746 531973 1875 530098 240150 238312 209132 289948 29650 236714 111601 125113 110930 94474 1533 92941 1823 91118 90095 50373 12236 8127 38137 37378 16456 1421 15035
is_linear=0
shrinkage=0.05


Tree=75
num_leaves=31
num_cat=0
split_feature=10 17 12 12 12 13 6 12 13 13 12 13 10 12 12 12 12 12 12 13 16 12 12 7 17 10 0 7 6 13
split_gain=874934 1.18502e+06 1.06429e+06 677981 703683 1.12434e+06 658095 691665 1.31356e+06 1.16497e+06 1.13078e+06 648496 592558 562158 736963 504471 1.00169e+06 935816 520773 504050 493547 486874 956927 457645 491987 454615 448161 645686 554313 448287
threshold=-0.080242435572512524 0.047638465319881272 -0.022058472749514658 0.0067004030608599323 -0.0047965554486507833 0.30822077922077928 1.3076182263676748 0.0019117719798810303 0.27226271979510425 0.58501502182415976 0.0017009301545418776 0.23871975019516004 0.20969083329394492 0.0030639036876704264 0.002829391006346734 0.005547319853706047 0.0046182709642192434 0.0030639036876704264 0.0026205806401390446 0.64892814009661848 0.31306185990208751 -0.009580108063527739 -0.010324644599988417 -0.0053904339855960432 0.032059862323642517 -0.15046156395162763 0.0024004251236635393 -0.0001783158992139123 3.9377395788633307 0.12723558433549184
decision_type=10 2 8 10 8 2 2 8 2 2 10 2 10 10 10 8 10 10 10 2 8 8 10 8 2 8 10 10 2 2
left_child=2 6 -1 4 11 -6 7 9 -9 23 -11 -4 21 14 19 16 17 18 -7 -10 -21 22 -3 -2 -25 -19 29 28 -28 -8
right_child=1 12 3 -5 5 15 26 8 13 10 -12 -13 -14 -15 -16 -17 -18 25 -20 20 -22 -23 -24 24 -26 -27 27 -29 -30 -31
leaf_value=2.3882352136492311 0.21876793803634428 -0.066172000440272702 0.16606980519053241 0.98512647597351044 -1.8618433433027926 0.12904829222142708 -0.67873983902490087 -2.1396819090527481 0.26665580784983617 -0.095225410585656478 -2.6518329151564628 1.1691462261744812 -1.2241893323583404 0.065556183854977676 0.86990799371498673 -0.88442529407707426 1.6659797662079396 -2.1839256794026247 1.547719693592269 -1.7466579679667096 0.34678618652097254 -0.266999597703999 2.0651713112236338 0.028630565682380395 -0.1313104823928358 -0.51180954667074197 -0.21172664119081086 -0.028513722563392008 -0.64464770565362128 0.015524346581024379
leaf_weight=572 20884 2622 4073 2547 806 11344 2398 623 28235 914 821 2666 1536 55523 5218 1332 993 506 686 627 511 49571 659 139474 73376 2067 35075 41373 9369 76512
leaf_count=572 20884 2622 4073 2547 806 11344 2398 623 28235 914 821 2666 1536 55523 5218 1332 993 506 686 627 511 49571 659 139474 73376 2067 35075 41373 9369 76512
internal_value=-0.0207487 -0.0346475 0.253944 0.208763 0.127963 -0.0373125 -0.0101148 0.0310229 0.148309 -0.0141728 -1.30501 0.562895 -0.256092 0.164127 0.322346 0.0495597 0.129328 0.0248362 0.209947 0.225073 -0.806632 -0.227957 0.361916 -0.00459098 -0.0265061 -0.840644 -0.091579 -0.170662 -0.302988 -0.00557368
internal_weight=572913 545321 27592 27020 24473 17734 490933 326206 90737 235469 1735 6739 54388 90114 34591 16928 15596 14603 12030 29373 1138 52852 3281 233734 212850 2573 164727 85817 44444 78910
internal_count=572913 545321 27592 27020 24473 17734 490933 326206 90737 235469 1735 6739 54388 90114 34591 16928 15596 14603 12030 29373 1138 52852 3281 233734 212850 2573 164727 85817 44444 78910
is_linear=0
shrinkage=0.05


Tree=76
num_leaves=31
num_cat=0
split_feature=6 7 9 11 17 17 5 13 10 13 13 12 12 12 13 12 13 13 12 13 7 12 13 13 12 12 13 12 12 12
split_gain=873316 1.04731e+06 1.03824e+06 799679 703804 584975 579598 506518 540056 497951 1.36259e+06 808631 856424 625035 1.03479e+06 1.15087e+06 824255 1.79837e+06 1.59949e+06 557823 485759 483724 3.07609e+06 1.04989e+06 619045 550350 927973 1.27854e+06 1.19633e+06 785376
threshold=2.944881103827294 -0.010676027981042955 -0.049842431534780525 -0.08432005770676386 0.042588814535161244 0.048038571714104049 1.0379718216869864 0.72935854814976298 -0.040333925877081143 0.40709906380380595 0.39559227695789745 -0.0013715312726306137 -0.0015566182097638181 -0.001971657212894184 0.4132361759261674 -0.0025694912073986049 0.44220408383169013 0.42833800186741366 -0.0016531034515771946 0.4257745129351645 -3.2972178989040815e-05 -0.00098429410347494468 0.46218202374222733 0.46787770174866955 -0.00133115812220339 -9.5960842319426593e-05 0.47739280499137132 -0.00078719024417664527 -0.00015621231230001354 0.0013102427116815129
decision_type=2 10 10 8 2 2 10 2 10 2 2 8 10 10 2 10 2 2 10 2 10 8 2 2 10 8 2 10 10 8
left_child=1 2 6 -2 20 9 -1 -7 -9 10 -3 12 13 14 -11 -16 17 18 -15 -14 -5 22 24 -24 -13 26 -23 -28 -29 -27
right_child=3 5 -4 4 -6 7 -8 8 -10 11 -12 21 19 16 15 -17 -18 -19 -20 -21 -22 25 23 -25 -26 29 27 28 -30 -31
leaf_value=0.94941252654000208 0.17117342872348398 -0.0270219906237293 0.32043859697625227 -0.39032985428744715 -0.71971063129411605 -0.20871297358759705 3.178810770877984 1.5000362700883456 -0.056240089706629207 -0.34090319929548762 -0.63520148720436109 1.6057354344791752 2.8273272347243377 1.1054461898246941 -0.091741499614650904 2.7723524278191007 0.9435992188022535 -2.3070472970810587 -1.7245684333788984 0.91757746093169246 -0.035239377563054758 0.1114618160952091 -4.3655977806171844 -1.3737188200574826 -0.094877189185952837 -0.11621456730529384 3.0633140136715591 0.17273276069205748 1.9728043613021662 0.076800540681020851
leaf_weight=686 11324 148389 8389 18757 8138 47630 507 906 1449 1012 9819 579 533 1639 553 959 1393 978 718 1353 19796 35840 527 661 7061 79141 556 4415 1167 157764
leaf_count=686 11324 148389 8389 18757 8138 47630 507 906 1449 1012 9819 579 533 1639 553 959 1393 978 718 1353 19796 35840 527 661 7061 79141 556 4415 1167 157764
internal_value=-0.0218649 -0.00113292 0.51671 -0.205768 -0.297188 -0.0109578 1.89686 -0.173321 0.54248 0.00687675 -0.064768 0.0450604 0.508113 0.261264 0.896576 1.72484 -0.0778918 -0.50456 0.243354 1.45729 -0.208 0.0303533 -0.33404 -2.70092 0.0340043 0.0418882 0.208749 0.776813 0.549064 0.0123215
internal_weight=572639 514624 9582 58015 46691 505042 1193 49985 2355 455057 158208 296849 9138 7252 2524 1512 4728 3335 2357 1886 38553 287711 8828 1188 7640 278883 41978 6138 5582 236905
internal_count=572639 514624 9582 58015 46691 505042 1193 49985 2355 455057 158208 296849 9138 7252 2524 1512 4728 3335 2357 1886 38553 287711 8828 1188 7640 278883 41978 6138 5582 236905
is_linear=0
shrinkage=0.05


Tree=77
num_leaves=31
num_cat=0
split_feature=10 2 9 17 6 14 14 14 14 10 12 14 13 12 12 14 9 14 8 15 14 14 13 12 13 12 13 13 14 12
split_gain=816247 791785 729082 701336 718293 636144 1.07924e+06 2.05101e+06 2.22804e+06 1.15485e+06 781972 909409 1.20362e+06 711930 619552 985255 743063 590963 584964 581742 567056 879786 2.4197e+06 4.54141e+06 1.16878e+06 1.45491e+06 1.06744e+06 1.11628e+06 718241 676339
threshold=0.20969083329394492 -0.0058408079379110274 -0.083267613653601594 0.019888242471454407 2.944881103827294 0.014332030701907571 0.011824106625347611 0.012408643984512928 0.013401794456808247 -0.045438922942194787 -0.0026961470868247499 0.0270617032583759 0.49514542769462805 -0.00078719024417664527 0.0086759873145388564 -0.033374233339537519 -0.010515343999523063 -0.0073043107792539535 0.027522935779812258 -0.011697634687148828 -0.01796644498195283 -0.0076510020158406878 0.13515766582094965 -0.009580108063527739 0.48035355874633323 0.0002263029525904646 0.6324016361511493 0.7164059387818823 -0.0034352202709559058 0.0035086205370923411
decision_type=10 10 8 2 2 10 10 10 10 10 10 10 2 10 10 8 10 10 10 8 10 10 2 10 2 10 2 2 10 10
left_child=1 2 -1 -3 5 6 -5 13 -9 -10 -7 12 -12 -8 15 16 -4 -16 -17 -6 -20 22 -22 -24 25 -25 29 -28 -23 -26
right_child=-2 3 14 4 19 10 7 8 9 -11 11 -13 -14 -15 17 18 -18 -19 20 -21 21 28 23 24 26 -27 27 -29 -30 -31
leaf_value=1.4869697274525029 -0.96700011380624007 0.1501628977170647 0.2649113219004483 -0.038161711041505848 -0.96220773446471586 1.0204313120916833 -3.6774424235630643 1.4079909152742047 -3.3101560171767184 -0.39223194838862085 -1.512384507882115 -1.9228566032255239 0.75791624350382847 -1.4627058256489374 1.1783296873811766 0.40362196469638234 -2.1367171944343109 -0.33163216824946784 0.56871922233155425 -0.21058151739459718 -3.5978604820540485 0.43556715067380991 3.2153473497708918 -0.53966031575057849 -1.471361691220286 1.5459184322530977 1.4467256688495078 -1.5222270747108828 0.02260374242870972 -3.5207652981064634
leaf_weight=938 2224 43518 509 339770 2767 3132 579 1392 506 1028 745 550 2698 972 2383 13007 877 890 5049 36974 566 11905 867 4077 1480 1052 576 703 91096 553
leaf_count=938 2224 43518 509 339770 2767 3132 579 1392 506 1028 745 550 2698 972 2383 13007 877 890 5049 36974 566 11905 867 4077 1480 1052 576 703 91096 553
internal_value=-0.0109747 -0.0072521 0.0977855 -0.0402469 -0.0614332 -0.0386453 -0.0483241 -0.819571 -0.0404067 -1.35473 0.42899 -0.034921 0.266666 -2.28948 0.0881752 0.0713655 -1.25473 0.767738 0.0854032 -0.262914 0.0503037 0.0271146 -0.423737 -0.230725 -0.584682 -0.111891 -1.31685 -0.185154 0.0703346 -2.02882
internal_weight=573383 571159 136528 434631 391113 351372 344247 4477 2926 1534 7125 3993 3443 1551 135590 132317 1386 3273 130931 39741 117924 112875 9874 9308 8441 5129 3312 1279 103001 2033
internal_count=573383 571159 136528 434631 391113 351372 344247 4477 2926 1534 7125 3993 3443 1551 135590 132317 1386 3273 130931 39741 117924 112875 9874 9308 8441 5129 3312 1279 103001 2033
is_linear=0
shrinkage=0.05


Tree=78
num_leaves=31
num_cat=0
split_feature=6 7 9 17 7 14 13 13 14 14 12 14 12 13 13 13 12 14 12 13 12 14 14 14 14 12 12 12 12 12
split_gain=884746 1.00172e+06 1.04996e+06 716752 716711 665141 634494 1.21601e+06 1.40002e+06 1.52583e+06 1.20249e+06 1.31293e+06 1.20856e+06 1.20223e+06 984447 1.75787e+06 1.18564e+06 1.42434e+06 873005 1.05308e+06 1.31683e+06 1.23066e+06 849221 1.15352e+06 831687 1.7977e+06 1.40344e+06 1.39283e+06 2.9187e+06 2.10868e+06
threshold=9.1557370209184032 -0.011352688512255932 -0.052906240073950048 0.053750775460338907 -0.0033060155256277586 0.0013702197810088557 0.40709906380380595 0.38039962466191979 0.0044927611038868163 0.004947925890541066 -0.0013715312726306137 -0.0036085129402870018 -0.0014150253318685176 0.39764987936352814 0.44220408383169013 0.43584893136864472 -0.0016531034515771946 0.00065891322468385476 -0.00092215816447464871 0.39559227695789745 -0.0012186919422959488 -0.0015413939735762483 0.0030633151951046582 0.0021997587737810705 0.0022799257668168122 -0.0068887899551179086 -0.0029618408736696656 -0.0048778284761807232 -0.0049951111909748653 -0.0047350686144894674
decision_type=2 10 10 2 10 8 2 2 10 10 8 10 10 2 2 2 10 10 10 2 10 10 10 10 8 10 8 10 10 10
left_child=1 2 5 6 -2 -1 7 24 18 13 11 -8 14 -10 15 16 17 -13 19 21 -21 -9 23 -20 25 -3 -26 28 -27 -29
right_child=4 3 -4 -5 -6 -7 10 8 9 -11 -12 12 -14 -15 -16 -17 -18 -19 22 20 -22 -23 -24 -25 26 27 -28 29 -30 -31
leaf_value=3.2209311530226845 -1.0399507462387605 0.19942534874232232 0.2904444792726692 -0.24850461537198837 -0.18340929023404817 0.86354407350429241 2.8667178780096063 -1.5987094116474383 -4.5189714329835224 -0.69019355357494161 0.017790435262502926 -1.0953063427610368 2.1446051607690069 -1.1897865662028564 1.1121653862345315 -2.9143709474903146 -1.2306270002392825 0.96672298731450812 -0.74947089684855739 -0.90621775744088195 0.97355312353428192 0.55757135392432233 0.59482997460478437 -3.3018219183447095 -0.056630062933967641 -0.56184669487354988 0.40922539693101379 1.6175023902806869 -3.5166931280313616 -0.24426266427292595
leaf_weight=512 3607 26217 9356 32270 7563 720 583 724 507 5487 328565 1073 927 583 2417 501 1216 3815 3489 4441 1179 7691 943 507 50805 10238 23713 1579 910 41333
leaf_count=512 3607 26217 9356 32270 7563 720 583 724 507 5487 328565 1073 927 583 2417 501 1216 3815 3489 4441 1179 7691 943 507 50805 10238 23713 1579 910 41333
internal_value=-0.0193648 -0.0106117 0.471125 -0.0198567 -0.460002 1.84324 -0.00565216 -0.0814267 -0.400992 -1.02963 0.0346479 0.560548 0.425409 -2.73832 0.248764 -0.0671851 0.166504 0.514072 -0.183086 0.0181063 -0.511867 0.372052 -0.754809 -1.07331 -0.0286782 -0.140341 0.0916137 -0.305114 -0.803048 -0.175757
internal_weight=573471 562301 10588 551713 11170 1232 519443 180346 25551 6577 339097 10532 9949 1090 9022 6605 6104 4888 18974 14035 5620 8415 4939 3996 154795 80277 74518 54060 11148 42912
internal_count=573471 562301 10588 551713 11170 1232 519443 180346 25551 6577 339097 10532 9949 1090 9022 6605 6104 4888 18974 14035 5620 8415 4939 3996 154795 80277 74518 54060 11148 42912
is_linear=0
shrinkage=0.05


Tree=79
num_leaves=31
num_cat=0
split_feature=12 13 12 12 14 14 14 14 12 12 14 14 13 12 14 13 13 13 14 13 12 12 14 9 13 13 17 12 13 17
split_gain=822564 3.09955e+06 2.9458e+06 2.05115e+06 2.85413e+06 1.09121e+06 1.10759e+06 1.13819e+06 1.97548e+06 2.56568e+06 2.07229e+06 1.9509e+06 1.87591e+06 1.824e+06 4.20837e+06 2.43229e+06 2.45716e+06 1.44975e+06 1.63343e+06 2.7173e+06 2.33999e+06 1.75348e+06 1.27179e+06 1.08359e+06 1.04841e+06 895300 828077 685018 764286 718237
threshold=-0.009218330210910267 0.29346189070927042 -0.010932977868723071 -0.0090148358906430217 0.0053849901496091637 -0.021658507068033826 -0.011175828150746085 -0.0018105553692524285 -0.012121439880781302 -0.01158329952267197 -0.0031432516275421403 1.0000000180025095e-35 0.13515766582094965 -0.014023419856971607 0.0012337244552452112 0.20082304526748976 0.23389188628346133 0.18612563033917431 0.0025653765985822938 0.14237178822743557 -0.010932977868723071 -0.010932977868723071 -0.0085802334926053346 0.0062958038112910031 0.16887096774193552 0.13515766582094965 0.063709155212157517 0.010100173992290821 0.82686437975490878 0.027219657457664668
decision_type=8 2 10 8 10 10 10 10 10 10 10 10 2 10 10 2 2 2 10 2 10 10 10 10 2 2 2 10 2 2
left_child=1 5 -3 4 -2 -1 -7 8 10 -10 22 12 23 14 -13 17 -17 18 19 21 -20 -15 -8 -9 -21 -11 27 28 29 -5
right_child=3 2 -4 26 -6 6 7 11 9 25 -12 13 -14 15 -16 16 -18 -19 20 24 -22 -23 -24 -25 -26 -27 -28 -29 -30 -31
leaf_value=-1.6934126653980055 -2.6402905766471574 5.3189308005354441 0.25549047862316349 0.068488926511402495 1.3830104921141999 1.8165341563471735 -2.2981037502314323 0.89539447193627264 3.4557344397461933 1.1211998151310467 -3.2930266167941378 3.7255516723838138 2.3439296365102034 1.4500881442218418 0.16964408662387576 2.3470556656047599 -1.4190869665557932 -2.6827718256785587 -1.0663223625654721 -3.4853384466958524 1.516802148786343 -1.446698944837173 0.43426898052162344 -1.7800104299567381 -0.9216167658685791 -1.1658163397009704 -0.39363966989992583 0.42716525577723985 -1.1081240832171442 -0.053828137353382023
leaf_weight=782 1610 577 572 189853 607 1021 631 1405 575 660 961 996 2069 1059 5055 1426 622 846 1678 1197 1836 1031 1310 518 598 1217 14048 9026 1586 326254
leaf_count=782 1610 577 572 189853 607 1021 631 1405 575 660 961 996 2069 1059 5055 1426 622 846 1678 1197 1836 1031 1310 518 598 1217 14048 9026 1586 326254
internal_value=-0.00722317 0.253927 2.79823 -0.0209987 -1.53874 0.147595 0.201493 0.137306 -0.511313 0.53354 -1.39415 0.308072 1.29899 0.0660416 0.75495 -0.33895 1.20324 -0.722019 -0.497827 -1.20437 0.283312 0.0210989 -0.453999 0.174719 -2.63124 -0.361644 -0.0147763 -0.00467177 -0.0122009 -0.00883308
internal_weight=571626 28642 1149 542984 2217 27493 26711 25690 5354 2452 2902 20336 3992 16344 6051 10293 2048 8245 7399 3885 3514 2090 1941 1923 1795 1877 540767 526719 517693 516107
internal_count=571626 28642 1149 542984 2217 27493 26711 25690 5354 2452 2902 20336 3992 16344 6051 10293 2048 8245 7399 3885 3514 2090 1941 1923 1795 1877 540767 526719 517693 516107
is_linear=0
shrinkage=0.05


Tree=80
num_leaves=31
num_cat=0
split_feature=10 14 14 14 14 10 7 8 12 10 12 12 14 12 12 12 12 12 12 12 14 14 14 12 14 12 12 14 12 12
split_gain=711251 668111 1.13394e+06 1.53653e+06 2.43312e+06 1.49998e+06 663542 635430 768809 845622 656836 1.09746e+06 812544 1.32296e+06 1.50979e+06 1.2836e+06 2.59663e+06 1.43789e+06 1.07742e+06 933837 1.87927e+06 1.64988e+06 867524 1.66046e+06 1.38992e+06 976177 994928 868434 829903 826946
threshold=0.088688460522742915 0.014332030701907571 0.013401794456808247 0.012408643984512928 0.011824106625347611 -0.058840500022933402 -0.0015263662711494513 0.0751234522853889 -0.0047350686144894674 -0.051556293272775867 0.0013102427116815129 0.0012242074010483559 0.0014528306466622214 0.0084027174470880702 0.0069817067548779725 0.0030639036876704264 0.0067004030608599323 0.0030953910451583587 0.0031633743668316463 0.0026669142903271779 -0.0073043107792539535 -0.0051969762561474954 -0.0051969762561474954 0.0044897591480958987 -0.003777759958108706 0.0050431201962702543 0.0056976341712737842 -0.0085802334926053346 0.0051455069210035653 0.0013976522411489544
decision_type=10 10 10 10 10 10 10 10 8 10 10 10 8 10 10 10 10 10 10 10 10 8 10 10 10 10 10 10 10 10
left_child=1 2 3 4 7 -4 -6 8 9 -1 11 -9 15 14 29 19 17 -17 -19 20 -12 -22 23 -20 28 -25 -27 -28 -24 -14
right_child=-2 -3 5 -5 6 -7 -8 10 -10 -11 12 -13 13 -15 -16 16 -18 18 22 -21 21 -23 24 25 -26 26 27 -29 -30 -31
leaf_value=1.2248528909030061 -0.25760603386798425 0.43358825900818093 -3.5433222373838791 1.4508472633235578 -2.9601006355913921 -0.35476002313230892 -0.98526179760035459 -0.054369022397302416 0.036855871545496938 0.27983806196238059 -2.3767226517710247 -0.92712201122736215 0.82154406044897588 -0.82847784020492521 1.3619949940845888 -2.3753549996092547 0.23713750065777101 0.80280762096027858 -2.0959029974618795 0.8055151505202538 2.3958276568158658 0.057988645214725847 1.6058956418975363 1.4361128156428327 -0.5332763535654802 -2.3930010280381384 1.1611909853135702 -0.95459611654218257 -0.15639146586846708 0.11574343543620645
leaf_weight=3000 28721 8651 514 1806 786 1306 927 305460 31767 11223 760 3645 4344 3367 2627 1005 18756 1616 2341 5399 790 16881 1282 614 18059 704 739 1411 1395 92950
leaf_count=3000 28721 8651 514 1806 786 1306 927 305460 31767 11223 760 3645 4344 3367 2627 1005 18756 1616 2341 5399 790 16881 1282 614 18059 704 739 1411 1395 92950
internal_value=-0.0151058 -0.00230575 -0.00934796 -0.00509882 -0.0100428 -1.25527 -1.89141 -0.00396363 0.173646 0.479166 -0.0208352 -0.0646606 0.0565567 0.146344 0.179193 -0.0726939 -0.221823 -0.516971 -0.450649 0.227204 0.0577994 0.162504 -0.526957 -1.067 -0.375668 -0.372467 -0.761558 -0.227356 0.687558 0.147256
internal_weight=572846 544125 535474 533654 531848 1820 1713 530135 45990 14223 484145 309105 175040 103288 99921 71752 47922 29166 28161 23830 18431 17671 26545 5809 20736 3468 2854 2150 2677 97294
internal_count=572846 544125 535474 533654 531848 1820 1713 530135 45990 14223 484145 309105 175040 103288 99921 71752 47922 29166 28161 23830 18431 17671 26545 5809 20736 3468 2854 2150 2677 97294
is_linear=0
shrinkage=0.05


Tree=81
num_leaves=31
num_cat=0
split_feature=0 14 9 5 8 13 14 14 13 13 14 14 14 14 14 14 13 14 13 14 14 14 14 14 14 14 13 13 13 14
split_gain=728036 843312 712752 595150 553881 637491 2.61294e+06 882556 1.55389e+06 873498 1.84417e+06 1.72871e+06 1.7186e+06 1.90692e+06 1.57262e+06 1.13961e+06 860405 1.45425e+06 1.03952e+06 864361 1.17798e+06 1.52042e+06 798347 1.40871e+06 798217 1.14695e+06 1.10774e+06 2.16648e+06 1.47336e+06 1.38923e+06
threshold=0.0077649624034179061 0.0059355918821889335 -0.058211730413737818 1.1664454952667651 0.060240963855419383 0.51136375615361118 -0.033374233339537519 -0.01796644498195283 0.57920097497030032 0.48991919093377562 -0.0034352202709559058 -0.0076510020158406878 -0.0010586915565139472 0.00099970194329166372 0.0029997106305038285 0.0038288772853957201 0.47001577287066248 -0.0049073893549430704 0.47610893672537513 -0.0024130478916207397 -0.001752787791000831 -0.0011851451013237192 0.0058773034096143749 0.003632857038501565 -0.0064556919326447977 -0.0066860323921768099 0.66007812500000018 0.60669865403788636 0.6278103044496488 -0.0096976068340517887
decision_type=10 10 8 10 10 2 8 8 2 2 10 8 10 10 10 10 2 8 2 8 8 8 10 8 8 8 2 2 2 8
left_child=2 -2 3 -1 -4 6 -6 8 -7 16 11 -11 -12 -14 -15 -16 -8 18 -18 -19 -21 -22 23 -23 25 26 27 -9 -29 -30
right_child=1 -3 4 -5 5 7 9 24 -10 10 12 -13 13 14 15 -17 17 19 -20 20 21 22 -24 -25 -26 -27 -28 28 29 -31
leaf_value=0.33472545028765271 -0.25446564074490541 0.035094737451792493 0.20319985224987691 1.7499726154073993 -2.6500718808389205 2.8302353610330115 -0.055948016450062914 0.19576053760753814 0.26781525769039066 -1.3026367952721669 -1.9438816844527826 1.8535131361651773 1.3236372161214875 -0.98704763269738494 0.95949769348328506 -0.34317560636932809 0.63586950551442045 2.0047919646348866 -1.4507371488458185 -1.4565683824206261 2.9373018296788227 0.47710557529870024 1.1073860020057575 -0.43059810310616187 0.078418555321732072 -2.2873687819656854 0.2434336299084647 -3.8532930706502642 -2.7868769181705346 0.67213954762486394
leaf_weight=3344 62350 42139 31957 955 970 778 216551 2280 2470 588 1835 1655 1577 8478 2152 7637 849 773 2010 912 565 14163 2775 6122 149099 730 5375 730 558 605
leaf_count=3344 62350 42139 31957 955 970 778 216551 2280 2470 588 1835 1655 1577 8478 2152 7637 849 773 2010 912 565 14163 2775 6122 149099 730 5375 730 558 605
internal_value=-0.0183481 -0.13769 0.00826892 0.649115 0.0023339 -0.0125169 -0.0596765 0.0656678 0.881597 -0.0503232 -0.338693 1.02613 -0.479904 -0.344528 -0.488541 -0.0567977 -0.0221343 0.23781 -0.831105 0.358554 0.306692 0.37476 0.311974 0.203161 0.0490397 -0.377148 -0.2311 -0.84232 -2.09262 -0.987475
internal_weight=572982 104489 468493 4299 464194 432237 269612 162625 3248 268642 23922 2243 21679 19844 18267 9789 244720 28169 2859 25310 24537 23625 23060 20285 159377 10278 9548 4173 1893 1163
internal_count=572982 104489 468493 4299 464194 432237 269612 162625 3248 268642 23922 2243 21679 19844 18267 9789 244720 28169 2859 25310 24537 23625 23060 20285 159377 10278 9548 4173 1893 1163
is_linear=0
shrinkage=0.05


Tree=82
num_leaves=31
num_cat=0
split_feature=6 7 9 17 7 14 14 13 13 13 13 14 14 14 14 13 13 13 14 13 13 13 13 14 13 14 14 14 13 13
split_gain=759876 883780 721838 684948 518167 471410 908871 2.16503e+06 832442 1.02286e+06 933448 1.06025e+06 2.70975e+06 797457 980252 809372 1.49229e+06 1.01016e+06 1.23339e+06 976655 824635 737798 2.4687e+06 841752 1.1915e+06 1.33036e+06 1.26879e+06 1.13648e+06 876808 685743
threshold=8.0502613366561508 -0.018894377864627835 -0.049842431534780525 0.053750775460338907 -0.0033060155256277586 0.0022556369424982597 0.0021997587737810705 0.39559227695789745 0.068898305084745773 0.15807227410438207 0.1511401849516604 0.0038633342151741254 0.0043297657154013789 0.0021046239761008906 0.0019090304447226898 0.41198591549295777 0.33993464052287586 0.46523382559774967 0.0019856109205337131 0.369873949579832 0.69271670416800613 0.18612563033917431 0.1935457635940728 0.0024285878725784104 0.50607446756185148 0.0023380186642250043 0.0024066667947869286 0.0023043808513056982 0.43431837791199318 0.28708151012516542
decision_type=2 10 10 2 10 8 10 2 2 2 2 8 8 10 10 2 2 2 10 2 2 2 2 8 2 10 10 10 2 2
left_child=1 2 -1 5 -2 6 13 -8 -7 10 11 -10 -13 14 -3 16 -16 18 -17 -18 -19 -11 -23 24 27 -26 -27 28 29 -24
right_child=4 3 -4 -5 -6 8 7 -9 9 21 -12 12 -14 -15 15 17 19 20 -20 -21 -22 22 23 -25 25 26 -28 -29 -30 -31
leaf_value=2.6931494172728887 -0.8372413406090955 -0.019999986424345622 0.48424902285264565 -0.22560042003774036 -0.17290611958665625 1.8492056820861262 -2.8683711951755053 -0.17607628989382751 0.49857150707725462 0.74926838708897825 -2.0232643405074797 -4.2203907725043024 -0.26110288068139526 0.65001988999985205 -0.068336054242732952 -0.72935535920129446 -3.2125785722833791 -0.79259737720251999 1.8800702797569777 -1.1490382143671092 0.73621018081569356 -2.8800463236525466 0.76341326358617501 0.038430466482411961 0.6598746940599084 -2.1740099753923805 0.74126484400728276 1.1566536053758802 1.0278967387807896 -1.4010337285883117
leaf_weight=505 4301 218844 1382 34109 9243 641 952 3463 2247 3825 957 520 2558 4203 2681 740 783 4222 1167 2142 1115 717 522 258919 1739 1229 536 6037 1142 1224
leaf_count=505 4301 218844 1382 34109 9243 641 952 3463 2247 3825 957 520 2558 4203 2681 740 783 4222 1167 2142 1115 717 522 258919 1739 1229 536 6037 1142 1224
internal_value=-0.0138123 -0.0048481 1.0754 -0.00850621 -0.383871 0.00564886 -0.0458418 -0.756612 0.0494015 0.045313 -0.585558 -0.327176 -0.929988 -0.0325392 -0.044921 -0.469342 -0.920424 -0.120259 0.867498 -1.70143 -0.473201 0.0596779 0.0499828 0.057725 0.459666 -0.321638 -1.28869 0.76641 -0.049344 -0.753931
internal_weight=572665 559121 1887 557234 13544 523125 240312 4415 282813 282172 6282 5325 3078 235897 231694 12850 5606 7244 1907 2925 5337 275890 272065 271348 12429 3504 1765 8925 2888 1746
internal_count=572665 559121 1887 557234 13544 523125 240312 4415 282813 282172 6282 5325 3078 235897 231694 12850 5606 7244 1907 2925 5337 275890 272065 271348 12429 3504 1765 8925 2888 1746
is_linear=0
shrinkage=0.05


Tree=83
num_leaves=31
num_cat=0
split_feature=2 7 6 11 17 11 5 12 0 12 13 13 12 4 13 13 13 4 12 13 12 13 12 13 13 13 12 12 13 8
split_gain=898608 784882 655318 565180 759761 443732 464902 430726 428599 456492 958825 1.24735e+06 753978 1.26347e+06 868453 951279 906399 717293 652951 614827 548317 429321 422899 411146 408888 644366 803634 633277 399069 389990
threshold=0.0037597098561875332 -0.018894377864627835 5.6715424509433179 -0.14915367890133105 0.04558587526786307 -0.062443590702994378 1.2011408758340856 0.0023651824593056976 0.0018630258387307848 -0.0073909465954626521 0.29346189070927042 0.36851086761271784 -0.018397836894734759 -0.34074319325920849 0.23389188628346133 0.12723558433549184 0.086379690949227386 -0.19862310695070212 -0.0083764560395833219 0.1935457635940728 -0.0079068726198417965 0.1511401849516604 -0.015523825238295434 0.58835633018639566 0.29061065915727996 0.32550485182271183 -0.0052980094234980355 -0.0044668393901314803 0.26400255301042486 0.72222222222222432
decision_type=8 10 2 8 2 10 10 10 10 10 2 2 10 10 2 2 2 10 8 2 10 2 10 2 2 2 10 8 2 8
left_child=1 5 3 -2 24 6 -1 -6 9 10 12 -12 13 -3 15 16 22 21 28 -11 -20 -17 -14 -13 -5 26 -26 -27 -16 -29
right_child=2 8 -4 4 7 -7 -8 -9 -10 19 11 23 14 -15 18 17 -18 -19 20 -21 -22 -23 -24 -25 25 27 -28 29 -30 -31
leaf_value=0.62345505165896431 0.1811896233572125 -2.7378077383670547 -0.41911337277971905 -0.34801180639399576 -0.5058684110906817 0.070587363460515251 2.5225846487376118 -0.073547288262317587 -0.042929530828860862 -0.8616740292935664 2.6743509685668534 -0.053117284012683556 -0.35428621417937978 0.011828848834221181 -2.5588619744175105 2.0330172883454205 -0.69627694860722589 0.36259101110120773 1.3054651156552333 0.054366473279705896 -0.68578496335431616 0.84968072833026032 1.3663944048736154 1.4152134843178361 1.9905089244852583 -1.5814792427801898 0.24792679066179357 -0.13270405620040926 -0.66034439125942068 0.024166378720100582
leaf_weight=644 19985 576 14525 11587 16395 793 645 8883 131457 1851 895 1396 548 1521 502 1074 3235 8788 569 176036 881 2677 1025 724 756 681 5300 78446 617 80049
leaf_count=644 19985 576 14525 11587 16395 793 645 8883 131457 1851 895 1396 548 1521 502 1074 3235 8788 569 176036 881 2677 1025 724 756 681 5300 78446 617 80049
internal_value=-0.0190782 0.0334274 -0.0937409 -0.0724603 -0.0975433 1.00122 1.57376 -0.353945 0.0274013 0.0729647 0.272899 1.10912 0.158366 -0.743436 0.253319 0.38038 -0.217565 0.609658 -0.604651 0.0448346 0.095609 1.1885 0.766946 0.448332 -0.0608881 -0.0407534 0.465462 -0.0600128 -1.51205 -0.0534756
internal_weight=573061 336454 236607 222082 202097 2082 1289 25278 334372 202915 25028 3015 22013 2097 19916 17347 4808 12539 2569 177887 1450 3751 1573 2120 176819 165232 6056 159176 1119 158495
internal_count=573061 336454 236607 222082 202097 2082 1289 25278 334372 202915 25028 3015 22013 2097 19916 17347 4808 12539 2569 177887 1450 3751 1573 2120 176819 165232 6056 159176 1119 158495
is_linear=0
shrinkage=0.05


Tree=84
num_leaves=31
num_cat=0
split_feature=2 7 14 9 9 14 12 14 11 14 14 14 14 12 12 10 12 14 9 12 1 14 12 12 14 14 12 12 12 12
split_gain=723600 669347 660729 620369 579897 563097 540119 938142 606483 452589 827088 783190 1.72575e+06 570285 558097 443983 435832 474927 1.14366e+06 427169 415165 415767 438296 1.04878e+06 685225 898981 823580 743321 559316 886213
threshold=-0.0052694732710856377 -0.018894377864627835 0.0010896464249950553 0.052480143772588632 0.00048109976165116539 0.0030633151951046582 -0.0070682575628737343 0.015959206129601212 -0.11569199048791524 0.014332030701907571 0.013401794456808247 0.012408643984512928 0.011824106625347611 -0.018397836894734759 0.00074353331216602567 -0.031138865839035568 0.0086759873145388564 -0.033374233339537519 -0.010956419074727006 0.0080283938590056132 -0.015483510691358835 0.01084061813491532 0.0023264242646722764 0.0022726673120623242 0.0093921061047047109 0.0084436808036504798 -0.0019085968302541385 -0.0004272017880582539 0.0030639036876704264 0.0030953910451583587
decision_type=8 10 8 8 10 10 10 10 10 10 10 10 10 8 10 10 10 8 10 8 10 10 10 10 10 10 10 10 10 10
left_child=1 2 -1 4 9 -6 7 -7 -8 10 11 12 13 -2 -14 -12 17 18 -3 -5 -15 22 23 24 25 -22 -26 -28 -24 -30
right_child=3 16 -4 19 5 6 8 -9 -10 -11 15 -13 14 20 -16 -17 -18 -19 -20 -21 21 -23 28 -25 26 -27 27 -29 29 -31
leaf_value=2.1821478388409221 1.5323708660335946 0.95538743298066964 0.28805490012133589 -0.36976416305772991 -0.054941891228425126 -1.0134405393061416 0.52516947260844693 1.3734509768910588 0.093534633522745117 0.41262062059491539 -2.495197056638383 1.2423930775139216 -1.0081056274876026 -0.74098773085273673 -3.3246873650847686 -0.49406338918707515 0.63127757815003704 0.069999195222338287 -1.9703695956743479 -1.7672751176905928 -0.12828381798649893 0.64494929052233085 0.29850023083667304 -1.8308437205342338 -2.6679003107823758 0.87267329540317096 1.1141634040741044 -1.1003259954978317 -1.714635739729677 -0.032728835623557488
leaf_weight=741 541 541 1216 7804 98824 2247 8993 504 85613 4410 536 1094 537 2444 504 574 3429 139793 873 588 146650 1930 14145 908 548 2278 533 1311 798 42237
leaf_count=741 541 541 1216 7804 98824 2247 8993 504 85613 4410 536 1094 537 2444 504 574 3429 139793 873 588 146650 1930 14145 908 548 2278 533 1311 798 42237
internal_value=-0.00910315 0.0867301 1.00524 -0.0420382 -0.033496 0.0291367 0.114482 -0.576147 0.134565 -0.0888499 -0.0990144 -0.0920333 -0.0988119 -0.0889477 -2.12968 -1.46038 0.0743023 0.0607769 -0.850968 -0.467683 -0.0930506 -0.0855576 -0.0922903 -0.136624 -0.126458 -0.112973 -0.966007 -0.460238 0.0257369 -0.0639165
internal_weight=573144 146593 1957 426551 418159 196181 97357 2751 94606 221978 217568 216458 215364 214323 1041 1110 144636 141207 1414 8392 213782 211338 209408 152228 151320 148928 2392 1844 57180 43035
internal_count=573144 146593 1957 426551 418159 196181 97357 2751 94606 221978 217568 216458 215364 214323 1041 1110 144636 141207 1414 8392 213782 211338 209408 152228 151320 148928 2392 1844 57180 43035
is_linear=0
shrinkage=0.05


Tree=85
num_leaves=31
num_cat=0
split_feature=7 9 13 13 12 14 2 14 13 14 14 9 14 12 15 2 13 14 12 14 12 14 12 12 4 14 12 12 12 12
split_gain=697394 781471 649546 1.65146e+06 810695 729859 709923 783779 1.03854e+06 704135 689956 699563 1.4595e+06 1.43827e+06 617971 600304 541890 1.47708e+06 549926 540818 587288 538364 1.07444e+06 493189 482709 492885 1.24475e+06 2.38784e+06 1.85652e+06 1.1387e+06
threshold=-0.018894377864627835 -0.049842431534780525 0.72128291540526657 0.7164059387818823 0.012472248262135881 0.02042647176750689 0.0065663293733787716 0.00014252197149017991 0.63081011034464718 0.0270617032583759 0.0093921061047047109 -0.031526253646773937 -0.033374233339537519 -0.018397836894734759 -0.011266530626506717 -0.032261463195290004 0.42833800186741366 0.014332030701907571 3.6452014036438599e-05 0.0084436808036504798 -0.022058472749514658 0.009744554259300096 0.005547319853706047 -0.0017336470331282018 -1.0000000180025095e-35 0.0022556369424982597 -0.0070682575628737343 -0.0076246522117263543 -0.0055529359160462902 -0.0053792657575758062
decision_type=8 10 2 2 10 10 8 8 2 10 10 8 8 8 8 10 2 10 10 10 8 10 10 10 10 8 8 10 8 8
left_child=1 -1 3 4 5 6 10 -8 14 23 11 13 -13 -2 -9 -4 17 -12 -18 20 -14 -10 -23 -7 -22 -26 27 -27 -28 -30
right_child=2 -3 15 -5 -6 9 7 8 21 -11 16 12 19 -15 -16 -17 18 -19 -20 -21 24 22 -24 -25 25 26 28 -29 29 -31
leaf_value=2.4684962548935308 2.2240017700833614 0.32566745521644491 1.7099316655937025 -1.4736735487860955 -1.6408853337399123 0.7240109765533671 -0.40250063163186245 -0.91165138283945935 0.18303833662177399 0.019915552736289061 -1.4885582726906923 -1.8304740003283435 -1.3868215279203981 0.21697523795550749 -0.10949686607422782 0.19026016515492342 0.8672729238189858 0.63321180804255917 -0.39161119196087457 0.63552580618994292 0.082218735779924071 2.0582968782943052 -0.25248869370220101 2.6361181555906743 -0.1322755761290228 -0.33748388014472569 1.0535173836613703 -3.6430014489664488 -1.8634985003742373 0.036442910180094733
leaf_weight=565 940 1723 668 1977 776 738 20754 2450 16035 1474 2789 1081 758 17715 120048 23915 1176 1162 3307 3417 130874 1147 896 621 86059 7544 4545 589 794 116411
leaf_count=565 940 1723 668 1977 776 738 20754 2450 16035 1474 2789 1081 758 17715 120048 23915 1176 1162 3307 3417 130874 1147 896 621 86059 7544 4545 589 794 116411
internal_value=-0.01637 0.854819 -0.019863 -0.0311811 -0.0259398 -0.0236333 -0.0278288 -0.115678 -0.0733324 0.776811 0.00955012 0.0197233 0.00391311 0.318107 -0.12554 0.231555 -0.437627 -0.86454 -0.0613753 0.00956275 0.00340891 0.280432 1.04485 1.59776 0.00644739 -0.0394747 0.0220142 -0.576873 0.0620203 0.0235718
internal_weight=572948 2288 570660 546077 544100 543324 540491 161330 140576 2833 379161 370727 352072 18655 122498 24583 8434 3951 4483 350991 347574 18078 2043 1359 346816 215942 129883 8133 121750 117205
internal_count=572948 2288 570660 546077 544100 543324 540491 161330 140576 2833 379161 370727 352072 18655 122498 24583 8434 3951 4483 350991 347574 18078 2043 1359 346816 215942 129883 8133 121750 117205
is_linear=0
shrinkage=0.05


Tree=86
num_leaves=31
num_cat=0
split_feature=9 2 9 17 13 14 13 14 11 17 14 9 13 14 13 13 14 14 14 14 14 14 13 13 13 13 14 14 14 13
split_gain=678243 670043 948656 607784 515343 1.43699e+06 1.65636e+06 1.20497e+06 485150 447898 433148 552784 477927 1.04914e+06 716183 725057 1.921e+06 924128 2.17966e+06 1.19296e+06 808943 754966 556147 923933 574316 713969 1.31766e+06 811917 662309 1.10256e+06
threshold=0.096262222323792196 -0.0085106896679086729 -0.083267613653601594 0.038852767469312939 0.51103521061421431 -0.033374233339537519 0.38039962466191979 -0.033374233339537519 -0.13976194237515877 0.016902607565398266 0.0022556369424982597 -0.031526253646773937 0.41639861405595496 0.0021997587737810705 0.32550485182271183 0.30337009172420909 0.00052547684438546604 0.0015755726421851299 0.0017202943097896436 0.0014528306466622214 -0.00066130064357517338 0.00014252197149017991 0.43584893136864472 0.44695315721805795 0.48296377989319716 0.50607446756185148 0.00099970194329166372 0.00132292866441935 0.0017045258205262137 0.49360963658636187
decision_type=8 8 10 2 2 8 2 10 10 2 8 10 2 10 2 2 10 10 10 10 10 10 2 2 2 2 10 10 10 2
left_child=1 2 -1 9 5 6 -4 -6 -5 -3 11 -11 13 14 15 17 20 19 -19 -13 -17 -22 -14 -24 -25 26 -26 -28 29 -29
right_child=-2 3 4 8 7 -7 -8 -9 -10 10 -12 12 22 -15 -16 16 -18 18 -20 -21 21 -23 23 24 25 -27 27 28 -30 -31
leaf_value=1.7448668877921625 -0.91452113527099721 0.24894093381460564 0.0520155379945626 0.062615120563600107 1.6566805451170445 0.060258152588762215 -3.7653120908858186 0.20616582595780383 -0.19415270802439269 0.38101023087023989 0.031577033059128227 -0.053202095402340305 0.43221569760491979 -2.0738175469159845 -0.38986909356959304 0.69382691583354938 1.5010695044510913 -3.084624866524039 -0.12529340764521466 2.4186648453009272 -2.9335953264646379 -0.22096329278381477 -0.81926495500886554 0.23359708418337335 0.083948928946234722 -0.037700731935178006 -2.9165576426355937 1.6303112926718937 -1.4479360219631885 -1.5274637045030592
leaf_weight=876 2082 16661 610 23433 1549 78174 532 18918 85592 6174 198339 15481 5952 759 24318 637 2423 845 2360 504 512 514 3902 16315 3943 57344 598 562 1998 544
leaf_count=876 2082 16661 610 23433 1549 78174 532 18918 85592 6174 198339 15481 5952 759 24318 637 2423 845 2360 504 512 514 3902 16315 3943 57344 598 562 1998 544
internal_value=-0.0137157 -0.0104276 0.106639 -0.0355149 0.0922567 0.0345353 -1.72628 0.315945 -0.138965 -0.00424483 -0.0165066 -0.0819687 -0.102458 -0.229524 -0.200113 -0.00186165 0.602908 -0.130631 -0.905523 0.0247348 -0.705717 -1.57464 -0.0350575 -0.0676985 -0.0316288 -0.0982117 -0.552096 -1.22955 -0.904537 0.07712
internal_weight=572451 570369 100659 469710 99783 79316 1142 20467 109025 360685 344024 145685 139511 48353 47594 23276 4086 19190 3205 15985 1663 1026 91158 85206 81304 64989 7645 3702 3104 1106
internal_count=572451 570369 100659 469710 99783 79316 1142 20467 109025 360685 344024 145685 139511 48353 47594 23276 4086 19190 3205 15985 1663 1026 91158 85206 81304 64989 7645 3702 3104 1106
is_linear=0
shrinkage=0.05


Tree=87
num_leaves=31
num_cat=0
split_feature=6 7 9 17 13 0 7 9 14 12 14 14 14 9 14 13 13 14 13 13 13 13 12 12 13 12 14 13 12 13
split_gain=648847 1.04829e+06 678702 587987 753460 480139 585348 433774 532686 690255 598425 506762 811843 485002 473729 863543 756899 517920 1.03126e+06 622625 511061 563945 439981 531462 431610 513340 829752 985053 538160 393545
threshold=2.944881103827294 -0.011352688512255932 -0.052906240073950048 0.04558587526786307 0.65671142809383187 0.0090518201640398758 0.0042952931376628615 0.0037809843495332637 -0.0080407074899879888 -0.018397836894734759 -0.0085802334926053346 -0.0034352202709559058 -0.0040809891810287173 -0.020603170666382089 -0.0031432516275421403 0.34871932946244616 0.43859315010055461 -0.0027502544366526378 0.43320568847834667 0.5329497340136794 0.086379690949227386 0.10532212885154063 0.0050431201962702543 0.0044897591480958987 0.13515766582094965 -0.0090148358906430217 -0.0073043107792539535 0.20834805061934403 0.0074590984930701697 0.69271670416800613
decision_type=2 10 10 2 2 10 10 10 8 8 10 8 10 10 8 2 2 8 2 2 2 2 10 10 2 10 10 2 10 2
left_child=1 2 -1 7 -5 -2 -7 8 10 -10 -3 12 24 -14 15 -13 -17 18 -16 -20 -19 -22 23 -9 -11 -26 28 -28 -27 -6
right_child=5 3 -4 4 29 6 -8 22 9 11 -12 14 13 -15 17 16 -18 20 19 -21 21 -23 -24 -25 25 26 27 -29 -30 -31
leaf_value=1.8620622382696586 -0.075478106206826212 -0.24450579682310522 0.41060588972151896 -0.20674544781188142 0.82489650555009753 -0.54828704974407694 0.12703029687411171 0.069260354570292365 1.0753439690004842 1.3339443318967097 -1.5169147564353005 -2.3183127003209076 1.732481071343823 0.52882960811576607 -0.7981507179025682 1.3999240611275761 -0.86205339121384561 1.2270644195975109 2.3505542329775664 0.39792632831469904 -1.3918227231502533 -0.032091976908419556 0.35466872964147744 -0.6466045588315299 -1.3980337828816847 0.44754434164217854 1.8348052610570134 -0.25652651518657932 2.2357131228470766 0.064515700664107722
leaf_weight=911 40619 9917 6948 56778 2586 13482 4211 150937 1465 619 1019 632 1097 3530 775 537 1188 803 853 783 765 238606 13502 2638 640 1403 599 9384 601 4976
leaf_count=911 40619 9917 6948 56778 2586 13482 4211 150937 1465 619 1019 632 1097 3530 775 537 1188 803 853 783 765 238606 13502 2638 640 1403 599 9384 601 4976
internal_value=-0.0120999 0.00581557 0.578856 -0.00307356 -0.144302 -0.17017 -0.387559 0.0174708 -0.0211097 -0.0069594 -0.363067 -0.0129924 0.244035 0.814199 -0.0317473 -0.73718 -0.15789 -0.0248932 0.704285 1.41601 -0.0322131 -0.0364375 0.0810222 0.0569637 0.0448695 -0.0183234 0.0553409 -0.131042 0.983817 0.324545
internal_weight=572804 514492 7859 506633 64340 58312 17693 442293 275216 264280 10936 262815 17873 4627 244942 2357 1725 242585 2411 1636 240174 239371 167077 153575 13246 12627 11987 9983 2004 7562
internal_count=572804 514492 7859 506633 64340 58312 17693 442293 275216 264280 10936 262815 17873 4627 244942 2357 1725 242585 2411 1636 240174 239371 167077 153575 13246 12627 11987 9983 2004 7562
is_linear=0
shrinkage=0.05


Tree=88
num_leaves=31
num_cat=0
split_feature=2 9 2 1 2 9 4 10 9 13 7 17 6 13 13 13 4 11 13 13 13 13 13 17 13 13 2 8 8 8
split_gain=610372 733440 928422 574847 508076 594782 432197 424380 610111 423066 415188 409895 409822 364553 937826 777377 589662 351259 341979 538373 534480 432418 572559 431780 394254 337993 304973 302789 299665 296555
threshold=0.0025226777090132419 -0.033427114534732273 -0.058018488165277542 -0.0045777738875826457 -0.058018488165277542 0.015336453692296236 -0.0036376961305665972 0.042906518867454717 0.0037809843495332637 0.086379690949227386 -0.010114117991769868 0.065892330216053799 9.1557370209184032 0.12723558433549184 0.1511401849516604 0.086379690949227386 -0.17834969542522838 -0.099979886081490429 0.15807227410438207 0.20834805061934403 0.21311827956989252 0.22419210611291887 0.25347289214740504 0.023198545503413329 0.1935457635940728 0.17481096139632726 -0.014581568168279246 0.99997371464619966 0.17333333333333256 0.11723246633682506
decision_type=10 8 10 8 8 10 10 10 10 2 10 2 2 2 2 2 10 10 2 2 2 2 2 2 2 2 10 8 10 10
left_child=1 2 -1 12 5 -3 10 8 27 -4 -6 -9 -2 15 16 -12 -15 -10 -16 24 -21 -22 23 -23 -20 29 28 -5 -17 -11
right_child=3 4 9 7 6 -7 -8 11 17 25 13 -13 -14 14 18 26 -18 -19 19 20 21 22 -24 -25 -26 -27 -28 -29 -30 -31
leaf_value=2.1639653051828129 -0.26287723720015727 -0.12417049114366141 1.463467531599135 -0.059565768583325032 0.66964795280316902 -2.1304804897257839 -0.027118611225801094 -0.15106303635837851 0.35508280463341063 0.37599836081227411 0.54671761241571182 -0.88474352148737312 -1.2576230259456842 2.0058479151250248 -0.91343058817157596 -0.79428087603670872 0.33023331267776418 0.056468282679367411 0.29597104575131733 -1.1313180922950286 1.0666745322377904 0.36702772822288371 0.083498691080777676 -0.85270639133123405 1.235182572626544 0.31305403054749897 -0.38365320514856149 -0.43332088291271803 -2.4160843630571867 -1.0362666692769811
leaf_weight=690 20320 988 729 125188 3079 590 166947 41599 11919 621 1307 1995 1091 1020 864 604 1082 56675 3770 932 1080 975 102484 2836 1588 12812 1067 5664 539 926
leaf_count=690 20320 988 729 125188 3079 590 166947 41599 11919 621 1307 1995 1091 1020 864 604 1082 56675 3770 932 1080 975 102484 2836 1588 12812 1067 5664 539 926
internal_value=-0.00949848 0.0383982 0.370438 -0.0651975 0.0204414 -0.874312 0.0253072 -0.0433172 -0.0124278 0.288416 0.0963333 -0.184639 -0.313565 0.0816411 0.0967653 -0.419907 1.14333 0.108356 0.0775572 0.08509 0.0608869 0.0712351 0.061121 -0.540652 0.574334 0.22876 -0.991572 -0.075744 -1.55907 -0.469352
internal_weight=571981 307530 15778 264451 291752 1578 290174 243040 199446 15088 123227 43594 21411 120148 116631 3517 2102 68594 114529 113665 108307 107375 106295 3811 5358 14359 2210 130852 1143 1547
internal_count=571981 307530 15778 264451 291752 1578 290174 243040 199446 15088 123227 43594 21411 120148 116631 3517 2102 68594 114529 113665 108307 107375 106295 3811 5358 14359 2210 130852 1143 1547
is_linear=0
shrinkage=0.05


Tree=89
num_leaves=31
num_cat=0
split_feature=0 9 12 14 14 12 14 13 14 14 13 13 13 14 13 13 12 13 14 14 12 12 14 13 14 12 13 14 14 12
split_gain=592923 693202 1.15316e+06 640484 577966 910245 825450 1.81497e+06 778601 917931 992797 1.07597e+06 890914 897803 859046 821719 810288 1.60028e+06 2.28752e+06 2.27917e+06 1.26066e+06 1.11062e+06 1.05246e+06 2.63899e+06 1.52609e+06 1.04005e+06 989500 2.00322e+06 1.53131e+06 1.4839e+06
threshold=0.0077649624034179061 -0.037069648153896524 -0.022058472749514658 0.0059355918821889335 0.0022556369424982597 0.0026205806401390446 0.0021997587737810705 0.39559227695789745 0.0021046239761008906 0.0019090304447226898 0.41198591549295777 0.33993464052287586 0.46523382559774967 0.0019856109205337131 0.69271670416800613 0.369873949579832 -0.0073909465954626521 0.26724219939117205 0.0013702197810088557 0.0017202943097896436 -0.0090148358906430217 -0.009218330210910267 -0.0025634571192562072 0.21311827956989252 -0.0096976068340517887 -0.0045526305173768161 0.2799423046224716 0.0016381316822270302 0.00095675582311458517 -0.0055529359160462902
decision_type=10 8 8 10 8 10 10 2 10 10 2 2 2 10 2 2 10 2 10 10 10 10 10 2 10 10 2 10 10 10
left_child=1 2 -1 -2 6 -6 8 -8 9 16 11 -11 13 -12 -14 -13 20 18 22 -20 21 -3 23 -18 -25 -26 27 28 -19 -28
right_child=3 4 -4 -5 5 -7 7 -9 -10 10 12 15 14 -15 -16 -17 17 26 19 -21 -22 -23 -24 24 25 -27 29 -29 -30 -31
leaf_value=2.645360812059669 -0.22996707925286441 0.113404183751765 0.2447285091168237 0.022168114592294789 0.0038736632954835589 0.27476919856606846 -2.7383275504517353 -0.20880933214575681 0.65384164965407465 -0.2259533282498748 -0.51509756468452406 -3.0617609233007985 -0.76151882280942018 1.8106322548918492 0.84730264069503569 -1.1453026726762785 -3.608080649528187 0.72215065224189878 -3.7226792892054483 -0.19567451664951246 0.87109428248681575 -1.8013154768062298 -0.081539683731360765 2.0633491063756355 -2.663611552040134 0.46723865561485295 -1.7093996665751754 -1.9882525417403689 3.5983608149987321 -0.038350175383922956
leaf_weight=516 62322 14866 16379 42271 184092 37291 908 3238 3853 2318 690 780 4028 1041 1045 1977 800 3272 1077 797 5944 798 8790 543 565 500 1339 596 539 169704
leaf_count=516 62322 14866 16379 42271 184092 37291 908 3238 3853 2318 690 780 4028 1041 1045 1977 800 3272 1077 797 5944 798 8790 543 565 500 1339 596 539 169704
internal_value=-0.0204351 0.00360483 0.318048 -0.128067 -0.00816437 0.0495048 -0.0636711 -0.76279 -0.0508378 -0.0630676 -0.490674 -1.01994 -0.0959018 0.883565 -0.430114 -1.6875 -0.0388943 -0.0721352 -0.605829 -2.22267 0.25112 0.0158591 -0.335249 -1.26137 -0.0938574 -1.19373 -0.032372 0.707373 1.12894 -0.0514319
internal_weight=572879 468286 16895 104593 451391 221383 230008 4146 225862 222009 11879 5075 6804 1731 5073 2757 210130 188522 13072 1874 21608 15664 11198 2408 1608 1065 175450 4407 3811 171043
internal_count=572879 468286 16895 104593 451391 221383 230008 4146 225862 222009 11879 5075 6804 1731 5073 2757 210130 188522 13072 1874 21608 15664 11198 2408 1608 1065 175450 4407 3811 171043
is_linear=0
shrinkage=0.05


Tree=90
num_leaves=31
num_cat=0
split_feature=9 2 9 13 14 12 14 12 14 14 14 12 14 1 14 2 14 13 12 12 13 13 13 14 14 13 12 13 12 13
split_gain=941994 621562 682699 564880 1.49164e+06 1.6876e+06 1.02897e+06 692266 778439 953546 627149 1.47418e+06 697492 544067 475587 464600 405725 371371 1.6558e+06 2.88776e+06 1.44474e+06 1.12131e+06 1.07521e+06 1.62103e+06 1.34816e+06 1.30585e+06 1.23275e+06 1.56949e+06 1.33524e+06 1.16611e+06
threshold=0.096262222323792196 -0.0085106896679086729 -0.083267613653601594 0.51103521061421431 -0.033374233339537519 -0.0034388706987858726 -0.033374233339537519 0.00093026702640302726 -0.021658507068033826 -0.01796644498195283 -0.0080407074899879888 0.0058347562935567665 -0.013851110702276003 -0.014777220081785144 0.014332030701907571 0.0050527262115332939 0.00075205475904020541 0.46787770174866955 0.0010528360006220414 0.0011816466146470515 0.46374525670918493 0.45608462009387124 0.48840945227260274 0.0058773034096143749 0.0040299118319788415 0.48296377989319716 0.0013102427116815129 0.57242717025325729 0.0013526532793061458 0.56470848557746878
decision_type=10 10 8 2 8 10 8 10 8 10 10 10 10 8 10 10 8 2 8 8 2 2 2 10 10 2 8 2 8 2
left_child=1 2 -1 4 5 -4 -5 16 -9 -10 11 -11 -13 14 15 -3 -8 18 20 -20 21 -15 23 24 -19 -26 27 29 -28 -24
right_child=-2 13 3 6 -6 -7 7 8 9 10 -12 12 -14 17 -16 -17 -18 22 19 -21 -22 -23 26 -25 25 -27 28 -29 -30 -31
leaf_value=1.5082082586082584 -1.0749701437603394 -0.3341918431606794 0.085965787294327023 1.8558234999018948 0.05656205303462767 -3.750954657973236 1.9168076682220052 -1.5534555734741489 2.1291323083694782 -2.076860088090053 0.25890497218687197 -0.76779830646817748 1.4200253534109424 -0.048560207047244307 0.47303866777595038 -1.2031841576493651 0.55594245923271812 0.30089817400713398 -3.7469089503944577 -0.47100783035798754 -0.8269184674502319 0.51349282548506714 -0.25790592777561899 1.1360371746307318 -1.3983053102414207 0.32511389283179687 1.4078033195932065 -2.962023471685296 0.024912905103251681 1.4700935137684445
leaf_weight=857 2083 6785 596 1041 78036 552 850 659 616 1010 13440 679 786 190235 1362 1989 1540 21477 732 8308 5740 9308 44938 4806 2541 1937 1764 528 166575 998
leaf_count=857 2083 6785 596 1041 78036 552 850 659 616 1010 13440 679 786 190235 1362 1989 1540 21477 732 8308 5740 9308 44938 4806 2541 1937 1764 528 166575 998
internal_value=-0.0136207 -0.00974679 0.10301 0.0909435 0.0302408 -1.75896 0.32404 0.2426 0.131744 0.198924 0.124214 -0.607202 0.40601 -0.0338951 -0.396246 -0.531186 1.03993 -0.0259089 -0.0740035 -0.736269 -0.0448394 -0.0223424 0.0160671 0.29254 0.136353 -0.652825 -0.0235255 -0.251519 0.039404 -0.220364
internal_weight=572768 570685 100662 99805 79184 1148 20621 19580 17190 16531 15915 2475 1465 470023 10136 8774 2390 459887 214323 9040 205283 199543 245564 30761 25955 4478 214803 46464 168339 45936
internal_count=572768 570685 100662 99805 79184 1148 20621 19580 17190 16531 15915 2475 1465 470023 10136 8774 2390 459887 214323 9040 205283 199543 245564 30761 25955 4478 214803 46464 168339 45936
is_linear=0
shrinkage=0.05


Tree=91
num_leaves=31
num_cat=0
split_feature=6 7 9 7 8 10 12 12 9 17 5 10 9 12 12 12 12 12 12 12 6 12 10 12 9 17 12 17 17 12
split_gain=732635 1.01812e+06 568469 532583 442145 452189 675481 762154 586703 563853 448529 441622 435676 1.25457e+06 704869 464336 407859 414529 527520 519551 400647 391736 654380 359663 344444 342729 334596 511233 472841 378857
threshold=4.4863846453053764 -0.018894377864627835 -0.037069648153896524 -0.0001783158992139123 0.99997371464619966 -0.07752820007001722 -0.005151053458202064 0.0065259749054591186 -0.066042529569280334 0.053750775460338907 0.13461836820400411 0.022484452632868725 0.0041106588612326283 -0.018397836894734759 -0.014023419856971607 -0.012121439880781302 -0.010932977868723071 0.0050431201962702543 0.0044897591480958987 0.0047207016233077543 1.4927808871385915 -0.018397836894734759 -0.0056878758654360659 0.006091424816449839 -0.010956419074727006 0.02089834905774262 -0.0079068726198417965 0.063709155212157517 0.071585649499969248 0.0015920931343954769
decision_type=2 8 10 10 10 10 8 10 10 2 8 10 10 8 8 8 8 10 10 10 2 8 10 8 8 2 8 2 2 10
left_child=1 2 -1 11 5 6 8 23 -3 12 -11 -2 21 -14 -15 -16 -17 18 20 -20 -18 22 -7 -8 -6 -23 28 29 -12 -28
right_child=3 4 -4 -5 24 9 7 -9 -10 10 26 -13 13 14 15 16 17 -19 19 -21 -22 25 -24 -25 -26 -27 27 -29 -30 -31
leaf_value=2.4830617378354076 -0.16925454500564563 1.9391878469437742 0.5315208788425213 -0.04626859716265834 -0.76549293162587129 1.22165231706694 -0.0098767042429365754 0.88169436672196067 0.4762752378114633 0.87090926450700035 -0.18282107989276919 -0.71226133539698733 -2.0837145249494724 1.4445576164848619 -0.91114160719894832 1.1212804183908689 0.1111033636298648 0.32310353070114584 -1.3278949453696425 0.0027752823541699824 -0.060875543318562035 0.097713681401848329 -0.77358919477347943 -1.2527760960987984 -0.14318664603788583 -0.056125953957459812 -0.34024389177132425 -0.62107539157768887 1.2782954584539086 0.19584298756555524
leaf_weight=600 7032 778 987 16372 3003 1466 16757 2494 5756 898 1769 8009 674 938 1197 930 115724 15018 1367 1583 47875 42457 571 603 8567 245811 8731 8979 806 5294
leaf_count=600 7032 778 987 16372 3003 1466 16757 2494 5756 898 1769 8009 674 938 1197 930 115724 15018 1367 1583 47875 42457 571 603 8567 245811 8731 8979 806 5294
internal_value=-0.00884391 0.0047712 1.26934 -0.2436 0.00105508 0.00774916 0.209495 0.0643708 0.650463 -0.00285388 -0.227425 -0.458394 0.00964788 0.0695453 0.0774058 0.0704247 0.0768628 0.0715132 0.0488269 -0.613844 0.0607761 -0.0285855 0.662358 -0.0530488 -0.304707 -0.033468 -0.265984 -0.326487 0.274523 -0.137888
internal_weight=573046 541633 1587 31413 540046 528476 26388 19854 6534 502088 26477 15041 475611 185306 184632 183694 182497 181567 166549 2950 163599 290305 2037 17360 11570 288268 25579 23004 2575 14025
internal_count=573046 541633 1587 31413 540046 528476 26388 19854 6534 502088 26477 15041 475611 185306 184632 183694 182497 181567 166549 2950 163599 290305 2037 17360 11570 288268 25579 23004 2575 14025
is_linear=0
shrinkage=0.05


Tree=92
num_leaves=31
num_cat=0
split_feature=7 9 6 13 13 14 14 14 13 14 14 14 13 14 10 13 14 13 14 14 14 14 13 13 13 14 14 14 13 14
split_gain=617954 685980 495783 545220 1.05358e+06 2.64124e+06 1.04086e+06 1.04151e+06 871500 1.43649e+06 1.15898e+06 790625 705079 629612 521002 508177 2.21943e+06 591495 3.25404e+06 1.26472e+06 681282 1.14086e+06 702836 620374 2.24428e+06 2.7531e+06 1.3807e+06 2.93344e+06 1.06207e+06 1.85478e+06
threshold=-0.018894377864627835 -0.044337447991710063 2.944881103827294 0.086379690949227386 0.12723558433549184 -0.0016311041792563933 0.0060195072149775257 -0.00081376696052021442 0.10532212885154063 0.0018754365430909785 0.0022799257668168122 0.0010896464249950553 0.10532212885154063 0.0019856109205337131 0.042154498939643313 0.14237178822743557 -0.0066860323921768099 0.15807227410438207 7.7765714262847217e-05 -0.0025634571192562072 0.0025653765985822938 0.00422130262786984 0.1511401849516604 0.18612563033917431 0.1935457635940728 -0.0085802334926053346 0.0024285878725784104 0.0015755726421851299 0.20834805061934403 0.0016072972677850155
decision_type=10 10 2 2 2 10 10 10 2 10 10 10 2 10 10 2 10 2 10 10 10 10 2 2 2 8 10 10 2 10
left_child=1 -1 3 6 5 12 7 -2 9 -7 11 -10 -5 -9 -4 16 -6 18 19 -17 -20 22 -22 26 25 -25 27 -19 29 -26
right_child=2 -3 14 4 15 8 -8 13 10 -11 -12 -13 -14 -15 -16 17 -18 23 20 -21 21 -23 -24 24 28 -27 -28 -29 -30 -31
leaf_value=2.2104912368169081 0.0044257848872878312 0.27280698559432331 -0.043468557471635215 -1.0479979612159007 3.3775348514493775 -2.8292175530637436 -1.2954852904212728 2.7892174811333588 0.5735454991512634 0.39641835414679949 -0.53368687058540165 2.9055129201386287 -3.0577734358436763 0.87067894292510817 -0.35687623181695405 -0.31095788954077541 0.081666493136977672 0.29017918585228014 -2.2905652539329675 2.9094097670333592 1.5003739176954398 -2.1491219623368614 -1.0738578967586814 0.95457551878905367 1.6956150533059013 -2.7972192901367685 1.1768708531379948 -3.6856306150004792 -0.0065595660413997909 -0.22015602255190056
leaf_weight=629 1549 1668 36290 726 595 616 617 824 988 785 1443 575 1094 889 20896 518 3609 4764 1310 741 562 878 502 722 2486 1515 3563 514 478741 2569
leaf_count=629 1549 1668 36290 726 595 616 617 824 988 785 1443 575 1094 889 20896 518 3609 4764 1310 741 562 878 502 722 2486 1515 3563 514 478741 2569
internal_value=-0.0150427 0.803414 -0.0183358 -0.00278926 -0.00728247 -0.653676 0.587752 0.943962 0.00808104 -1.02185 0.488098 1.43143 -2.25607 1.79355 -0.157989 0.00071034 0.548137 -0.00389809 -0.573851 1.58443 -1.40942 -0.815034 0.28584 0.00129728 -0.00625307 -1.58631 0.416377 -0.0970065 0.00105289 0.722002
internal_weight=573178 2297 570881 513695 509816 6227 3879 3262 4407 1401 3006 1563 1820 1713 57186 503589 4204 499385 4511 1259 3252 1942 1064 494874 486033 2237 8841 5278 483796 5055
internal_count=573178 2297 570881 513695 509816 6227 3879 3262 4407 1401 3006 1563 1820 1713 57186 503589 4204 499385 4511 1259 3252 1942 1064 494874 486033 2237 8841 5278 483796 5055
is_linear=0
shrinkage=0.05


Tree=93
num_leaves=31
num_cat=0
split_feature=9 13 13 17 7 8 0 17 11 13 13 13 2 13 13 13 13 13 5 13 8 4 10 13 5 9 13 11 13 13
split_gain=794600 941301 1.0448e+06 697179 664361 468420 431866 427569 468457 648146 624626 562635 411706 399268 440754 372371 362679 566097 355681 353557 360822 404120 359111 320491 356860 306081 268659 380499 591906 264575
threshold=-0.058211730413737818 0.43760521885521891 0.61936600066971781 0.048452496731507484 -0.013479505919178734 0.99997371464619966 0.0067493849801447082 0.020181186842415138 -0.099979886081490429 0.46677181913774979 0.46074929971988798 0.45420751633986933 0.0043440975958000264 0.45114127606241178 0.44786405723905731 0.086379690949227386 0.58677817209954453 0.6324016361511493 1.2857722490080781 0.66909206366005647 0.031969396965900933 -0.84676537194484613 0.20969083329394492 0.1935457635940728 0.5873421225528298 -0.0075699745887969428 0.65370879120879133 -0.30308192770711495 0.56736237614964247 0.28708151012516542
decision_type=8 2 2 2 10 10 10 2 8 2 2 2 8 2 2 2 2 2 10 2 10 8 8 2 10 8 2 10 2 2
left_child=1 4 6 5 -1 7 -3 -2 9 10 11 13 -10 14 15 -9 -11 -18 29 20 -5 -22 26 -6 -25 -7 27 28 -23 -14
right_child=3 2 -4 19 23 25 -8 8 12 16 -12 -13 18 -15 -16 -17 17 -19 -20 -21 21 22 -24 24 -26 -27 -28 -29 -30 -31
leaf_value=2.4104283250252405 0.1385874945782119 -0.18426397053156307 0.97929814457599784 0.3149604969961538 -0.37867711598816373 -0.73749119543465502 -1.6880940765312791 1.1596766298015913 0.0093880611989255146 0.41645392817804505 -1.1552706656580931 1.1380710197482118 -0.35568563196354275 -1.3757898238232924 1.4203509496549578 -0.055516161724715331 -0.29140161356472483 0.30454775308293563 -0.52616919100744708 0.19905183948412455 -1.6086173060813238 -0.042674156982018978 -1.0997858086879029 0.1796113867401524 1.4737154540732191 -0.15110862902030187 -1.044568330205087 -0.24210932756135964 1.6553554837412365 -0.066493858447055965
leaf_weight=750 55378 1122 1364 2896 525 3201 831 642 229501 18110 1207 1056 8435 545 529 34933 6104 11478 4718 5395 549 2204 1195 849 1430 7302 971 41852 669 126810
leaf_count=750 55378 1122 1364 2896 525 3201 831 642 229501 18110 1207 1056 8435 545 529 34933 6104 11478 4718 5395 549 2204 1195 849 1430 7302 971 41852 669 126810
internal_value=-0.0112243 0.523233 -0.0825408 -0.0177161 1.08861 0.000634151 -0.824143 0.00758338 -0.00875363 0.10553 -0.0356158 0.000226217 -0.0318304 -0.0325595 -0.0122831 -0.0335863 0.25941 0.0976501 -0.0994174 -0.185624 -0.226854 -0.259929 -0.244139 0.735056 0.991621 -0.32982 -0.221762 -0.203899 0.352725 -0.0845303
internal_weight=572551 6871 3317 565680 3554 509949 1953 499446 444068 74604 38912 37705 369464 36649 36104 35575 35692 17582 139963 55731 50336 47440 46891 2804 2279 10503 45696 44725 2873 135245
internal_count=572551 6871 3317 565680 3554 509949 1953 499446 444068 74604 38912 37705 369464 36649 36104 35575 35692 17582 139963 55731 50336 47440 46891 2804 2279 10503 45696 44725 2873 135245
is_linear=0
shrinkage=0.05


Tree=94
num_leaves=31
num_cat=0
split_feature=10 17 7 17 6 9 13 14 14 13 13 14 13 14 13 13 13 14 13 14 13 9 14 13 14 2 7 6 10 14
split_gain=670673 733294 699564 488633 485675 480790 442666 481664 430354 425941 539017 399256 429222 1.16932e+06 1.02522e+06 390562 1.04427e+06 781529 674634 586889 541824 459521 818508 451864 430509 373411 547376 412413 362281 359530
threshold=-0.07752820007001722 0.053750775460338907 -0.018894377864627835 0.02446966368048786 1.4521094381585016 0.011662061470891103 0.72128291540526657 0.0043297657154013789 0.0059355918821889335 0.12723558433549184 0.1511401849516604 0.0059817194653357655 0.28409859631320827 0.0064654358531858738 0.22419210611291887 0.58501502182415976 0.56736237614964247 -0.00066130064357517338 0.61936600066971781 0.0059817194653357655 0.55251509886655092 -0.04213173244250918 -0.011175828150746085 0.33459556191839662 -0.0024130478916207397 -0.0079619277441830075 -0.0020582032594843886 9.1557370209184032 0.1077322689789471 0.0055852927927514022
decision_type=10 2 10 2 2 10 2 8 8 2 2 8 2 8 2 2 2 10 2 8 2 10 8 2 10 10 10 2 10 10
left_child=2 3 -1 -2 5 8 15 -8 29 -7 -11 -10 13 -13 -15 16 20 24 19 -19 21 -4 23 -23 -17 -6 27 -27 -3 -5
right_child=1 28 6 4 25 9 7 -9 11 10 -12 12 -14 14 -16 17 -18 18 -20 -21 -22 22 -24 -25 -26 26 -28 -29 -30 -31
leaf_value=1.7999311231530233 0.077579979129938526 -0.17864261773086365 0.64202097541594216 -0.052933123765604988 0.047330082907146277 -1.090462828919692 1.2200878356410181 -0.40015804309262698 1.1965835088273586 1.7078328123623199 0.12944337001579581 1.5022025286933887 0.16443275644170685 0.16073548760330564 -1.7135607777351318 -0.57541746595399645 1.7919407325184193 0.012213114550159802 0.59644339801218027 -2.1473316965887608 -0.97405831017558686 -0.30908169940837865 0.17485919554587412 -2.3400306068390253 -2.4045805982179003 -0.31463423431754245 -0.093304711521366171 -1.0683498838284906 -0.64000501753934469 -0.52587827701117951
leaf_weight=690 137280 24690 4592 169466 25096 707 1887 606 855 546 57863 651 29864 1366 1566 816 1011 840 2463 503 1026 597 13748 506 531 21182 60348 1985 5141 4116
leaf_count=690 137280 24690 4592 169466 25096 707 1887 606 855 546 57863 651 29864 1366 1566 816 1011 840 2463 503 1026 597 13748 506 531 21182 60348 1985 5141 4116
internal_value=-0.00447867 -0.0171628 0.226402 -0.00314619 -0.0326504 0.00361192 0.189125 0.826237 -0.0321675 0.129432 0.144198 0.129665 0.102391 -0.414719 -0.840338 0.129487 0.223269 -0.261436 0.104885 -0.796611 0.145789 0.204883 0.0697183 -1.24078 -1.29649 -0.121794 -0.172616 -0.379214 -0.258153 -0.0641477
internal_weight=572538 542722 29816 512891 375611 267000 29126 2493 207884 59116 58409 34302 33447 3583 2932 26633 21480 5153 3806 1343 20469 19443 14851 1103 1347 108611 83515 23167 29831 173582
internal_count=572538 542722 29816 512891 375611 267000 29126 2493 207884 59116 58409 34302 33447 3583 2932 26633 21480 5153 3806 1343 20469 19443 14851 1103 1347 108611 83515 23167 29831 173582
is_linear=0
shrinkage=0.05


Tree=95
num_leaves=31
num_cat=0
split_feature=8 10 12 12 12 14 14 14 12 14 12 9 14 12 12 12 14 14 14 4 14 9 12 14 17 14 14 14 12 14
split_gain=646936 680231 544246 832944 1.6105e+06 1.10401e+06 1.13178e+06 1.01096e+06 2.53254e+06 1.81039e+06 1.43452e+06 1.07917e+06 988742 941214 912987 825038 751957 737380 1.22093e+06 744500 687198 676437 1.52661e+06 1.34675e+06 707180 667524 2.58001e+06 1.94806e+06 856287 760382
threshold=0.063829787234046767 0.17230960680033106 0.0019117719798810303 0.0030639036876704264 0.002829391006346734 -0.0043305576109457997 -0.0034352202709559058 0.0015395435248249415 0.0067004030608599323 0.0017534975432164097 0.0084027174470880702 -0.026869462002428218 -0.0064556919326447977 0.0076907504971397084 0.0030953910451583587 0.0031633743668316463 0.02042647176750689 0.0011296176608035534 0.00099970194329166372 -0.73100530672118891 -0.00098861099964685771 -0.083267613653601594 -0.0053792657575758062 -0.033374233339537519 0.028828094249179856 -0.00081376696052021442 -0.00029924077208414774 -0.0011851451013237192 0.0022326524313483732 0.0080632901619468612
decision_type=10 10 10 10 10 8 10 8 10 10 10 10 10 10 10 10 10 10 10 10 10 8 8 8 2 10 10 10 10 10
left_child=-1 2 16 4 5 12 -7 8 14 -9 13 -10 -4 -11 -5 -16 21 18 19 -17 -13 22 -2 -23 -25 27 -27 -8 29 -28
right_child=1 -3 3 7 -6 6 25 9 11 10 -12 20 -14 -15 15 17 -18 -19 -20 -21 -22 23 -24 24 -26 26 28 -29 -30 -31
leaf_value=0.17574215311351363 2.9379474279789601 -0.68626535045745463 -0.46595314510936714 -1.9496482311600625 0.84343092175562961 -1.6321317005735949 0.030140046742899797 1.3680110142701114 1.198879470122908 0.11167676691012818 -0.81580592442191324 0.0090281950810798366 2.0331551553337555 1.7045316078397545 0.62757888112934568 -2.1470174409090035 0.89176191725952103 -1.6480267748446331 1.2735913432451893 -0.45054236091818756 1.0825259367888569 -1.9957440693254993 -0.64536695230086782 0.021062586977201571 -0.11838695600515106 -3.2026842133869127 0.3050381541376852 2.6093105215094985 -0.10819981663462473 1.9416060077797237
leaf_weight=43454 590 3860 566 1005 8688 984 2733 2804 2650 42719 4252 15278 1316 948 1776 664 2096 1297 1015 24836 1652 898 599 162253 206780 611 12093 1000 23082 754
leaf_count=43454 590 3860 566 1005 8688 984 2733 2804 2650 42719 4252 15278 1316 948 1776 664 2096 1297 1015 24836 1652 898 599 162253 206780 611 12093 1000 23082 754
internal_value=-0.00972557 -0.0249376 -0.0200839 0.0594271 0.222351 0.0972683 0.0432449 -0.0242616 -0.183398 0.133149 0.0608904 0.260638 1.28156 0.146257 -0.467587 -0.417247 -0.0526205 -0.483967 -0.427026 -0.494717 0.113778 -0.0579542 1.13273 -0.0617812 -0.0570751 0.0841798 0.0191157 0.721051 0.0739049 0.40109
internal_weight=573253 529799 525939 152723 51827 43139 41257 100896 50173 50723 47919 19580 1882 43667 30593 29588 373216 27812 26515 25500 16930 371120 1189 369931 369033 40273 36540 3733 35929 12847
internal_count=573253 529799 525939 152723 51827 43139 41257 100896 50173 50723 47919 19580 1882 43667 30593 29588 373216 27812 26515 25500 16930 371120 1189 369931 369033 40273 36540 3733 35929 12847
is_linear=0
shrinkage=0.05


Tree=96
num_leaves=31
num_cat=0
split_feature=10 12 17 13 6 14 14 14 12 13 14 14 12 12 13 12 12 12 12 14 12 12 13 13 13 13 12 12 9 12
split_gain=565632 994346 759901 553822 547885 505183 579867 716541 947002 1.72461e+06 1.88802e+06 1.18271e+06 1.00849e+06 892058 845695 784295 963760 952524 714999 713985 728096 696869 633361 608559 585055 1.19261e+06 529295 520957 488878 483736
threshold=-0.07752820007001722 -0.022058472749514658 0.030001814291209922 0.65671142809383187 3.7796078323391185 -0.0080407074899879888 -0.0034352202709559058 0.00014252197149017991 -0.0068887899551179086 0.35595962920300589 -0.00066130064357517338 -0.0019443866454812513 -0.0066965920680155059 0.0030639036876704264 0.60932126951913868 -0.0070682575628737343 -0.0064836710996034408 -0.0076246522117263543 0.0050431201962702543 -0.0027502544366526378 0.0018584444144806192 0.0019809111138973101 0.1935457635940728 0.21613322924798337 0.29061065915727996 0.27714118277826966 -0.012121439880781302 0.0014795005132255885 -0.022850348844555907 -0.0028053404000961549
decision_type=8 8 2 2 2 8 8 8 10 2 10 10 10 10 2 8 8 10 10 10 10 10 2 2 2 2 10 10 10 10
left_child=1 -1 5 4 -4 -2 -7 8 11 10 12 26 -10 14 19 17 -17 28 -15 -11 27 -22 -13 -24 25 -12 -8 -21 -9 -14
right_child=2 -3 3 -5 -6 6 7 15 9 13 24 22 29 18 -16 16 -18 -19 -20 20 21 -23 23 -25 -26 -27 -28 -29 -30 -31
leaf_value=2.2590554549516693 -0.34714651246919964 0.16481681207793608 -0.077361640622765043 0.13569806987386993 -0.35354522604174377 0.36363316613419355 -1.9211214034010564 0.83704171085289869 -1.9649175046897001 1.1093882705015699 -2.229070038646797 0.46620022663210881 0.32243874159496949 -0.94389425037505037 1.8031196211342788 1.1607743218969881 0.085222001010243353 -1.8370155119926193 -0.0066746279229698046 -0.013164277760991529 -2.4312528594502076 -0.37765504881850465 2.8790600532365787 0.63217759999654277 -2.4391335452539824 0.71676655750095286 0.25005850333611945 0.86931187995644399 -0.33201845828143184 -0.96204711847072044
leaf_weight=578 8039 29235 234369 28025 19447 14397 617 1011 747 1519 884 2593 3220 4150 741 2106 189002 985 3993 10506 523 1966 658 556 1774 562 515 1989 7745 949
leaf_count=578 8039 29235 234369 28025 19447 14397 617 1011 747 1519 884 2593 3220 4150 741 2106 189002 985 3993 10506 523 1966 658 556 1774 562 515 1989 7745 949
internal_value=-0.00663189 0.205419 -0.0182618 -0.0752326 -0.0985224 0.0430826 0.0554474 0.0369069 -0.160803 -0.256034 -0.889531 0.485567 -0.273093 -0.0530113 0.150662 0.0747677 0.0970745 -0.362868 -0.484319 0.0764651 -0.0282473 -0.809166 0.907478 1.85001 -1.83065 -1.08415 -0.93335 0.127312 -0.197034 0.030048
internal_weight=573401 29813 543588 281841 253816 261747 253708 239311 38462 33523 8136 4939 4916 25387 17244 200849 191108 9741 8143 16503 14984 2489 3807 1214 3220 1446 1132 12495 8756 4169
internal_count=573401 29813 543588 281841 253816 261747 253708 239311 38462 33523 8136 4939 4916 25387 17244 200849 191108 9741 8143 16503 14984 2489 3807 1214 3220 1446 1132 12495 8756 4169
is_linear=0
shrinkage=0.05


Tree=97
num_leaves=31
num_cat=0
split_feature=17 12 13 14 14 10 12 13 6 14 10 12 14 13 14 14 13 8 14 0 6 12 14 12 12 12 14 13 12 13
split_gain=576446 645055 1.26102e+06 755043 540440 503467 568978 1.19007e+06 537814 509843 473214 449679 1.0607e+06 449125 850343 689532 518574 446842 442574 435308 468048 443972 1.86081e+06 422166 668880 402440 484483 983990 698575 1.2251e+06
threshold=0.053750775460338907 -0.0055529359160462902 0.26724219939117205 -0.00066130064357517338 0.010003092660542785 -0.080242435572512524 -0.0073909465954626521 0.23871975019516004 1.1716893766616012 -0.0018105553692524285 -0.0069204428445737388 -0.014023419856971607 -0.00081376696052021442 0.51541258577209559 -0.016262574947656892 0.02042647176750689 0.48991919093377562 0.7142857142857153 0.0082918860079702356 0.00455857254837939 4.1094198796731343 -0.018397836894734759 -0.00081376696052021442 0.0067004030608599323 0.0053948992070044144 0.0014795005132255885 -0.001752787791000831 0.20834805061934403 -0.0053792657575758062 0.30337009172420909
decision_type=2 8 2 10 8 10 8 2 2 10 8 8 10 2 8 8 2 8 10 8 2 8 10 10 10 10 8 2 10 2
left_child=5 2 4 -4 18 6 7 9 10 -1 11 12 -7 16 -15 -16 -3 19 -2 21 -21 22 -10 24 -8 26 27 -13 -29 -30
right_child=1 13 3 -5 -6 8 23 -9 17 -11 -12 25 -14 14 15 -17 -18 -19 -20 20 -22 -23 -24 -25 -26 -27 -28 28 29 -31
leaf_value=-0.62498419879398048 -0.23706942952750279 -0.36831736818360156 0.084895002617217274 2.135420734666249 -1.6597270616921045 -0.89262296205450742 0.12295590853357972 2.7957184374356272 -3.1249980972866731 0.81512941438126796 0.08443626420263213 1.3761071047301068 1.5741991861380322 1.888889327182852 -0.087636264623468796 -1.7950964502570326 -1.1938959565691281 0.03953374306349576 1.166429535562566 -0.15958886911701725 -0.52684070224773283 -0.036342002893566649 1.0239726935003597 0.82674602918248441 -1.2083321645424832 0.074228951731578605 -0.15444183852448237 -0.91935519599061899 1.8361082643787896 -0.056599777600288198
leaf_weight=867 3298 14088 736 1151 558 667 14746 625 542 2111 181961 1546 1257 522 12355 621 2199 61651 677 45511 10719 82272 539 1900 1008 43012 77643 1648 1008 5631
leaf_count=867 3298 14088 736 1151 558 667 14746 625 542 2111 181961 1546 1257 522 12355 621 2199 61651 677 45511 10719 82272 539 1900 1008 43012 77643 1648 1008 5631
internal_value=-0.0119408 -0.205046 0.249539 1.33564 -0.202583 0.00108177 0.239551 0.812157 -0.00874962 0.395862 0.0321063 -0.0398057 0.719017 -0.303029 -0.0897541 -0.169351 -0.479783 -0.0725758 0.00196675 -0.122092 -0.229597 -0.0495694 -1.05627 0.122688 0.0377751 -0.0509943 -0.112567 0.218087 0.00204977 0.23077
internal_weight=573069 36205 6420 1887 4533 536864 21257 3603 515607 2978 314373 132412 1924 29785 13498 12976 16287 201234 3975 139583 56230 83353 1081 17654 15754 130488 87476 9833 8287 6639
internal_count=573069 36205 6420 1887 4533 536864 21257 3603 515607 2978 314373 132412 1924 29785 13498 12976 16287 201234 3975 139583 56230 83353 1081 17654 15754 130488 87476 9833 8287 6639
is_linear=0
shrinkage=0.05


Tree=98
num_leaves=31
num_cat=0
split_feature=8 9 5 8 12 14 14 2 2 14 14 12 12 12 12 12 12 14 14 14 14 14 12 14 14 9 12 14 12 9
split_gain=587721 586541 489761 434911 420721 688083 853837 451388 414074 404752 832759 1.64029e+06 802759 1.61907e+06 2.50539e+06 2.09686e+06 1.16169e+06 2.09736e+06 1.31335e+06 2.09088e+06 2.27912e+06 1.49921e+06 1.39204e+06 742945 716900 926890 708368 847893 703111 1.03271e+06
threshold=0.031969396965900933 0.05633272868086469 0.88361193135690186 0.99997371464619966 0.013653625485355612 0.00052547684438546604 -0.0045940713398687502 -0.015494830575744642 -0.024584353483003689 0.0022556369424982597 0.0021997587737810705 -0.0012186919422959488 -0.0068887899551179086 -0.0048778284761807232 -0.0049951111909748653 -0.0047350686144894674 -0.0055529359160462902 0.0011880350620827728 0.00093276220340378455 -0.0016311041792563933 -0.0055040751619077934 0.001797137430062595 -0.0064836710996034408 -0.0025634571192562072 1.0000000180025095e-35 -0.0077529016480843002 0.0026205806401390446 0.02042647176750689 -7.4666165881012559e-05 -0.030626098228241128
decision_type=10 8 8 10 10 10 10 10 10 8 10 10 10 10 10 10 10 10 10 10 10 10 10 10 10 10 10 10 10 10
left_child=8 3 -3 4 9 6 7 -6 -1 10 12 -12 -2 14 16 -15 18 24 19 20 -14 -20 -22 -24 25 -18 27 28 -11 -30
right_child=1 2 -4 -5 5 -7 -8 -9 -10 26 11 -13 13 15 -16 -17 17 -19 21 -21 22 -23 23 -25 -26 -27 -28 -29 29 -31
leaf_value=0.7676885421941062 0.21135492852542984 -0.18107032468215423 -0.94639226098484408 -0.31132265097951428 1.3511653086797555 -0.86757337176162697 2.1136380709821214 -0.33491643993739495 0.14939425268227105 0.058610393962283583 -2.6529731092684616 -0.25317515015656972 0.91114007578490352 1.8075760009873272 -3.3028355370167493 -0.060454362692127561 -1.3911231354377263 2.3700927208489566 -4.3610165503886789 0.55432274574333329 -3.9248602783155628 -0.82051937004391484 -2.3634103534405404 -0.10124623477023885 -1.7223599687081959 1.0393685493365143 0.19793965399204538 0.95935811094173351 -0.91690997425923715 -0.085153668175631803
leaf_weight=3069 26875 7632 2879 11988 609 684 951 1140 23012 132155 893 3514 793 1514 835 193484 628 902 516 2543 773 711 772 685 763 1045 51387 2247 3886 94088
leaf_count=3069 26875 7632 2879 11988 609 684 951 1140 23012 132155 893 3514 793 1514 835 193484 628 902 516 2543 773 711 772 685 763 1045 51387 2247 3886 94088
internal_value=-0.0097373 -0.0207959 -0.390695 -0.0135473 -0.00673994 0.548967 0.907824 0.252175 0.22215 -0.0103493 -0.0585464 -0.739451 -0.0456587 -0.0791949 -0.670346 -0.0459506 -0.453375 0.310419 -0.828694 -0.502272 -1.3911 -2.30943 -2.20979 -1.29987 -0.452236 0.127026 0.0299469 -0.00720262 -0.0166402 -0.118144
internal_weight=572973 546892 10511 536381 524393 3384 2700 1749 26081 521009 237246 4407 232839 205964 10966 194998 10131 3338 6793 5566 3023 1227 2230 1457 2436 1673 283763 232376 230129 97974
internal_count=572973 546892 10511 536381 524393 3384 2700 1749 26081 521009 237246 4407 232839 205964 10966 194998 10131 3338 6793 5566 3023 1227 2230 1457 2436 1673 283763 232376 230129 97974
is_linear=0
shrinkage=0.05


Tree=99
num_leaves=31
num_cat=0
split_feature=7 14 17 6 14 14 13 12 12 13 12 12 12 12 14 14 13 12 13 13 14 12 13 14 14 14 14 14 12 14
split_gain=547221 719554 495756 527692 468608 1.16406e+06 2.02198e+06 1.5334e+06 918281 760428 891753 1.01961e+06 699694 599028 685381 1.24127e+06 538637 1.03195e+06 490876 896136 2.68514e+06 1.54897e+06 933996 842417 824789 1.0252e+06 705227 1.83544e+06 653220 585527
threshold=-0.018894377864627835 0.0012337244552452112 0.022414457008919648 8.0502613366561508 0.014332030701907571 0.011824106625347611 0.26136411553868866 0.0030953910451583587 0.0050431201962702543 0.41198591549295777 0.00046478755147587292 0.0013102427116815129 0.012472248262135881 0.010656917268997959 0.00083291358709311307 -0.0045940713398687502 0.90882120253164567 0.016890380576231493 0.086379690949227386 0.12723558433549184 -0.0020407902496278082 -0.015523825238295434 0.10532212885154063 -0.033374233339537519 -0.01796644498195283 -0.021658507068033826 -0.00081376696052021442 0.0019856109205337131 -0.001971657212894184 0.0010896464249950553
decision_type=8 8 2 2 10 10 2 10 10 2 10 10 10 10 10 10 2 10 2 2 10 8 2 8 8 10 10 10 10 10
left_child=1 -1 -2 4 5 13 -7 9 -9 -8 -11 -12 -6 18 15 16 17 -15 26 20 22 -21 -20 -23 25 -25 -4 -28 -27 -22
right_child=2 -3 3 -5 12 6 7 8 -10 10 11 -13 -14 14 -16 -17 -18 -19 19 21 29 23 -24 24 -26 28 27 -29 -30 -31
leaf_value=1.9679496440365911 0.087952871214075898 0.10915962026698428 -0.33284839118520421 -0.37374619866171338 0.4624801330083062 -3.0641972194011968 -1.1429258710590537 -3.3530660055571211 -0.50103224797945589 1.6281689681965887 -1.5869425783925064 1.2860669586959679 -1.339679672911918 -0.062135260031038399 -0.92567268597805286 1.7045171379987072 -1.379946495921806 2.3180609003659174 -1.0648321965777925 1.9025378456800397 -0.78901722936344854 -1.4515547116156293 -3.5125351520319437 -0.14747782998350564 -0.037753477246167372 0.41811706338315136 3.1431250241620412 0.017556621054700652 2.3711073574047012 0.48012090480629865
leaf_weight=800 95400 1491 1314 11352 7900 817 791 569 560 1179 684 563 578 2537 782 1864 516 555 706 1034 1417 1047 870 1679 429594 722 738 1292 1052 2534
leaf_count=800 95400 1491 1314 11352 7900 817 791 569 560 1179 684 563 578 2537 782 1864 516 555 706 1034 1417 1047 870 1679 429594 722 738 1292 1052 2534
internal_value=-0.0129682 0.758235 -0.0160644 -0.0369447 -0.0287028 -0.0355593 -0.78206 -0.353044 -1.93842 0.20334 0.642291 -0.289826 0.339615 -0.0269993 0.458935 0.656808 0.115531 0.365099 -0.033844 -0.0384238 -0.671085 -0.0303877 -2.41604 -0.0349919 -0.031567 0.738103 0.569661 1.15385 1.57626 0.0249529
internal_weight=572937 2291 570646 475246 463894 455416 5163 4346 1129 3217 2426 1247 8478 450253 6254 5472 3608 3092 443999 440655 5527 435128 1576 434094 433047 3453 3344 2030 1774 3951
internal_count=572937 2291 570646 475246 463894 455416 5163 4346 1129 3217 2426 1247 8478 450253 6254 5472 3608 3092 443999 440655 5527 435128 1576 434094 433047 3453 3344 2030 1774 3951
is_linear=0
shrinkage=0.05


Tree=100
num_leaves=31
num_cat=0
split_feature=17 10 13 9 14 13 13 14 14 13 14 13 13 7 13 14 14 13 14 13 14 14 14 13 14 14 14 10 13 13
split_gain=563139 454264 466869 421619 557273 880549 841390 743862 1.03843e+06 829514 690070 669089 561219 556710 530281 1.01862e+06 733224 1.44761e+06 735400 679670 796504 933325 736319 576656 513957 495257 495009 545630 486175 2.50757e+06
threshold=0.048452496731507484 0.074357789205743943 0.72935854814976298 -0.031526253646773937 0.0021046239761008906 0.068898305084745773 0.15807227410438207 0.0039857197863518894 0.0060707602189851726 0.1511401849516604 0.0019090304447226898 0.69271670416800613 0.12723558433549184 -0.013479505919178734 0.63081011034464718 0.0025653765985822938 0.0029403549489505536 0.74388931509184686 0.0032494504136427274 0.68802666263342138 0.0036094540009411996 0.0044148473779117682 0.0048417385279928759 0.64046691736055161 0.0018754365430909785 0.0020138329497681033 0.0091590992600573077 -0.0073253340294662994 0.18612563033917431 0.1935457635940728
decision_type=2 10 2 10 8 2 2 10 10 2 10 2 2 10 2 10 10 2 10 2 10 10 10 2 10 10 8 10 2 2
left_child=3 2 -2 13 10 -6 7 9 -9 12 24 -12 -7 -1 28 -16 17 -17 23 20 -20 -22 -23 -18 -5 -13 27 -15 -8 -30
right_child=1 -3 -4 4 5 6 14 8 -10 -11 11 25 -14 26 15 16 18 -19 19 -21 21 22 -24 -25 -26 -27 -28 -29 29 -31
leaf_value=1.4070286924960795 -0.11788662185187487 -0.43226340062410218 0.65907298747948051 -0.047678476971532213 2.0146641657439699 -0.29319168903841719 0.60833490169683768 -2.4367291231051436 -0.41692441338417563 -1.4431720473101353 -0.54201417581283617 1.9042237628118794 1.3093556150212282 0.36680957596207991 1.0108502552631742 -1.1869244817874101 2.4792239019441684 1.6168638338756212 -0.83505670525920839 -0.21819467847217255 1.4427595145450844 -1.1325178738194825 0.42701152184677788 0.59174917733061949 0.72543438246239667 -0.26517935866748327 -0.49641447641025077 -0.23011105857966729 -2.9816658444885396 0.030460027193961077
leaf_weight=930 45138 11734 2020 200619 567 1124 3584 999 1753 748 11083 506 1063 17529 3879 2262 589 578 1228 7784 2154 831 8484 1293 2173 548 2568 4898 693 233584
leaf_count=930 45138 11734 2020 200619 567 1124 3584 999 1753 748 11083 506 1063 17529 3879 2262 589 578 1228 7784 2154 831 8484 1293 2173 548 2568 4898 693 233584
internal_value=-0.0074226 -0.153875 -0.0846058 0.00935567 -0.00108 0.0463057 0.0422121 -0.559584 -1.15013 -0.00585865 -0.0613122 -0.427529 0.485733 0.205842 0.0550328 0.256574 0.140483 -0.616294 0.23659 0.149674 0.375199 0.504782 0.287884 1.18246 -0.0393943 0.776299 0.161149 0.236444 0.0303915 0.02155
internal_weight=572943 58892 47158 514051 488126 273197 272630 5687 2752 2935 214929 12137 2187 25925 266943 29082 25203 2840 22363 20481 12697 11469 9315 1882 202792 1054 24995 22427 237861 234277
internal_count=572943 58892 47158 514051 488126 273197 272630 5687 2752 2935 214929 12137 2187 25925 266943 29082 25203 2840 22363 20481 12697 11469 9315 1882 202792 1054 24995 22427 237861 234277
is_linear=0
shrinkage=0.05


Tree=101
num_leaves=31
num_cat=0
split_feature=2 9 7 9 11 14 13 17 13 2 14 14 14 13 13 14 14 13 14 13 13 13 14 14 14 4 9 17 9 13
split_gain=693458 811668 904377 577918 566014 585722 552187 507522 522847 488904 456156 405489 770855 640384 1.51667e+06 1.09458e+06 777261 563911 680754 512340 604415 2.11455e+06 1.03217e+06 869414 685379 441958 507754 439672 439433 402530
threshold=0.0025226777090132419 -0.030626098228241128 -0.018894377864627835 0.05633272868086469 -0.14432384530268752 0.00014252197149017991 0.72128291540526657 0.032488633670856672 0.56946798493408679 -0.058018488165277542 -0.033374233339537519 -0.0024130478916207397 -0.00298795615906153 0.12723558433549184 0.1511401849516604 -0.01034056252125609 -0.0049073893549430704 0.26136411553868866 -0.0027502544366526378 0.16887096774193552 0.20082304526748976 0.21311827956989252 -0.0060873310949540555 -0.01034056252125609 -0.0040809891810287173 0.11852388013056356 -0.014323806620185241 0.033970602420477163 -0.0011711603151161954 0.51244834710743803
decision_type=10 8 10 8 10 10 2 2 2 8 8 10 10 2 2 8 8 2 10 2 2 2 10 8 8 10 8 2 10 2
left_child=1 2 -1 4 -2 6 -6 -7 -9 -3 -4 12 13 15 -15 -11 -17 -14 -19 -16 22 -22 23 -21 28 26 -26 -20 -23 -28
right_child=3 9 10 -5 5 7 -8 8 -10 11 -12 -13 17 14 19 16 -18 18 27 20 21 24 -24 -25 25 -27 29 -29 -30 -31
leaf_value=2.0726376139489164 0.17162598016123098 -0.87056810222445413 1.7602884524346334 -0.5925445414124958 -0.33250494416659809 0.018402815991985646 0.24221757853298445 -0.22531323313343954 0.049347423382475997 -2.7719447307607545 0.24243270513990567 -0.0063563529848167421 2.2055607789759812 2.072273299949293 -1.4534123238831871 1.0043142225950057 -1.2431388262752323 1.4641334573153397 -0.4286529800471896 1.3324905579232358 -2.3936739905833084 -0.22342485002162091 2.704978985748872 -1.3316448779508638 1.31179223162187 -0.26681574755645221 0.65755708815263625 1.0122157661225506 0.16574558177428467 -0.0083440513033557675
leaf_weight=735 23603 1543 509 5233 34210 113925 4761 58566 24607 514 17977 234689 603 982 534 778 761 1328 1589 704 856 13835 595 542 1779 2018 5670 794 15248 3784
leaf_count=735 23603 1543 509 5233 34210 113925 4761 58566 24607 514 17977 234689 603 982 534 778 761 1328 1589 704 856 13835 595 542 1779 2018 5670 794 15248 3784
internal_value=-0.0129829 0.0379867 0.352614 -0.0723148 -0.061831 -0.0851728 -0.262292 -0.050152 -0.144054 0.0170719 0.284226 0.0218341 0.146867 0.0900087 0.128126 -0.774209 -0.106999 0.787411 0.556976 0.0862263 0.104484 0.0666645 0.991735 0.173613 0.116413 0.414461 0.536852 0.0514351 -0.0193857 0.391028
internal_weight=573272 308367 19221 264905 259672 236069 38971 197098 83173 289146 18486 287603 52914 48600 46547 2053 1539 4314 3711 45565 45031 43190 1841 1246 42334 13251 11233 2383 29083 9454
internal_count=573272 308367 19221 264905 259672 236069 38971 197098 83173 289146 18486 287603 52914 48600 46547 2053 1539 4314 3711 45565 45031 43190 1841 1246 42334 13251 11233 2383 29083 9454
is_linear=0
shrinkage=0.05


Tree=102
num_leaves=31
num_cat=0
split_feature=7 6 17 12 13 5 12 14 13 13 14 14 14 14 13 14 14 10 10 10 6 0 13 14 7 2 0 12 13 13
split_gain=556335 534626 497641 717407 823048 541902 532292 1.24294e+06 467858 486212 478479 432725 427765 2.42827e+06 962249 647740 694475 972823 504257 414872 398533 406753 586010 680596 440790 435327 383257 383216 1.12441e+06 1.07253e+06
threshold=-0.018894377864627835 4.988912840441766 0.057882862941276973 -0.005151053458202064 0.22997277853392964 0.13461836820400411 -0.009580108063527739 0.0033853320366185693 0.51541258577209559 0.48991919093377562 -0.0096976068340517887 0.0011880350620827728 0.012408643984512928 0.011824106625347611 0.41198591549295777 0.013401794456808247 0.014332030701907571 -0.044542511935091518 -0.080242435572512524 0.036989098302234326 1.4136031903545347 0.0061925103508323536 0.12723558433549184 -0.0011401989300968878 0.00099643641124441836 -0.026077463875878597 0.0048085314467878034 0.0019117719798810303 0.27226271979510425 0.58501502182415976
decision_type=10 2 2 8 2 8 10 10 2 2 8 8 10 10 2 10 10 10 10 10 2 10 2 10 10 10 10 8 2 2
left_child=1 11 12 4 -4 -5 -6 -8 9 -7 -10 -1 13 18 -15 26 17 -17 -2 -18 27 22 23 25 -23 -22 -14 29 -29 -20
right_child=2 -3 3 5 6 8 7 -9 10 -11 -12 -13 15 14 -16 16 19 -19 20 -21 21 24 -24 -25 -26 -27 -28 28 -30 -31
leaf_value=2.3019647541330825 0.23646837447666705 -0.44879461171673862 -0.36778492434917254 0.842416177762769 2.4211404801661751 -0.52004503453515472 -0.85864785230102181 1.7365297011616363 1.3135612957122236 -1.5436378591607127 -0.2499840520375349 0.63402973105884308 0.030518668988458744 -3.4026489904677426 -0.89253825354681227 -2.6246297761355297 0.52534288173859012 0.041487914294313422 -0.0083099560065495719 -0.42418939892160845 -2.6376701011107517 -0.32526725580071086 -0.0083801961234824928 0.04610887357000127 -0.0052966699328068018 -0.80822160692019074 1.6612920413941266 -1.9288357980921866 0.11119251978798675 -1.2069164288091534
leaf_weight=603 21033 662 2196 886 502 8602 828 1042 520 1341 8290 1095 507 675 879 505 5934 1061 257232 1427 546 28757 103093 1328 17202 804 1245 680 100971 1880
leaf_count=603 21033 662 2196 886 502 8602 828 1042 520 1341 8290 1095 507 675 879 505 5934 1061 257232 1427 546 28757 103093 1328 17202 804 1245 680 100971 1880
internal_value=-0.00963895 0.75646 -0.0128111 -0.234648 0.329742 -0.365924 0.975513 0.587435 -0.423013 -0.658096 -0.157698 1.22635 -0.00297155 -0.00922512 -1.98284 0.310369 0.137857 -0.818275 -0.00347658 0.341267 -0.0133241 -0.0813123 -0.0273486 -0.75756 -0.205505 -1.54813 1.18937 0.0152705 0.0975456 -0.0170065
internal_weight=572326 2360 569966 24207 4568 19639 2372 1870 18753 9943 8810 1698 545759 535080 1554 10679 8927 1566 533526 7361 512493 151730 105771 2678 45959 1350 1752 360763 101651 259112
internal_count=572326 2360 569966 24207 4568 19639 2372 1870 18753 9943 8810 1698 545759 535080 1554 10679 8927 1566 533526 7361 512493 151730 105771 2678 45959 1350 1752 360763 101651 259112
is_linear=0
shrinkage=0.05


Tree=103
num_leaves=31
num_cat=0
split_feature=2 9 12 14 12 14 14 12 12 17 12 14 14 14 14 14 12 12 14 9 14 12 12 12 17 14 14 14 10 14
split_gain=573691 771074 1.73207e+06 481127 529983 1.03359e+06 674331 728852 820422 628470 638634 603922 603675 560737 499959 453413 475398 584557 1.18403e+06 431288 1.23937e+06 978390 552719 429148 503525 480918 1.41651e+06 718163 539744 494947
threshold=0.002326428393100682 -0.049842431534780525 -0.018397836894734759 0.003175157908231327 0.0084027174470880702 0.0091590992600573077 0.02042647176750689 0.0026205806401390446 0.0030953910451583587 0.051319881214339592 0.0025842988345618685 0.00334177506558041 0.0050249561938617059 0.0060707602189851726 0.01135832798867265 0.0093921061047047109 -0.0079068726198417965 -0.0012561437787633647 0.012408643984512928 -0.019782248308338701 0.01135832798867265 0.0036025630021501933 0.0047207016233077543 0.0074590984930701697 0.028549619526452203 0.0016381316822270302 0.0021588835689403852 0.0010896464249950553 0.051028277156229755 -0.0045940713398687502
decision_type=8 8 8 10 10 10 10 10 10 2 10 10 10 10 10 10 10 10 10 10 8 10 10 10 2 8 10 10 10 10
left_child=1 2 -1 23 6 -6 7 9 12 10 -5 -10 -9 -14 -11 -3 -17 18 -18 20 21 -13 -23 24 -2 27 -27 28 29 -25
right_child=3 15 -4 4 5 -7 -8 8 11 14 -12 19 13 -15 -16 16 17 -19 -20 -21 -22 22 -24 25 -26 26 -28 -29 -30 -31
leaf_value=2.7048235891461818 -0.035772236938139593 0.03681648109572299 0.25143285990802355 -0.014446712860002356 -2.0568463392173006 0.0045233130315293019 0.82177860246433942 0.37931510715262962 1.1480497345085754 -0.31974391114717665 -1.696053336208857 -1.4583458513880516 2.8196139474976403 0.94089887527601612 -1.4359097810083137 0.73053040186245721 -2.135063093312477 -0.11447255382859021 0.29732127088282323 0.13246878016113192 -2.4134210303989376 1.3087330653982989 -0.19181815219882767 -0.10347912217332887 -0.24467312634666896 -2.7416076742353894 0.52441841156808777 1.9750992615994218 -0.85426660512321284 0.71996801115542686
leaf_weight=845 49448 292849 4840 94402 915 1813 2554 3610 1290 7637 568 902 552 1416 1155 779 1330 2722 802 20148 661 1089 1406 3353 69233 525 903 605 1076 4004
leaf_count=845 49448 292849 4840 94402 915 1813 2554 3610 1290 7637 568 902 552 1416 1155 779 1330 2722 802 20148 661 1089 1406 3353 69233 525 903 605 1076 4004
internal_value=-0.00779823 0.0392564 0.616097 -0.060952 0.003214 -0.686882 0.0169165 0.00167114 0.214097 -0.0619448 -0.0245041 0.0939277 0.763368 1.46786 -0.466374 0.0282696 -0.416065 -0.600078 -1.22007 0.0377508 -0.432525 -0.0470751 0.463132 -0.130569 -0.157635 0.176355 -0.676326 0.311079 0.191699 0.344677
internal_weight=573432 304167 5685 269265 140118 2728 137390 134836 31074 103762 94970 25496 5578 1968 8792 298482 5633 4854 2132 24206 4058 3397 2495 129147 118681 10466 1428 9038 8433 7357
internal_count=573432 304167 5685 269265 140118 2728 137390 134836 31074 103762 94970 25496 5578 1968 8792 298482 5633 4854 2132 24206 4058 3397 2495 129147 118681 10466 1428 9038 8433 7357
is_linear=0
shrinkage=0.05


Tree=104
num_leaves=31
num_cat=0
split_feature=8 13 13 12 12 13 12 13 12 12 13 14 12 17 9 14 12 14 14 12 12 12 12 12 12 13 12 14 12 14
split_gain=474543 583167 1.33249e+06 1.51825e+06 1.3158e+06 1.35259e+06 1.1689e+06 1.33391e+06 1.95501e+06 988840 930284 875993 1.24598e+06 829238 778675 613827 587918 1.82885e+06 1.95451e+06 1.21419e+06 955241 837702 818810 913783 850746 1.32672e+06 1.85847e+06 1.24826e+06 1.03931e+06 1.30487e+06
threshold=0.048985473151798305 0.40709906380380595 0.38449010273114514 -0.001971657212894184 -0.0017336470331282018 0.39764987936352814 -0.0020305403594664752 0.42713548097429571 -0.0022352511682086954 0.0011352494099923214 0.41198591549295777 0.0028356026167798884 -0.0021742972660686462 0.063709155212157517 -0.083267613653601594 0.0074215569044722733 -9.5960842319426593e-05 -0.00066130064357517338 0.0080632901619468612 -0.00040257122609814168 0.0014795005132255885 -0.0017796067426323384 -0.0013715312726306137 -0.0014150253318685176 -0.00030448407412819826 0.46374525670918493 -0.0010721113461111904 0.0003638193562769605 -0.00054918207854964894 0.0022295287824267815
decision_type=10 2 2 10 10 2 8 2 10 10 2 10 10 2 8 10 8 10 10 10 10 10 10 10 10 2 10 10 10 10
left_child=-1 2 14 11 5 -5 7 8 10 15 -3 12 -4 16 -2 -6 17 -8 21 -20 -18 -19 23 -23 25 27 -27 -24 29 -28
right_child=1 6 3 4 9 -7 13 -9 -10 -11 -12 -13 -14 -15 -16 -17 20 18 19 -21 -22 22 24 -25 -26 26 28 -29 -30 -31
leaf_value=0.16584730665762443 1.3642649291779552 0.21043731125140039 -1.2466832464098256 2.0399024447447203 -0.20733550907286036 -1.0588656897904605 0.89984793844172928 2.5681418843216606 2.1876872207255977 -1.9621004289248711 -2.3459828611334408 -1.9094166996832052 1.4111749956751849 -0.47149801701232308 -0.055966326168359781 -1.6171249011381186 -0.13357017989106632 -1.2273217346318499 0.58789540424897979 2.4601514633394541 0.057243873779688759 0.3874448689857985 -1.1719015209630657 2.5920903128930011 0.32160118128522341 -3.524860122508553 -1.4097335914283797 0.058966125208572806 -1.0744325025221093 1.1171912780804234
leaf_weight=34822 971 926 1679 1153 13762 507 7250 918 887 937 578 2461 598 8942 159191 818 106034 1429 4140 1095 171955 3377 2226 546 11310 578 765 27587 3710 1538
leaf_count=34822 971 926 1679 1153 13762 507 7250 918 887 937 578 2461 598 8942 159191 818 106034 1429 4140 1095 171955 3377 2226 546 11310 578 765 27587 3710 1538
internal_value=-0.0130316 -0.0246123 -0.0973901 -0.463055 -0.244483 1.09347 0.0126319 0.947996 0.325958 -0.387617 -0.772017 -1.25546 -0.54866 0.00385092 -0.047356 -0.286431 0.0162238 0.150923 0.0577902 0.979513 -0.0155388 -0.0331384 -9.06722e-05 0.694286 -0.0571816 -0.174862 -0.816829 -0.0329371 -0.556519 0.277809
internal_weight=572690 537868 182077 21915 17177 1660 355791 3309 2391 15517 1504 4738 2277 352482 160162 14580 343540 65551 58301 5235 277989 53066 51637 3923 47714 36404 6591 29813 6013 2303
internal_count=572690 537868 182077 21915 17177 1660 355791 3309 2391 15517 1504 4738 2277 352482 160162 14580 343540 65551 58301 5235 277989 53066 51637 3923 47714 36404 6591 29813 6013 2303
is_linear=0
shrinkage=0.05


Tree=105
num_leaves=31
num_cat=0
split_feature=2 9 9 8 13 13 2 9 5 9 8 8 6 13 2 13 13 11 13 13 13 4 7 8 13 13 2 13 13 13
split_gain=501664 629908 537459 458930 424789 767305 494890 840075 419370 360532 498813 413457 389242 272356 272014 241692 683665 562812 499025 924297 659814 662729 456065 390817 355063 576053 461839 384168 453339 638973
threshold=-0.0059795833035149815 -0.083267613653601594 0.05633272868086469 0.022333898643255579 0.51541258577209559 0.51729576851952586 -0.046673660639999982 0.0019489678328598113 1.4123447243969591 0.0037809843495332637 0.99997371464619966 0.71127894942433267 1.4927808871385915 0.63525000951571375 -0.026077463875878597 0.086379690949227386 0.12723558433549184 -0.04016038629089725 0.22419210611291887 0.22997277853392964 0.21613322924798337 0.016316761584081168 0.0020283539127739637 0.17647058823530273 0.1511401849516604 0.16887096774193552 -0.023434432101804775 0.20834805061934403 0.1935457635940728 0.18612563033917431
decision_type=10 8 8 10 2 2 8 10 10 8 8 8 2 2 10 2 2 10 2 2 2 8 10 10 2 2 10 2 2 2
left_child=1 -1 9 14 6 -6 7 8 -5 10 -2 12 -11 -4 -3 17 23 -8 20 -20 21 22 24 -17 26 -26 -18 28 29 -27
right_child=2 3 13 4 5 -7 15 -9 -10 11 -12 -13 -14 -15 -16 16 18 -19 19 -21 -22 -23 -24 -25 25 27 -28 -29 -30 -31
leaf_value=1.3511686015733866 -0.055605632930082693 0.86223302557103454 -0.32966810322400802 -0.59733370068474134 2.0403297447304496 0.17280856981297782 1.0019413712282377 -1.6569761412277904 1.0408618628265969 0.032818595134415311 -0.47563374207906906 0.13697509534269567 -0.17045715595846406 -1.1558025831956849 0.24614883801227819 -0.24456476970900895 2.0197629691703898 -0.44448540489887389 -1.73050956194157 -0.01805130360893073 1.6313584570793962 -0.21263206231366319 1.5305589772627226 -1.263945589348674 -0.72484752965559318 0.74653905266514897 0.40488760165837895 -0.35005861641537056 1.4263679044807975 -0.99461564817115622
leaf_weight=956 256140 2212 5892 939 562 25798 1788 1217 669 76994 7269 56337 33927 1201 9428 2333 651 1078 797 69575 842 6104 892 1575 1424 1980 1384 1264 1278 718
leaf_count=956 256140 2212 5892 939 562 25798 1788 1217 669 76994 7269 56337 33927 1201 9428 2333 651 1078 797 69575 842 6104 892 1575 1424 1980 1384 1264 1278 718
internal_value=-0.0118323 0.072253 -0.0378523 0.0631633 0.0347366 0.212624 -0.0138513 -0.665876 0.084229 -0.0307423 -0.0671967 0.0266684 -0.0293566 -0.469551 0.363226 0.00581042 -0.00845633 0.457891 0.0206343 -0.0374458 0.26779 0.194638 0.453836 -0.655395 0.343429 0.166905 0.921489 0.409244 0.650632 0.283178
internal_weight=573224 135464 437760 134508 122868 26360 96508 2825 1608 430667 263409 167258 110921 7093 11640 93683 90817 2866 86909 70372 16537 15695 9591 3908 8699 6664 2035 5240 3976 2698
internal_count=573224 135464 437760 134508 122868 26360 96508 2825 1608 430667 263409 167258 110921 7093 11640 93683 90817 2866 86909 70372 16537 15695 9591 3908 8699 6664 2035 5240 3976 2698
is_linear=0
shrinkage=0.05


Tree=106
num_leaves=31
num_cat=0
split_feature=10 12 13 14 14 13 13 14 13 12 14 12 12 14 11 14 13 9 17 14 14 13 13 13 14 17 12 13 14 13
split_gain=493449 739344 1.7828e+06 734848 712169 767401 525909 906222 584585 524107 691303 504983 1.04704e+06 783437 771213 546994 515885 472405 465087 393799 373466 551623 785765 370524 409767 356571 354329 341946 1.4796e+06 1.83918e+06
threshold=-0.07752820007001722 -0.0055529359160462902 0.29346189070927042 0.013401794456808247 0.0060707602189851726 0.10532212885154063 0.41800076844262302 0.0017793135045680909 0.43584893136864472 -0.014023419856971607 0.0038633342151741254 0.0046182709642192434 0.0035086205370923411 -0.011175828150746085 -0.21742521345156099 0.0091590992600573077 0.46218202374222733 -0.016924351973102259 0.04558587526786307 0.017502042061277878 0.0270617032583759 0.44220408383169013 0.28708151012516542 0.35294883110417091 -0.00098861099964685771 0.018116400453426794 -0.009580108063527739 0.40709906380380595 0.0093921061047047109 0.30822077922077928
decision_type=8 8 2 8 10 2 2 8 2 10 8 10 8 10 10 8 2 10 2 10 10 2 2 2 10 2 10 2 10 2
left_child=1 2 3 4 5 -1 7 23 -8 -7 26 12 15 -13 -14 16 17 -10 19 25 21 22 -21 24 -3 -2 -11 28 -27 -30
right_child=18 6 -4 -5 -6 9 8 -9 11 10 -12 13 14 -15 -16 -17 -18 -19 -20 20 -22 -23 -24 -25 -26 27 -28 -29 29 -31
leaf_value=2.1223502788663837 0.16694538613111382 0.31759402189240027 2.7641229691401383 -1.4212687008442932 2.0448741255026914 -1.2157000140079237 1.5014314554260539 0.18626633825753736 -1.392913912924874 1.2317323607450366 -1.3924876559121604 2.2793606108314202 -2.6972439927774818 0.32546011686613924 -0.45579799580549407 -0.95856361573750393 0.47857671176562167 0.35713841909126848 -0.14030792059963731 1.4092783306492809 -0.29998384882457946 2.1607666714223734 -1.139306164420631 -1.7545425600756048 -1.3099458542829663 -0.048266441484946077 0.14486571550369262 0.018958632418894228 -2.3604067700633147 -0.14159307247265215
leaf_weight=516 29328 728 870 538 668 659 823 3518 786 1290 507 581 562 4385 1210 979 6783 757 65779 741 806 654 511 1075 825 151034 1791 290353 1566 2314
leaf_count=516 29328 728 870 538 668 659 823 3518 786 1290 507 581 562 4385 1210 979 6783 757 65779 741 806 654 511 1075 825 151034 1791 290353 1566 2314
internal_value=-0.00478887 0.193132 0.649584 0.341383 0.515993 0.301571 0.0574784 -0.338488 0.201769 0.0803512 0.318394 0.135097 -0.0527301 0.554058 -1.16669 0.159406 0.290861 -0.534333 -0.0156677 0.0015093 0.602302 0.983857 0.369081 -1.04096 -0.547004 -0.00192384 0.599932 -0.0130466 -0.0730335 -1.03712
internal_weight=572937 29851 6839 5969 5431 4763 23012 6146 16866 4247 3588 16043 11077 4966 1772 9305 8326 1543 543086 477307 2712 1906 1252 2628 1553 474595 3081 445267 154914 3880
internal_count=572937 29851 6839 5969 5431 4763 23012 6146 16866 4247 3588 16043 11077 4966 1772 9305 8326 1543 543086 477307 2712 1906 1252 2628 1553 474595 3081 445267 154914 3880
is_linear=0
shrinkage=0.05


Tree=107
num_leaves=31
num_cat=0
split_feature=2 7 9 12 1 8 12 2 9 7 12 11 17 17 5 12 12 12 12 12 17 12 11 9 9 9 6 4 9 6
split_gain=528910 552051 547392 1.72717e+06 431680 393267 415448 521358 811476 412654 376961 363562 505108 385776 424230 350905 531763 298279 262751 238833 252197 230279 229220 228657 234245 227245 215512 322716 257268 210547
threshold=-0.0017655963634188433 0.014985696435696952 -0.066042529569280334 -0.018397836894734759 -0.0099975214188716566 0.027522935779812258 0.0086759873145388564 -0.058018488165277542 0.0042898572397790432 0.0095437810402348201 0.0080283938590056132 -0.11569199048791524 0.021027698949167322 0.061877326001551755 0.18510197224049094 0.0026669142903271779 0.0030639036876704264 0.002829391006346734 -0.0073909465954626521 0.0025842988345618685 0.034951706291983582 0.0084027174470880702 -0.041931481483274288 0.0039392747143877247 0.05633272868086469 0.05633272868086469 1.0385085358858699 0.17845503968036194 0.052480143772588632 1.5359035783687649
decision_type=8 8 8 8 8 10 8 10 10 10 10 8 2 2 8 10 10 10 8 10 2 10 10 10 10 10 2 10 10 2
left_child=2 4 3 -1 18 -4 7 8 -7 -8 26 23 22 15 -15 19 17 -17 -2 20 -14 -12 -13 -6 -25 -3 28 -28 -9 -18
right_child=1 25 5 -5 11 6 9 10 -10 -11 21 12 13 14 -16 16 29 -19 -20 -21 -22 -23 -24 24 -26 -27 27 -29 -30 -31
leaf_value=3.3672943900614918 0.23836039840489676 -0.48827288361421711 0.27670252399026801 0.033987853858893677 0.033105072107383747 0.1769220517520971 0.30322021549299188 0.068537596339216508 -2.1661937962911972 1.7621971250059252 -1.4909018065991806 -0.074128458601084399 -0.053646545681193362 0.60807765176740747 -0.71878757843123786 0.07539535642656954 0.039555423846673855 0.66551552664744218 -0.42082026464983208 -0.61099860320486554 -0.17767107861682885 -0.16303053955299729 0.17871169665000508 0.32872014198073851 -0.70453722300429789 -1.6074153921903314 0.0088647788853192921 -0.26473473734707015 1.0203375710744957 -0.18271234328748318
leaf_weight=517 1761 3295 17106 1565 31465 789 5781 100722 695 529 652 12439 127666 708 4039 3883 38716 4774 10680 2256 60372 654 32087 12357 574 526 69114 12769 715 14700
leaf_count=517 1761 3295 17106 1565 31465 789 5781 100722 695 529 652 12439 127666 708 4039 3883 38716 4774 10680 2256 60372 654 32087 12357 574 526 69114 12769 715 14700
internal_value=-0.00783288 -0.0445166 0.054974 0.861711 -0.0381445 0.0469577 0.0265335 0.0130056 -0.920427 0.425534 0.0205084 -0.0277408 -0.0474027 -0.0743281 -0.52089 -0.0659283 0.0373027 0.400824 -0.327514 -0.0996017 -0.0934662 -0.825949 0.108077 0.105848 0.282854 -0.642334 0.0265387 -0.0338009 0.0752466 -0.0216123
internal_weight=573906 362298 211608 2082 358477 209526 192420 186110 1484 6310 184626 346036 301640 257114 4747 252367 62073 8657 12441 190294 188038 1306 44526 44396 12931 3821 183320 81883 101437 53416
internal_count=573906 362298 211608 2082 358477 209526 192420 186110 1484 6310 184626 346036 301640 257114 4747 252367 62073 8657 12441 190294 188038 1306 44526 44396 12931 3821 183320 81883 101437 53416
is_linear=0
shrinkage=0.05


Tree=108
num_leaves=31
num_cat=0
split_feature=10 12 17 12 12 14 5 13 12 17 12 13 14 14 13 12 14 14 17 2 14 12 12 12 12 14 12 13 14 12
split_gain=478561 939586 470047 1.00979e+06 568214 503034 512561 410224 1.13722e+06 394761 405795 679897 526591 551148 1.18187e+06 1.90778e+06 1.00407e+06 933584 647785 581140 540538 493875 1.10562e+06 890976 477745 943736 1.36728e+06 3.06022e+06 1.33222e+06 1.53801e+06
threshold=-0.080242435572512524 -0.022058472749514658 0.063709155212157517 -0.009580108063527739 0.010100173992290821 0.02042647176750689 0.13461836820400411 0.90882120253164567 0.016890380576231493 0.024971868750422465 0.0019809111138973101 0.30822077922077928 0.02042647176750689 0.0093921061047047109 0.30822077922077928 -0.0061352421811348484 0.013401794456808247 0.0084436808036504798 0.03938037161250485 0.0065663293733787716 0.0089500665715177719 -0.0026961470868247499 -0.0012561437787633647 0.00046478755147587292 0.0030639036876704264 0.00083291358709311307 0.0047207016233077543 0.57920097497030032 -0.0049073893549430704 0.0044897591480958987
decision_type=10 8 2 8 10 10 8 2 10 2 10 2 10 10 2 10 10 10 2 10 10 10 10 10 10 8 10 2 10 10
left_child=1 -1 7 -4 5 6 -5 8 9 -2 12 -12 13 17 15 -15 -17 19 -16 -11 -19 -20 -23 -24 -13 26 27 -26 -29 -30
right_child=2 -3 3 4 -6 -7 -8 -9 -10 10 11 24 -14 14 18 16 -18 20 21 -21 -22 22 23 -25 25 -27 -28 28 29 -31
leaf_value=2.1964134477984367 0.060250964640459509 0.15548153642415333 1.1772224866626146 0.80300905657681132 -2.0749052232446021 0.92735207187017199 -0.56090815712994679 -0.90708902030477589 1.9276889182637018 -0.025205180375088329 -1.461112528750198 0.20897945502620657 0.9129477447612695 0.038300275829043127 0.18404006162753309 -4.271053040787578 -1.33797529821717 1.3015955620868023 0.70915637576443291 -0.19458686533534686 0.15505443686837508 -3.0781142657295724 0.97726097516347199 -1.153464651594547 1.5680082288520056 0.14623096587584039 0.015208758667578967 -2.333085791324474 -0.49924417800163828 -2.8494112442798172
leaf_weight=576 148044 26895 1037 742 515 694 9612 1267 759 191439 742 34936 1362 1128 5413 600 568 1919 523 68852 2214 507 708 1598 1324 39301 20727 1562 7002 773
leaf_count=576 148044 26895 1037 742 515 694 9612 1267 759 191439 742 34936 1362 1128 5413 600 568 1919 523 68852 2214 507 708 1598 1324 39301 20727 1562 7002 773
internal_value=-0.00535394 0.198275 -0.0156016 -0.317447 -0.451493 -0.375818 -0.463166 -0.00846966 -0.00632953 -0.00909272 -0.0358828 0.0471244 -0.0677767 -0.0726257 -0.418673 -1.42831 -2.84469 -0.0581713 -0.153714 -0.0700099 0.687407 -0.701754 -0.964074 -0.499278 0.0577195 -0.0170364 -0.221464 -0.6816 -1.0006 -0.732901
internal_weight=573339 27471 545868 12600 11563 11048 10354 533268 532001 531242 383198 106367 276831 275469 11045 2296 1168 264424 8749 260291 4133 3336 2813 2306 105625 70689 31388 10661 9337 7775
internal_count=573339 27471 545868 12600 11563 11048 10354 533268 532001 531242 383198 106367 276831 275469 11045 2296 1168 264424 8749 260291 4133 3336 2813 2306 105625 70689 31388 10661 9337 7775
is_linear=0
shrinkage=0.05


Tree=109
num_leaves=31
num_cat=0
split_feature=7 10 6 7 10 8 12 13 11 2 14 14 13 13 13 12 14 12 14 12 13 12 13 13 12 12 12 12 12 14
split_gain=551134 529869 451560 509735 472064 437662 421406 694718 487000 403625 387511 721808 384038 1.23173e+06 937564 1.39932e+06 900128 844048 1.28376e+06 896592 1.03293e+06 1.54418e+06 1.65736e+06 1.10089e+06 1.1962e+06 1.05294e+06 840054 1.50518e+06 1.09648e+06 953053
threshold=-0.018894377864627835 -0.051556293272775867 2.944881103827294 -0.0096141191565461814 0.0076185334930552314 0.58823529411764486 -0.0047965554486507833 0.23871975019516004 -0.049392211638271254 0.028173779395739253 0.0011296176608035534 -0.0019443866454812513 0.40709906380380595 0.35294883110417091 0.35027571474701313 -0.0025168970306861157 0.0270617032583759 -0.0013715312726306137 -0.0036085129402870018 -0.0014150253318685176 0.44220408383169013 -0.001971657212894184 0.42713548097429571 0.42833800186741366 -0.0016531034515771946 -0.0022352511682086954 0.0027264279438080886 0.0018584444144806192 -0.0018191691337477672 -9.1784016183020094e-05
decision_type=10 10 2 10 8 8 10 2 10 10 8 10 2 2 2 10 10 8 10 10 2 10 2 2 10 10 10 10 10 10
left_child=1 -1 3 6 9 -6 7 10 -9 -4 11 -2 13 14 26 -16 17 18 -14 20 21 22 25 24 -23 -20 27 28 -5 -30
right_child=2 -3 4 12 5 -7 -8 8 -10 -11 -12 -13 16 -15 15 -17 -18 -19 19 -21 -22 23 -24 -25 -26 -27 -28 -29 29 -31
leaf_value=1.6804367999385175 -0.20664289689757676 0.15557121615704628 0.12979145134038625 -0.021568106256932829 -0.43268221944360558 -0.076040460997284287 0.00048956068016025916 1.9565079650400348 0.14711507785183783 -0.41460488030404519 -0.094960963787579289 1.7572122481522308 2.8626605338498812 -0.27194201178001348 2.1958983146620716 -0.40824690472825875 -1.9850541259757841 0.015906672530146961 -0.72781738267025653 1.8676219866009938 1.0983037356107246 0.62590295410310981 2.9714302914770268 -2.1682885486636199 -1.467563246230958 1.7644097069373883 1.3716824339719507 -2.4916390169902072 2.6041117120171542 0.46193537535876827
leaf_weight=931 884 1468 18734 115507 17978 16495 5418 1281 524 4161 2809 994 535 50864 1191 910 555 317639 1321 880 2318 1618 660 1031 1180 624 1110 608 678 2217
leaf_count=931 884 1468 18734 115507 17978 16495 5418 1281 524 4161 2809 994 535 50864 1191 910 555 317639 1321 880 2318 1618 660 1031 1180 624 1110 608 678 2217
internal_value=-0.00892441 0.747339 -0.0121033 0.00276427 -0.145145 -0.262033 0.326052 0.597755 1.43123 0.0308514 0.276776 0.832799 -0.00491423 -0.0651828 0.020863 1.06797 0.0268544 0.0302607 0.478712 0.346298 0.193332 -0.132706 0.806406 -0.771616 -0.256974 0.0717454 0.00254814 -0.0102217 0.00252049 0.963626
internal_weight=573123 2399 570724 513356 57368 34473 11910 6492 1805 22895 4687 1878 501446 173085 122221 2101 328361 327806 10167 9632 8752 6434 2605 3829 2798 1945 120120 119010 118402 2895
internal_count=573123 2399 570724 513356 57368 34473 11910 6492 1805 22895 4687 1878 501446 173085 122221 2101 328361 327806 10167 9632 8752 6434 2605 3829 2798 1945 120120 119010 118402 2895
is_linear=0
shrinkage=0.05


Tree=110
num_leaves=31
num_cat=0
split_feature=9 7 9 6 8 8 7 0 2 9 13 2 10 11 9 13 10 13 2 13 9 13 8 13 13 6 1 13 4 10
split_gain=555341 455295 483435 463406 486117 484317 487230 479378 466089 384496 357836 348251 341028 305766 325777 301799 668897 419101 330282 296286 268697 253569 388148 279664 405087 240261 239963 219531 380837 214677
threshold=0.096262222323792196 -0.018894377864627835 -0.04213173244250918 1.1799886699208151 0.72222222222222432 0.99997371464619966 0.010897874333830078 0.0058917801761947672 0.012147369954035305 0.0041106588612326283 0.086379690949227386 -0.046673660639999982 0.055201363025340178 -0.09200384397721266 0.0034548316617539015 0.12723558433549184 -0.021785209657284386 0.086379690949227386 -0.029718135603776615 0.72935854814976298 0.0086755518465738892 0.15807227410438207 0.19873817034700506 0.14237178822743557 0.10532212885154063 10.698914546605371 -0.0082490156547933621 0.1511401849516604 -0.16588105693524804 -0.0056878758654360659
decision_type=8 8 10 2 8 10 10 10 10 10 2 8 10 10 10 2 10 2 10 2 10 2 10 2 2 2 10 2 10 10
left_child=1 2 -1 5 7 9 20 8 15 10 29 -12 -9 -6 -15 16 17 -5 -18 -11 -7 22 23 24 -13 -14 -24 28 -17 -3
right_child=-2 3 -4 4 13 6 -8 12 -10 19 11 21 25 14 -16 27 18 -19 -20 -21 -22 -23 26 -25 -26 -27 -28 -29 -30 -31
leaf_value=1.8542369714255607 -0.81542951314941492 1.1166306740374599 0.22000674902782091 1.1841718914574899 0.26076865430724128 -0.41235595578290235 -1.7250366593987874 -0.16795296501830009 -0.46971970476813579 0.095481508287352329 1.2552111446614349 -0.86062189771010811 -0.40866832986020613 -0.13862439406250357 0.10985393424271434 1.5441356211756274 -2.0873113185722292 -0.42056939524643877 -0.67126685209637715 0.57195976208205068 0.34601186127621247 -0.0020705748095581015 -1.3434557023987148 -0.64285132500692921 0.66053014597390325 -1.2678074497314207 -0.40043839712061458 -0.016679110061720463 0.043349097524780084 -0.1232430999486325
leaf_weight=655 2129 1131 1464 756 13432 5458 609 41148 6235 113688 544 565 10964 24774 28214 619 537 881 1766 3359 1486 213377 1074 1086 1942 879 1814 90364 1333 505
leaf_count=655 2129 1131 1464 756 13432 5458 609 41148 6235 113688 544 565 10964 24774 28214 619 537 881 1766 3359 1486 213377 1074 1086 1942 879 1814 90364 1333 505
internal_value=-0.00939519 -0.00638806 0.72516 -0.00911461 -0.0655339 0.0270025 -0.368994 -0.113903 -0.0507744 0.0358232 -0.0028338 -0.00830248 -0.236002 0.0476932 -0.00631958 -0.0236372 -0.452191 0.320533 -1.00145 0.109155 -0.250067 -0.0114288 -0.319535 0.0273759 0.31771 -0.472435 -0.751131 -0.00534671 0.519264 0.733907
internal_weight=572788 570659 2119 568540 221902 346638 7553 155482 102491 339085 222038 220402 52991 66420 52988 96256 3940 1637 2303 117047 6944 219858 6481 3593 2507 11843 2888 92316 1952 1636
internal_count=572788 570659 2119 568540 221902 346638 7553 155482 102491 339085 222038 220402 52991 66420 52988 96256 3940 1637 2303 117047 6944 219858 6481 3593 2507 11843 2888 92316 1952 1636
is_linear=0
shrinkage=0.05


Tree=111
num_leaves=31
num_cat=0
split_feature=9 2 9 1 17 8 12 17 13 11 17 13 13 9 12 13 12 12 0 0 5 13 13 12 12 12 13 12 13 12
split_gain=534227 418592 588853 528852 444878 415023 413038 428863 349642 349178 383652 353432 409084 339753 355687 327502 699178 620238 522719 510292 588936 402037 586618 526153 341465 444214 395729 773271 435435 973075
threshold=0.096262222323792196 -0.0085106896679086729 -0.083267613653601594 -0.014777220081785144 0.018330238411585622 0.027522935779812258 0.0086759873145388564 0.02626740634169358 0.75141677792006112 -0.11569199048791524 0.03802798900710426 0.72935854814976298 0.82686437975490878 0.0082671391336857029 0.0084027174470880702 0.51541258577209559 0.0031633743668316463 0.0032865600098731709 -0.019991043934253144 -0.037891549217626504 1.2408643212516595 0.58501502182415976 0.6324016361511493 0.0039427794345600299 0.0027264279438080886 0.00025540098350028271 0.41198591549295777 -0.0013715312726306137 0.31775210084033617 -0.0041064867425633029
decision_type=8 8 10 8 2 10 10 2 2 10 2 2 2 10 8 2 10 10 10 10 8 2 2 10 10 8 2 10 2 10
left_child=1 2 -1 -3 -5 -4 8 -8 15 11 -11 13 -13 -6 -15 19 18 -18 -17 20 -7 -19 23 -23 25 26 28 -28 -21 -30
right_child=-2 3 5 4 9 6 7 -9 -10 10 -12 12 -14 14 -16 16 17 21 -20 24 -22 22 -24 -25 -26 -27 27 -29 29 -31
leaf_value=1.3897627912379551 -0.8049882773706859 -0.38236529699314803 0.37289947237361926 0.17345197804265999 -0.017116109676615237 -1.3735313541566334 -0.4771781934196172 1.0363259568825913 -1.2122765746871125 -0.02011683056767169 -0.14240637812212975 0.95537974225608557 -0.067099196334853686 0.34143412754354946 -0.99897128573656657 1.4950331004690223 -1.7174704258601474 1.3053966729843414 0.37169539510495797 0.076254039025224596 0.62969519922409811 0.16439563905424737 0.18373810455394202 -1.8349239784508324 0.98323268063248692 -0.38192033830389921 1.2839091575848836 0.12892927680729763 -1.2108987406110368 -0.078609893918576534
leaf_weight=861 2093 10103 10565 28843 41185 1356 618 1929 569 291965 82190 2386 1658 11589 517 1190 587 527 7981 35115 503 551 3664 817 886 7003 1723 9119 2222 12991
leaf_count=861 2093 10103 10565 28843 41185 1356 618 1929 569 291965 82190 2386 1658 11589 517 1190 587 527 7981 35115 503 551 3664 817 886 7003 1723 9119 2222 12991
internal_value=-0.00762913 -0.00470751 0.08777 -0.0245181 -0.0166643 0.0765504 0.0415096 0.669092 0.0230951 -0.0293727 -0.04698 0.0855284 0.536173 0.0513311 0.284191 0.0312464 0.240912 -0.171745 0.517456 -0.0140375 -0.831507 -0.00852499 -0.146132 -1.02964 0.00796797 -0.00470691 0.0384781 0.312478 -0.0205488 -0.243991
internal_weight=573306 571213 100777 470436 460333 99916 89351 2547 86804 431490 374155 57335 4044 53291 12106 86235 15317 6146 9171 70918 1859 5559 5032 1368 69059 68173 61170 10842 50328 15213
internal_count=573306 571213 100777 470436 460333 99916 89351 2547 86804 431490 374155 57335 4044 53291 12106 86235 15317 6146 9171 70918 1859 5559 5032 1368 69059 68173 61170 10842 50328 15213
is_linear=0
shrinkage=0.05


Tree=112
num_leaves=31
num_cat=0
split_feature=10 12 12 13 13 14 14 9 10 12 14 14 13 12 13 13 14 12 5 5 14 14 12 14 14 13 13 12 12 12
split_gain=643467 827679 495283 684464 637793 996727 437983 536395 427191 394035 387481 489589 555655 424095 815297 615140 656560 445966 437948 427326 477730 385008 384712 420928 328629 771835 1.16244e+06 796065 2.097e+06 2.04584e+06
threshold=-0.080242435572512524 -0.022058472749514658 -0.005151053458202064 0.28708151012516542 0.23871975019516004 0.0060707602189851726 0.0028928064067324064 -0.026235888670119993 0.20969083329394492 0.013653625485355612 -0.013851110702276003 -0.0051969762561474954 0.5329497340136794 0.0029363100130794062 0.6278103044496488 0.66007812500000018 0.0015755726421851299 0.0034523123365529499 0.58146251793172576 0.44329861242032104 -0.00054707319914303108 0.0011296176608035534 -0.0029011578399033094 0.0041789934126616581 0.0022799257668168122 0.068898305084745773 0.15807227410438207 -0.0055529359160462902 -0.0053792657575758062 -0.0070682575628737343
decision_type=10 8 8 2 2 10 8 10 10 10 8 8 2 8 2 2 10 10 10 10 8 8 10 8 8 2 2 8 8 10
left_child=1 -1 4 -4 6 -6 -3 -8 24 10 -5 12 -12 19 17 -16 -17 -15 -19 -13 -21 -22 23 -23 -2 -26 -27 29 -29 -28
right_child=8 2 3 9 5 -7 7 -9 -10 -11 11 13 -14 14 15 16 -18 18 -20 20 21 22 -24 -25 25 26 27 28 -30 -31
leaf_value=2.1011904200813389 -0.059282964218433098 0.53753867969516445 -1.6150274566684091 1.0508984656909504 0.51956090579143932 2.7014883155462175 0.40009912839836698 -1.6610422840283432 -0.71650155397458348 1.2123201996597954 -2.0508053860963908 -0.1162681077185333 0.13326480226436008 -0.27896383596410251 1.2974660777974698 -1.2679256186504138 0.3820844777313197 -0.74406150883632238 -2.7569976123175852 1.2910046466246348 -0.87788952489832828 0.27286380342574734 0.20283142747478244 2.2573454028976712 1.6470177431911599 -0.64538926847962186 -0.13900293220579626 -1.9322823526915109 0.018988526175093494 0.97148780263825929
leaf_weight=577 249519 2765 587 961 1648 767 660 605 2192 789 589 4537 576 953 924 933 1704 534 547 1520 626 528 3779 541 726 6521 9150 1384 268466 7586
leaf_count=577 249519 2765 587 961 1648 767 660 605 2192 789 589 4537 576 953 924 933 1704 534 547 1520 626 528 3779 541 726 6521 9150 1384 268466 7586
internal_value=-0.00796977 0.227345 0.187408 0.067869 0.570009 1.21254 0.18497 -0.585664 -0.0198963 0.117161 0.0722783 0.0208621 -0.970956 0.0883308 -0.268866 0.187295 -0.201707 -1.06748 -1.76263 0.261647 0.506801 0.289046 0.439727 1.27717 -0.0170861 0.018747 0.0147139 0.0297339 0.0089809 0.364354
internal_weight=573194 27650 27073 20628 6445 2415 4030 1265 545544 20041 19252 18291 1165 17126 5595 3561 2637 2034 1081 11531 6994 5474 4848 1069 543352 293833 293107 286586 269850 16736
internal_count=573194 27650 27073 20628 6445 2415 4030 1265 545544 20041 19252 18291 1165 17126 5595 3561 2637 2034 1081 11531 6994 5474 4848 1069 543352 293833 293107 286586 269850 16736
is_linear=0
shrinkage=0.05


Tree=113
num_leaves=31
num_cat=0
split_feature=7 9 10 13 13 13 12 14 14 14 12 13 12 13 12 12 17 14 14 14 14 14 12 14 14 14 13 12 13 13
split_gain=463655 619368 448257 351164 1.30113e+06 1.28782e+06 1.56364e+06 1.15597e+06 929563 1.04003e+06 836377 1.35812e+06 1.65768e+06 975898 752681 2.00687e+06 987091 788578 1.33253e+06 712064 1.89146e+06 899931 692443 665773 2.21326e+06 1.7343e+06 1.4549e+06 1.48101e+06 2.03313e+06 1.42864e+06
threshold=-0.018894377864627835 -0.044337447991710063 0.20969083329394492 0.40709906380380595 0.35294883110417091 0.35027571474701313 -0.0025168970306861157 -0.033374233339537519 0.0270617032583759 0.02042647176750689 -0.0020305403594664752 0.42713548097429571 -0.0022352511682086954 0.41198591549295777 -0.0029011578399033094 -0.0029618408736696656 0.036540316908312089 0.001797137430062595 0.0037907551294518401 0.0061725728947960848 0.0047239064070479413 0.0039549804742747543 -0.0029618408736696656 0.006890002005023343 0.0060707602189851726 0.0054690193305115811 0.34359095688748692 -0.0061352421811348484 0.28708151012516542 0.24833449179276054
decision_type=10 10 10 2 2 2 10 10 10 10 8 2 10 2 10 10 2 10 10 10 10 10 8 8 10 10 2 8 2 2
left_child=1 -1 3 4 5 23 22 -6 9 10 11 12 13 -5 15 17 -16 -9 -19 20 21 -20 -7 24 25 -2 27 28 -25 -29
right_child=2 -3 -4 8 7 6 -8 14 -10 -11 -12 -13 -14 -15 16 -17 -18 18 19 -21 -22 -23 -24 26 -26 -27 -28 29 -30 -31
leaf_value=2.0307535966612256 0.029552921348182461 0.20315043772608915 -0.7503687544841442 0.1843058524179795 -2.5640736587948019 1.0295875815013333 -0.329614061613064 -1.0268134866525001 -1.8945977698863503 1.8122378619716448 0.017824283404633358 2.3743751491971161 1.8402082051274744 -2.3769595516102959 -0.17372082692245552 2.2126590571737221 -0.68079895715494665 1.0381565545798204 -1.5428422643342337 0.40117350521791928 -3.3576478827095033 1.0797454982534533 3.2899448807474485 -0.25443226926073775 1.1077085535330717 -1.2392032436721188 1.1809769262205847 -2.7855701888522444 2.4687887438895775 -0.68078689813836091
leaf_weight=636 118664 1710 2014 948 538 614 992 1744 629 816 363131 980 937 612 34994 1077 13224 2572 566 1363 625 775 756 4714 4690 2756 1462 917 802 6673
leaf_count=636 118664 1710 2014 948 538 614 992 1744 629 816 363131 980 937 612 34994 1077 13224 2572 566 1363 625 775 756 4714 4690 2756 1462 917 802 6673
internal_value=-0.00286198 0.698613 -0.00574615 -0.00310853 -0.0563453 0.0243923 1.18221 -0.257269 0.0258952 0.029183 0.0252142 0.797005 0.177933 -0.820498 -0.235473 0.191955 -0.312789 -0.0927143 0.183352 -0.477073 -1.08595 -0.0271782 2.27691 0.00495231 0.0419219 0.000754602 -0.315081 -0.481969 0.141511 -0.93508
internal_weight=572931 2346 570585 568571 200518 143040 2362 57478 368053 367424 366608 3477 2497 1560 56940 8722 48218 7645 5901 3329 1966 1341 1370 140678 126110 121420 14568 13106 5516 7590
internal_count=572931 2346 570585 568571 200518 143040 2362 57478 368053 367424 366608 3477 2497 1560 56940 8722 48218 7645 5901 3329 1966 1341 1370 140678 126110 121420 14568 13106 5516 7590
is_linear=0
shrinkage=0.05


Tree=114
num_leaves=31
num_cat=0
split_feature=7 9 14 14 13 13 14 13 10 10 14 17 14 14 14 14 13 13 14 13 13 14 13 13 14 14 13 13 14 13
split_gain=400960 632481 406990 1.12917e+06 1.69778e+06 1.15193e+06 1.11434e+06 745856 651140 575612 581863 393222 392508 1.29698e+06 755753 1.67934e+06 1.02152e+06 1.15801e+06 1.18166e+06 1.14093e+06 1.01987e+06 1.18732e+06 1.89523e+06 993848 985479 750477 715681 2.66207e+06 1.13788e+06 1.03267e+06
threshold=-0.018894377864627835 -0.049842431534780525 0.014332030701907571 0.011824106625347611 0.28708151012516542 0.48991919093377562 0.012408643984512928 0.41198591549295777 -0.014356438201552245 0.025596095837341005 0.0270617032583759 0.03802798900710426 0.0059355918821889335 0.0055852927927514022 0.006890002005023343 0.007226914180853943 0.33226827276439369 0.14237178822743557 0.0064654358531858738 0.26844386212457172 0.32550485182271183 0.0093921061047047109 0.26844386212457172 0.34705529629533077 0.0084436808036504798 0.0066413442328696103 0.4132361759261674 0.32550485182271183 0.0071208999487286442 0.4257745129351645
decision_type=8 10 10 10 2 2 10 2 10 10 10 2 10 10 10 10 2 2 10 2 2 10 2 2 10 10 2 2 10 2
left_child=1 -1 3 12 11 7 -7 -6 -8 10 -4 -5 13 -2 16 26 17 -14 -19 -20 21 24 -23 -22 -17 -18 27 28 -16 -28
right_child=2 -3 9 4 5 6 8 -9 -10 -11 -12 -13 14 -15 15 20 25 18 19 -21 23 22 -24 -25 -26 -27 29 -29 -30 -31
leaf_value=2.1323377337732681 -0.0090173513387631129 0.18730304412003596 0.77823222143597759 -1.6066701302347413 -0.81164248658137206 -2.8714484840607684 -1.503536907301168 1.1384726098353841 0.44042165308533793 -0.32722493242802347 -0.44819736777718977 -3.5076914429901138 -0.58611388648657703 -0.56151224449912462 -1.4582385688709716 -0.8475036414596806 0.0085856418145914253 2.1248766554963487 -1.4655132596835996 1.3391072003087905 1.6039378349530269 0.052333171023198399 -3.5582296067354635 0.14681456558854231 0.88248159714011121 0.6783684753029835 1.2449444292732865 -3.4949774297100249 1.6031642074058503 -0.79301338772388874
leaf_weight=551 473597 1731 5532 591 720 626 768 1537 981 2484 1172 504 943 10866 624 1807 17228 2188 567 1006 1216 719 735 31083 1512 5523 774 957 591 3157
leaf_count=551 473597 1731 5532 591 720 626 768 1537 981 2484 1172 504 943 10866 624 1807 17228 2188 567 1006 1216 719 735 31083 1512 5523 774 957 591 3157
internal_value=-0.00450604 0.656941 -0.00715412 -0.0125619 -0.711046 -0.292474 -1.06113 0.516371 -0.413186 0.322928 0.563827 -2.48166 -0.00535552 -0.0214092 0.10476 -0.0256652 0.309862 0.980595 1.37342 0.32816 0.100859 -0.581353 -1.77281 0.201673 -0.0593935 0.171181 -0.794219 -1.52264 0.0308882 -0.391747
internal_weight=572290 2282 570008 560820 5727 4632 2375 2257 1749 9188 6704 1095 555093 484463 70630 43175 27455 4704 3761 1573 37072 4773 1454 32299 3319 22751 6103 2172 1215 3931
internal_count=572290 2282 570008 560820 5727 4632 2375 2257 1749 9188 6704 1095 555093 484463 70630 43175 27455 4704 3761 1573 37072 4773 1454 32299 3319 22751 6103 2172 1215 3931
is_linear=0
shrinkage=0.05


Tree=115
num_leaves=31
num_cat=0
split_feature=7 17 12 14 11 14 14 12 12 14 14 6 14 14 12 12 12 14 12 14 7 17 14 12 12 12 12 14 14 12
split_gain=528838 407244 527939 1.72572e+06 414849 588326 892093 802578 715146 665979 612695 474028 422250 970859 770224 2.22554e+06 645799 463074 411111 408453 405640 402884 382484 374606 519580 776007 493647 414290 349815 598831
threshold=-0.018894377864627835 0.03482511355678803 0.013653625485355612 0.00052547684438546604 -0.064758931703300035 0.014332030701907571 0.01135832798867265 -0.0042591896515363249 -0.018397836894734759 0.00052547684438546604 0.0270617032583759 2.7322857651311048 0.0058773034096143749 0.0059817194653357655 -0.0055529359160462902 -0.010932977868723071 -0.0041064867425633029 0.006890002005023343 0.00074353331216602567 0.0056416624320355267 0.0028862116510803824 0.04558587526786307 0.0011296176608035534 -0.00078719024417664527 -0.009580108063527739 -0.010324644599988417 -0.0090148358906430217 -0.003284176553691317 -0.0080407074899879888 -0.0042591896515363249
decision_type=10 2 10 10 8 10 10 10 8 10 10 2 8 8 8 10 8 8 10 10 10 2 8 10 10 10 10 10 8 10
left_child=22 28 4 21 5 6 8 -8 9 -3 20 -6 19 -14 15 -15 -16 -17 -9 23 -7 -4 -1 24 25 27 -26 -10 29 -2
right_child=1 2 3 -5 11 10 7 18 12 -11 -12 -13 13 14 16 17 -18 -19 -20 -21 -22 -23 -24 -25 26 -27 -28 -29 -30 -31
leaf_value=1.6261807630160836 0.44231393386565571 -0.11444281671079809 1.0560666316183944 -1.6691708879187557 -0.088446584305644727 0.61720875340200232 -2.7291976149197623 0.48450168130025695 0.69654311535795621 2.0264823904367431 -0.56667281547144799 -0.37974771152600489 1.806734345718497 -1.5177757394422466 -1.5287926496770856 3.1904084887242861 0.07521392632360735 1.3132589112085267 -1.0321640343773848 -1.0473704940671389 1.9717685284348114 2.875705722650634 0.28397182273542637 0.055468308819705506 -1.3318267836813713 1.5475847990328908 -0.21760376050120916 -0.39518392214385595 0.039238782853271904 -0.41028215746983837
leaf_weight=815 2608 640 756 505 89433 1933 506 692 1325 840 805 16550 909 576 658 628 13545 689 1261 1032 774 509 1522 40332 1034 994 25734 2525 352469 9792
leaf_count=815 2608 640 756 505 89433 1933 506 692 1325 840 805 16550 909 576 658 628 13545 689 1261 1032 774 509 1522 40332 1034 994 25734 2525 352469 9792
internal_value=0.0014417 -0.00163551 -0.0579909 0.801802 -0.0654723 0.00899935 -0.0147596 -0.954558 0.0105077 1.10068 0.644374 -0.133935 -0.00742336 0.216955 0.127174 1.07458 0.000903124 2.20836 -0.494769 -0.0597084 1.00451 1.78824 0.752051 -0.0455409 -0.174413 0.302101 -0.260644 -0.0194597 0.0300561 -0.230962
internal_weight=572391 570054 205185 1770 203415 97432 93920 2459 91461 1480 3512 105983 89981 17005 16096 1893 14203 1317 1953 72976 2707 1265 2337 71944 31612 4844 26768 3850 364869 12400
internal_count=572391 570054 205185 1770 203415 97432 93920 2459 91461 1480 3512 105983 89981 17005 16096 1893 14203 1317 1953 72976 2707 1265 2337 71944 31612 4844 26768 3850 364869 12400
is_linear=0
shrinkage=0.05


Tree=116
num_leaves=31
num_cat=0
split_feature=9 12 17 0 13 13 12 13 13 13 12 12 12 13 13 12 13 12 13 13 12 12 12 12 12 12 13 13 12 13
split_gain=466283 1.76786e+06 440831 388236 372216 352468 513996 398496 331809 992973 886187 823144 640824 930663 1.39845e+06 1.5894e+06 914458 965398 633637 1.02003e+06 570817 565643 728079 553926 796958 2.29594e+06 765557 753160 725462 791846
threshold=-0.052906240073950048 -0.018397836894734759 0.05444649312703926 0.018034947570182137 0.48991919093377562 0.20834805061934403 -0.0055529359160462902 0.61936600066971781 0.40709906380380595 0.39559227695789745 -0.0013715312726306137 -0.0015566182097638181 -0.001971657212894184 0.44220408383169013 0.42833800186741366 -0.0016531034515771946 0.4132361759261674 -0.0025694912073986049 0.42273858069810988 0.41639861405595496 -0.0008760215276350879 -0.0010721113461111904 -0.0012186919422959488 -0.0011685935079982078 -0.0020305403594664752 -0.0022352511682086954 0.38449010273114514 0.38449010273114514 -0.001971657212894184 0.35294883110417091
decision_type=8 8 2 8 2 2 10 2 2 2 8 10 10 2 2 10 2 10 2 2 10 10 10 10 8 10 2 2 10 2
left_child=1 -1 8 5 -5 -3 -7 -8 9 23 11 12 16 14 15 18 -10 -18 19 -14 21 22 -11 24 25 26 -2 28 -26 -30
right_child=2 3 -4 4 -6 6 7 -9 10 20 -12 -13 13 -15 -16 -17 17 -19 -20 -21 -22 -23 -24 -25 27 -27 -28 -29 29 -31
leaf_value=2.3867089203906282 0.010473357375732231 -0.8620640268921852 -0.18854984735419611 0.18891406108065789 -1.5923370961526142 1.4523927758389994 -0.093881549807617537 0.8454939305940643 -0.18600234402787677 -0.82230093943790306 0.018809565912168209 1.3558206182293768 1.9319860764007577 0.9202789611944896 -2.0229313335183057 -1.6349001948494146 0.11234297165607064 2.4924234340971774 2.4372385463352386 -0.86362430577175187 0.0033629212276695217 -1.7867322864071795 0.52286860728169982 -0.358891049694047 0.87181995786361832 -1.0943902636752358 -1.1557198106865341 0.92123979553014002 0.5923375906536682 -0.21654768562535895
leaf_weight=957 135823 640 31462 571 603 934 3835 1600 1271 5366 334212 2150 583 1670 1075 884 697 1096 513 741 3786 1117 1238 11286 2909 4981 1422 3832 4197 10840
leaf_count=957 135823 640 31462 571 603 934 3835 1600 1271 5366 334212 2150 583 1670 1075 884 697 1096 513 741 3786 1117 1238 11286 2909 4981 1422 3832 4197 10840
internal_value=-0.000943397 0.353319 -0.00669312 0.115515 -0.725988 0.256466 0.368863 0.18266 0.00406801 -0.0496032 0.0331369 0.481486 0.261109 -0.063361 -0.4961 0.107113 0.839945 1.56721 0.945403 0.367373 -0.49954 -0.746139 -0.570133 -0.0200669 0.00324937 -0.0398807 -0.00160961 0.28492 0.149046 0.00922152
internal_weight=572291 9140 563151 8183 1174 7009 6369 5435 531689 186797 344892 10680 8530 5466 3796 2721 3064 1793 1837 1324 11507 7721 6604 175290 164004 142226 137245 21778 17946 15037
internal_count=572291 9140 563151 8183 1174 7009 6369 5435 531689 186797 344892 10680 8530 5466 3796 2721 3064 1793 1837 1324 11507 7721 6604 175290 164004 142226 137245 21778 17946 15037
is_linear=0
shrinkage=0.05


Tree=117
num_leaves=31
num_cat=0
split_feature=9 12 14 10 14 14 10 14 14 12 12 12 13 14 14 12 13 14 14 13 12 13 13 13 13 12 14 14 13 14
split_gain=455362 1.30941e+06 367177 340405 418836 875567 1.18804e+06 543378 1.68817e+06 681694 1.88432e+06 525915 647869 896911 431922 1.02293e+06 1.8361e+06 1.40648e+06 1.47069e+06 1.33362e+06 1.45239e+06 1.28401e+06 1.25671e+06 1.90267e+06 1.23023e+06 1.21876e+06 2.89372e+06 2.98022e+06 1.96945e+06 1.67601e+06
threshold=-0.083267613653601594 -0.018397836894734759 0.0021997587737810705 0.088688460522742915 0.014332030701907571 0.013401794456808247 -0.057482277633015826 0.012408643984512928 0.011824106625347611 -0.00078719024417664527 0.00074353331216602567 -0.0026961470868247499 0.45923146655922648 0.0270617032583759 0.0022556369424982597 -0.0068887899551179086 0.21311827956989252 -0.0025634571192562072 0.00075205475904020541 0.44695315721805795 0.0002263029525904646 0.43859315010055461 0.43320568847834667 0.43431837791199318 0.29346189070927042 -0.012121439880781302 -0.00098861099964685771 -0.0031432516275421403 0.11425369198312237 -1.0000000180025095e-35
decision_type=8 10 8 10 10 10 10 10 10 10 10 10 2 10 8 10 2 10 8 2 8 2 2 2 2 10 10 10 2 10
left_child=1 -1 -3 4 5 7 -7 8 14 -10 -11 -6 -13 -14 15 24 17 -17 -19 21 -21 22 -18 -24 25 26 27 -2 -28 -27
right_child=3 2 -4 -5 11 6 -8 -9 9 10 -12 12 13 -15 -16 16 19 18 -20 20 -22 -23 23 -25 -26 29 28 -29 -30 -31
leaf_value=2.948219438506261 -0.4230262675398157 0.76318136020001359 -0.70089136398593466 -0.17747974172797651 0.77720483556389575 -3.1722378716978481 -0.31059816649672456 0.88443438643766958 -2.8864407469112523 1.301022970845376 -2.8281173398626418 -1.2393784417252929 0.62237300253637573 -1.4918401889701685 0.042140809427864967 -3.3716969028359189 -0.21209008311000341 0.087851635111493298 -3.0372680112983534 0.42058250568276878 -0.039910846747623969 -0.99651829422944249 2.9889128076223446 0.10044413806478876 2.1344889236564377 0.73264600061260721 1.7670435995601395 -3.4012925277735038 -0.40960378546840365 -0.21791052401233696
leaf_weight=504 2921 878 836 28792 3871 502 1307 1720 624 538 568 874 3060 600 278888 672 78725 1454 508 20268 110343 5032 761 2273 824 12707 1921 1179 2264 7302
leaf_count=504 2921 878 836 28792 3871 502 1307 1720 624 538 568 874 3060 600 278888 672 78725 1454 508 20268 110343 5032 761 2273 824 12707 1921 1179 2264 7302
internal_value=-0.00717215 0.707859 0.0490829 -0.00995207 -0.00104787 -0.00656729 -1.10471 -0.00282963 -0.00571029 -1.56506 -0.819548 0.349161 -0.0162901 0.275781 -0.000601454 -0.0484446 -0.0852992 -1.39749 -0.721303 -0.069401 0.0315478 -0.221318 -0.173607 0.824941 0.230055 0.174592 -0.335382 -1.27946 0.589522 0.385754
internal_weight=572716 2218 1714 570498 541706 533301 1809 531492 529772 1730 1106 8405 4534 3660 528042 249154 220036 2634 1962 217402 130611 86791 81759 3034 29118 28294 8285 4100 4185 20009
internal_count=572716 2218 1714 570498 541706 533301 1809 531492 529772 1730 1106 8405 4534 3660 528042 249154 220036 2634 1962 217402 130611 86791 81759 3034 29118 28294 8285 4100 4185 20009
is_linear=0
shrinkage=0.05


Tree=118
num_leaves=31
num_cat=0
split_feature=6 7 14 17 12 5 12 14 12 11 9 12 14 14 12 12 12 12 14 12 12 14 12 12 14 14 12 12 14 12
split_gain=411502 706057 558897 389987 707304 471252 475490 516312 556447 502438 305983 844158 434889 359340 815497 3.00826e+06 2.23811e+06 2.22478e+06 1.66471e+06 946006 1.94585e+06 897955 943557 2.10318e+06 1.22911e+06 1.88591e+06 955191 883640 1.22114e+06 1.22561e+06
threshold=10.698914546605371 -0.018894377864627835 0.0010896464249950553 0.060275352314170423 -0.005151053458202064 0.13461836820400411 0.0046182709642192434 -0.0040809891810287173 0.012472248262135881 -0.14432384530268752 -0.052906240073950048 -0.018397836894734759 0.0091590992600573077 0.0022556369424982597 -0.0070682575628737343 -0.0076246522117263543 -0.0055529359160462902 -0.0053792657575758062 0.0061101120910295086 -0.0057617062163388575 -0.0064836710996034408 0.0024285878725784104 -0.0047965554486507833 -0.0040345718616529034 0.0028928064067324064 0.0058773034096143749 -0.0043736237095983177 -0.0004272017880582539 0.0023043808513056982 -0.00095787007737934034
decision_type=2 8 8 2 8 8 8 8 10 10 8 10 8 8 8 10 8 8 8 10 10 8 8 8 10 10 10 10 10 10
left_child=1 2 -1 10 -5 -6 -7 -8 9 -9 11 -3 -13 -12 15 -15 18 -18 -16 20 -20 27 -23 24 -24 -26 -27 28 29 -19
right_child=-2 3 -4 4 5 6 7 8 -10 -11 13 12 -14 14 16 -17 17 21 19 -21 -22 22 23 -25 25 26 -28 -29 -30 -31
leaf_value=2.0961014516126411 -0.34249708560469605 2.3020985633781441 0.32686353580664224 0.38083624155048523 0.81579268905657953 -0.59448951270046335 1.2995173013348713 1.065714197948491 -1.5500523014606968 -0.48025620321885693 -0.043615375668950344 0.34772250212100175 -0.86340270215342219 -0.10447194717705999 1.2996271262371784 -2.6186860070627094 -1.9392032450564678 -1.4334784930806075 1.3958317795914401 1.3349229819807011 -2.4199821231655174 0.64871717364313697 -2.150513466684306 0.038005101818723401 0.023462750974267643 -0.85760538172859813 -3.0019011632223291 0.070640995267757731 1.4650908566065073 1.5197507119920024
leaf_weight=688 8875 507 1271 3886 791 11291 689 885 620 1294 244787 5366 860 14510 6004 1296 1421 875 523 589 925 5930 1340 239826 5074 1253 887 5879 3610 587
leaf_count=688 8875 507 1271 3886 791 11291 689 885 620 1294 244787 5366 860 14510 6004 1296 1421 875 523 589 925 5930 1340 239826 5074 1253 887 5879 3610 587
internal_value=-0.00468262 0.000638219 0.948219 -0.00266774 -0.222611 -0.373221 -0.436859 0.0734061 -0.228413 0.147639 0.00522678 0.340193 0.180429 0.00101371 0.0386162 -0.310623 0.0587095 0.0339283 0.880583 -0.354538 -1.04176 0.0444984 0.0254084 0.010527 -0.759867 -0.501555 -1.74639 0.487816 0.971368 -0.247743
internal_weight=572339 563464 1959 561505 19456 15570 14779 3488 2799 2179 542049 6733 6226 535316 290529 15806 274723 266682 8041 2037 1448 265261 254310 248380 8554 7214 2140 10951 5072 1462
internal_count=572339 563464 1959 561505 19456 15570 14779 3488 2799 2179 542049 6733 6226 535316 290529 15806 274723 266682 8041 2037 1448 265261 254310 248380 8554 7214 2140 10951 5072 1462
is_linear=0
shrinkage=0.05


Tree=119
num_leaves=31
num_cat=0
split_feature=12 12 14 9 12 14 14 17 5 10 9 14 14 14 12 14 14 12 14 14 14 12 12 14 14 14 12 14 14 14
split_gain=440189 2.07524e+06 2.20183e+06 1.27413e+06 860630 2.12265e+06 2.30625e+06 653199 631648 576199 569177 888870 1.201e+06 940172 536775 1.7684e+06 750340 1.71275e+06 1.1091e+06 1.09995e+06 991492 966890 932612 1.03891e+06 1.27156e+06 710486 684951 1.12852e+06 726023 2.80526e+06
threshold=-0.009218330210910267 -0.0090148358906430217 0.0053849901496091637 -0.083267613653601594 -0.0086616432847759408 -0.000235638874053643 0.0038288772853957201 0.063709155212157517 0.13461836820400411 -0.18758805697289105 -0.022850348844555907 -0.0018105553692524285 0.0011296176608035534 -0.0049073893549430704 -0.018397836894734759 -0.00081376696052021442 -9.1784016183020094e-05 -0.014023419856971607 0.0010896464249950553 -0.00050830942554999246 0.0003343675616508972 -0.015523825238295434 -0.010324644599988417 0.0039857197863518894 0.0027127406531941805 0.0082918860079702356 -0.012121439880781302 -0.011175828150746085 -0.013851110702276003 -0.0080407074899879888
decision_type=8 8 10 10 8 10 10 2 8 10 10 10 10 8 10 10 8 10 10 10 10 10 10 10 10 10 10 10 10 10
left_child=3 2 -2 -1 5 -3 -7 -6 -9 -10 11 13 -13 -5 15 -12 19 21 20 26 -19 25 23 24 -20 -18 27 -16 -28 -30
right_child=1 4 -4 10 7 6 -8 8 9 -11 14 12 -14 -15 16 -17 17 18 22 -21 -22 -23 -24 -25 -26 -27 28 -29 29 -31
leaf_value=2.261658846033352 -2.5138998514050552 2.9836048959231247 1.0235027071919818 0.40767278168024679 -0.010788486677222197 -1.8965867615243397 2.2139661885875319 0.96276280146998328 1.0588738155286692 -0.51610539800853272 -2.4622547914321324 1.9864667480740827 0.30760031605409055 -1.9204615673024374 1.7575574110989056 0.21749962299940009 -0.94712113444521406 -0.58979207010509649 -0.91685724836044669 2.5102457445896551 -2.768015228015547 2.1054422454531689 0.65600509437108001 -1.7022059064376631 1.3542595981171566 1.3930766998136841 -1.1040177649271052 -0.88782348206790884 4.3638165926380745 0.39341559754933364
leaf_weight=716 1612 822 605 1315 526007 833 578 851 609 12503 906 1661 2970 647 503 1921 731 1269 1569 610 888 1090 2203 1436 1015 583 519 2031 507 3631
leaf_count=716 1612 822 605 1315 526007 833 578 851 609 12503 906 1661 2970 647 503 1921 731 1269 1569 610 888 1090 2203 1436 1015 583 519 2031 507 3631
internal_value=-0.0118751 -0.0219396 -1.54857 0.178902 -0.0156974 0.963878 -0.212746 -0.0197484 -0.35728 -0.442954 0.125652 0.531874 0.909759 -0.360066 0.000572115 -0.641311 0.0982102 -0.172001 -0.5095 0.471746 -1.48653 1.00447 -0.170844 -0.623966 -0.0247583 0.0911858 0.298824 -0.362714 0.658785 0.879881
internal_weight=573141 544420 2217 28721 542203 2233 1411 539970 13963 13112 28005 6593 4631 1962 21412 2827 18585 10784 8380 7801 2157 2404 6223 4020 2584 1314 7191 2534 4657 4138
internal_count=573141 544420 2217 28721 542203 2233 1411 539970 13963 13112 28005 6593 4631 1962 21412 2827 18585 10784 8380 7801 2157 2404 6223 4020 2584 1314 7191 2534 4657 4138
is_linear=0
shrinkage=0.05


Tree=120
num_leaves=31
num_cat=0
split_feature=0 14 12 14 14 14 10 7 11 8 7 12 12 12 12 14 12 13 13 14 14 12 13 12 13 12 12 13 14 12
split_gain=461917 536607 848498 554924 1.34559e+06 1.24969e+06 684385 503131 488744 453686 410593 528380 409274 407402 774903 1.11582e+06 639178 1.55823e+06 625226 600095 626725 630338 716311 532949 503231 501469 1.04901e+06 1.01763e+06 975419 1.54417e+06
threshold=0.0077649624034179061 0.014332030701907571 0.012472248262135881 0.013401794456808247 0.012408643984512928 0.011824106625347611 -0.043623011016627335 -0.0015672568435652113 -0.050364192485888019 0.99997371464619966 -0.0096141191565461814 -0.022058472749514658 -0.018397836894734759 0.0014795005132255885 0.0016597268665611627 7.7765714262847217e-05 0.0017344151086718777 0.51136375615361118 0.51541258577209559 -0.033374233339537519 -0.01796644498195283 -0.0023689887345028902 0.26400255301042486 0.0014357847940820736 0.52373441490160744 0.0030639036876704264 0.002829391006346734 0.64892814009661848 0.0015395435248249415 0.0067004030608599323
decision_type=8 10 10 10 10 10 10 10 10 10 8 8 8 10 10 10 10 2 2 8 8 10 2 10 2 10 10 2 8 10
left_child=9 3 8 4 5 12 -5 -7 -3 10 11 -1 -2 19 15 24 17 -16 -17 -12 21 22 -21 -22 -15 26 27 -18 29 -27
right_child=1 2 -4 6 -6 7 -8 -9 -10 -11 13 -13 -14 14 16 18 25 -19 -20 20 23 -23 -24 -25 -26 28 -28 -29 -30 -31
leaf_value=1.6909946873148041 0.92950785360469657 0.75147627265102579 -1.6794832015476855 -2.5950468146468539 1.6528871751375505 -2.7574064077632801 -0.30761429956861724 -0.72316454254757101 -0.12297387809218999 -0.31408459218070334 -1.3274858981405142 0.23205386615054199 -0.12576486092693101 2.7907038694148802 1.2838377388682514 0.86242304180555218 0.13334962726304866 -1.1681748314939573 -0.051053438605788259 1.5031797590125624 -0.014770084598893788 1.6697861154558646 -0.78267006323862398 -0.89874167283187811 1.0531995705199702 -0.38693727393833721 0.73816583410223113 -1.6254791180861845 0.19172328303238834 0.21086486872467702
leaf_weight=656 928 4605 502 502 1063 601 938 615 2447 10138 871 11500 92764 575 843 2762 41568 2800 5821 552 295300 1100 904 1715 1514 28262 7552 839 35182 17486
leaf_count=656 928 4605 502 502 1063 601 938 615 2447 10138 871 11500 92764 575 843 2762 41568 2800 5821 552 295300 1100 904 1715 1514 28262 7552 839 35182 17486
internal_value=-0.00451015 -0.0993047 0.306663 -0.130787 -0.116168 -0.135982 -1.10504 -1.72858 0.448048 0.0167535 0.0240799 0.310786 -0.115313 0.0162593 0.085026 0.49513 0.0524937 -0.600773 0.242902 -0.0169757 -0.0131654 0.766427 0.0839433 -0.0198742 1.53145 0.0706759 0.195239 0.0985521 -0.00621808 -0.158443
internal_weight=572905 104965 7554 97411 95971 94908 1440 1216 7052 467940 457802 12156 93692 445646 145204 10672 134532 3643 8583 300442 299571 2556 1456 297015 2089 130889 49959 42407 80930 45748
internal_count=572905 104965 7554 97411 95971 94908 1440 1216 7052 467940 457802 12156 93692 445646 145204 10672 134532 3643 8583 300442 299571 2556 1456 297015 2089 130889 49959 42407 80930 45748
is_linear=0
shrinkage=0.05


Tree=121
num_leaves=31
num_cat=0
split_feature=17 2 11 14 12 12 12 12 14 14 14 8 10 14 17 15 5 9 14 14 9 9 12 12 12 14 14 14 14 12
split_gain=457354 315911 366936 371266 432776 732606 392625 698737 360254 357235 497763 329804 315823 371713 313614 312687 286572 398431 309593 677210 566953 295579 308012 620678 643766 746755 684086 353921 590396 420848
threshold=0.047638465319881272 0.0017438137616145571 -0.11569199048791524 0.00014252197149017991 0.0018241251177726146 0.0016597268665611627 0.0084027174470880702 0.0069817067548779725 0.0039549804742747543 0.0023826220167927144 0.0040299118319788415 0.49999999999999672 0.095116859528421902 0.009744554259300096 0.03482511355678803 0.022374439237009127 1.1664454952667651 -0.046959210939030778 -0.021658507068033826 -0.01796644498195283 0.0049916749299168351 -0.0013437544686131801 -0.0055529359160462902 -0.010932977868723071 -0.009580108063527739 0.0033853320366185693 0.00099970194329166372 0.014332030701907571 0.0089500665715177719 0.0039017224105612745
decision_type=2 10 10 8 10 10 10 10 8 8 10 8 8 10 2 10 10 10 8 8 10 10 8 10 10 10 8 10 10 10
left_child=1 15 -3 -4 5 14 7 11 -9 -7 -11 -6 16 -14 -5 -1 18 -18 20 -20 -2 22 23 -21 -25 26 -26 28 -24 -30
right_child=12 2 3 4 6 9 -8 8 -10 10 -12 -13 13 -15 -16 -17 17 -19 19 21 -22 -23 27 24 25 -27 -28 -29 29 -31
leaf_value=0.039530642939362433 0.14446883523874235 0.13365324457403138 -0.2136105761258511 -0.012946257224124813 -0.14133478958433845 -1.8516821171333426 -0.55741309753530055 1.7843981114787024 0.19658824463864577 0.23407433874067968 -0.97215960919512678 0.14842863038560353 -0.30692751272005986 -1.3956647447295332 -0.19355027386768467 0.95359403660503073 1.635599578861445 0.00063455955897831441 1.6867825452083101 -0.63295528448216587 -2.0794649278232153 0.013126940736916341 -0.26427233092313385 1.9273438237010081 0.21652496854027753 1.1930191596471509 -2.0373257108372038 0.73984079977815531 -1.6888709834157591 -0.10827650666837732
leaf_weight=259563 596 28277 32535 93524 12873 602 2300 925 582 1335 2380 41405 8277 866 32352 939 563 1102 528 1752 552 24209 18809 661 1010 1065 505 773 1313 620
leaf_count=259563 596 28277 32535 93524 12873 602 2300 925 582 1335 2380 41405 8277 866 32352 939 563 1102 528 1752 552 24209 18809 661 1010 1065 505 773 1313 620
internal_value=-0.0114047 0.00432962 -0.0359299 -0.0576465 -0.0306954 -0.0813292 0.0827962 0.109192 1.17119 -0.721789 -0.538695 0.079706 -0.138271 -0.41005 -0.0593642 0.0428255 -0.0923043 0.553479 -0.112827 -0.0946349 -0.924879 -0.113181 -0.228534 0.125264 0.535137 0.178452 -0.534759 -0.31064 -0.349789 -1.1819
internal_weight=572793 509592 249090 220813 188278 130193 58085 55785 1507 4317 3715 54278 63201 9143 125876 260502 54058 1665 52393 51245 1148 50717 26508 4993 3241 2580 1515 21515 20742 1933
internal_count=572793 509592 249090 220813 188278 130193 58085 55785 1507 4317 3715 54278 63201 9143 125876 260502 54058 1665 52393 51245 1148 50717 26508 4993 3241 2580 1515 21515 20742 1933
is_linear=0
shrinkage=0.05


Tree=122
num_leaves=31
num_cat=0
split_feature=2 8 7 14 14 14 12 12 12 12 14 14 12 11 14 12 12 14 14 12 12 14 12 12 12 12 14 10 12 12
split_gain=448716 497098 547924 506284 411265 450063 754532 1.69545e+06 796622 763771 1.03003e+06 885930 800462 757733 698116 734509 593377 872598 1.22999e+06 609256 607163 1.33419e+06 571516 423510 421162 699728 980028 573401 477258 382773
threshold=0.0065663293733787716 0.60365853658536406 0.014985696435696952 0.0077611450595120616 0.0093921061047047109 0.0060707602189851726 -0.0064836710996034408 -0.009218330210910267 -0.012776247349859415 -0.0041064867425633029 0.0084436808036504798 0.0071208999487286442 -0.0028053404000961549 -0.07540385596876599 0.0060195072149775257 0.00098404065937080518 -0.00050064339926930745 0.0076111770509587314 0.0071208999487286442 -0.0012561437787633647 -0.0018191691337477672 0.0062769340166878461 -0.0033673048129944038 -0.00021584165176227838 -0.009218330210910267 -0.0012561437787633647 0.012408643984512928 -0.045438922942194787 -7.4666165881012559e-05 0.00029175992355564672
decision_type=8 8 10 10 10 8 8 10 10 8 10 10 8 10 10 10 8 8 10 10 10 10 10 8 10 10 10 10 10 8
left_child=4 -2 3 -3 5 14 7 8 -7 10 11 -8 22 -9 -1 -16 17 18 20 -19 -14 -22 -11 -18 27 26 -26 -6 -27 -25
right_child=1 2 -4 -5 24 6 9 13 -10 12 -12 -13 16 -15 15 -17 23 19 -20 -21 21 -23 -24 29 25 28 -28 -29 -30 -31
leaf_value=0.016145458575532141 -0.2003783226028984 -0.037496316656584185 -0.64563560906999728 0.29095262393406418 -0.56013659160450635 0.72857965693963433 -0.34256031162133149 3.1721045761298421 -1.5999997963354957 0.10759907915586338 1.1941306337685595 -2.615433533107423 0.7935983394913646 0.97609848455660375 -2.4368385605689067 0.061466535238513857 1.1754562653266687 1.3957587088023278 -1.8579407712892675 -0.56571358520501913 -2.8564308101226832 0.082360994085361572 1.7070585981474775 -0.34434655548355664 -1.6315965256130565 0.87068800504710997 0.046523268337995728 1.8011559563637687 -0.30420220981991936 0.29156150978495343
leaf_weight=351654 54576 106129 3392 13191 502 875 977 803 633 916 521 764 1187 769 596 581 1175 1077 1451 626 507 1621 1431 2781 2138 1132 1467 527 3656 15874
leaf_count=351654 54576 106129 3392 13191 502 875 977 803 633 916 521 764 1187 769 596 581 1175 1077 1451 626 507 1621 1431 2781 2138 1132 1467 527 3656 15874
internal_value=-0.00871714 -0.0748349 -0.0189997 -0.00118581 0.0208656 0.0288156 0.202585 0.948872 -0.248868 0.128217 -0.756291 -1.33996 0.198061 2.09785 0.0120765 -1.20361 0.119103 -0.29672 -0.643847 0.674748 -0.112429 -0.617812 1.08281 0.254754 -0.305522 -0.422572 -0.948711 0.649194 -0.0264295 0.196763
internal_weight=573529 177288 122712 119320 396241 386819 33988 3080 1508 30908 2262 1741 28646 1572 352831 1177 26299 6469 4766 1703 3315 2128 2347 19830 9422 8393 3605 1029 4788 18655
internal_count=573529 177288 122712 119320 396241 386819 33988 3080 1508 30908 2262 1741 28646 1572 352831 1177 26299 6469 4766 1703 3315 2128 2347 19830 9422 8393 3605 1029 4788 18655
is_linear=0
shrinkage=0.05


Tree=123
num_leaves=31
num_cat=0
split_feature=2 9 6 13 14 14 13 9 14 6 14 7 15 14 13 14 11 13 14 13 14 12 13 13 13 14 11 14 12 13
split_gain=434358 641272 541772 407854 1.31649e+06 707954 469621 406537 380897 503442 447943 358350 342651 318220 297968 447576 298673 375104 565581 473142 659360 509178 440161 382561 369500 285922 449775 255282 688956 1.23355e+06
threshold=-0.021361181482863981 -0.083267613653601594 0.59793883201657871 0.50444926393270251 -0.033374233339537519 -0.033374233339537519 0.55496769299186444 -0.0019775980257975621 -0.01796644498195283 1.9571794438335084 -0.016262574947656892 0.013034205799006581 -0.032359388613277189 0.00075205475904020541 0.48035355874633323 -0.011175828150746085 -0.034592185784260744 0.086379690949227386 -0.00081376696052021442 0.17481096139632726 -0.0018105553692524285 -0.0099511172059858315 0.14237178822743557 0.4257745129351645 0.12723558433549184 -0.0055040751619077934 -0.034592185784260744 -0.0080407074899879888 0.0084027174470880702 0.7597791717666259
decision_type=8 8 2 2 8 8 2 10 10 2 10 8 8 8 2 10 10 2 10 2 10 10 2 2 2 8 10 8 10 2
left_child=1 -1 -3 4 7 -5 13 -4 9 -6 -10 12 -2 -7 15 -12 17 18 -17 20 -19 -21 -22 -23 -18 -8 -27 28 29 -14
right_child=11 2 3 5 8 6 25 -9 10 -11 14 -13 27 -15 -16 16 24 19 -20 21 22 23 -24 -25 -26 26 -28 -29 -30 -31
leaf_value=1.7886514998415137 -0.88451106383820344 1.0347754912033966 -0.75394345556348563 1.8910574987950999 0.23025301364664591 1.7341147005705553 -0.86387942033555964 -2.7652218847581658 -1.2157931931370147 2.1379590815435803 1.3024172113084918 -0.38521071737252954 -0.26147268387957356 0.20385906453776981 -0.860488439383151 -0.04895692123421308 -1.218493837192383 -1.5633059453570382 2.2083846764804376 1.726720897890752 0.74592331366262576 0.014116483642752446 -0.99324074405745177 1.0652299086467758 -0.061841216657802449 0.94775131887733211 -0.67501985731580982 -7.5361837495665726e-05 0.38718917544496645 -2.3428985871567463
leaf_weight=615 1112 1644 500 780 1102 707 907 505 699 504 766 6361 10613 654 809 551 823 891 559 598 1035 4975 561 1048 4288 968 764 523513 3665 763
leaf_count=615 1112 1644 500 780 1102 707 907 505 699 504 766 6361 10613 654 809 551 823 891 559 598 1035 4975 561 1048 4288 968 764 523513 3665 763
internal_value=-0.00239513 0.192414 0.155562 0.0977306 -0.000487724 0.513083 0.244378 -1.76459 0.0918085 0.828935 0.0245572 -0.0121184 -0.00772074 0.998782 0.0758471 0.122911 0.0639704 0.220062 1.08785 0.114305 -0.473696 0.335171 0.134601 0.19701 -0.248091 -0.144688 0.231933 -0.00591036 -0.209002 -0.401076
internal_weight=573280 27253 26638 24994 20214 4780 4000 1005 19209 1606 17603 546027 539666 1361 16904 16095 15329 10218 1110 9108 2487 6621 1596 6023 5111 2639 1732 538554 15041 11376
internal_count=573280 27253 26638 24994 20214 4780 4000 1005 19209 1606 17603 546027 539666 1361 16904 16095 15329 10218 1110 9108 2487 6621 1596 6023 5111 2639 1732 538554 15041 11376
is_linear=0
shrinkage=0.05


Tree=124
num_leaves=31
num_cat=0
split_feature=10 7 10 6 8 8 10 12 7 12 13 12 13 13 12 14 13 14 12 13 14 13 13 13 14 12 14 13 12 12
split_gain=484882 349802 332544 309454 427764 415899 367746 490649 352593 401566 1.01508e+06 1.03673e+06 948274 586757 516816 1.58106e+06 1.08582e+06 912334 676264 1.12977e+06 653942 910672 610147 737792 1.28955e+06 1.17871e+06 1.10449e+06 1.29196e+06 1.45142e+06 838626
threshold=0.20969083329394492 -0.018894377864627835 -0.048395029060635385 1.4136031903545347 0.99997371464619966 0.75810841627495051 0.019093844072672072 -0.018397836894734759 -0.011352688512255932 0.0020169800955584165 0.58677817209954453 0.0017009301545418776 0.27226271979510425 0.35595962920300589 0.0030639036876704264 0.0089500665715177719 0.59832070590409325 0.0080632901619468612 0.002829391006346734 0.64892814009661848 0.0011296176608035534 0.60932126951913868 0.6278103044496488 0.58677817209954453 0.00083291358709311307 0.0090764862390379057 -0.0064556919326447977 0.60297076087855161 0.0036734193203664836 0.0031633743668316463
decision_type=10 10 10 2 10 8 10 10 10 8 2 10 2 2 8 8 2 10 10 2 10 2 2 2 8 10 10 2 10 10
left_child=1 2 -1 4 8 6 -5 -8 -3 10 -10 -12 -11 -14 15 17 -17 18 19 20 21 -15 23 -16 25 26 -25 -28 -29 -26
right_child=-2 3 -4 5 -6 -7 7 -9 9 12 11 -13 13 14 22 16 -18 -19 -20 -21 -22 -23 -24 24 29 -27 27 28 -30 -31
leaf_value=1.3679709823930715 -0.75883434597224542 0.51655673258199963 0.11763640555047482 -0.032439515126625892 -0.32898876134796468 0.067403045050648105 -1.3094506057082045 -0.18492994778541974 -1.8436789863093125e-05 -1.6935074196177877 -0.011437924693636744 -2.2942473357318613 1.2906316119060275 0.36981172481668961 0.10556508663642256 -0.37915278711156719 -3.201999306148291 1.9702805925692042 0.77938690415261191 -1.7506670841043943 0.089430777130193567 1.835855816317129 0.13742561556181085 -3.6575456069156647 1.0457545795716641 0.79922377208944495 -2.5585130119350414 -1.8613356456501422 0.84282081709553802 -0.30279581139942535
leaf_weight=898 2121 3660 1304 70862 8571 46702 988 53274 276142 727 1012 978 1057 4959 12291 1069 500 843 5989 730 17573 1347 46767 512 1385 655 1061 918 1080 6878
leaf_count=898 2121 3660 1304 70862 8571 46702 988 53274 276142 727 1012 978 1057 4959 12291 1069 500 843 5989 730 17573 1347 46767 512 1385 655 1061 918 1080 6878
internal_value=-0.004242 -0.00143772 0.627537 -0.00387383 0.0204036 -0.0599244 -0.107449 -0.205405 0.0281191 0.0234694 -0.00812722 -1.13334 0.106109 0.118497 0.106648 0.270305 -1.27872 0.347606 0.3029 0.186939 0.246173 0.682968 0.0311405 -0.16945 -0.440105 -1.15055 -1.50818 -1.14843 -0.399629 -0.076759
internal_weight=572853 570732 2202 568530 396704 171826 125124 54262 388133 384473 278132 1990 106341 105614 104557 33010 1569 31441 30598 24609 23879 6306 71547 24780 12489 4226 3571 3059 1998 8263
internal_count=572853 570732 2202 568530 396704 171826 125124 54262 388133 384473 278132 1990 106341 105614 104557 33010 1569 31441 30598 24609 23879 6306 71547 24780 12489 4226 3571 3059 1998 8263
is_linear=0
shrinkage=0.05


Tree=125
num_leaves=31
num_cat=0
split_feature=9 5 13 14 14 12 12 13 13 14 12 12 13 14 13 14 9 0 8 6 13 12 12 12 14 12 14 14 13 10
split_gain=424844 376112 367334 1.30994e+06 1.10781e+06 1.24171e+06 891400 1.07309e+06 732504 1.43881e+06 524620 471121 5.73597e+06 1.05598e+06 743777 456831 327302 313021 471492 529740 468663 1.32763e+06 1.2088e+06 1.06813e+06 1.40153e+06 991108 1.91845e+06 1.42341e+06 790383 630955
threshold=0.096262222323792196 0.80530316230007803 0.086379690949227386 0.0060195072149775257 -0.00081376696052021442 -0.018397836894734759 -0.018397836894734759 0.068898305084745773 0.10532212885154063 0.0051504160042822556 -0.012776247349859415 -0.015523825238295434 0.29346189070927042 7.7765714262847217e-05 0.14237178822743557 -0.00073415838159448913 -0.016924351973102259 0.0022928778140067912 0.5176470588235369 1.8548492438743762 0.22419210611291887 -0.0083764560395833219 -0.009580108063527739 -0.0047350686144894674 -0.011175828150746085 -0.012121439880781302 -0.00098861099964685771 -0.0073043107792539535 0.22997277853392964 -0.017954770425643068
decision_type=8 10 2 10 10 10 10 2 2 10 10 8 2 8 2 10 10 10 8 2 2 8 10 8 10 10 10 10 2 10
left_child=2 -2 3 4 5 -1 7 -6 9 10 -4 12 13 -10 16 -12 -15 20 19 -19 23 22 -22 24 29 26 -26 -27 -23 -13
right_child=1 -3 8 -5 6 -7 -8 -9 11 -11 15 17 -14 14 -16 -17 -18 18 -20 -21 21 28 -24 -25 25 27 -28 -29 -30 -31
leaf_value=-1.9797146998050907 -0.013043003714113486 -1.3433456455742836 -2.7283895817479831 -1.3594270518256559 1.0505481962565772 0.84367280483346796 0.34633782282740855 3.9932317116215104 -2.295490841311032 1.3171523953416757 0.039463460790186783 0.89592801488775575 5.0703827560049168 0.14039079552747197 -0.88855515464476886 -1.9053699223702054 1.8037485184442716 -0.050116062038217252 0.037316345501124254 -0.27826657941694016 0.13176211223851991 -1.4848222600222671 -2.2722133672971925 -1.7138246804050039 -2.3056308922299595 2.8904626165031289 0.39336173155194071 0.28890393232604938 0.031714951940156937 3.3892396082362488
leaf_weight=581 1020 1109 627 828 644 1181 826 597 565 572 596 511 589 589 977 612 594 128429 115212 31728 925 862 1203 665 1071 543 1709 16578 260314 504
leaf_count=581 1020 1109 627 828 644 1181 826 597 565 572 596 511 589 589 977 612 594 128429 115212 31728 925 862 1203 665 1071 543 1709 16578 260314 504
internal_value=-0.00100156 -0.706 0.00162875 0.443879 0.833834 -0.087308 1.61906 2.46617 -0.00201021 -0.872395 -1.55491 0.00170721 0.596108 -0.370992 0.132407 -0.945833 0.975585 -0.00180877 -0.0398226 -0.095314 0.0349353 0.0165753 -1.22725 0.258941 0.321662 0.229229 -0.64643 0.371414 0.0267097 2.13399
internal_weight=572761 2129 570632 4657 3829 1762 2067 1241 565975 2407 1835 563568 3314 2725 2160 1208 1183 560254 275369 160157 284885 263304 2128 21581 20916 19901 2780 17121 261176 1015
internal_count=572761 2129 570632 4657 3829 1762 2067 1241 565975 2407 1835 563568 3314 2725 2160 1208 1183 560254 275369 160157 284885 263304 2128 21581 20916 19901 2780 17121 261176 1015
is_linear=0
shrinkage=0.05


Tree=126
num_leaves=31
num_cat=0
split_feature=7 14 17 10 14 14 14 14 14 14 17 14 14 14 14 14 14 11 11 14 14 14 14 14 5 14 14 7 10 7
split_gain=372263 663287 340054 324673 313848 662522 1.76106e+06 559721 878608 511885 451062 537862 546262 401474 399011 1.20011e+06 725960 650188 457816 449895 384803 962803 432761 701037 593440 375444 1.14892e+06 798453 382407 375156
threshold=-0.018894377864627835 0.0010896464249950553 0.053750775460338907 0.088688460522742915 0.0022556369424982597 0.0015755726421851299 0.0015395435248249415 0.0024285878725784104 0.0026025985920121526 0.0016072972677850155 0.031636041819863882 0.0025310492192112525 0.0025032533077929057 0.0024066667947869286 0.0037443277368222464 0.0037741098279209617 0.0036094540009411996 -0.081163672003869078 -0.040591030817640768 0.003632857038501565 0.0021997587737810705 0.0021046239761008906 0.0019491366621190152 0.0019856109205337131 0.43150369779763892 0.0011880350620827728 0.00099970194329166372 -0.0070517415255685542 -0.022289848242461576 -0.0074551742653256878
decision_type=10 8 2 10 8 10 10 8 8 10 2 10 10 10 8 8 10 10 10 10 10 10 10 10 8 10 10 10 10 10
left_child=1 -1 4 -4 5 6 25 13 10 -7 -9 12 -12 -6 16 -16 18 -17 -10 -18 21 22 24 -24 -11 26 -2 -28 -29 -25
right_child=2 -3 3 -5 7 9 -8 8 14 20 11 -13 -14 -15 15 17 19 -19 -20 -21 -22 -23 23 29 -26 -27 27 28 -30 -31
leaf_value=1.7976031155466583 -0.01192467160973615 0.026184369992436632 -0.090412425040759414 -0.48592771116206157 0.22486544321887744 -0.9448508835736249 1.3941935938467267 -0.16005490159140742 -0.066867371111440851 -0.37762936877457354 -0.91635583393917264 -1.5016457741214175 0.57896000235764822 0.94946814913539834 -1.1856362455447298 0.17664399413566223 1.2173090548853747 -0.043565486191819096 0.18651446239192826 0.36178239438019361 -0.61382403108907058 0.58197518214138677 -1.2890145428166218 -1.6070179925827313 0.10432274088315473 0.18529874455558562 1.2345873918111083 -1.2795817133140759 -0.51365314117330674 -0.19759531529563354
leaf_weight=792 165944 1588 28820 6328 11107 2250 2233 6636 30926 10947 1655 1723 968 2309 2123 44313 2047 137627 42089 6164 4462 4314 2110 500 15334 20350 559 2220 6128 8473
leaf_count=792 165944 1588 28820 6328 11107 2250 2233 6636 30926 10947 1655 1723 968 2309 2123 44313 2047 137627 42089 6164 4462 4314 2110 500 15334 20350 559 2220 6128 8473
internal_value=-0.00836085 0.615665 -0.0109634 -0.16162 -0.00107512 -0.0426277 -0.00199037 0.0341857 0.0188701 -0.20843 -0.419377 -0.815341 -0.36452 0.349575 0.0370119 -0.00372301 0.12932 0.0100684 0.0791929 0.575065 -0.172519 -0.125273 -0.206931 -0.468966 -0.096428 -0.017962 -0.0416185 -0.594836 -0.717338 -0.276132
internal_weight=573039 2380 570659 35148 535511 245824 197434 289687 276271 48390 10982 4346 2623 13416 265289 184063 81226 181940 73015 8211 46140 41678 37364 11083 26281 195201 174851 8907 8348 8973
internal_count=573039 2380 570659 35148 535511 245824 197434 289687 276271 48390 10982 4346 2623 13416 265289 184063 81226 181940 73015 8211 46140 41678 37364 11083 26281 195201 174851 8907 8348 8973
is_linear=0
shrinkage=0.05


Tree=127
num_leaves=31
num_cat=0
split_feature=7 14 4 13 14 13 14 12 14 12 12 13 13 12 14 12 13 12 12 13 12 12 13 10 14 12 10 17 17 12
split_gain=517493 491334 394980 567924 1.40679e+06 985316 1.36913e+06 630116 619601 1.19385e+06 980046 1.39714e+06 1.96042e+06 1.17452e+06 1.40916e+06 1.19883e+06 1.10676e+06 1.08764e+06 870759 1.81532e+06 2.39627e+06 1.74569e+06 1.69415e+06 1.17309e+06 871887 566004 559299 460916 390165 381257
threshold=-0.018894377864627835 0.0011296176608035534 -0.19862310695070212 0.12723558433549184 -0.0073043107792539535 0.1511401849516604 -0.0066860323921768099 -0.022058472749514658 -0.0080407074899879888 0.0084027174470880702 0.0031633743668316463 0.6324016361511493 0.7164059387818823 0.0029794210103305805 -0.033374233339537519 0.0013102427116815129 0.60669865403788636 0.00043411756094611896 -0.00024998173186822073 0.37735436606404354 -0.0042591896515363249 -0.0052980094234980355 0.24833449179276054 -0.0052951838002406725 -0.013851110702276003 0.010656917268997959 -0.0041341777617197092 0.033041068457972035 0.032488633670856672 -0.0047965554486507833
decision_type=10 8 8 2 8 2 10 10 8 10 10 2 2 10 10 10 2 10 10 2 10 10 2 10 10 10 10 2 2 8
left_child=1 -1 3 4 -2 6 -5 -7 9 10 13 16 -13 14 -9 17 -12 18 19 20 21 22 -16 -22 -20 -11 -21 -27 -4 -30
right_child=2 -3 28 5 -6 7 -8 8 -10 25 11 12 -14 -15 15 -17 -18 -19 24 26 23 -23 -24 -25 -26 27 -28 -29 29 -31
leaf_value=1.7376435386261928 -2.7826552453106399 0.21086827713247197 0.016757546465870424 3.2310915283414703 0.16362670237087251 1.4987457067970338 -0.18224825501650366 -2.1631668121021774 0.18927217366796481 1.4203751562075944 -1.0908484771785552 1.7529155405895223 -1.5743041541518714 2.1454725678521962 0.97932289012547202 -2.1963100955623096 -4.0033931381438848 2.1864725105682461 0.070209648981560388 2.7161890047537502 -3.6731662366539242 2.8979729477640643 -1.7954059329201184 -0.4720952653301993 -2.6750471709219563 -0.62432162681511194 0.72346818505714927 0.83634231170617612 0.087162330288138731 -0.098317956001082854
leaf_weight=806 584 1522 284322 604 1323 805 572 896 42823 1387 719 723 1142 527 1305 610 597 581 573 718 649 574 951 512 584 1051 691 1111 32391 191518
leaf_count=806 584 1522 284322 604 1323 805 572 896 42823 1387 719 723 1142 527 1305 610 597 581 573 718 649 574 951 512 584 1051 691 1111 32391 191518
internal_value=-0.00448744 0.739468 -0.00752143 0.110974 -0.738643 0.137664 1.57086 0.109351 0.0903048 -0.176224 -0.408454 -1.16468 -0.284449 -0.146154 -0.285868 -0.0687715 -2.41212 0.113044 -0.0706776 0.19603 -0.348678 0.43605 -0.190343 -2.2615 -1.31547 0.63203 1.73892 0.126279 -0.0221196 -0.0714861
internal_weight=573171 2328 570843 62612 1907 60705 1176 59529 58724 15901 12352 3181 1865 9171 8644 7748 1316 7138 6557 5400 3991 2830 2256 1161 1157 3549 1409 2162 508231 223909
internal_count=573171 2328 570843 62612 1907 60705 1176 59529 58724 15901 12352 3181 1865 9171 8644 7748 1316 7138 6557 5400 3991 2830 2256 1161 1157 3549 1409 2162 508231 223909
is_linear=0
shrinkage=0.05


Tree=128
num_leaves=31
num_cat=0
split_feature=10 7 14 14 12 12 12 14 14 14 14 12 12 12 14 12 14 14 12 14 12 14 12 12 12 12 12 12 12 14
split_gain=501124 493724 444113 962269 1.48494e+06 937978 1.57354e+06 1.41393e+06 1.80957e+06 2.07653e+06 1.60301e+06 1.212e+06 712801 1.29167e+06 711645 674558 636609 609661 1.97349e+06 1.25099e+06 1.30907e+06 1.11308e+06 1.21482e+06 1.72899e+06 1.934e+06 1.15252e+06 1.0628e+06 3.15314e+06 1.26921e+06 905510
threshold=0.17230960680033106 -0.018894377864627835 0.0022556369424982597 0.0021997587737810705 -0.0012186919422959488 -0.0068887899551179086 -0.0055529359160462902 0.00093276220340378455 -0.0016311041792563933 -0.0055040751619077934 0.001797137430062595 -0.0064836710996034408 -0.0090148358906430217 -0.009218330210910267 -0.0025634571192562072 0.0015023109332461752 0.0021046239761008906 -0.0020407902496278082 -0.0044668393901314803 -0.0031432516275421403 -0.0028053404000961549 -0.0014324399999777863 -0.0025168970306861157 0.00043411756094611896 0.0008032770979212562 0.0016597268665611627 -0.0033673048129944038 -0.0036304690109206419 -0.0041931567818556505 -0.001752787791000831
decision_type=10 10 8 10 10 10 10 10 10 10 10 10 10 10 10 8 10 10 10 10 10 10 10 10 10 10 10 10 10 10
left_child=1 -1 3 5 -5 12 7 8 9 -7 -9 -11 13 -3 -13 -6 17 18 -8 26 -21 22 -19 -24 29 -26 27 28 -20 -25
right_child=-2 2 -4 4 15 6 16 10 -10 11 -12 14 -14 -15 -16 -17 -18 21 19 20 -22 -23 23 24 25 -27 -28 -29 -30 -31
leaf_value=0.76559201120958986 -0.53655640198620469 0.13295774348177711 0.035691757161464888 -2.500124139104134 0.0039401549319069687 0.89555603731873534 1.7030944614665704 -4.262818238201457 0.50014555056969245 -3.5883933407127415 -0.781494182087481 -2.2355118139176722 0.5453641277514879 -1.7592622864164023 -0.11564765132077144 -1.7768918923570873 0.55153229191068087 -2.3072235425825069 -0.99900898751080713 2.6844829905030156 0.34630744398042801 -0.083834590157148198 0.65247827213509912 -1.2782389369982301 1.3064207278005533 -0.82768364530816485 -0.033598437822468567 -4.3324824297430728 1.354214126421855 -4.1105341794545733
leaf_weight=2087 4419 17805 307849 975 3051 828 1788 574 2659 806 780 816 10912 950 769 644 4298 990 1780 630 12016 138667 2469 532 759 3800 46866 574 845 601
leaf_count=2087 4419 17805 307849 975 3051 828 1788 574 2659 806 780 816 10912 950 769 644 4298 990 1780 630 12016 138667 2469 532 759 3800 46866 574 845 601
internal_value=-0.00616293 -0.00203738 -0.00486767 -0.0532292 -0.764436 -0.040128 -0.0751408 -0.80066 -0.465115 -1.26245 -2.25733 -2.00977 0.224055 0.0371108 -1.20701 -0.30644 -0.0509183 -0.0631139 0.0651513 0.0184507 0.462791 -0.119081 -0.653181 -0.452532 -0.931848 -0.47239 -0.093786 -0.975545 -0.241495 -2.78063
internal_weight=572539 568120 566033 258184 4670 253514 223847 7232 5878 3219 1354 2391 29667 18755 1585 3695 216615 212317 64499 62711 12646 147818 9151 8161 5692 4559 50065 3199 2625 1133
internal_count=572539 568120 566033 258184 4670 253514 223847 7232 5878 3219 1354 2391 29667 18755 1585 3695 216615 212317 64499 62711 12646 147818 9151 8161 5692 4559 50065 3199 2625 1133
is_linear=0
shrinkage=0.05


Tree=129
num_leaves=31
num_cat=0
split_feature=9 9 12 13 12 14 13 13 13 13 12 12 12 12 7 14 13 2 9 12 12 13 3 8 14 14 13 14 12 12
split_gain=499945 353124 1.32556e+06 1.47033e+06 427562 780816 662224 507714 425367 462113 464758 421702 517250 631909 404277 314842 2.58035e+06 721108 309106 564828 729770 643641 593219 395859 422722 383309 719118 845021 437108 671259
threshold=0.096262222323792196 -0.044337447991710063 -0.018397836894734759 0.1935457635940728 -0.0055529359160462902 0.0091590992600573077 0.23871975019516004 0.33459556191839662 0.37476591760299632 0.72128291540526657 0.0048987263190622228 0.0039017224105612745 0.0030639036876704264 0.0024187455855361416 -0.0057312680649601834 -0.033374233339537519 0.56736237614964247 -0.027777691170817357 0.0048160460868988631 -0.018397836894734759 -0.014023419856971607 0.12723558433549184 -0.5525309842341829 0.68292682926829296 -0.0073043107792539535 0.0093921061047047109 0.42833800186741366 0.012408643984512928 3.6452014036438599e-05 0.0013102427116815129
decision_type=8 10 8 2 8 10 2 2 2 2 10 10 10 8 10 8 2 10 10 8 8 2 8 8 8 10 2 10 10 10
left_child=1 2 3 -1 6 7 -4 -6 -9 10 11 12 13 -10 -8 16 -3 -18 -17 22 -21 -22 -20 24 -23 -26 27 -27 -28 -30
right_child=-2 15 4 -5 5 -7 14 8 9 -11 -12 -13 -14 -15 -16 18 17 -19 19 20 21 23 -24 -25 25 26 28 -29 29 -31
leaf_value=0.020709223781700939 -0.77740622603109533 -2.4590105133140443 0.017044708603512378 3.5552822995323328 -0.96038492941642017 -1.1088993878610651 2.463544876524526 1.2492002443796664 -0.057999568481311631 0.91688176842352387 -1.2386126358523926 1.4235551703748983 -1.3000586518620174 1.7951655802516919 0.67199958324913056 -0.038317856432001342 2.2706736792844278 -0.28352177953697683 -2.3637444910854102 1.2780101033458924 -1.017217141878775 0.45941946939911538 -0.026479971609533033 0.15027326919510808 0.0025167573248383846 -2.0699075554111941 0.93451760988397625 -0.12461785737551082 -1.6425159592426324 0.074491069681811045
leaf_weight=571 2099 1002 1860 607 987 1492 585 926 4173 1483 742 538 712 517 682 339195 575 532 500 1192 1437 4841 594 62287 135846 1140 948 1094 715 2792
leaf_count=571 2099 1002 1860 607 987 1492 585 926 4173 1483 742 538 712 517 682 339195 575 532 500 1192 1437 4841 594 62287 135846 1140 948 1094 715 2792
internal_value=-0.0071633 -0.00432972 0.228184 1.842 0.0988329 -0.0413685 0.617583 0.116674 0.233609 0.11843 -0.0587775 0.0886026 -0.044349 0.146283 1.49919 -0.0109842 -0.620732 1.04318 -0.008657 0.0384914 0.0443311 0.037365 -1.0947 0.0445929 -7.1807e-05 -0.0156778 -0.385188 -1.11729 -0.0180689 -0.275569
internal_weight=572664 570565 15875 1178 14697 11570 3127 10078 9091 8165 6682 5940 5402 4690 1267 554690 2109 1107 552581 213386 212292 211100 1094 209663 147376 142535 6689 2234 4455 3507
internal_count=572664 570565 15875 1178 14697 11570 3127 10078 9091 8165 6682 5940 5402 4690 1267 554690 2109 1107 552581 213386 212292 211100 1094 209663 147376 142535 6689 2234 4455 3507
is_linear=0
shrinkage=0.05


Tree=130
num_leaves=31
num_cat=0
split_feature=12 13 12 12 14 17 14 14 14 13 13 13 13 13 14 14 12 14 14 14 14 13 12 14 13 12 14 13 13 14
split_gain=382805 2.80236e+06 2.77837e+06 1.88523e+06 2.46427e+06 676947 773540 1.40527e+06 706782 1.69752e+06 2.00775e+06 1.86595e+06 1.42171e+06 3.75655e+06 1.29948e+06 1.30792e+06 1.58967e+06 2.09941e+06 1.64758e+06 1.38545e+06 2.25716e+06 2.36789e+06 1.30139e+06 1.19935e+06 1.18753e+06 917465 1.43881e+06 891886 840509 766389
threshold=-0.009218330210910267 0.29346189070927042 -0.010932977868723071 -0.0090148358906430217 0.0053849901496091637 0.084276104020239676 0.0059817194653357655 0.014332030701907571 -0.0018105553692524285 0.12723558433549184 0.1511401849516604 0.10532212885154063 0.1935457635940728 0.18203383094463352 -0.0012642752095639196 -0.00098861099964685771 -0.014023419856971607 0.0011296176608035534 0.0049007795309750886 1.0000000180025095e-35 0.0025653765985822938 0.14237178822743557 -0.010932977868723071 0.00052547684438546604 0.10532212885154063 -0.010324644599988417 0.0037907551294518401 0.16887096774193552 0.1935457635940728 -0.0073043107792539535
decision_type=8 2 10 8 10 2 8 10 10 2 2 2 2 2 10 10 10 8 10 10 10 2 10 10 2 10 10 2 2 10
left_child=1 5 -3 4 -2 6 8 -8 9 11 29 -1 13 14 -10 -16 17 23 24 -18 21 22 -21 -17 -19 26 -22 -23 -12 -11
right_child=3 2 -4 -5 -6 -7 7 -9 12 10 28 -13 -14 -15 15 16 19 18 -20 20 25 27 -24 -25 -26 -27 -28 -29 -30 -31
leaf_value=-0.28825326162747955 -2.46254547922325 5.0540514400611771 0.18611635595982978 -0.0064660858354310029 1.2655966893857258 1.824224494505061 -1.4903201031195126 0.59032729225102731 2.2415056456364693 3.279379122065647 0.31120388744433236 -2.8515838017443329 1.3160569819979748 -3.5971612140741684 -1.697722476512058 1.3406023499770807 1.4305383921943222 -2.3014728963990061 2.1387405364579344 1.2032190834950618 1.5489218886973357 -3.255942187532721 -1.2840100288638014 4.4904819762976302 0.4711098755946857 2.1020707211753868 -1.4269348442940011 -0.89589157648708506 -1.5537223841565235 0.85370146084123621
leaf_weight=2175 1643 574 599 541667 607 541 2053 1342 800 630 1630 1054 2937 653 878 624 1231 630 827 1079 823 1211 1026 586 998 857 802 598 960 674
leaf_count=2175 1643 574 599 541667 607 541 2053 1342 800 630 1630 1054 2937 653 878 624 1231 630 827 1079 823 1211 1026 586 998 857 802 598 960 674
internal_value=-0.00306047 0.174613 2.56821 -0.0124655 -1.45678 0.0729549 0.0379657 -0.667867 0.139148 -0.277331 0.42555 -1.12497 0.318289 0.103179 0.28948 0.161163 0.305699 1.16151 0.321376 -0.105544 -0.401184 -1.14916 -0.00908356 2.86608 -0.601818 0.778338 0.0802221 -2.47578 -0.380043 2.02562
internal_weight=572709 28792 1173 543917 2250 27619 27078 3395 23683 7123 3894 3229 16560 13623 12970 12170 11292 3665 2455 7627 6396 3914 2105 1210 1628 2482 1625 1809 2590 1304
internal_count=572709 28792 1173 543917 2250 27619 27078 3395 23683 7123 3894 3229 16560 13623 12970 12170 11292 3665 2455 7627 6396 3914 2105 1210 1628 2482 1625 1809 2590 1304
is_linear=0
shrinkage=0.05


Tree=131
num_leaves=31
num_cat=0
split_feature=10 9 12 13 13 14 14 12 12 14 2 14 14 14 12 13 13 12 14 9 11 12 14 13 14 12 13 12 17 13
split_gain=351364 322382 1.33053e+06 329721 565583 313178 850475 751175 303877 1.05247e+06 548022 578726 542212 544935 603198 486913 523517 724944 607536 1.03549e+06 505010 492453 1.0297e+06 1.06901e+06 1.42956e+06 911485 860186 1.1692e+06 686723 566154
threshold=0.20969083329394492 -0.058211730413737818 -0.018397836894734759 0.61936600066971781 0.55251509886655092 0.0270617032583759 0.02042647176750689 -0.0034388706987858726 0.010100173992290821 -0.033374233339537519 -0.024584353483003689 -0.013851110702276003 -0.01796644498195283 -0.021658507068033826 -0.001971657212894184 0.82686437975490878 0.78953528697763142 0.0084027174470880702 -0.013851110702276003 0.014100829634686111 -0.070741319804524347 0.0069817067548779725 -0.0076510020158406878 0.4574647945403188 -0.0036085129402870018 0.0062609719852773889 0.73739675480181821 0.0065259749054591186 0.035081303943235866 0.44695315721805795
decision_type=10 8 10 2 2 10 10 10 10 8 8 10 8 10 10 2 2 10 8 10 10 10 8 2 10 10 2 10 2 2
left_child=1 2 -1 4 -4 6 8 -7 9 -3 -10 -12 13 -11 -15 16 18 -18 19 20 -14 25 -23 -24 28 -20 29 -28 -25 -27
right_child=-2 5 3 -5 -6 7 -8 -9 10 12 11 -13 15 14 -16 -17 17 -19 21 -21 -22 22 23 24 -26 26 27 -29 -30 -31
leaf_value=2.2091300398646716 -0.63566704662690288 -1.415562057857306 0.13393618046517961 0.76588582761840351 -1.3168340776521472 0.39239649184813774 1.2908139062354813 -1.760536815697737 1.6008335546689576 -0.042273319885559719 -0.6611706553800375 0.37713696039614503 0.51066029079615538 0.12867410804306254 1.9223300380536337 -0.90138165242824675 1.5663000813087293 -0.13591111197285266 -0.010327925286171762 -2.4110479157981142 -0.85096998178525995 1.5301736710287408 -1.5159711070764397 0.10508370585939408 0.76103277110468248 -1.5647188569043766 -0.23797096424862443 -2.6206485729435882 -1.2838637138572322 0.19087461772207512
leaf_weight=835 2200 1333 3780 1346 817 798 1264 823 723 1753 1686 6578 1231 803 1126 1538 1245 1257 521531 688 1524 1505 900 2051 5980 567 995 1067 1572 2416
leaf_count=835 2200 1333 3780 1346 817 798 1264 823 723 1753 1686 6578 1231 803 1126 1538 1245 1257 521531 688 1524 1505 900 2051 5980 567 995 1067 1572 2416
internal_value=-0.0049992 -0.0025639 0.340208 0.077622 -0.123901 -0.00669089 -0.00468684 -0.700672 -0.00761061 -0.0123138 0.280792 0.165304 -0.00891133 0.595808 1.17567 -0.0129888 -0.0104796 0.711112 -0.0138105 -0.67588 -0.242561 -0.00957805 0.307029 0.131762 0.286189 -0.0167979 -0.68564 -1.47091 -0.497573 -0.142824
internal_weight=571932 569732 6778 5943 4597 562954 561333 1621 560069 551082 8987 8264 549749 3682 1929 546067 544529 2502 542027 3443 2755 538584 12008 10503 9603 526576 5045 2062 3623 2983
internal_count=571932 569732 6778 5943 4597 562954 561333 1621 560069 551082 8987 8264 549749 3682 1929 546067 544529 2502 542027 3443 2755 538584 12008 10503 9603 526576 5045 2062 3623 2983
is_linear=0
shrinkage=0.05


Tree=132
num_leaves=31
num_cat=0
split_feature=8 10 17 8 9 12 14 14 14 13 12 12 13 0 10 14 14 14 12 13 12 12 13 12 12 13 12 13 12 12
split_gain=378334 465243 343831 326929 321404 1.009e+06 681088 308467 626566 1.86521e+06 1.10486e+06 933386 487261 450609 399151 399076 374394 538372 1.54565e+06 1.38564e+06 2.67489e+06 2.43558e+06 1.4842e+06 1.3772e+06 2.71038e+06 3.10547e+06 2.46014e+06 1.97837e+06 1.23802e+06 1.13062e+06
threshold=0.031969396965900933 0.20969083329394492 0.017175209772322259 0.99997371464619966 -0.083267613653601594 -0.0055529359160462902 0.0029997106305038285 0.014332030701907571 0.011824106625347611 0.26136411553868866 0.0030953910451583587 0.0050431201962702543 0.41198591549295777 0.018034947570182137 0.042906518867454717 0.0270617032583759 0.0026909570017902428 -0.00037121405021835533 -0.014023419856971607 0.12723558433549184 -0.0070682575628737343 -0.0064836710996034408 0.20834805061934403 -0.0048778284761807232 -0.0047350686144894674 0.28708151012516542 -0.0049951111909748653 0.31228524855464218 -0.01158329952267197 -0.0044668393901314803
decision_type=10 10 2 10 8 8 10 10 10 2 10 10 2 10 10 10 10 10 10 2 8 8 2 10 10 2 10 2 10 10
left_child=-1 2 -2 4 5 -4 -7 8 13 -10 12 -12 -11 16 15 -9 17 19 -19 28 -21 22 -22 26 25 -25 27 -20 -6 -26
right_child=1 -3 3 -5 7 6 -8 14 9 10 11 -13 -14 -15 -16 -17 -18 18 23 20 21 -23 -24 24 29 -27 -28 -29 -30 -31
leaf_value=0.18122997623581094 0.19574587318049502 -0.7900118205910297 1.9962842303780506 -0.27992823102783748 -1.3422803881782033 0.76301138642391386 -1.6012696707147027 0.64457166941243826 -2.8395104416751429 -0.7573132116943242 -2.9951979988295103 -0.087520900002572746 0.63747232438839274 -0.30926071602537308 -0.41569537661699912 -0.39419932767895577 0.041489925778814975 1.4083415930364978 -0.31222713730491175 0.80496680820423849 -0.12152380412449643 0.021684059011870042 -2.7765393563478198 -0.65681858004084726 -1.5598681126782532 3.778800541756985 -3.2663898838238907 -3.314067919895014 0.82061295677376056 -0.081160607877649504
leaf_weight=26032 19371 1924 801 11715 3129 689 546 5368 769 838 552 552 2477 12639 1602 1117 219512 1658 16299 11041 901 100067 1266 670 1306 960 791 568 839 126773
leaf_count=26032 19371 1924 801 11715 3129 689 546 5368 769 838 552 552 2477 12639 1602 1117 219512 1658 16299 11041 901 100067 1266 670 1306 960 791 568 839 126773
internal_value=-0.0050017 -0.0138688 -0.0111278 -0.0187544 -0.0127987 0.614168 -0.28225 -0.0152933 -0.0202128 -0.566857 -0.171367 -1.54136 0.284884 -0.0145228 0.291059 0.46565 -0.00685435 -0.0467095 -0.109771 0.0334468 0.0656182 -0.0142294 -1.67263 -0.126851 -0.0704545 1.95557 -0.54112 -0.413315 -0.884955 -0.0962387
internal_weight=572772 546740 544816 525445 513730 2036 1235 511694 503607 5188 4419 1104 3315 498419 8087 6485 485780 266268 149025 117243 113275 102234 2167 147367 129709 1630 17658 16867 3968 128079
internal_count=572772 546740 544816 525445 513730 2036 1235 511694 503607 5188 4419 1104 3315 498419 8087 6485 485780 266268 149025 117243 113275 102234 2167 147367 129709 1630 17658 16867 3968 128079
is_linear=0
shrinkage=0.05


Tree=133
num_leaves=31
num_cat=0
split_feature=17 12 13 14 14 14 12 12 14 12 11 14 13 14 13 13 9 12 13 14 12 13 14 13 14 12 12 14 14 12
split_gain=371810 440422 792116 608065 475265 429142 343190 324912 711390 653210 966887 448581 786165 519041 526843 324904 317184 1.39173e+06 924222 745047 525421 514627 409811 2.06162e+06 387268 1.71637e+06 1.59505e+06 1.51752e+06 1.07814e+06 1.26891e+06
threshold=0.055210611125910358 -0.0049951111909748653 0.25347289214740504 0.010389342610622724 -0.00081376696052021442 0.0082918860079702356 -0.0041064867425633029 -0.0036304690109206419 0.0270617032583759 0.0046182709642192434 -0.34747289082290428 -0.0076510020158406878 0.48035355874633323 0.0089500665715177719 0.55688665710186525 0.28409859631320827 -0.035753670005788558 -0.018397836894734759 0.13515766582094965 0.0091590992600573077 -0.022058472749514658 0.48991919093377562 -0.033374233339537519 0.56736237614964247 0.0077611450595120616 -0.0039581796496085007 -0.0029618408736696656 0.015959206129601212 0.006890002005023343 -0.00071833509962087292
decision_type=2 8 2 10 10 10 8 8 8 10 10 10 2 10 2 2 8 8 2 10 8 2 8 2 10 10 10 10 10 10
left_child=16 2 3 5 -4 -2 -3 -8 9 11 -11 12 -9 -13 -15 -6 17 18 -1 -19 -18 -21 23 -22 28 27 -27 -26 -24 -30
right_child=1 6 4 -5 15 -7 7 8 -10 10 -12 13 -14 14 -16 -17 20 19 -20 21 22 -23 24 -25 25 26 -28 -29 29 -31
leaf_value=0.57940324908415874 -0.28138906700923533 -1.1288844299496783 -0.024536623757913573 -1.8739745603379854 2.3187272850004805 1.1865715500639706 0.77328034828525238 0.059880406460897241 -1.6804827150359682 2.0639540878512244 0.022233642078709721 -0.18455524141688323 -2.5879222120418763 -1.6853142088018296 0.06983548761543 0.84024529267477832 -1.0648884791344126 0.19395113117229851 3.4665762240223255 0.085616971375910858 -3.0396870315751574 -1.4999778571760676 -0.0020125485726273954 0.61523320666236248 -1.0666663347700556 2.2539519627671782 0.24879058129656728 0.76205788516786832 -1.0392874519316189 -0.04474665925570262
leaf_weight=603 2614 1107 872 501 622 615 783 540 852 675 4114 14986 583 1214 660 923 1173 18677 513 912 629 1166 468208 998 4516 1029 27421 1515 5511 7672
leaf_count=603 2614 1107 872 501 622 615 783 540 852 675 4114 14986 583 1214 660 923 1173 18677 513 912 629 1166 468208 998 4516 1029 27421 1515 5511 7672
internal_value=-0.00975824 -0.176294 0.203632 -0.253263 0.908729 -0.00179917 -0.267829 -0.228775 -0.261987 -0.208915 0.31001 -0.347108 -1.31471 -0.282659 -1.06717 1.43547 -3.79671e-06 0.186515 1.90657 0.0940272 -0.00786879 -0.804086 -0.00547287 -0.797763 -0.00297408 0.158895 0.321315 -0.607287 -0.0145684 -0.460503
internal_weight=572204 31661 6147 3730 2417 3229 25514 24407 23624 22772 4789 17983 1123 16860 1874 1545 540543 21871 1116 20755 518672 2078 517499 1627 515872 34481 28450 6031 481391 13183
internal_count=572204 31661 6147 3730 2417 3229 25514 24407 23624 22772 4789 17983 1123 16860 1874 1545 540543 21871 1116 20755 518672 2078 517499 1627 515872 34481 28450 6031 481391 13183
is_linear=0
shrinkage=0.05


Tree=134
num_leaves=31
num_cat=0
split_feature=7 9 4 9 14 13 17 2 14 14 13 13 12 14 9 13 12 13 13 14 14 13 12 9 12 12 14 14 10 13
split_gain=377321 662577 343746 443156 514499 2.30685e+06 423547 370617 311770 491858 407237 363729 2.19998e+06 1.26462e+06 1.39601e+06 992846 569275 2.17656e+06 1.26787e+06 620352 745344 923193 547626 547097 476726 614245 519830 422067 413157 390943
threshold=-0.018894377864627835 -0.038616155944430665 0.014323594378111848 -0.028265387840447787 -0.033374233339537519 0.56736237614964247 0.032599580313473868 0.031201075261608705 0.0030633151951046582 0.0030254121743337925 0.74388931509184686 0.23871975019516004 -0.0055529359160462902 0.0049007795309750886 -0.030626098228241128 0.22419210611291887 -0.0070682575628737343 0.18612563033917431 0.16887096774193552 0.014332030701907571 0.0039857197863518894 0.11425369198312237 -0.0059250802429191285 -0.014323806620185241 0.00962621090158222 0.0020625259332994841 0.02042647176750689 0.015959206129601212 -0.028668824686091176 0.61936600066971781
decision_type=10 10 10 10 8 2 2 8 10 10 2 2 10 10 10 2 10 2 2 10 10 2 10 10 10 10 10 10 10 2
left_child=1 -1 3 -2 5 -5 -4 -6 9 10 -8 15 13 -13 -15 16 17 18 19 20 -10 -22 -18 29 25 26 27 -25 -23 -14
right_child=2 -3 6 4 7 -7 8 -9 11 -11 -12 12 23 14 -16 -17 22 -19 -20 -21 21 28 -24 24 -26 -27 -28 -29 -30 -31
leaf_value=1.9242148640687518 0.28477250458394016 0.079908225405102659 0.011381824935507441 -2.6645336515531879 0.035091890287113535 0.86932822236942497 -0.19195157970937102 -0.77785327286477979 0.82901969581075452 -1.5546884828833518 0.57009356230827579 3.3304126670574754 -0.39886819627316167 2.9994934918589284 0.20705213689277069 -2.0783085713057949 2.0241185698187212 -3.0488427290930296 1.8163432149710133 1.0806309796474751 0.18031740172363042 -3.2106353504986269 -0.27059452223616676 -0.074625764575131301 -1.1386935822148985 0.27648917922011423 1.3519321883990179 -1.2986068942774005 -1.2765504125885692 0.18926979453012766
leaf_weight=695 17381 1627 197012 879 197641 973 61065 1412 544 648 1805 599 16076 566 2139 780 522 667 800 547 670 513 518 43187 894 17362 630 716 598 3428
leaf_count=695 17381 1627 197012 879 197641 973 61065 1412 544 648 1805 599 16076 566 2139 780 522 667 800 547 670 513 518 43187 894 17362 630 716 598 3428
internal_value=-0.0041521 0.631929 -0.0067407 0.0425617 0.0216072 -0.80792 -0.0372898 0.0293252 -0.0990445 -0.184199 -0.170073 -0.0400966 -0.0133931 1.25167 0.791349 -0.411218 -0.169476 -0.421303 0.0559766 -0.434376 -0.79081 -1.28558 0.881175 -0.0641844 0.00766798 0.0242258 -0.0741236 -0.0945873 -2.16961 -0.295498
internal_weight=572894 2322 570572 218286 200905 1852 352286 199053 155274 63518 62870 91756 85597 3304 2705 6159 5379 4339 3672 2872 2325 1781 1040 82293 62789 61895 44533 43903 1111 19504
internal_count=572894 2322 570572 218286 200905 1852 352286 199053 155274 63518 62870 91756 85597 3304 2705 6159 5379 4339 3672 2872 2325 1781 1040 82293 62789 61895 44533 43903 1111 19504
is_linear=0
shrinkage=0.05


Tree=135
num_leaves=31
num_cat=0
split_feature=8 2 13 12 13 13 14 12 12 14 13 14 14 12 12 12 13 14 14 2 13 14 14 12 13 14 13 13 13 14
split_gain=401258 494590 350088 1.84187e+06 885538 1.60599e+06 3.16305e+06 1.11163e+06 1.28989e+06 1.07677e+06 1.07198e+06 1.44378e+06 1.77393e+06 1.35202e+06 1.39393e+06 918554 408308 875844 982328 951246 513074 1.35033e+06 1.13839e+06 1.84777e+06 963724 753485 1.83167e+06 1.00187e+06 740506 1.37664e+06
threshold=0.063829787234046767 -0.024584353483003689 0.17481096139632726 -0.015523825238295434 0.18612563033917431 0.1935457635940728 -0.0085802334926053346 -0.0081838571650755167 -0.009218330210910267 -0.001752787791000831 0.20834805061934403 0.0014120469035604894 -0.0015413939735762483 -0.0061352421811348484 -0.0079068726198417965 -0.009218330210910267 0.086379690949227386 0.0060195072149775257 -0.00081376696052021442 -0.024584353483003689 0.12723558433549184 -0.0021963370776773455 7.7765714262847217e-05 -0.009218330210910267 0.10532212885154063 0.0024285878725784104 0.14237178822743557 0.15807227410438207 0.13515766582094965 0.0039857197863518894
decision_type=10 10 2 8 2 2 8 10 10 10 2 10 10 10 10 10 2 10 10 10 2 8 10 10 2 10 2 2 2 10
left_child=1 -1 16 -4 7 6 -6 8 -5 -9 11 12 -7 14 -13 -8 17 18 19 -2 21 24 23 -22 -18 26 -24 28 -27 -30
right_child=2 -3 3 4 5 10 15 9 -10 -11 -12 13 -14 -15 -16 -17 20 -19 -20 -21 22 -23 25 -25 -26 27 -28 -29 29 -31
leaf_value=0.61386321526822496 -1.9919803627656785 0.07819350266870595 2.1393495840128334 0.29508797575269835 1.7680478402993818 0.31039396773749345 -4.3648517889586778 1.6605100637117809 2.9863996988408958 -0.58601757512062524 -0.023822737286086651 0.82362835191630668 3.1189948078592544 2.1258860525797054 -1.9227227769680877 -1.7273580703983265 -0.61553783742710955 -1.5172931256357272 1.5890353743328516 0.71777182515633253 1.1913808027059396 -0.28931003580494624 0.78039788109478403 -1.1911072621586007 -3.4728875744013155 0.62553553353477209 -1.9559015360508181 0.86402612100050735 -0.0081566754584296141 -2.4257539681831437
leaf_weight=4851 517 38578 993 882 552 1181 520 739 899 1917 497163 812 1073 527 1072 904 528 562 1385 867 2949 3843 874 1124 669 856 2037 1697 1317 1065
leaf_count=4851 517 38578 993 882 552 1181 520 739 899 1917 497163 812 1073 527 1072 904 528 562 1385 867 2949 3843 874 1124 669 856 2037 1697 1317 1065
internal_value=-0.00808083 0.138028 -0.0200639 -0.0119488 -0.016152 -0.0223457 -1.44499 0.687122 1.65359 0.0390517 -0.0167439 0.737669 1.64741 -0.112829 -0.739051 -2.69049 -0.223737 0.282363 0.647623 -0.294469 -0.323142 -0.746068 -0.144306 0.533901 -2.2125 -0.496376 -1.13435 -0.120053 -0.635797 -1.08907
internal_weight=572953 43429 529524 509234 508241 503804 1976 4437 1781 2656 501828 4665 2254 2411 1884 1424 20290 3331 2769 1384 16959 5040 11919 4073 1197 7846 2911 4935 3238 2382
internal_count=572953 43429 529524 509234 508241 503804 1976 4437 1781 2656 501828 4665 2254 2411 1884 1424 20290 3331 2769 1384 16959 5040 11919 4073 1197 7846 2911 4935 3238 2382
is_linear=0
shrinkage=0.05


Tree=136
num_leaves=31
num_cat=0
split_feature=4 2 9 14 12 14 14 14 9 12 14 14 14 14 11 14 12 12 12 12 12 14 12 12 14 12 12 14 12 12
split_gain=346299 536162 425745 659308 1.12494e+06 552260 547428 624109 669471 391671 694670 913871 370751 1.25896e+06 615606 1.07103e+06 755546 1.64413e+06 1.00626e+06 778471 2.28031e+06 695592 850269 826629 695260 614494 1.48407e+06 1.06172e+06 581546 485098
threshold=0.020189752939179784 0.010424925077146475 -0.028265387840447787 -0.033374233339537519 0.0029794210103305805 -0.033374233339537519 -0.01796644498195283 -0.013851110702276003 0.010200721979538691 0.0086759873145388564 -0.0080407074899879888 -0.013851110702276003 0.0058146928034701504 0.0055852927927514022 -0.11011584544336535 0.0091590992600573077 -0.0040345718616529034 -0.0043736237095983177 -0.0029011578399033094 -0.0014150253318685176 -0.0015997289651659475 0.0068447721656182082 -0.0020305403594664752 -0.0026961470868247499 0.014332030701907571 -0.0064836710996034408 -0.0053792657575758062 0.009744554259300096 -0.0033673048129944038 -0.0064836710996034408
decision_type=10 8 8 8 10 8 10 10 10 10 8 10 10 10 10 10 10 10 10 10 10 10 10 10 10 10 10 10 10 10
left_child=1 2 5 4 -4 -1 -5 8 -8 10 11 -7 13 -2 15 29 17 25 28 20 21 -20 23 -23 -17 -16 -27 -28 -18 -14
right_child=12 -3 3 6 -6 9 7 -9 -10 -11 -12 -13 14 -15 16 24 18 -19 19 -21 -22 22 -24 -25 -26 26 27 -29 -30 -31
leaf_value=1.7817042865272024 -0.052551691177869037 -0.20274660998212971 -2.3848615037982328 0.48032475511647654 0.10678847523745259 0.34913627829870686 -0.22317471469341174 0.048936646613943528 -1.7928403291418111 1.3197265236785538 0.33414486631029405 -1.8483765136244288 1.8026134165026049 -0.8110988363820355 0.077776176953852152 -0.44765589931259192 0.15372097194523884 -3.070654521562846 0.43313059539959475 0.073010931061446724 -3.7174929844456566 0.32647343494198067 0.2216334146133988 -1.8398890297288741 0.47905733924785238 -2.2826664701923796 1.2825340676599259 -1.17012229604861 1.5114135382569467 0.58887361627963619
leaf_weight=618 263380 20788 753 7195 1137 995 2742 176709 903 817 11960 902 925 5586 4728 5038 1415 564 2378 43882 510 596 1628 1686 3383 1109 879 886 1782 7482
leaf_count=618 263380 20788 753 7195 1137 995 2742 176709 903 817 11960 902 925 5586 4728 5038 1415 564 2378 43882 510 596 1628 1686 3383 1109 879 886 1782 7482
internal_value=-0.00906352 0.0391956 0.063762 0.0432763 -0.885917 0.317541 0.0526401 0.0355782 -0.612038 0.255877 0.193153 -0.695754 -0.0403522 -0.0683055 0.0549743 0.323195 -0.0177756 -0.465954 0.0501536 -0.00411852 -0.501999 -0.241201 -0.651319 -1.27409 -0.0753639 -0.272709 -0.84929 0.0513423 0.910495 0.722418
internal_weight=573356 225519 204731 189439 1890 15292 187549 180354 3645 14674 13857 1897 347837 268966 78871 16828 62043 8166 53877 50680 6798 6288 3910 2282 8421 7602 2874 1765 3197 8407
internal_count=573356 225519 204731 189439 1890 15292 187549 180354 3645 14674 13857 1897 347837 268966 78871 16828 62043 8166 53877 50680 6798 6288 3910 2282 8421 7602 2874 1765 3197 8407
is_linear=0
shrinkage=0.05


Tree=137
num_leaves=31
num_cat=0
split_feature=4 13 12 12 4 12 5 14 12 12 14 14 13 12 13 14 13 14 13 13 12 12 12 13 13 13 14 11 13 12
split_gain=327508 690594 752481 531518 895579 729712 452172 356265 951543 1.08091e+06 834509 775333 743722 744937 2.25e+06 1.07632e+06 836587 2.15633e+06 1.26746e+06 1.27386e+06 1.82423e+06 1.62161e+06 2.17838e+06 1.54957e+06 1.35486e+06 671513 606810 752389 377762 434230
threshold=-0.19862310695070212 0.90882120253164567 0.016890380576231493 -0.022058472749514658 -0.39477487069587419 -0.018397836894734759 1.4123447243969591 -0.0076510020158406878 -0.010932977868723071 0.0084027174470880702 -0.011175828150746085 -0.0073043107792539535 0.7597791717666259 0.0058347562935567665 0.60669865403788636 -0.0096976068340517887 0.51541258577209559 -0.033374233339537519 0.48035355874633323 0.34705529629533077 -0.0019085968302541385 -0.0042591896515363249 -0.0052980094234980355 0.44220408383169013 0.45258161225849441 0.24833449179276054 -0.01796644498195283 -0.081163672003869078 0.72128291540526657 0.010100173992290821
decision_type=10 2 10 10 8 10 10 8 10 10 10 8 2 10 2 10 2 10 2 2 10 10 10 2 2 2 8 10 2 10
left_child=1 2 3 4 -1 -5 -2 8 10 12 -7 -9 13 14 16 -15 17 -10 19 21 -21 22 25 -22 -25 -19 27 -18 -11 -30
right_child=6 -3 -4 5 -6 7 -8 11 9 28 -12 -13 -14 15 -16 -17 26 18 -20 20 23 -23 -24 24 -26 -27 -28 -29 29 -31
leaf_value=2.6973254871413999 -0.01530188540911964 -1.6963468160781934 1.8002785216943 -1.5754288265068608 0.098822592726803771 2.0489706072033171 -0.39785836192428442 1.7264376788775495 -3.0642877437023093 -0.45589827248547388 -0.28218739171193558 0.13964077631955221 -2.1764336371091821 -0.40552391340997035 -2.8839888826190907 2.600305135542202 2.8506256775908612 0.20271839173132644 -2.5224994842443085 2.8825212788347314 -2.0613779620868025 -2.3994200854768137 2.7090085729786404 2.2103388452146961 -0.6574845570783987 -1.7577139515331082 -0.24901512556373806 0.20711776869077433 1.9364291285876256 0.46290444811919118
leaf_weight=523 501546 531 655 663 906 912 7845 784 739 607 663 42543 578 728 888 504 510 813 551 737 642 986 569 858 792 944 1011 570 746 1516
leaf_count=523 501546 531 655 663 906 912 7845 784 739 607 663 42543 578 728 888 504 510 813 551 737 642 986 569 858 792 944 1011 570 746 1516
internal_value=-0.00784875 0.0992542 0.114403 0.0966739 1.04985 0.074291 -0.0211935 0.0924626 -0.102517 -0.223064 1.06766 0.168354 -0.425123 -0.339643 -0.474777 0.824133 -0.254721 -0.497513 -0.222289 -0.0224125 0.718639 -0.700143 0.0201866 0.0228352 0.833784 -0.850582 0.631335 1.45544 0.651659 0.948868
internal_weight=572860 63469 62938 62283 1429 60854 509391 60191 16864 15289 1575 43327 12420 11842 10610 1232 9722 7631 6892 6341 3029 3312 2326 2292 1650 1757 2091 1080 2869 2262
internal_count=572860 63469 62938 62283 1429 60854 509391 60191 16864 15289 1575 43327 12420 11842 10610 1232 9722 7631 6892 6341 3029 3312 2326 2292 1650 1757 2091 1080 2869 2262
is_linear=0
shrinkage=0.05


Tree=138
num_leaves=31
num_cat=0
split_feature=10 17 5 13 13 13 13 13 17 10 13 13 10 13 13 13 13 13 13 17 13 13 13 0 13 13 0 17 13 13
split_gain=353051 332688 362917 387914 462280 286802 915849 1.17188e+06 834941 361632 357156 843251 353572 315117 806795 686740 575007 1.32179e+06 996160 546975 405111 1.80785e+06 962606 878387 697091 543236 419347 355882 392719 393396
threshold=-0.090411885019599098 0.060275352314170423 0.13461836820400411 0.31416765053128698 0.33459556191839662 0.40709906380380595 0.35294883110417091 0.35027571474701313 0.023528735321732341 -0.01349086703315888 0.41992345904298461 0.41800076844262302 -0.015696589240519834 0.29061065915727996 0.32550485182271183 0.33459556191839662 0.22419210611291887 0.21613322924798337 0.22997277853392964 0.025960297173287242 0.1935457635940728 0.18612563033917431 0.20834805061934403 -0.00087074692077406576 0.17481096139632726 0.21311827956989252 0.0071872698208867358 0.041503018428286964 0.34705529629533077 0.33720878136200721
decision_type=10 2 8 2 2 2 2 2 2 10 2 2 10 2 2 2 2 2 2 2 2 2 2 8 2 2 10 2 2 2
left_child=-1 5 -3 -4 -5 6 7 13 -8 -10 11 12 -7 16 -15 -16 17 20 -18 -19 21 24 26 -23 -2 -24 -22 28 29 -17
right_child=1 2 3 4 -6 10 8 -9 9 -11 -12 -13 -14 14 15 27 18 19 -20 -21 22 23 25 -25 -26 -27 -28 -29 -30 -31
leaf_value=0.20390177544583304 -0.092176515007122636 0.77226846571085783 0.16952514438367497 -1.7285886711126623 -0.34247449918489448 -0.29294754532254536 0.13128344623342825 1.1654909879559001 -0.55021397828998231 -0.23222060861333574 0.014668807204127821 1.1765632443360448 0.25356887527712191 0.28703067274510813 -0.55613505453666012 0.4487559079954479 -1.2513631545156805 0.12469339978933994 -0.1364024312099148 1.7981747103618315 0.94983207790542135 -0.31968260714732583 -0.81839054218596763 -2.385041105043419 0.56623687799200773 0.30865798434141523 -0.33295363506655845 0.59002282754378721 0.39748592651281101 -0.35966163269252849
leaf_weight=20523 23658 865 3708 634 11740 3937 12771 2198 12945 28903 329459 2134 11919 26732 6424 1847 2117 723 37306 1504 4297 901 2158 1201 4843 2119 748 2606 3630 8124
leaf_count=20523 23658 865 3708 634 11740 3937 12771 2198 12945 28903 329459 2134 11919 26732 6424 1847 2117 723 37306 1504 4297 901 2158 1201 4843 2119 748 2606 3630 8124
internal_value=0.000271031 -0.00729776 -0.225407 -0.279068 -0.413494 -0.000391438 -0.0501825 0.0205486 -0.222592 -0.330587 0.0265147 0.243454 0.11787 0.00132898 0.101042 -0.11865 -0.0590097 0.0693692 -0.196275 1.25488 0.00324216 -0.0846615 0.291819 -1.49975 0.0197036 -0.260005 0.759639 0.0547562 -0.0478027 -0.209913
internal_weight=572674 552151 16947 16082 12374 535204 187755 133136 54619 41848 347449 17990 15856 130938 49363 22631 81575 42152 39423 2227 39925 30603 9322 2102 28501 4277 5045 16207 13601 9971
internal_count=572674 552151 16947 16082 12374 535204 187755 133136 54619 41848 347449 17990 15856 130938 49363 22631 81575 42152 39423 2227 39925 30603 9322 2102 28501 4277 5045 16207 13601 9971
is_linear=0
shrinkage=0.05


Tree=139
num_leaves=31
num_cat=0
split_feature=9 12 13 13 14 13 12 3 14 10 14 9 12 12 13 13 14 14 13 13 14 14 12 10 12 10 8 12 14 13
split_gain=424718 1.57903e+06 407019 690637 377644 2.31112e+06 701244 614966 324307 289086 433202 364802 869877 502645 611248 501125 1.04506e+06 761632 684303 532150 470469 472658 443354 416639 397882 394633 323108 316693 1.65661e+06 443319
threshold=-0.052906240073950048 -0.018397836894734759 0.61936600066971781 0.54574647945403199 -0.033374233339537519 0.56736237614964247 -0.0034388706987858726 0.63708287498907668 0.0030254121743337925 0.091809295602815422 0.01084061813491532 0.0048160460868988631 -0.018397836894734759 -0.014023419856971607 0.12723558433549184 0.086379690949227386 0.0060195072149775257 -0.0018105553692524285 0.10532212885154063 0.068898305084745773 0.014332030701907571 0.013401794456808247 -0.018397836894734759 -0.030526630702187443 -0.014023419856971607 -0.10486343559144841 0.99997371464619966 -0.010324644599988417 0.00027640531885351848 0.15807227410438207
decision_type=8 8 2 2 8 2 10 8 10 10 10 10 8 8 2 2 10 10 2 2 10 10 8 10 10 10 10 8 10 2
left_child=1 -1 3 -3 5 6 -2 -7 -5 11 -11 15 -13 -14 -15 16 17 -6 24 -19 21 22 -20 -23 -17 -16 -24 28 -27 -29
right_child=4 2 -4 8 9 7 -8 -9 -10 10 -12 12 13 14 25 18 -18 19 20 -21 -22 23 26 -25 -26 27 -28 29 -30 -31
leaf_value=2.3074391947758253 -0.98361183504263561 0.18243890932564086 0.77190356045503994 -0.18706377433681398 -0.10916184678187191 1.9163562490442787 -3.4855537416727653 -0.40233251797774483 -1.8357718567983481 -0.11850450329370182 -1.06378330561907 -1.4208403182201836 1.1267956187027304 -0.99043445670312014 0.76265332972351507 -2.1125299660420938 -1.3910488868592024 0.7918905398243119 1.2377010398652666 2.5437090497015822 0.48491269295601774 -2.0543151002033611 -0.025435330195351644 -0.13720905683708914 -0.47657186886300995 2.3098860094134039 -0.36378456176550672 -0.91908080065470521 -0.69192305864072023 0.060967529533621272
leaf_weight=916 546 5212 1857 517 1003 661 575 504 705 24914 1274 987 1113 1372 2027 575 555 916 688 823 4431 542 320126 594 1051 864 7215 1161 982 188228
leaf_count=916 546 5212 1857 517 1003 661 575 504 705 24914 1274 987 1113 1372 2027 575 555 916 688 823 4431 542 320126 594 1051 864 7215 1161 982 188228
internal_value=0.000603127 0.337458 0.119812 -0.0683959 -0.00489852 -0.646242 -2.26695 0.91325 -1.13824 -0.00228718 -0.164491 0.00564885 0.0597954 0.0672611 0.0612022 -0.025819 0.587602 0.988094 -0.0318522 1.62096 -0.0268647 -0.0337539 -0.0302281 -1.05188 -1.05509 0.068668 -0.032893 0.0613121 0.713041 0.0549596
internal_weight=572934 9207 8291 6434 563727 2286 1121 1165 1222 561441 26188 535253 196734 195747 194634 338519 3297 2742 335222 1739 333596 329165 328029 1136 1626 193262 327341 191235 1846 189389
internal_count=572934 9207 8291 6434 563727 2286 1121 1165 1222 561441 26188 535253 196734 195747 194634 338519 3297 2742 335222 1739 333596 329165 328029 1136 1626 193262 327341 191235 1846 189389
is_linear=0
shrinkage=0.05


Tree=140
num_leaves=31
num_cat=0
split_feature=8 17 12 14 12 14 14 14 12 13 12 12 14 14 14 12 11 14 12 12 14 13 13 12 13 12 14 12 14 11
split_gain=282036 332486 338110 719007 555225 286503 590603 584446 304154 283077 355721 479941 552414 277434 1.14697e+06 863538 779117 819281 921317 816683 659536 573419 1.87408e+06 971372 675173 789337 707741 571926 1.15161e+06 566326
threshold=0.031969396965900933 0.048452496731507484 0.0046182709642192434 -0.01796644498195283 0.0043693898379462215 0.02042647176750689 0.01135832798867265 0.014332030701907571 -0.018397836894734759 0.12723558433549184 -0.009580108063527739 -0.010324644599988417 -0.00014928254793555328 0.0059355918821889335 0.0055852927927514022 -0.0022352511682086954 -0.081163672003869078 0.0064654358531858738 -0.0030429178062571288 0.0026669142903271779 0.0058146928034701504 0.27714118277826966 0.24833449179276054 -0.0057617062163388575 0.32184218486668686 -0.0047965554486507833 0.0077611450595120616 0.005547319853706047 0.0077611450595120616 -0.11011584544336535
decision_type=10 2 10 10 10 10 10 10 8 2 8 10 10 10 10 10 8 10 10 10 10 2 2 10 2 10 10 10 10 10
left_child=-1 13 4 -4 5 6 8 -8 -3 -10 11 12 -11 14 -2 -16 17 18 -15 -20 -17 22 -18 -24 26 -26 -23 -27 -29 -22
right_child=1 2 3 -5 -6 -7 7 -9 9 10 -12 -13 -14 16 15 20 21 -19 19 -21 29 24 23 -25 25 27 -28 28 -30 -31
leaf_value=0.15241546302812575 -0.0052414235714558508 0.86638196233857112 1.9371244603005526 0.040798515535171456 -1.6450340311384402 0.69880058991469218 -1.6539960459967422 0.0066592679882691774 -1.2861347211406098 1.1218090952457727 -0.17783381238165502 1.7183184204912416 -0.72853677420887475 2.4864830716419748 -2.3345379399445174 -0.7784413650216363 0.11421022040510478 0.21108318372153181 -0.2156506230577987 1.6086749205700883 1.6354085094702897 1.7219754079931719 -3.4453789337483403 -0.75059775795028927 -1.7539263297699568 0.06174997309656563 -0.057576379545414703 -2.5303448758286908 0.083017328944069699 -0.16102997755438855
leaf_weight=26102 412277 737 535 7610 641 944 1307 891 549 690 39807 573 971 858 638 5426 3143 15518 1395 1095 512 1189 680 658 635 40167 1054 651 1196 3065
leaf_count=26102 412277 737 535 7610 641 944 1307 891 549 690 39807 573 971 858 638 5426 3143 15518 1395 1095 512 1189 680 658 635 40167 1054 651 1196 3065
internal_value=-0.00814328 -0.0158272 -0.1321 0.165358 -0.183528 -0.163368 -0.181245 -0.980819 -0.140683 -0.158109 -0.143379 0.470562 0.0401198 -0.00271992 -0.017848 -0.556943 0.0908163 0.364129 1.0735 0.586613 -0.430973 -0.0136196 -0.552954 -2.12014 0.0402153 -0.00425327 0.885753 0.0221913 -0.838097 0.0961063
internal_weight=571514 545412 55255 8145 47110 46469 45525 2198 43327 42590 42041 2234 1661 490157 421918 9641 68239 18866 3348 2490 9003 49373 4481 1338 44892 42649 2243 42014 1847 3577
internal_count=571514 545412 55255 8145 47110 46469 45525 2198 43327 42590 42041 2234 1661 490157 421918 9641 68239 18866 3348 2490 9003 49373 4481 1338 44892 42649 2243 42014 1847 3577
is_linear=0
shrinkage=0.05


Tree=141
num_leaves=31
num_cat=0
split_feature=6 7 0 10 7 12 12 6 10 12 3 0 12 12 0 11 7 17 12 12 7 7 0 5 12 7 12 8 8 12
split_gain=362749 386042 552612 373512 327307 459860 1.82869e+06 449522 375490 568483 368050 350729 349789 314342 272861 265320 299710 290861 422634 419512 300860 258651 251782 230621 230184 212800 203216 200732 198916 193895
threshold=1.0454613446308951 -0.011352688512255932 -0.0011958045803617517 -0.017954770425643068 -3.2972178989040815e-05 -0.0029011578399033094 -0.0029618408736696656 8.0502613366561508 -0.017954770425643068 -0.0047965554486507833 -0.93167360168862323 -0.0080156522841217433 -0.0028053404000961549 -0.0041064867425633029 0.0048718932515027782 -0.11569199048791524 -0.0052871996286431152 0.03802798900710426 0.0046182709642192434 0.0053948992070044144 0.0013717199570326092 0.0042952931376628615 0.006502687988699375 0.20054471103878449 0.0041959805827714537 -0.0059804259274663495 -0.0008760215276350879 0.1337996077761234 0.15384615384615349 -0.0035468078566045411
decision_type=2 10 10 8 10 8 10 2 10 8 10 10 8 10 8 10 10 2 10 10 10 10 10 10 8 10 8 10 10 10
left_child=1 2 -1 15 5 6 8 12 9 25 27 -11 -7 -13 -14 17 29 -3 24 -20 -21 -5 -9 -6 -19 -2 -23 -10 -12 -17
right_child=4 3 -4 21 23 7 -8 22 10 11 28 13 14 -15 -16 16 -18 18 19 20 -22 26 -24 -25 -26 -27 -28 -29 -30 -31
leaf_value=1.7636087611327402 0.55673762525499371 0.27376228859934976 0.18169244179463889 0.078393456124490932 0.67173784722913243 -1.3341066798274634 2.6657496119538946 -0.24072078506388561 -0.40072152078609813 -1.5586451116504618 0.1000338151347515 -0.76739702330258464 -0.059492008728229386 0.18823629089616886 -0.24020319816842339 0.53905579024080619 -0.1353916037600674 -0.13084121943095273 1.628847825661186 -0.64426447508724338 0.63177795393493608 -0.49451493562644977 -0.96600904799955389 0.0013304114899133617 -1.2098031884762332 0.14877895656621273 -0.041714418996744766 -1.4676557919598032 -0.19051412670437776 -0.054785973872669397
leaf_weight=763 5969 11160 1997 193102 1296 610 648 2192 1171 511 9707 1357 51642 2352 35077 2812 65865 12906 645 732 1252 3165 2635 126018 514 6882 11414 707 14984 2689
leaf_count=763 5969 11160 1997 193102 1296 610 648 2192 1171 511 9707 1357 51642 2352 35077 2812 65865 12906 645 732 1252 3165 2635 126018 514 6882 11414 707 14984 2689
internal_value=-0.00643696 0.0303246 0.619012 0.0250193 -0.0495064 -0.103309 0.0291019 -0.166943 -0.0100491 0.172923 -0.127612 -0.330591 -0.140981 -0.161398 -0.132588 -0.0551292 -0.10578 0.0777207 -0.0586008 0.521107 0.16098 0.0630615 -0.636647 0.00815486 -0.172167 0.338267 -0.140014 -0.802384 -0.0762883 0.248774
internal_weight=572774 309016 2760 306256 263758 136444 44288 92156 43640 17071 26569 4220 87329 3709 86719 98575 71366 27209 16049 2629 1984 207681 4827 127314 13420 12851 14579 1878 24691 5501
internal_count=572774 309016 2760 306256 263758 136444 44288 92156 43640 17071 26569 4220 87329 3709 86719 98575 71366 27209 16049 2629 1984 207681 4827 127314 13420 12851 14579 1878 24691 5501
is_linear=0
shrinkage=0.05


Tree=142
num_leaves=31
num_cat=0
split_feature=8 10 7 9 9 12 12 13 13 13 11 12 6 9 12 13 12 13 10 13 12 12 13 12 10 13 13 13 13 12
split_gain=311154 326654 392868 503728 311645 877927 527417 507320 434516 546159 433627 420989 351476 305071 288950 274698 3.03149e+06 1.40628e+06 950472 744571 680771 1.79636e+06 1.65515e+06 1.20872e+06 1.12591e+06 1.08983e+06 743082 884647 647436 839793
threshold=0.99997371464619966 0.13764503518377499 -0.018894377864627835 -0.026235888670119993 0.0048160460868988631 -0.018397836894734759 -0.014023419856971607 0.12723558433549184 0.086379690949227386 0.10532212885154063 -0.070741319804524347 -0.012121439880781302 1.8321034121132886 -0.0061373065178367244 -0.015523825238295434 0.1935457635940728 -0.015523825238295434 0.18612563033917431 -0.022289848242461576 0.20834805061934403 -0.009580108063527739 -0.0083764560395833219 0.21311827956989252 -0.0076246522117263543 -0.026435804913178752 0.22419210611291887 0.22419210611291887 0.23389188628346133 0.17481096139632726 -0.0081838571650755167
decision_type=10 10 8 10 10 8 8 2 2 2 10 10 2 8 10 2 8 2 10 2 8 8 2 8 10 2 2 2 2 10
left_child=1 2 3 -1 8 -6 -7 11 10 -10 -4 -8 -9 -2 -12 17 -17 28 -19 -18 -21 25 -23 24 -24 -22 -25 -28 -11 -30
right_child=13 -3 4 -5 5 6 7 12 9 15 14 -13 -14 -15 -16 16 19 18 -20 20 21 22 23 26 -26 -27 27 -29 29 -31
leaf_value=1.6332632503158906 -0.58136826643480255 -0.29912819842583743 1.2132057332805894 0.022970675368647817 -1.439737329915548 1.1423829252642566 -1.9654877283610404 0.10420819168710366 -0.93802281198835158 -0.22457827333336008 -0.45424282525925941 -0.20170221053936921 -0.046151098946521994 -0.062595952624178608 0.77261476710564247 3.3486451766595469 0.66950504104426001 -0.34880331363734562 -2.6066569524087635 0.98241638898428352 -0.04998722916358931 -2.0503894728631669 2.5591137923489544 1.0119604626998928 0.22982692489259443 -2.2527594479481476 -1.0253106684006319 -0.021788407244876351 1.4830561314809294 -0.080667252202024239
leaf_weight=850 4408 8640 1409 1133 975 1128 550 148588 1635 13387 1136 879 52634 7936 831 670 3889 906 960 1663 914 1002 866 1724 1294 1456 2212 305889 1409 2198
leaf_count=850 4408 8640 1409 1133 975 1128 550 148588 1635 13387 1136 879 52634 7936 831 670 3889 906 960 1663 914 1002 866 1724 1294 1456 2212 305889 1409 2198
internal_value=0.000466547 0.00593203 0.0107053 0.713212 0.00817335 0.0570515 0.064213 0.0582117 -0.0207975 -0.0263684 0.54367 -0.880556 0.0648784 -0.247848 0.0640686 -0.02199 -0.0111131 -0.20745 -1.5104 -0.0181277 -0.0265632 -0.0318839 -0.0214996 -0.0149835 1.1637 -1.40325 -0.0232008 -0.0289932 -0.0643821 0.530169
internal_weight=573171 560827 552187 1983 550204 204754 203779 202651 345450 342074 3376 1429 201222 12344 1967 340439 321579 18860 1866 320909 317020 315357 312987 311985 2160 2370 309825 308101 16994 3607
internal_count=573171 560827 552187 1983 550204 204754 203779 202651 345450 342074 3376 1429 201222 12344 1967 340439 321579 18860 1866 320909 317020 315357 312987 311985 2160 2370 309825 308101 16994 3607
is_linear=0
shrinkage=0.05


Tree=143
num_leaves=31
num_cat=0
split_feature=2 17 9 8 15 9 10 14 12 14 12 12 12 14 12 14 12 11 12 14 14 12 14 10 12 0 2 9 14 12
split_gain=411161 478011 399998 372212 346842 281088 339310 358094 388740 498170 378920 393179 308982 1.18654e+06 301693 1.11744e+06 478108 380528 298696 394600 596365 352687 290351 288094 307889 279668 301674 392834 275284 272486
threshold=-0.0085106896679086729 0.020181186842415138 -0.083267613653601594 0.031969396965900933 -0.028579699528943816 0.0041106588612326283 0.083339657639140127 0.0030633151951046582 0.0047207016233077543 -0.0011851451013237192 -0.0070682575628737343 -0.012776247349859415 0.0042747392626906007 7.7765714262847217e-05 -0.0044668393901314803 0.0091590992600573077 -0.0040345718616529034 -0.096877545730975692 0.0080283938590056132 0.0058773034096143749 0.0060195072149775257 0.0050431201962702543 0.00422130262786984 -0.015696589240519834 0.0069817067548779725 0.00088974574461478568 -0.046673660639999982 0.021979510616694786 -0.01796644498195283 -0.0053792657575758062
decision_type=8 2 8 10 8 10 10 8 10 10 8 10 10 10 8 8 8 10 8 8 8 10 10 10 10 8 10 10 10 10
left_child=2 -2 -1 -4 -3 -6 7 8 12 23 11 -9 -7 -14 15 22 -16 18 19 21 -21 -18 -12 24 -10 26 27 28 -5 -24
right_child=1 4 3 25 5 6 -8 10 9 -11 14 -13 13 -15 16 -17 17 -19 -20 20 -22 -23 29 -25 -26 -27 -28 -29 -30 -31
leaf_value=1.1573369259821076 0.11504471471396403 -0.97013380546581574 0.33899791325936124 0.56626048449423139 -0.078074991909540217 -0.079103877732740899 -0.2073791954526743 0.52168253283135779 -1.600052234601407 0.6545984999039316 0.26581527099472052 -0.96066455390474526 1.071410795929276 -1.8753790688585668 -0.97462874629730567 -1.3094860722054267 0.029655414153795995 0.066532042233981126 -0.49682556766098085 2.423668710927505 0.60247396974923806 1.4239605734458722 0.69321797949534192 0.13814041372328287 -0.10923120915543567 -0.10290117001903805 0.11880003326234895 -1.383639821436077 -0.52007072049510117 1.8427253022279175
leaf_weight=857 51054 1015 11588 993 252165 61768 16832 624 546 4194 1007 1580 535 945 1018 657 4698 58732 876 502 4299 502 975 4941 947 25287 60151 748 1413 1094
leaf_count=857 51054 1015 11588 993 252165 61768 16832 624 546 4194 1007 1580 535 945 1018 657 4698 58732 876 502 4299 502 975 4941 947 25287 60151 748 1413 1094
internal_value=-0.00981488 -0.029429 0.0817176 0.0725161 -0.0469719 -0.0447379 0.00551815 0.0293382 -0.0491939 0.230605 0.105113 -0.54098 -0.0962104 -0.810154 0.124263 0.562329 0.101109 0.116841 0.388494 0.46604 0.792901 0.164259 0.962128 -0.0457754 -0.654434 0.0376598 0.0938064 -0.382855 -0.0717221 1.30103
internal_weight=572543 471506 101037 100180 420452 419437 167272 150440 73876 10628 76564 2204 63248 1480 74360 3733 70627 69609 10877 10001 4801 5200 3076 6434 1493 88592 63305 3154 2406 2069
internal_count=572543 471506 101037 100180 420452 419437 167272 150440 73876 10628 76564 2204 63248 1480 74360 3733 70627 69609 10877 10001 4801 5200 3076 6434 1493 88592 63305 3154 2406 2069
is_linear=0
shrinkage=0.05


Tree=144
num_leaves=31
num_cat=0
split_feature=7 9 10 14 12 14 9 12 13 14 13 12 14 14 14 13 12 13 13 13 10 12 12 13 12 12 14 14 13 13
split_gain=364184 517028 259756 253435 725971 542854 432905 274328 603626 535940 464256 754799 406741 337783 1.16944e+06 939440 1.66886e+06 1.16848e+06 899059 1.83871e+06 841228 798712 818897 1.07735e+06 951727 837017 1.16603e+06 2.40763e+06 788144 767725
threshold=-0.018894377864627835 -0.025601782438033256 0.20969083329394492 0.0270617032583759 -0.0034388706987858726 0.02042647176750689 -0.02017914764636727 0.010100173992290821 0.82686437975490878 0.0021588835689403852 0.78953528697763142 0.0084027174470880702 -0.00098861099964685771 0.0091590992600573077 0.0077611450595120616 0.63081011034464718 0.005547319853706047 0.60297076087855161 0.14237178822743557 0.23871975019516004 -0.029906151652488052 -0.009218330210910267 -0.0012561437787633647 0.4574647945403188 -0.00011546895183519087 0.00088346026385851216 0.0080632901619468612 0.0082918860079702356 0.54867378660248711 0.37476591760299632
decision_type=10 10 10 10 10 10 10 10 2 10 2 10 10 10 10 2 10 2 2 2 10 10 10 2 10 10 10 10 2 2
left_child=1 -1 3 5 -5 7 -7 8 10 -10 13 12 -12 14 -2 17 -17 18 -15 -20 -19 -16 29 -24 -25 26 -26 -28 -27 -23
right_child=2 -3 -4 4 -6 6 -8 -9 9 -11 11 -13 -14 15 21 16 -18 20 19 -21 -22 22 23 24 25 28 27 -29 -30 -31
leaf_value=1.5755523010601187 -0.0084869128387782111 0.03833693223310336 -0.56498110254891321 0.4350398655517973 -1.6512252217556069 0.0037072346163979663 1.6665272451209074 0.27022207765525125 -0.23282157249545651 -2.1137724718921311 0.62950790833185977 -0.17405436717749023 2.4645646511695167 1.4221027219682847 -1.1319513102744854 1.865643292667154 -0.48637596592413596 -2.6849006230421231 -2.2297355050605017 -0.13308575801384473 -0.57579594965886682 0.79593373179543525 -0.8104706250663315 2.0400885917518545 1.1610308085118053 1.8110338134166284 -3.7214701038006015 0.25924587249894737 0.38527075527450355 2.6183403160605936
leaf_weight=887 512840 1427 2034 829 839 705 880 9258 954 628 586 1259 623 833 757 1448 1574 823 1111 17787 1111 2281 1736 958 813 1267 588 1073 4125 774
leaf_count=887 512840 1427 2034 829 839 705 880 9258 954 628 586 1259 623 833 757 1448 1574 823 1111 17787 1111 2281 1736 958 813 1267 588 1073 4125 774
internal_value=0.00158766 0.627581 -0.000951451 0.0010667 -0.614346 0.00287778 0.926913 0.000286527 -0.0042086 -0.979495 -0.00142542 0.682812 1.57512 -0.00448522 0.00397927 -0.185252 0.640601 -0.300448 -0.185486 -0.256346 -1.47331 0.448813 0.536705 0.328136 0.552141 0.370924 -0.390516 -1.14994 0.720293 1.25765
internal_weight=572808 2314 570494 568460 1668 566792 1585 565207 555949 1582 554367 2468 1209 551899 527212 24687 3022 21665 19731 18898 1934 14372 13615 10560 8824 7866 2474 1661 5392 3055
internal_count=572808 2314 570494 568460 1668 566792 1585 565207 555949 1582 554367 2468 1209 551899 527212 24687 3022 21665 19731 18898 1934 14372 13615 10560 8824 7866 2474 1661 5392 3055
is_linear=0
shrinkage=0.05


Tree=145
num_leaves=31
num_cat=0
split_feature=6 7 7 9 17 14 14 14 14 11 14 14 10 14 14 14 14 14 9 14 14 14 14 14 2 10 9 14 10 9
split_gain=376869 504996 434251 510341 297874 280571 1.05663e+06 533058 754633 658983 458998 424637 385040 358417 422847 467079 354023 393421 837234 358203 351549 350870 408587 370028 349549 342652 341732 339365 507114 442815
threshold=8.0502613366561508 -0.0029738976931567743 -0.013479505919178734 -0.066042529569280334 0.048038571714104049 0.0059355918821889335 0.0055852927927514022 0.0068447721656182082 0.007226914180853943 -0.12141256199180943 0.0071208999487286442 0.0058146928034701504 -0.0064982619223663629 0.0055241245800905373 0.0054690193305115811 0.005315240823370513 0.0091590992600573077 0.009744554259300096 -0.017245931644357001 0.0093921061047047109 0.0077611450595120616 0.0062769340166878461 0.0063760804415218834 0.0066413442328696103 0.0037597098561875332 -0.014815085785140529 -0.0059667666423572066 0.0074215569044722733 -0.036443289323451304 -0.017245931644357001
decision_type=2 10 10 10 2 8 10 8 8 10 10 10 10 10 10 10 8 8 10 10 10 10 10 10 10 10 10 10 10 10
left_child=2 -2 3 -1 5 6 13 9 10 -7 12 -8 -9 14 15 -4 20 18 -18 -20 27 -11 25 -24 -13 -23 -12 28 -10 -29
right_child=1 -3 4 -5 -6 7 11 8 16 21 26 24 -14 -15 -16 -17 17 -19 19 -21 -22 22 23 -25 -26 -27 -28 29 -30 -31
leaf_value=1.7786692650456939 -0.68952617109395864 -0.042003281811946291 0.0055169695311731793 0.27204972348584644 -0.10655494379097563 1.1665029502539772 -0.78912721881563774 -0.77182779312152094 1.6994175408899257 0.0038746464170186243 -0.17339737862077628 -0.66683214868990148 0.1161470058581337 0.72119958592113909 -0.79247078618300826 0.5555525458902254 -2.075242551818 0.042665106823766313 0.51321490694807437 -0.70500902097399454 0.42610093029464524 2.2172074146211149 0.0070447999453407796 0.67489605978150469 0.31453278398418122 0.68247192358874587 -1.694832032333907 -1.6498040496786897 0.070706215412895054 -0.12274152762511846
leaf_weight=627 4548 8910 402746 5428 56419 2039 5809 2036 565 9548 550 1583 3049 1767 1645 3897 699 26578 1179 1236 11726 500 5097 3497 2126 1334 1122 563 3101 3028
leaf_count=627 4548 8910 402746 5428 56419 2039 5809 2036 565 9548 550 1583 3049 1767 1645 3897 699 26578 1179 1236 11726 500 5097 3497 2126 1334 1122 563 3101 3028
internal_value=0.000637748 -0.260827 0.006927 0.428061 0.0023195 0.0146783 -0.00146165 0.102117 0.0194501 0.310267 -0.475696 -0.522267 -0.239392 0.010627 0.0075518 0.0107882 0.0881857 -0.0196333 -0.55135 -0.110274 0.256829 0.222869 0.423383 0.278801 -0.104313 1.10088 -1.19436 -0.0166832 0.321721 -0.362156
internal_weight=572952 13458 559494 6055 553439 497020 419573 77447 55432 22015 6757 9518 5085 410055 408288 406643 48675 29692 3114 2415 18983 19976 10428 8594 3709 1834 1672 7257 3666 3591
internal_count=572952 13458 559494 6055 553439 497020 419573 77447 55432 22015 6757 9518 5085 410055 408288 406643 48675 29692 3114 2415 18983 19976 10428 8594 3709 1834 1672 7257 3666 3591
is_linear=0
shrinkage=0.05


Tree=146
num_leaves=31
num_cat=0
split_feature=2 7 11 17 12 12 12 13 14 13 14 13 12 13 14 7 17 14 13 14 13 13 14 14 12 13 13 13 12 14
split_gain=406379 560370 448194 483685 408951 562500 530655 1.1255e+06 612416 457989 473447 555606 444609 475762 689780 387978 351558 394308 1.02978e+06 755782 729461 708564 862327 599455 483853 823532 761144 623337 529040 482983
threshold=0.0043440975958000264 0.014985696435696952 -0.15177285500405222 0.0185225705673225 0.0013102427116815129 0.0013526532793061458 0.0010162796672583336 0.48296377989319716 0.0044927611038868163 0.49149650026031128 7.7765714262847217e-05 0.49831079153113061 0.00098404065937080518 0.52871207838703616 0.0056416624320355267 -0.0030796164519497405 0.052468072066529307 0.0062769340166878461 0.45420751633986933 0.0064654358531858738 0.44695315721805795 0.27714118277826966 0.012408643984512928 0.0089500665715177719 -0.0026961470868247499 0.4107103993035553 0.41992345904298461 0.36409779730719399 -0.0040345718616529034 0.01135832798867265
decision_type=10 8 10 2 10 10 10 2 10 2 8 2 10 2 10 10 2 10 2 10 2 2 10 10 10 2 2 2 10 10
left_child=-1 2 -2 -4 6 -6 12 8 -8 -9 -11 -12 13 16 -15 -7 17 -5 19 -19 21 22 23 -21 27 -26 -27 28 -23 -28
right_child=1 -3 3 4 5 15 7 9 -10 10 11 -13 -14 14 -16 -17 -18 18 -20 20 -22 24 -24 -25 25 26 29 -29 -30 -31
leaf_value=0.024761999438941508 0.18413801318258186 -0.68808349065070118 0.28126540986440662 -0.14502536366298538 1.1874510671002503 -0.42891713469895054 -0.48136058010461485 1.0460928629708193 -2.5895049306032716 -1.8134511654756034 -1.8226117443901846 -0.065094949491170964 0.94136233919347334 -0.35887347561220401 -2.1088188581126137 0.0044430597995350702 -0.48862578601035517 1.4541961892007287 0.6881108076616288 -0.79220075158025427 -1.8973511238405909 0.1464391411350503 0.13368377510120202 -2.979832720755244 -0.86424264279559981 1.4156619205875751 -0.43207031857384809 -0.89787328587352211 1.6369407621075944 1.1889978653507318
leaf_weight=349471 18474 3513 9186 68566 970 5519 550 605 922 537 502 4315 967 2863 701 80462 5882 718 5512 682 612 1110 1069 579 2635 1069 2499 567 1284 563
leaf_count=349471 18474 3513 9186 68566 970 5519 550 605 922 537 502 4315 967 2863 701 80462 5882 718 5512 682 612 1110 1069 579 2635 1069 2499 567 1284 563
internal_value=-0.00890954 -0.0615751 -0.0515673 -0.0731831 -0.0901183 -0.00986612 -0.156381 -0.563726 -1.80182 -0.257891 -0.405241 -0.248253 -0.125454 -0.136099 -0.703069 -0.0233737 -0.114452 -0.0892894 0.112922 -0.123908 -0.213345 -0.127866 -0.911028 -1.79667 0.0597317 -0.173555 0.267007 0.592801 0.945856 -0.13401
internal_weight=572904 223433 219920 201446 192260 86951 105309 7431 1472 5959 5354 4817 97878 96911 3564 85981 93347 87465 18899 13387 12669 12057 2330 1261 9727 6766 4131 2961 2394 3062
internal_count=572904 223433 219920 201446 192260 86951 105309 7431 1472 5959 5354 4817 97878 96911 3564 85981 93347 87465 18899 13387 12669 12057 2330 1261 9727 6766 4131 2961 2394 3062
is_linear=0
shrinkage=0.05


Tree=147
num_leaves=31
num_cat=0
split_feature=9 12 13 14 13 2 13 12 14 14 14 14 5 13 0 2 17 14 12 13 14 14 14 13 12 12 12 14 12 12
split_gain=271454 1.10167e+06 1.34826e+06 425987 1.99888e+06 770501 418424 623170 710106 347625 337174 318420 305590 344438 296128 328791 315421 286503 727263 1.34567e+06 2.10093e+06 2.45758e+06 2.34004e+06 1.86841e+06 1.75224e+06 1.90218e+06 1.82383e+06 3.90629e+06 1.74081e+06 989995
threshold=-0.04213173244250918 -0.018397836894734759 0.1935457635940728 -0.033374233339537519 0.56736237614964247 -0.026077463875878597 0.72128291540526657 6.7671108078953159e-05 0.0091590992600573077 0.0062769340166878461 0.0016072972677850155 0.0091590992600573077 1.4944237777478386 0.12723558433549184 1.0000000180025095e-35 0.01456372491210082 0.020761026622720825 0.0022556369424982597 -0.0073909465954626521 0.27226271979510425 0.0015755726421851299 0.0017202943097896436 0.00132292866441935 0.2799423046224716 -0.0055529359160462902 -0.0061352421811348484 -0.0047350686144894674 0.0011880350620827728 -0.0059250802429191285 -0.0090148358906430217
decision_type=8 8 2 8 2 10 2 10 10 10 10 10 10 2 10 10 2 10 8 2 8 8 10 2 8 10 8 10 8 10
left_child=1 2 -1 4 -2 -6 7 9 -9 -3 -8 -11 17 -14 15 -15 -16 18 29 20 22 -22 -20 -21 25 -25 27 -26 -23 -5
right_child=3 6 -4 12 5 -7 10 8 -10 11 -12 -13 13 14 16 -17 -18 -19 19 23 21 28 -24 24 26 -27 -28 -29 -30 -31
leaf_value=0.040263649086492166 -2.2892284880254579 0.12391342216860755 3.3136067561547486 0.016620801812495901 1.9886882620244819 -0.65457543934065465 1.3176333884458247 -0.16441601927254848 -1.6822583122424764 1.8392984662076945 -0.039597335626842402 0.38408192325089829 -1.5507026870368106 0.51967065685305247 0.47203124244663797 -0.62832739967791296 -0.69835663614948018 0.035625757730499176 -0.38694051199128082 1.1098474832718119 -3.594884407375095 1.7627183081728077 2.4147513436899062 -0.25488296840339902 -0.60013164620448278 -3.4797471678187231 -0.053210817263244538 3.0589885767990204 -1.5002864934506361 0.72698234252254224
leaf_weight=653 1035 6938 607 16452 596 513 1157 5581 894 611 757 977 528 1992 693 908 3400 289889 12636 3534 1075 549 792 1128 1478 769 206814 1440 1600 6988
leaf_count=653 1035 6938 607 16452 596 513 1157 5581 894 611 757 977 528 1992 693 908 3400 289889 12636 3534 1075 549 792 1128 1478 769 206814 1440 1600 6988
internal_value=0.000745351 0.190889 1.61718 -0.00548356 -0.708904 0.76597 0.084644 -0.00418466 -0.373984 0.276656 0.780839 0.943992 -0.00275472 -0.319293 -0.226317 0.160229 -0.500194 0.00161235 -0.0370161 -0.0638533 -0.496885 -1.64306 -0.221693 -0.0303399 -0.0493799 -1.56217 -0.035697 1.2056 -0.666694 0.228396
internal_weight=572984 18175 1260 554809 2144 1109 16915 15001 6475 8526 1914 1588 552665 7521 6993 2900 4093 545144 255255 231815 16652 3224 13428 215163 211629 1897 209732 2918 2149 23440
internal_count=572984 18175 1260 554809 2144 1109 16915 15001 6475 8526 1914 1588 552665 7521 6993 2900 4093 545144 255255 231815 16652 3224 13428 215163 211629 1897 209732 2918 2149 23440
is_linear=0
shrinkage=0.05


Tree=148
num_leaves=31
num_cat=0
split_feature=7 11 6 8 0 0 13 10 13 11 12 4 17 12 13 15 7 17 5 12 13 11 15 13 12 13 12 12 12 13
split_gain=447586 392607 323780 544390 370376 351988 463238 527012 399842 331688 370881 326244 322362 430192 598812 282515 272635 241389 225518 223094 286949 579373 219100 218163 977322 494587 270697 300862 394932 256328
threshold=-0.018894377864627835 -0.036708563874784196 1.0599662981019768 0.75810841627495051 0.01578868442263472 0.0021299262578249605 0.12723558433549184 -0.029282910688699659 0.086379690949227386 -0.014493007302566805 -0.014023419856971607 0.23757568213279648 0.048452496731507484 -0.0049951111909748653 0.26400255301042486 0.0024195982321606126 0.013034205799006581 0.068432058828843539 1.1360028187491056 -0.010324644599988417 0.20082304526748976 -0.14672732086984649 0.0053686967060740083 0.32550485182271183 -0.0044668393901314803 0.30822077922077928 -0.0029011578399033094 -0.001873332594444906 -0.0013715312726306137 0.40709906380380595
decision_type=10 10 2 8 10 10 2 10 2 10 8 10 2 8 2 8 10 2 10 8 2 10 10 2 8 2 8 10 10 2
left_child=1 -1 9 5 15 6 7 8 -4 10 11 -2 23 14 -14 -5 -12 -15 -9 20 21 -8 -23 25 -25 -7 -26 -28 -29 -30
right_child=2 -3 3 4 -6 12 19 18 -10 -11 16 -13 13 17 -16 -17 -18 -19 -20 -21 -22 22 -24 24 26 -27 27 28 29 -31
leaf_value=1.1190453115416223 0.77755756482502159 -0.28729943266473557 1.1334141034515033 0.28670946848133533 0.53917175726892952 -0.07125755234217987 -1.158593555043141 -0.76164348899356782 -0.58333601449092065 0.12672303226689913 -0.0041419395489286637 -0.54220540455275479 -0.28696461561289571 -0.43345410168277398 1.6190067309224234 -0.0032270946477772526 -0.84448600845840083 -1.1009011574541627 -1.9448081695620036 -0.010912546204157273 1.4638878196188683 0.96216419232619987 -0.1276081355277858 -2.3172568925834112 0.30210831382862097 0.68501294428283788 -0.51294006074719944 0.35059379236474097 -0.58286191936620368 -0.14440393561402207
leaf_weight=1612 2582 717 632 9999 4003 18160 606 1798 732 64456 244796 572 1461 7610 574 52601 969 1648 519 79625 541 1383 692 524 3164 2454 5877 3868 3550 54619
leaf_count=1612 2582 717 632 9999 4003 18160 606 1798 732 64456 244796 572 1461 7610 574 52601 969 1648 519 79625 541 1383 692 524 3164 2454 5877 3868 3550 54619
internal_value=-0.00564096 0.686092 -0.00846728 -0.0501084 0.0729001 -0.0932196 -0.0187935 -0.567638 0.212108 0.0256349 -0.00054124 0.538209 -0.155436 -0.407581 0.250641 0.043084 -0.00745524 -0.552265 -1.02667 0.00559239 0.413477 0.201515 0.598732 -0.124558 -0.165822 0.0187729 -0.149961 -0.171022 -0.138631 -0.171163
internal_weight=572344 2329 570015 256640 66603 190037 86528 3681 1364 313375 248919 3154 103509 11293 2035 62600 245765 9258 2317 82847 3222 2681 2075 92216 71602 20614 71078 67914 62037 58169
internal_count=572344 2329 570015 256640 66603 190037 86528 3681 1364 313375 248919 3154 103509 11293 2035 62600 245765 9258 2317 82847 3222 2681 2075 92216 71602 20614 71078 67914 62037 58169
is_linear=0
shrinkage=0.05


Tree=149
num_leaves=31
num_cat=0
split_feature=9 5 7 10 17 10 13 13 14 14 13 14 13 12 12 13 13 13 12 12 12 12 12 12 12 12 14 13 5 13
split_gain=338573 307101 250483 357241 251859 350746 310144 295873 381453 889653 408089 286279 1.25093e+06 2.88113e+06 785828 952383 2.0071e+06 2.11868e+06 1.78673e+06 970511 1.54219e+06 899609 2.11876e+06 960264 1.72284e+06 1.1594e+06 806228 706336 569682 554767
threshold=0.096262222323792196 0.66782731966739128 -0.018894377864627835 -0.05385304916454927 0.048452496731507484 0.20969083329394492 0.65671142809383187 0.64892814009661848 0.014332030701907571 0.01135832798867265 0.34705529629533077 -0.0080407074899879888 0.13515766582094965 -0.010932977868723071 0.0084027174470880702 0.57417562105678244 0.6324016361511493 0.7164059387818823 0.0029794210103305805 0.0013102427116815129 0.00043411756094611896 -0.00024998173186822073 -0.00084992280941600647 -0.0042591896515363249 -0.0033673048129944038 -0.0052980094234980355 -0.013851110702276003 0.24833449179276054 0.78385373372954825 0.61120339608711716
decision_type=8 10 10 10 2 8 2 2 10 10 2 8 2 10 10 2 2 2 10 10 10 10 10 10 10 10 10 2 10 2
left_child=2 -2 3 -1 11 6 7 8 9 -6 -10 12 -4 -14 15 18 29 -18 19 20 21 22 23 25 -25 27 -23 -15 -26 -17
right_child=1 -3 4 -5 5 -7 -8 -9 10 -11 -12 -13 13 14 -16 16 17 -19 -20 -21 -22 26 -24 24 28 -27 -28 -29 -30 -31
leaf_value=1.3208129604279377 0.22595764728162482 -1.047425501886369 -2.458537078545644 0.010428316920995712 -0.1038690677856597 -0.99358827081451528 0.24481256123768938 -1.174018955369017 -0.24887718180392651 -1.3181854990735165 1.1365967918056401 0.014562505589453534 1.9827773009770207 0.46064942028913247 0.28578371415406245 -1.5956328905459236 1.6015820707045574 -1.491536364864853 1.8104708441766935 -2.3757442794006152 2.2508377015753522 -0.16743357888781107 2.1879557430319649 -3.0094803276408366 -0.93820811364564816 1.9612963628322366 -2.7123958407179005 -1.5892025976254205 1.0846989450296591 -3.5165911583431466
leaf_weight=867 704 1446 585 1300 44705 1087 6259 668 940 1561 1223 492824 1511 842 4358 737 938 1351 974 609 549 520 781 925 1110 624 775 839 507 767
leaf_count=867 704 1446 585 1300 44705 1087 6259 668 940 1561 1223 492824 1511 842 4358 737 938 1351 974 609 549 520 781 925 1110 624 775 839 507 767
internal_value=-0.00419779 -0.630467 -0.0018386 0.534703 -0.00388353 -0.104123 -0.0866573 -0.128914 -0.114498 -0.14484 0.534495 0.00716421 -0.181731 -0.110569 -0.294403 -0.491201 -1.15634 -0.22402 -0.212586 -0.456424 -0.299991 -0.502274 -0.228868 -0.618292 -1.28845 0.12077 -1.69048 -0.562447 -0.303939 -2.57527
internal_weight=572886 2150 570736 2167 568569 56443 55356 49097 48429 46266 2163 512126 19302 18717 17206 12848 3793 2289 9055 8081 7472 6923 5628 4847 2542 2305 1295 1681 1617 1504
internal_count=572886 2150 570736 2167 568569 56443 55356 49097 48429 46266 2163 512126 19302 18717 17206 12848 3793 2289 9055 8081 7472 6923 5628 4847 2542 2305 1295 1681 1617 1504
is_linear=0
shrinkage=0.05


Tree=150
num_leaves=31
num_cat=0
split_feature=6 7 9 14 13 14 14 13 14 14 14 13 13 5 14 14 0 14 7 6 13 13 14 14 14 14 14 7 13 14
split_gain=287872 489281 396643 429102 542804 523575 420368 417431 416071 415447 431590 620483 553316 357213 354801 387442 329380 328518 312745 418296 386631 485136 462242 752730 454086 483911 712612 443384 438990 352739
threshold=1.3076182263676748 -0.011352688512255932 -0.0018163554398042832 -0.0020407902496278082 0.15807227410438207 -0.0019443866454812513 -0.00298795615906153 0.13515766582094965 -0.0027502544366526378 0.0026909570017902428 0.0025310492192112525 0.60932126951913868 0.33226827276439369 0.35649740901132926 -0.0018105553692524285 -0.0016311041792563933 -0.00095007780687007923 0.0027127406531941805 -1.0000000180025095e-35 9.1557370209184032 0.32184218486668686 0.29346189070927042 -0.0034352202709559058 0.00045539622530546954 -0.0019443866454812513 0.0015755726421851299 0.001797137430062595 -0.013479505919178734 0.26724219939117205 -0.003777759958108706
decision_type=2 10 10 10 2 10 8 2 8 10 10 2 2 10 10 10 10 10 10 2 2 2 10 10 10 10 10 10 2 8
left_child=1 16 13 6 7 -6 -4 -5 -8 10 14 12 -12 -3 -7 -16 -1 -11 19 20 21 24 -23 -24 28 27 -27 -26 29 -2
right_child=18 2 3 4 5 9 8 -9 -10 17 11 -13 -14 -15 15 -17 -18 -19 -20 -21 -22 22 23 -25 25 26 -28 -29 -30 -31
leaf_value=1.3029265348464252 -0.31096674091192372 -0.14474657304762081 0.12063109518265336 -0.1154206445084825 -1.2513062836218281 1.0581945132897739 1.5534913534903398 -1.1915728788338076 0.42415243512318529 1.2149548199197358 0.39062544492531043 0.82260459094117833 -1.1347647090721911 0.0056786561901333299 -0.90848043557348823 -0.0053801682377489553 0.2868827927606033 0.11265440161207139 0.0064497084220943969 -0.54931348347738806 -0.15988974370183129 1.8060067522123189 -1.3842725811137571 0.58870223236957175 1.826196381669928 -1.7798061801806879 -0.018936894948103654 0.30572197998633127 0.51202741895086956 -1.2581979446052003
leaf_weight=1100 2587 58285 18520 2141 776 769 930 1556 6628 681 759 704 2743 122234 1210 64190 2902 90729 95396 5368 67833 607 556 3704 521 608 10448 6015 966 1585
leaf_count=1100 2587 58285 18520 2141 776 769 930 1556 6628 681 759 704 2743 122234 1210 64190 2902 90729 95396 5368 67833 607 556 3704 521 608 10448 6015 966 1585
internal_value=-0.00932569 0.0162441 0.0103417 0.0603027 0.0307249 0.0443493 0.248873 -0.568354 0.563116 0.0505639 -0.040752 -0.531874 -0.804162 -0.0428898 -0.00953411 -0.0220889 0.566155 0.120866 -0.0584411 -0.119854 -0.095697 0.0620879 0.515131 0.331197 -0.0349188 0.0858567 -0.115772 0.426923 -0.448442 -0.670833
internal_weight=573051 376857 372855 192336 166258 162561 26078 3697 7558 161785 70375 4206 3502 180519 66169 65400 4002 91410 196194 100798 95430 27597 4867 4260 22730 17592 11056 6536 5138 4172
internal_count=573051 376857 372855 192336 166258 162561 26078 3697 7558 161785 70375 4206 3502 180519 66169 65400 4002 91410 196194 100798 95430 27597 4867 4260 22730 17592 11056 6536 5138 4172
is_linear=0
shrinkage=0.05


Tree=151
num_leaves=31
num_cat=0
split_feature=17 11 14 14 14 13 14 13 13 12 13 12 12 14 14 13 12 14 12 13 2 14 12 12 14 12 12 14 12 14
split_gain=299941 425989 763610 1.26382e+06 885324 1.01077e+06 890087 806627 1.08611e+06 726502 1.29341e+06 2.41866e+06 1.19054e+06 770020 689996 820526 1.57459e+06 1.48139e+06 1.58815e+06 1.23027e+06 954918 762407 968207 730636 672577 662082 824565 620410 600164 592893
threshold=0.026827401021574323 -0.099979886081490429 0.0058773034096143749 0.0059817194653357655 -0.00037121405021835533 0.78953528697763142 -0.0045940713398687502 0.58501502182415976 0.51541258577209559 -9.5960842319426593e-05 0.23871975019516004 -0.0055529359160462902 -0.0040345718616529034 0.0093921061047047109 -0.0014324399999777863 0.35294883110417091 -0.0034388706987858726 -0.0096976068340517887 -0.0025694912073986049 0.46074929971988798 -0.058018488165277542 -0.0073043107792539535 0.00074353331216602567 -0.0043736237095983177 0.0077611450595120616 -0.00040257122609814168 -0.0026961470868247499 -0.016262574947656892 -0.0059250802429191285 -0.00066130064357517338
decision_type=2 8 10 10 10 2 10 2 2 10 2 10 10 10 10 2 8 8 10 2 10 10 10 10 10 10 10 8 10 8
left_child=-1 2 4 -4 5 7 -7 8 14 10 -5 13 -13 -12 15 16 20 19 -19 -17 -2 -20 -23 28 -14 26 -26 -10 -22 -9
right_child=1 -3 3 9 -6 6 -8 29 27 -11 11 12 24 -15 -16 17 -18 18 21 -21 23 22 -24 -25 25 -27 -28 -29 -30 -31
leaf_value=0.047699456662485991 1.9709400006046849 -0.059347126556569298 2.2038143016062803 -0.46278762518839028 -0.1436404930610656 0.28572048516353693 2.7142942353618036 -0.58563298085602411 2.5955123812898058 -0.045408766304404935 4.1345168292865555 -1.0657051561051938 0.05164471342220698 1.7225080975816269 0.86678882116616429 -0.63955132873545739 2.0815075589549354 -2.0564869850300558 1.6417609667178732 -3.6410625454773129 -0.13161384731177142 0.55980038073345662 -1.3945142676881419 -1.4449451341106272 2.1403141486748107 2.8965993926187474 0.1874503835735844 0.79654357410628351 1.4156846501876008 0.79318939844552006
leaf_weight=192014 584 286144 867 2290 46697 773 737 5020 572 9925 608 1048 1825 726 2626 834 1097 804 920 578 4504 2226 886 919 865 519 1441 2956 728 923
leaf_count=192014 584 286144 867 2290 46697 773 737 5020 572 9925 608 1048 1825 726 2626 834 1097 804 920 578 4504 2226 886 919 865 519 1441 2956 728 923
internal_value=-0.00324923 -0.0289502 0.0630931 0.336422 -0.010817 0.213203 1.47106 0.140645 0.291066 0.252303 0.569273 0.905367 0.456689 2.82183 0.122723 -0.0160491 0.324868 -0.443396 -0.027382 -1.86822 0.038746 0.377231 0.00339846 -0.144704 0.799801 1.28312 0.919986 1.08821 0.083683 -0.37149
internal_weight=572656 380642 94498 20114 74384 27687 1510 26177 20234 19247 9322 7032 5698 1334 16706 14080 7832 6248 4836 1412 6735 4032 3112 6151 4650 2825 2306 3528 5232 5943
internal_count=572656 380642 94498 20114 74384 27687 1510 26177 20234 19247 9322 7032 5698 1334 16706 14080 7832 6248 4836 1412 6735 4032 3112 6151 4650 2825 2306 3528 5232 5943
is_linear=0
shrinkage=0.05


Tree=152
num_leaves=31
num_cat=0
split_feature=6 7 14 7 2 14 14 13 12 12 12 12 13 13 12 13 14 13 13 12 14 12 14 14 14 13 14 13 14 13
split_gain=334207 510461 528320 390942 315614 303942 742364 1.87697e+06 685197 1.54049e+06 2.72351e+06 1.74927e+06 1.76053e+06 1.22076e+06 1.09154e+06 2.19804e+06 1.93588e+06 1.24777e+06 1.21118e+06 1.18848e+06 1.16285e+06 985469 2.30675e+06 2.36002e+06 1.40779e+06 1.14526e+06 2.57123e+06 1.62316e+06 1.57315e+06 1.49756e+06
threshold=8.0502613366561508 -0.018894377864627835 0.0018302000131842191 -0.00043016400195286373 0.013034448054681258 0.0022556369424982597 0.0021997587737810705 0.39559227695789745 -0.0068887899551179086 -0.0048778284761807232 -0.0049951111909748653 -0.0047350686144894674 0.28708151012516542 0.29346189070927042 -0.0055529359160462902 0.29346189070927042 0.0011880350620827728 0.23389188628346133 0.24277598854893542 -0.0059250802429191285 -0.0016311041792563933 -0.012121439880781302 -0.00098861099964685771 -0.0031432516275421403 0.0011296176608035534 0.22419210611291887 -0.0096976068340517887 0.25649789029535869 -0.00066130064357517338 0.1935457635940728
decision_type=2 10 8 10 10 8 8 2 10 10 10 10 2 2 10 2 10 2 2 10 10 10 10 10 10 2 10 2 10 2
left_child=1 2 -1 -2 -5 6 8 -8 13 10 14 12 -11 21 15 17 -16 19 -19 20 -10 22 23 -3 -24 26 -23 -27 -29 -28
right_child=3 5 -4 4 -6 -7 7 -9 9 11 -12 -13 -14 -15 16 -17 -18 18 -20 -21 -22 25 24 -25 -26 27 29 28 -30 -31
leaf_value=1.8440473463813309 -0.53973968249083737 -0.41365399477009934 0.14146598324310364 0.48881095251483758 -0.22189617849543006 0.034708960046076383 -2.5720922235795598 -0.13111733276900947 -3.8102224623814855 -0.1645962123484882 -3.1785087483103416 -0.039730156783051668 3.1328527839165989 1.9909817620463994 -0.39374045398327762 -3.6038829406296338 2.2092544021519394 1.5498455677458387 -0.43885441299612388 0.54153829280242904 -1.1120135675652116 3.3626147591390216 1.6479781716733162 -3.0899190429471428 -0.23045699481162527 -1.2134759543673164 0.038213407727884695 -0.25661060094847227 2.7926906122767172 1.0999017887198608
leaf_weight=759 6209 2923 1140 2274 4990 302377 1011 3563 612 754 953 207587 874 920 2592 615 986 1009 3174 591 1149 761 1637 1147 2553 2533 10197 1345 617 4926
leaf_count=759 6209 2923 1140 2274 4990 302377 1011 3563 612 754 953 207587 874 920 2592 615 986 1009 3174 591 1149 761 1637 1147 2553 2533 10197 1345 617 4926
internal_value=-0.00233857 0.00358921 0.821961 -0.248419 0.000591158 0.000801144 -0.0394019 -0.670651 -0.0278736 -0.0581262 -0.616933 -0.0269266 1.60566 0.198206 -0.389381 -0.746158 0.323575 -0.477221 0.0408487 -1.3986 -2.04972 0.140615 -0.32008 -1.16787 0.503433 0.327344 0.526739 -0.37726 0.702318 0.384036
internal_weight=572778 559305 1899 13473 7264 557406 255029 4574 250455 220896 11681 209215 1628 29559 10728 7150 3578 6535 4183 2352 1761 28639 8260 4070 4190 20379 15884 4495 1962 15123
internal_count=572778 559305 1899 13473 7264 557406 255029 4574 250455 220896 11681 209215 1628 29559 10728 7150 3578 6535 4183 2352 1761 28639 8260 4070 4190 20379 15884 4495 1962 15123
is_linear=0
shrinkage=0.05


Tree=153
num_leaves=31
num_cat=0
split_feature=17 14 12 14 12 12 14 12 12 10 13 13 13 14 0 14 13 14 12 5 12 13 12 14 13 14 17 13 13 14
split_gain=394178 306682 608566 533483 584071 289643 555225 432399 678313 402512 323430 493107 360447 323964 278570 413860 603132 373609 309312 256200 262452 487974 557075 948367 803928 355161 324728 299393 264591 253873
threshold=0.053750775460338907 0.01135832798867265 -0.018397836894734759 0.014332030701907571 0.010656917268997959 0.0046182709642192434 -0.011175828150746085 0.0030639036876704264 0.002829391006346734 -0.090411885019599098 0.64046691736055161 0.69718601932962165 0.72452356498915915 0.00052547684438546604 -0.051807425953863277 -0.033374233339537519 0.56736237614964247 -0.01034056252125609 0.016890380576231493 0.13461836820400411 -0.0055529359160462902 0.17481096139632726 -0.009580108063527739 0.0028356026167798884 0.25347289214740504 0.0091590992600573077 0.076879584537417014 0.24277598854893542 0.44153870566120651 0.00045539622530546954
decision_type=2 8 10 8 8 10 10 10 10 10 2 2 2 10 8 8 2 8 10 10 10 2 10 10 2 10 2 2 2 10
left_child=14 2 -2 -3 -5 7 -7 8 19 -9 -8 -12 -13 -14 17 16 -16 -1 -17 -4 21 -21 -23 27 -25 26 28 -24 -22 -11
right_child=1 3 5 4 -6 6 10 9 -10 29 11 12 13 -15 15 18 -18 -19 -20 20 25 22 23 24 -26 -27 -28 -29 -30 -31
leaf_value=1.3614126055046569 1.3785080708318684 -1.43143907826887 0.67407285936615047 0.2505244577019049 -1.438717084859368 1.7467956716353197 -1.0366735124612443 -2.0262305353269694 1.5081160626307228 -1.2921833151160447 0.98423795382688883 -1.1704747613618702 0.97963963693058675 -0.52062449315250325 -2.1049528921846119 0.0058671520920193371 0.14013973928610735 -0.29188092945954996 1.2235823377688555 -0.74287312727366295 -0.39036109888334747 1.5292171337598257 0.055323908500862821 -0.17136849445560143 2.5419695379837197 -1.3117055465331644 -0.85544735567727226 -1.3397141918353102 0.029169778759678668 -0.18734760584529256
leaf_weight=860 670 1254 850 1997 688 529 610 525 612 730 1293 713 696 745 568 533840 632 567 522 1214 7162 856 685 543 549 824 1953 877 7908 1807
leaf_count=860 670 1254 850 1997 688 529 610 525 612 730 1293 713 696 745 568 533840 632 567 522 1214 7162 856 685 543 549 824 1953 877 7908 1807
internal_value=-0.00394541 -0.163431 -0.112712 -0.579986 -0.182324 -0.144249 0.223227 -0.206447 -0.135151 -0.766036 0.024566 0.212369 -0.250968 0.204 0.00683274 0.00497381 -0.922537 0.704498 0.0070567 -0.17809 -0.210182 0.121215 0.420076 0.062342 1.19275 -0.2979 -0.248827 -0.727934 -0.170212 -0.505255
internal_weight=573279 36290 32351 3939 2685 31681 4586 27095 24033 3062 4057 3447 2154 1441 536989 535562 1200 1427 534362 23421 22571 4724 3510 2654 1092 17847 17023 1562 15070 2537
internal_count=573279 36290 32351 3939 2685 31681 4586 27095 24033 3062 4057 3447 2154 1441 536989 535562 1200 1427 534362 23421 22571 4724 3510 2654 1092 17847 17023 1562 15070 2537
is_linear=0
shrinkage=0.05


Tree=154
num_leaves=31
num_cat=0
split_feature=4 7 9 2 17 2 13 12 10 12 13 13 12 2 13 13 12 13 13 13 9 12 13 13 12 2 12 9 12 13
split_gain=266507 663710 590403 374453 333363 318482 569917 579312 241768 393889 691395 711041 706028 528683 483693 472632 644639 520919 538286 504684 549415 480865 1.16946e+06 476240 399748 483124 395723 364907 355753 337381
threshold=0.020189752939179784 -0.010114117991769868 -0.049842431534780525 -0.058018488165277542 0.035589175216908776 0.010424925077146475 0.90882120253164567 0.016890380576231493 0.010867658873139599 -0.0073909465954626521 0.29346189070927042 0.37476591760299632 -0.012121439880781302 -0.026077463875878597 0.086379690949227386 0.50974067046173321 0.0030639036876704264 0.55870863970588247 0.66909206366005647 0.47610893672537513 0.038742377500707616 0.0019117719798810303 0.57764857881136955 0.47001577287066248 -7.4666165881012559e-05 -0.012415159052947848 0.00066417888558775175 -0.028265387840447787 -0.015523825238295434 0.22419210611291887
decision_type=10 10 10 10 2 10 2 10 8 10 2 2 10 10 2 2 10 2 2 2 10 10 2 2 10 10 10 10 10 2
left_child=1 2 -1 -4 -2 6 7 8 9 10 12 -12 13 28 -15 19 21 -18 -19 20 23 22 27 -11 -21 -26 -27 -17 -3 -14
right_child=4 5 3 -5 -6 -7 -8 -9 -10 15 11 -13 29 14 -16 16 17 18 -20 24 -22 -23 -24 -25 25 26 -28 -29 -30 -31
leaf_value=1.9832749106642291 0.0050575244448104661 -2.1195741103755106 -0.75560380303538555 0.54310104362150946 -0.098123782360434023 -0.16119241737338752 -1.5297872046005456 1.5237640362648093 0.11343621405028895 -0.10710039085605316 2.4271004882665719 0.40219611557591861 0.52313355804307127 0.91155768324898789 -0.48085195609050707 1.1692240447232851 1.3002489194021387 -0.42473369429299812 0.087332890755642392 0.19316046727257474 1.1994513355125564 0.56279724516013752 -1.7237242297051911 0.75531720258509771 -1.6256908793569438 -0.88633706660893885 -0.11152786387847176 0.12843432553242837 -0.47612990178114684 -0.25972354763351563
leaf_weight=651 228062 621 631 4610 119193 20713 573 664 77289 51626 682 1190 6984 912 1973 925 649 9172 11652 1913 852 9308 835 1652 1024 2989 3673 9404 701 1714
leaf_count=651 228062 621 631 4610 119193 20713 573 664 77289 51626 682 1190 6984 912 1973 925 649 9172 11652 1913 852 9308 835 1652 1024 2989 3673 9404 701 1714
internal_value=-0.00287119 0.0394425 0.56314 0.386741 -0.0303588 0.0253971 0.0448206 0.0493682 0.0444172 0.00013027 0.241923 1.1399 0.111662 -0.42011 -0.0406864 -0.0336809 0.0966585 -0.0947326 -0.138209 -0.119467 -0.0602152 0.297408 0.0761393 -0.0803593 -0.453599 -0.614573 -0.459157 0.221641 -1.24813 0.368866
internal_weight=572837 225582 5892 5241 347255 219690 198977 198404 197740 120451 14777 1872 12905 4207 2885 105674 41945 21473 20824 63729 54130 20472 11164 53278 9599 7686 6662 10329 1322 8698
internal_count=572837 225582 5892 5241 347255 219690 198977 198404 197740 120451 14777 1872 12905 4207 2885 105674 41945 21473 20824 63729 54130 20472 11164 53278 9599 7686 6662 10329 1322 8698
is_linear=0
shrinkage=0.05


Tree=155
num_leaves=31
num_cat=0
split_feature=14 12 14 9 9 12 1 12 12 13 12 14 12 13 14 13 14 13 14 14 13 14 10 14 12 12 13 12 14 14
split_gain=277246 839800 374567 410333 337647 1.42366e+06 457263 288982 867256 689686 637500 1.2714e+06 1.25152e+06 1.93874e+06 946634 932789 739185 694898 883549 655648 617536 615444 616567 588088 575487 1.35109e+06 1.15276e+06 991845 922381 1.5569e+06
threshold=0.0270617032583759 -0.0034388706987858726 0.02042647176750689 -0.021428172448731544 -0.083267613653601594 -0.009218330210910267 0.0065271340083239747 0.0014795005132255885 0.0013976522411489544 0.27226271979510425 0.0016597268665611627 0.0093921061047047109 0.0017344151086718777 0.51136375615361118 7.7765714262847217e-05 0.56946798493408679 0.010003092660542785 0.51729576851952586 0.007226914180853943 0.014332030701907571 0.52373441490160744 0.01135832798867265 -0.056246751678738681 0.0031415721934363564 0.0030639036876704264 0.002829391006346734 0.64892814009661848 0.0030953910451583587 -0.0073043107792539535 -0.0049073893549430704
decision_type=10 10 10 10 8 8 10 10 10 2 10 10 10 2 10 2 10 2 10 10 2 10 10 10 10 10 2 10 10 10
left_child=2 -2 4 -4 5 -1 -7 8 -6 -9 11 14 13 -12 20 -15 -13 -16 -19 21 -11 24 -23 -10 25 26 28 -26 -14 -30
right_child=1 -3 3 -5 7 6 -8 9 23 10 12 16 19 15 17 -17 -18 18 -20 -21 -22 22 -24 -25 27 -27 -28 -29 29 -31
leaf_value=2.8209424638140184 0.48456564046724326 -1.7354897017328021 -0.092275802689433417 1.4668309302260809 -0.015539631751086838 -0.89158064052889296 0.91127911792445071 -1.4999318667362234 -0.02607923201516793 2.7714621874540342 1.2125411335339422 -2.4643172213204281 -1.6591494634593991 -0.87456292606062691 0.90525948351702612 -2.7732299397345681 0.055739200776347531 -0.17145963934569117 1.5976215361996331 0.91526964496581931 0.94169091870684829 -2.1793958190903568 -0.25289843665150397 -1.1666403475346816 -1.1236810956381376 0.73711368264009147 -1.6288376349890712 0.0013449378138236587 2.2527553831065346 0.097456714916796777
leaf_weight=549 846 858 784 914 377057 873 589 713 1911 637 944 578 728 2629 3448 858 586 6050 799 2180 1670 596 1370 2766 1999 9054 973 98176 852 50595
leaf_count=549 846 858 784 914 377057 873 589 713 1911 637 944 578 728 2629 3448 858 586 6050 799 2180 1670 596 1370 2766 1999 9054 973 98176 852 50595
internal_value=0.00354635 -0.633279 0.00544719 0.746961 0.00323508 0.649971 -0.165258 0.000941962 -0.0239331 0.0521495 0.0581403 0.385447 0.0317802 -0.797567 0.531462 -1.34174 -1.19563 0.326358 0.0349202 0.0538483 1.44692 0.0424216 -0.836923 -0.700612 0.0530684 0.172523 0.0763425 -0.021105 0.108142 0.13315
internal_weight=572582 1704 570878 1698 569180 2011 1462 567169 381734 185435 184722 13768 170954 4431 12604 3487 1164 10297 6849 166523 2307 164343 1966 4677 162377 62202 53148 100175 52175 51447
internal_count=572582 1704 570878 1698 569180 2011 1462 567169 381734 185435 184722 13768 170954 4431 12604 3487 1164 10297 6849 166523 2307 164343 1966 4677 162377 62202 53148 100175 52175 51447
is_linear=0
shrinkage=0.05


Tree=156
num_leaves=31
num_cat=0
split_feature=2 1 13 13 11 12 13 13 2 13 0 13 12 12 17 11 11 2 10 13 13 12 12 13 13 12 13 12 12 10
split_gain=260492 392587 301023 766648 781220 649707 3.08667e+06 408325 815936 749805 325298 410619 846923 311313 292115 286060 249001 273479 243374 243247 1.14873e+06 710869 1.1172e+06 1.06323e+06 865447 532431 547772 661902 445083 401876
threshold=-0.0058408079379110274 -0.011337035250372714 0.12723558433549184 0.086379690949227386 -0.01917482874319144 -0.015523825238295434 0.1935457635940728 0.1511401849516604 -0.024584353483003689 0.15807227410438207 -0.011442711500343579 0.11425369198312237 -0.012121439880781302 -0.009218330210910267 0.021801986251873684 -0.044701364367440675 -0.096877545730975692 -0.014581568168279246 -0.051556293272775867 0.40709906380380595 0.38449010273114514 -0.001971657212894184 -0.00092215816447464871 0.39559227695789745 0.39764987936352814 -0.0020305403594664752 0.42713548097429571 -0.0022352511682086954 -0.0017336470331282018 -0.013082316975797497
decision_type=10 10 2 2 10 8 2 2 10 2 10 2 10 10 2 10 10 10 10 2 2 10 10 2 2 8 2 10 10 10
left_child=2 -2 3 4 18 6 -4 8 -7 13 -5 -12 -13 -9 15 -3 -10 -18 -1 20 -16 -22 23 28 -24 26 27 -21 -23 -25
right_child=1 14 5 10 -6 7 -8 9 16 -11 11 12 -14 -15 19 -17 17 -19 -20 25 21 22 24 29 -26 -27 -28 -29 -30 -31
leaf_value=1.4213342917359566 -0.26521947773831339 -0.087660724369899384 -1.2894940744214631 -1.8418584570125398 -1.0474978914521085 1.8461390043296426 3.7118645241815589 -0.50254711203277114 -0.46666192601335199 0.060320778274263444 -0.18723812066196485 -2.5665887216135626 -0.045560234508976408 -1.9580872815507684 -0.030091401419732378 0.14208810256177445 1.2271422570655861 0.030670923493297926 0.40882943905608199 -0.48275411367327453 -1.2186089314383439 1.8816449516512492 -1.7700893313527555 -1.4125885410895869 -0.29589383987602874 -0.015019169992967716 2.0290168789571257 1.5997489614158473 0.39596108536598401 -0.24155462114689047
leaf_weight=847 16342 18647 616 502 812 942 618 1005 1037 121500 3141 630 707 579 82485 49551 771 1255 1983 1042 2884 609 1932 1008 2054 252144 615 602 2927 2682
leaf_count=847 16342 18647 616 502 812 942 618 1005 1037 121500 3141 630 707 579 82485 49551 771 1255 1983 1042 2884 609 1932 1008 2054 252144 615 602 2927 2682
internal_value=-0.00588095 -0.0247939 0.0542675 -0.231719 0.319608 0.0734828 1.21524 0.0623967 0.559239 0.0462301 -0.634918 -0.499615 -1.23348 -1.03459 -0.0154208 0.0792692 0.163464 0.485991 0.711865 -0.0338195 -0.101376 -0.518508 -0.338425 0.032267 -1.01043 -0.00817258 0.756027 0.279817 0.651838 -0.561447
internal_weight=572469 435524 136945 8622 3642 128323 1234 127089 4005 123084 4980 4478 1337 1584 419182 68198 3063 2026 2830 350984 96581 14096 11212 7226 3986 254403 2259 1644 3536 3690
internal_count=572469 435524 136945 8622 3642 128323 1234 127089 4005 123084 4980 4478 1337 1584 419182 68198 3063 2026 2830 350984 96581 14096 11212 7226 3986 254403 2259 1644 3536 3690
is_linear=0
shrinkage=0.05


Tree=157
num_leaves=31
num_cat=0
split_feature=14 12 14 9 12 13 14 14 14 13 14 12 14 13 13 14 12 12 12 12 9 12 12 14 12 12 12 13 13 13
split_gain=254009 639586 570802 455584 268993 503320 497745 560733 471401 425571 299606 309180 279712 987941 1.95185e+06 1.12554e+06 2.16735e+06 938021 1.93963e+06 1.29382e+06 1.11935e+06 912287 878399 842504 926774 687560 880981 1.3169e+06 1.36801e+06 985472
threshold=0.0270617032583759 -0.0034388706987858726 0.02042647176750689 -0.021883768346485106 0.010656917268997959 0.90882120253164567 -0.033374233339537519 -0.0045940713398687502 -0.0018105553692524285 0.8460462670872767 -0.0034352202709559058 0.013653625485355612 0.0091590992600573077 0.14237178822743557 0.28409859631320827 0.012408643984512928 -0.0061352421811348484 -0.0026961470868247499 -0.0020896614910583086 -0.0039581796496085007 -0.038616155944430665 -0.0052980094234980355 -0.0076246522117263543 0.0077611450595120616 -0.009218330210910267 -0.0012561437787633647 0.0004186371297949881 0.54867378660248711 0.58081553839164035 0.46523382559774967
decision_type=10 10 10 10 10 2 10 10 10 2 10 10 10 2 2 10 10 10 10 10 10 10 10 10 10 10 10 2 2 2
left_child=2 -2 4 -4 9 6 -6 -8 -7 12 -9 -12 23 -14 15 16 -15 19 -19 21 -20 22 -16 -1 -25 -26 29 -28 -29 -27
right_child=1 -3 3 -5 5 8 7 10 -10 -11 11 -13 13 14 17 -17 -18 18 20 -21 -22 -23 -24 24 25 26 27 28 -30 -31
leaf_value=-0.0036493783061388378 0.3581961977891448 -1.5941692942311223 0.035111161717393251 1.6842639806572568 1.8933880047179734 -1.563376689188706 -0.11086034691319567 1.8516378402640112 0.24288207362089698 -1.0191235529581368 1.0700430852098344 -0.33874518353027927 1.427460752772395 -0.8561893959905007 -0.28617993593094199 -0.47075474680108376 -4.9315844099083153 -3.0305656194940314 -1.528502603533703 2.3672666016502588 -0.0026076658692856464 -0.87241432516888939 2.3704011325940701 -1.2651586655088813 1.1297643271889486 -1.2886681267804432 1.6104011748466762 -1.1760056216621353 0.73668504399852164 0.31819485991782442
leaf_weight=521047 844 834 778 907 586 626 2885 640 854 1028 1131 594 941 804 612 1354 549 588 1295 868 16712 1188 633 807 3129 1542 2294 1372 2934 2503
leaf_count=521047 844 834 778 907 586 626 2885 640 854 1028 1131 594 941 804 612 1354 549 588 1295 868 16712 1188 633 807 3129 1542 2294 1372 2934 2503
internal_value=0.00210408 -0.612169 0.00390861 0.922815 0.00118988 0.302418 0.511266 0.356994 -0.521117 -0.00273005 0.927718 0.58493 -0.000868143 -0.162514 -0.223326 -1.48992 -2.50984 -0.0667374 -0.204623 0.709991 -0.112345 0.11874 1.06452 0.00684072 0.381701 0.478188 0.286663 0.64276 0.127254 -0.29436
internal_weight=572879 1678 571201 1685 569516 7316 5836 5250 1480 562200 2365 1725 561172 25544 24603 2707 1353 21896 18595 3301 18007 2433 1245 535628 14581 13774 10645 6600 4306 4045
internal_count=572879 1678 571201 1685 569516 7316 5836 5250 1480 562200 2365 1725 561172 25544 24603 2707 1353 21896 18595 3301 18007 2433 1245 535628 14581 13774 10645 6600 4306 4045
is_linear=0
shrinkage=0.05


Tree=158
num_leaves=31
num_cat=0
split_feature=13 12 13 12 14 12 12 13 14 14 14 13 13 13 8 10 1 13 12 14 14 13 14 14 12 13 14 14 12 14
split_gain=253790 1.65417e+06 1.62865e+06 2.47835e+06 1.10297e+06 834894 844395 4.2959e+06 734632 688614 599637 933685 1.19533e+06 906746 529456 618893 539786 532890 521811 473423 996061 418237 433039 600224 506482 589656 1.3763e+06 991398 619808 514795
threshold=0.17481096139632726 -0.0099511172059858315 0.29346189070927042 -0.012776247349859415 -0.00050830942554999246 -0.0090148358906430217 -0.0086616432847759408 0.21311827956989252 0.0059355918821889335 0.0023380186642250043 0.0030633151951046582 0.24277598854893542 0.20082304526748976 0.22419210611291887 0.12433493703127045 -0.021785209657284386 -0.025987958405794511 0.14237178822743557 -0.0099511172059858315 0.0022799257668168122 0.00027640531885351848 0.086379690949227386 -0.011175828150746085 -0.0073043107792539535 -0.010932977868723071 0.13515766582094965 -0.00037121405021835533 0.00027640531885351848 -0.012121439880781302 7.7765714262847217e-05
decision_type=2 8 2 10 10 8 8 2 10 10 10 2 2 2 8 10 10 2 10 8 10 2 8 10 10 2 10 10 10 10
left_child=14 2 3 8 -5 10 7 -7 -2 -6 11 12 -3 -14 15 17 -16 19 -19 20 -1 -18 -23 -24 25 26 -25 -27 -29 -26
right_child=1 5 -4 4 9 6 -8 -9 -10 -11 -12 -13 13 -15 16 -17 21 18 -20 -21 -22 22 23 24 29 27 -28 28 -30 -31
leaf_value=0.45544982869711093 -2.9133070389957538 -1.3067957494407894 2.7174940501855676 2.7738597570058028 -0.18119421889774565 3.0695409107857428 -0.0031051078424110404 -2.1963404358501157 -0.3374195646699103 1.5881640131186163 -1.7681191328739789 -2.1094246582190994 2.1130587590151819 -0.2848770523068474 -1.2555923754788303 -0.20945826441395929 0.43684454130748929 -1.2926138600118482 0.8539260839666506 0.045199628210338814 2.6703090024785907 0.73072749147015281 -1.8708410372878035 -1.6104732208682184 0.69291002179322858 0.61688052435901675 0.68855438622000165 -1.1352667108026344 -3.0373147062038424 -0.32581200694199541
leaf_weight=1258 527 996 991 815 1210 1049 535572 614 583 1008 1011 622 783 794 1447 5792 1958 638 509 1039 851 866 679 1064 1755 535 1677 1178 673 4227
leaf_count=1258 527 996 991 815 1210 1049 535572 614 583 1008 1011 622 783 794 1447 5792 1958 638 509 1039 851 866 679 1064 1755 535 1677 1178 673 4227
internal_value=-0.00391539 0.00336431 0.896636 0.461089 1.2009 -0.00510578 0.000387887 1.12531 -1.56039 0.622914 -0.706816 -0.370985 0.049267 0.905728 -0.156096 0.127801 -0.334417 0.58261 -0.340052 0.91879 1.34916 -0.243195 -0.34842 -0.427699 -0.339492 -0.704167 -0.203881 -1.27889 -1.82683 -0.0269392
internal_weight=572721 546575 5134 4143 3033 541441 537235 1663 1110 2218 4206 3195 2573 1577 26146 10087 16059 4295 1147 3148 2109 14612 12654 11788 11109 5127 2741 2386 1851 5982
internal_count=572721 546575 5134 4143 3033 541441 537235 1663 1110 2218 4206 3195 2573 1577 26146 10087 16059 4295 1147 3148 2109 14612 12654 11788 11109 5127 2741 2386 1851 5982
is_linear=0
shrinkage=0.05


Tree=159
num_leaves=31
num_cat=0
split_feature=9 7 10 5 17 12 10 14 14 12 14 12 12 14 14 14 12 2 7 14 12 14 6 12 12 12 10 14 2 4
split_gain=311123 311001 478751 269752 258665 332827 449601 323695 778699 350653 846630 451597 623317 301315 558490 448459 295498 306721 274431 264705 626792 470082 643231 407720 833718 576942 610004 812739 346174 303948
threshold=0.096262222323792196 -0.018894377864627835 -0.055021159748604144 0.77717450012470346 0.043578393935548278 0.0046182709642192434 -0.15046156395162763 0.0091590992600573077 0.014332030701907571 -0.0052980094234980355 0.011824106625347611 -0.0012561437787633647 0.00066417888558775175 0.0050249561938617059 0.004947925890541066 0.0051504160042822556 -0.0034388706987858726 0.01456372491210082 0.013034205799006581 -0.0096976068340517887 -0.010932977868723071 -0.011175828150746085 1.353077797484451 0.0084027174470880702 0.010656917268997959 0.0031633743668316463 -0.043623011016627335 -0.013851110702276003 -0.058018488165277542 -0.19862310695070212
decision_type=8 10 10 10 2 10 10 10 10 10 10 10 10 10 10 10 10 10 10 8 10 10 2 10 10 10 8 10 10 10
left_child=1 2 -1 -2 19 7 -7 13 9 10 -9 -11 -13 14 18 -15 17 -10 -6 20 21 22 -3 25 -25 26 27 -22 -21 -30
right_child=3 4 -4 -5 5 6 -8 8 16 11 -12 12 -14 15 -16 -17 -18 -19 -20 28 23 -23 -24 24 -26 -27 -28 -29 29 -31
leaf_value=1.5011892431191036 0.031095176796203827 2.6204493145536771 -0.01324703334747869 -1.1107944419591709 -0.10274585814340992 1.4970251751691104 0.093597329936427026 1.1826973312899332 -0.023941042999961897 -1.9620061583038817 -1.5455601985197784 0.88162174380651792 -1.0587437521288319 1.4433280450532819 -1.6922365150484298 0.056458183759970006 -0.20257014031504994 1.6438254825707046 -0.74290918360155633 -1.2616875076457943 -0.24034533405326486 -0.35475201459095584 0.14672017525502803 1.1720309262663939 -0.4733495448759435 -1.2113435876598306 -0.01358584521101542 -2.6285367708801193 0.15017577307189436 0.0078624951492900462
leaf_weight=875 922 511 1293 1178 52760 600 11675 638 501 967 513 505 2294 607 573 14679 1371 613 1729 527 926 659 541 1234 2047 2188 5101 579 41182 421787
leaf_count=875 922 511 1293 1178 52760 600 11675 638 501 967 513 505 2294 607 573 14679 1371 613 1729 527 926 659 541 1234 2047 2188 5101 579 41182 421787
internal_value=-0.00197715 0.000262973 0.597976 -0.609451 -0.00202123 -0.0797597 0.162197 -0.117959 -0.432473 -0.797053 -0.0332854 -1.03048 -0.70866 -0.0848661 -0.139389 0.11153 0.288912 0.89378 -0.123059 0.0126418 -0.203266 0.692369 1.34831 -0.330175 0.145486 -0.507642 -0.274566 -1.15912 0.0190637 0.0205215
internal_weight=571575 569475 2168 2100 567307 90025 12275 77750 7402 4917 1151 3766 2799 70348 55062 15286 2485 1114 54489 477282 13786 1711 1052 12075 3281 8794 6606 1505 463496 462969
internal_count=571575 569475 2168 2100 567307 90025 12275 77750 7402 4917 1151 3766 2799 70348 55062 15286 2485 1114 54489 477282 13786 1711 1052 12075 3281 8794 6606 1505 463496 462969
is_linear=0
shrinkage=0.05


Tree=160
num_leaves=31
num_cat=0
split_feature=17 12 14 13 12 11 14 14 13 6 13 9 12 13 14 13 14 16 5 13 13 14 14 12 14 12 12 13 2 5
split_gain=355049 408407 1.03479e+06 701269 581592 939791 539668 537240 467803 354117 353408 343882 1.03256e+06 869050 351346 399457 539742 291199 280753 276257 418250 463700 476623 440609 274486 434674 272697 320904 243415 429227
threshold=0.056873969403041298 -0.0036304690109206419 0.0270617032583759 0.38039962466191979 0.0046182709642192434 -0.34747289082290428 0.0089500665715177719 -0.0064556919326447977 0.55688665710186525 2.5608653995461235 0.47941705555700403 -0.037069648153896524 -0.018397836894734759 0.13515766582094965 0.0091590992600573077 0.48991919093377562 0.012408643984512928 -0.29980388385972395 0.21295527774525833 0.31416765053128698 0.25347289214740504 0.01084061813491532 0.0082918860079702356 -0.009218330210910267 0.02042647176750689 -0.0017336470331282018 -0.0086616432847759408 0.17481096139632726 -0.0085106896679086729 1.1664454952667651
decision_type=2 10 8 2 10 10 10 10 2 2 2 8 8 2 10 2 10 8 10 2 2 8 10 10 10 10 10 2 8 10
left_child=11 3 4 19 6 -6 7 10 -8 -7 -3 12 13 -1 17 -16 -17 -14 -9 20 21 22 26 -22 28 -26 27 -2 -13 -30
right_child=1 2 -4 -5 5 9 8 18 -10 -11 -12 24 14 -15 15 16 -18 -19 -20 -21 23 -23 -24 -25 25 -27 -28 -29 29 -31
leaf_value=0.32827556788284901 -0.48014115304625654 -0.3591857481837053 -2.4666018401401657 1.79499797985084 2.0030807729632021 0.16938316137057988 -1.8947410504481881 0.40410380380511218 -0.10972006591556122 -1.2208784328846189 -2.0940533043496043 0.072237059419043959 -0.20185512041237411 3.179023005451536 0.30355713815010832 -2.2816110434122665 -0.09832860431641588 0.30034162753477367 -0.27785126577726516 -0.83427845019033586 1.933337113954847 -1.6071571166411642 1.2902919624225202 0.27549522865906367 -0.14409796250511975 1.4622665947590088 -1.0603440857571946 1.0470202056922182 -0.011013920097896953 -0.32639734702437129
leaf_weight=548 924 543 534 590 668 3049 1018 1757 574 539 639 87784 3647 522 870 532 605 13844 10702 870 507 523 581 1913 868 818 796 548 425281 11069
leaf_count=548 924 543 534 590 668 3049 1018 1757 574 539 639 87784 3647 522 870 532 605 13844 10702 870 507 523 581 1913 868 818 796 548 425281 11069
internal_value=-0.0026257 -0.178683 -0.295122 0.142809 -0.235623 0.281122 -0.379999 -0.278329 -1.25115 -0.0394661 -1.29707 0.00616285 0.206724 1.71901 0.123733 -0.502846 -1.11988 0.19563 -0.18168 -0.00351227 0.121275 -0.238672 0.0125456 0.62282 -0.0016823 0.635265 -0.314778 0.0883945 -0.00373119 -0.0190143
internal_weight=573663 27275 20023 7252 19489 4256 15233 13641 1592 3588 1182 546388 20568 1070 19498 2007 1137 17491 12459 6662 5792 3372 2849 2420 525820 1686 2268 1472 524134 436350
internal_count=573663 27275 20023 7252 19489 4256 15233 13641 1592 3588 1182 546388 20568 1070 19498 2007 1137 17491 12459 6662 5792 3372 2849 2420 525820 1686 2268 1472 524134 436350
is_linear=0
shrinkage=0.05


Tree=161
num_leaves=31
num_cat=0
split_feature=17 12 12 12 11 13 14 9 12 9 12 14 12 13 14 13 13 13 14 12 14 14 14 13 12 14 12 14 12 12
split_gain=262836 480988 376381 520436 1.09991e+06 487691 404378 358263 1.33329e+06 371309 1.06138e+06 529591 446722 588854 1.00232e+06 621580 587964 546047 517785 488063 436083 398751 482751 398600 539889 1.02451e+06 450101 423095 608451 582909
threshold=0.063709155212157517 0.012472248262135881 -0.0049951111909748653 0.0044897591480958987 -0.21742521345156099 0.22997277853392964 -0.01796644498195283 -0.04213173244250918 -0.018397836894734759 -0.0037548829093716715 -0.018397836894734759 -0.00081376696052021442 -0.014023419856971607 0.15807227410438207 -1.0000000180025095e-35 0.11425369198312237 0.18612563033917431 0.1935457635940728 0.0024285878725784104 -0.0083764560395833219 0.02042647176750689 -0.0066860323921768099 -0.0015413939735762483 0.20834805061934403 -0.0068887899551179086 0.0022556369424982597 -0.0068887899551179086 0.0029117079412100161 -0.0064836710996034408 -0.0055529359160462902
decision_type=2 10 8 10 10 2 10 8 8 10 8 10 8 2 10 2 2 2 10 10 10 10 10 2 8 10 8 8 8 10
left_child=7 2 5 6 -5 -2 -4 8 -1 -9 11 -11 -12 14 15 -14 18 -18 -15 -20 23 -17 -23 24 25 -19 -25 29 -29 -28
right_child=1 -3 3 4 -6 -7 -8 9 -10 10 12 -13 13 16 -16 21 17 20 19 -21 -22 22 -24 26 -26 -27 27 28 -30 -31
leaf_value=2.0246763568770123 -0.33168597452146326 -1.4778742711902499 -1.7493423802920387 2.0239222442106883 -0.36379800506253196 0.84730058654317131 -0.36742734814766986 -0.062506518886842888 0.11279447217828327 -2.5569462197427324 0.79939956510430532 -0.57628749750010233 -0.6933712322568043 0.18389174838310235 -0.97352078338201942 2.0112336652776892 -1.210628177369417 2.3821576510762883 2.3094589879551624 0.55630864435776073 1.3823905860472108 -0.74294794950327958 1.3713996082223874 -0.40936994418883288 -0.30583761710851254 -0.15177761054227268 -0.77395219584898733 1.4544646321422436 0.082836431070209035 -0.015116697309775072
leaf_weight=972 1633 715 563 710 1504 1895 8864 213160 14746 549 1867 876 977 2607 3767 541 891 860 706 907 594 523 558 5952 933 744 2573 813 146841 154038
leaf_count=972 1633 715 563 710 1504 1895 8864 213160 14746 549 1867 876 977 2607 3767 541 891 860 706 907 594 523 558 5952 933 744 2573 813 146841 154038
internal_value=-0.0100129 -0.210565 -0.150829 -0.287941 0.401912 0.301585 -0.449958 -0.00429373 0.231025 -0.0111271 0.0222514 -1.33936 0.0281906 0.0237579 -0.452391 0.302937 0.0332761 0.025403 0.619539 1.32365 0.0289177 0.903056 0.348454 0.0263471 0.650527 1.20682 0.0212425 0.029666 0.0903888 -0.0275838
internal_weight=572879 15884 15169 11641 2214 3528 9427 556995 15718 541277 328117 1425 326692 324825 6366 2599 318459 314239 4220 1613 313348 1622 1081 312754 2537 1604 310217 304265 147654 156611
internal_count=572879 15884 15169 11641 2214 3528 9427 556995 15718 541277 328117 1425 326692 324825 6366 2599 318459 314239 4220 1613 313348 1622 1081 312754 2537 1604 310217 304265 147654 156611
is_linear=0
shrinkage=0.05


Tree=162
num_leaves=31
num_cat=0
split_feature=14 12 14 9 6 12 8 14 14 5 12 12 12 14 12 14 12 12 12 12 14 14 14 14 14 14 14 14 14 12
split_gain=292766 578760 482652 421394 288436 592603 358512 344794 537208 400340 507213 864646 431682 349108 379977 546667 336236 584165 676591 547923 688698 800856 430159 713610 409055 1.04159e+06 1.02324e+06 920094 853309 808433
threshold=0.0270617032583759 -0.0036304690109206419 0.02042647176750689 -0.021883768346485106 1.0599662981019768 -0.022058472749514658 0.99997371464619966 -0.0076510020158406878 -0.0073043107792539535 1.7882026321883921 -0.015523825238295434 -0.010932977868723071 -0.0090148358906430217 -0.0064556919326447977 0.010656917268997959 0.00083291358709311307 0.0019117719798810303 0.0016597268665611627 0.0015920931343954769 0.0022326524313483732 0.0039305185907552 0.0052720172698947545 0.0034498793543783668 0.0029665282722408054 -0.0011851451013237192 -0.0014324399999777863 -0.001752787791000831 -0.0010586915565139472 -0.0011401989300968878 -0.0032004125680654195
decision_type=10 8 10 10 2 8 10 10 10 8 8 8 8 10 10 10 8 10 10 8 8 10 10 10 10 10 10 10 10 10
left_child=2 -2 4 -4 5 -1 16 9 -9 10 -6 -12 -13 -10 -15 -16 17 18 24 20 22 -22 23 -18 25 26 -7 28 -26 -27
right_child=1 -3 3 -5 7 6 -8 8 13 -11 11 12 -14 14 15 -17 19 -19 -20 -21 21 -23 -24 -25 27 29 -28 -29 -30 -31
leaf_value=1.5421545302509845 0.2568901985989771 -1.6025525234588092 -0.025922120336964141 1.5697676168580905 -1.6457337299629495 0.19691160917733161 -0.33577271385845231 1.0307853887369895 -0.69514434615818665 0.80380624018184532 1.1725859383154742 -1.5446949401562124 -0.28171229087233179 -0.035199143529003447 1.103875400668852 -0.7235109649098288 0.90298767408804081 -0.44175861627565927 0.67232132374749076 0.072465968280026563 -0.89031669466568841 0.64208993706285356 1.9188445110595034 -1.0309452415223515 0.0065940827040521293 2.4650331471333873 -0.79042600496674287 -0.015184199936974686 -2.2063610355080718 0.56377406375685224
leaf_weight=643 843 831 758 911 675 21812 6823 1189 1984 859 1008 707 15716 232636 1591 551 3823 7302 3822 76819 1565 1873 806 545 821 781 2983 179240 928 1968
leaf_count=643 843 831 758 911 675 21812 6823 1189 1984 859 1008 707 15716 232636 1591 551 3823 7302 3822 76819 1565 1873 806 545 821 781 2983 179240 928 1968
internal_value=-0.00590352 -0.666166 -0.0039683 0.845063 -0.00645663 0.0258055 0.0226795 -0.0457055 -0.0293528 -0.250879 -0.300916 -0.24884 -0.336083 -0.0346768 -0.0290955 0.633805 0.030696 -0.00203918 0.0130809 0.114863 0.493049 -0.0554715 0.857527 0.661689 0.000998347 0.180507 0.0781285 -0.0263204 -1.16758 1.10393
internal_weight=572813 1674 571139 1669 569470 312554 311911 256916 237951 18965 18106 17431 16423 236762 234778 2142 305088 219657 212355 85431 8612 3438 5174 4368 208533 27544 24795 180989 1749 2749
internal_count=572813 1674 571139 1669 569470 312554 311911 256916 237951 18965 18106 17431 16423 236762 234778 2142 305088 219657 212355 85431 8612 3438 5174 4368 208533 27544 24795 180989 1749 2749
is_linear=0
shrinkage=0.05


Tree=163
num_leaves=31
num_cat=0
split_feature=9 12 9 12 13 12 5 13 12 13 12 12 12 13 13 8 6 13 13 12 12 13 12 12 12 13 12 12 13 5
split_gain=294899 528803 351296 534215 470305 447036 444178 439072 471094 3.35018e+06 326104 403763 418450 923689 357159 317885 324131 325392 403663 565028 566636 474857 424575 1.08673e+06 512885 554137 487144 401691 385460 317147
threshold=0.05633272868086469 0.0090764862390379057 0.0041106588612326283 -0.018397836894734759 0.086379690949227386 -0.014023419856971607 0.84604544919579383 0.10532212885154063 -0.018397836894734759 0.1935457635940728 0.0050431201962702543 0.0044897591480958987 0.0047207016233077543 0.63525000951571375 0.47279021886281597 0.73529411764706798 1.6503989346170787 0.15807227410438207 0.32550485182271183 -0.001873332594444906 -0.0021742972660686462 0.37287510516428685 -0.0034388706987858726 -0.0036304690109206419 -0.0033673048129944038 0.30822077922077928 -0.0037909282100934485 -0.0016531034515771946 0.1511401849516604 1.2408643212516595
decision_type=8 8 10 8 2 8 10 2 8 2 10 10 10 2 2 8 2 2 2 8 10 2 10 8 10 2 10 8 2 10
left_child=2 29 4 6 -1 -5 -4 -6 9 -9 11 15 13 -13 -12 16 17 28 22 20 -20 -22 23 26 -24 -26 -19 -21 -7 -2
right_child=1 -3 3 5 7 10 -8 8 -10 -11 14 12 -14 -15 -16 -17 -18 18 19 27 21 -23 24 -25 25 -27 -28 -29 -30 -31
leaf_value=0.54099340668629914 -0.085295388164453811 -1.8023236447392428 -0.076464713256010855 1.0100093087578956 -0.84871004203530398 -0.18133410044987308 -2.1470041229935815 -1.1523643178122207 -0.036228043719429469 3.3382097486736018 -0.45308885853113312 0.28137112689918264 0.015289855960416768 -2.1234681173861349 0.31941519411108121 0.16063341736254064 -0.11886653227115269 0.18017866325834803 -0.12618201713745661 0.68116708461565723 -1.8641451399303788 -0.43304863298379703 2.1325400754514043 -1.6299226969927607 0.031096417652643999 1.3392405188294492 1.4844201663469381 0.043641215050424911 -1.6458450098517117 -0.95841352606940478
leaf_weight=3568 9364 529 534 1223 1654 2108 503 955 340625 735 1641 702 1831 926 16961 43427 38088 14934 8382 2559 952 1482 555 815 2271 1258 752 71681 571 1170
leaf_count=3568 9364 529 534 1223 1654 2108 503 955 340625 735 1641 702 1831 926 16961 43427 38088 14934 8382 2559 952 1482 555 815 2271 1258 752 71681 571 1170
internal_value=-0.00409434 -0.259738 0.000940765 0.0513132 -0.0300993 0.0568218 -1.08079 -0.0360232 -0.0320965 0.800637 0.0513203 0.032078 -0.503271 -1.08649 0.251268 0.0418326 0.00659432 0.0507095 0.0645098 0.0164274 -0.3212 -0.992787 0.263183 0.150214 0.719624 0.497417 0.242705 0.0656163 -0.493479 -0.182272
internal_weight=572756 11063 561693 214156 347537 213119 1037 343969 342315 1690 211896 193294 3459 1628 18602 189835 146408 108320 105641 85056 10816 2434 20585 16501 4084 3529 15686 74240 2679 10534
internal_count=572756 11063 561693 214156 347537 213119 1037 343969 342315 1690 211896 193294 3459 1628 18602 189835 146408 108320 105641 85056 10816 2434 20585 16501 4084 3529 15686 74240 2679 10534
is_linear=0
shrinkage=0.05


Tree=164
num_leaves=31
num_cat=0
split_feature=4 13 13 14 13 14 9 14 13 14 14 7 13 13 14 14 13 13 13 13 14 13 13 14 14 13 6 14 14 13
split_gain=284856 755169 379465 1.24716e+06 555490 1.13191e+06 390574 704935 334650 1.05921e+06 399932 660808 333926 705678 566247 549406 1.31653e+06 892406 2.15714e+06 1.05503e+06 772088 361016 353879 537216 388977 331751 321219 276324 444202 264897
threshold=-0.19862310695070212 0.90882120253164567 0.12723558433549184 -0.0073043107792539535 0.1511401849516604 -0.0066860323921768099 -0.058211730413737818 -0.0066860323921768099 0.4132361759261674 -0.033374233339537519 -0.033374233339537519 0.003224852375887884 0.45923146655922648 0.44786405723905731 -0.0012642752095639196 -0.0080407074899879888 0.51103521061421431 0.56335680751173722 0.6324016361511493 0.60669865403788636 -0.013851110702276003 0.72452356498915915 0.43760521885521891 -0.0066860323921768099 -0.001752787791000831 0.44220408383169013 7.2017970545726691 -0.0073043107792539535 -0.0064556919326447977 0.16887096774193552
decision_type=10 2 2 8 2 10 8 8 2 8 8 10 2 2 8 8 2 2 2 2 10 2 2 10 10 2 2 10 10 2
left_child=1 2 3 -1 5 -4 7 -6 9 -8 11 -10 13 22 -15 16 -14 -18 19 -19 -20 -22 23 -12 -25 -24 -2 -17 -29 -11
right_child=26 -3 4 -5 6 -7 8 -9 10 29 12 -13 15 14 -16 27 17 18 20 -21 21 -23 25 24 -26 -27 -28 28 -30 -31
leaf_value=-2.4826756766816018 -0.01190867944557026 -1.8221550723209103 2.6906598921083824 0.26339953107745562 2.3501566765213684 -0.40644861147517253 -1.7768900382693673 -0.13171333399245408 -0.17354832025888925 -0.98041292736788022 -0.88773094379098172 2.2414281732368706 -2.136816224426942 2.1105277482331153 0.34192401079949247 0.69689286069997558 1.3166127702318535 -0.71928789800506809 -0.27454572474285638 -3.2999957960471513 2.2318645135819621 0.65200821100312245 -1.52797267749001 1.7376946947673286 0.33291964294161586 0.11627966972856188 -0.26065028338404628 -1.1492842143064426 0.18807654062723511 0.039698182817298561
leaf_weight=596 495775 510 615 1350 535 567 869 615 535 658 597 602 851 1004 824 2563 1015 912 2310 700 515 1214 523 740 1475 742 13328 641 19804 19375
leaf_count=596 495775 510 615 1350 535 567 869 615 535 658 597 602 851 1004 824 2563 1015 912 2310 700 515 1214 523 740 1475 742 13328 641 19804 19375
internal_value=-0.00598691 0.0940814 0.109656 -0.577639 0.131654 1.20499 0.110374 1.0229 0.0924261 -0.0679398 0.181652 1.10509 0.152831 0.497009 1.3133 0.0862508 -0.284862 -0.0484366 -0.293619 -1.83994 0.323532 1.12258 0.131009 0.443448 0.802235 -0.563518 -0.0184206 0.207498 0.146147 0.00619181
internal_weight=572360 63257 62747 1946 60801 1182 59619 1150 58469 20902 37567 1137 36430 5905 1828 30525 7517 6666 5651 1612 4039 1729 4077 2812 2215 1265 509103 23008 20445 20033
internal_count=572360 63257 62747 1946 60801 1182 59619 1150 58469 20902 37567 1137 36430 5905 1828 30525 7517 6666 5651 1612 4039 1729 4077 2812 2215 1265 509103 23008 20445 20033
is_linear=0
shrinkage=0.05


Tree=165
num_leaves=31
num_cat=0
split_feature=2 1 14 14 12 12 12 12 13 12 14 13 12 14 12 14 13 14 13 12 12 14 12 12 13 12 14 12 12 12
split_gain=342265 373955 360328 665316 895429 2.32895e+06 1.05634e+06 581843 1.09631e+06 1.01258e+06 529492 2.25627e+06 484270 1.54015e+06 1.14729e+06 518830 934929 973916 1.03087e+06 794020 763140 887331 710473 658560 651866 1.10612e+06 1.09194e+06 877790 977810 992021
threshold=-0.0030243448533707729 -0.012013286192693207 0.0059355918821889335 0.0055852927927514022 0.00098404065937080518 0.0014357847940820736 0.0025842988345618685 -7.4666165881012559e-05 0.4257745129351645 0.0002263029525904646 0.0059817194653357655 0.58835633018639566 0.005547319853706047 0.0077611450595120616 0.0052558494206341568 0.006890002005023343 0.27714118277826966 0.007226914180853943 0.54867378660248711 0.0015023109332461752 -0.0027686434315575535 0.0066413442328696103 -0.00046271925771296441 -0.0047965554486507833 0.45608462009387124 -0.00011546895183519087 0.0080632901619468612 -0.0028053404000961549 -0.0040345718616529034 -0.0052980094234980355
decision_type=8 10 10 10 10 10 10 10 2 10 8 2 10 8 10 10 2 10 2 10 10 10 10 10 2 10 10 10 10 10
left_child=-1 -2 3 -3 7 -6 -7 8 -5 -9 11 -4 14 -14 15 20 23 -18 24 -20 -12 -22 -23 -17 27 -26 -27 28 29 -19
right_child=1 2 10 4 5 6 -8 9 -10 -11 12 -13 13 -15 -16 16 17 18 19 -21 21 22 -24 -25 25 26 -28 -29 -30 -31
leaf_value=0.046252113069035095 -0.34394092401046544 -0.038587635275960618 -0.63134733267895304 -1.1494608145231402 2.4225675236129365 -1.6361054834870619 0.083862871900476713 -3.5643710087253049 1.2540234794548477 -0.96411158753201842 0.98377610512839597 3.586479263117786 -1.9550110498847477 0.11943431828450102 1.8496071722814458 -0.43970761598750746 -0.6804576001742273 1.2496806248678169 -1.6455722149655889 -0.15238865101758123 -0.079398636750556292 -0.58410801477544938 1.0639030685195416 -2.0644587904247134 1.6248014419761294 1.240812964752587 0.01088168761728291 -0.21894937558930977 1.3836371704341872 -1.035374176229795
leaf_weight=186362 9627 300279 787 1662 820 1357 2609 504 664 1456 3208 531 1228 3297 915 2734 4197 779 987 9089 12072 804 3505 808 2076 2480 6626 8864 2207 1217
leaf_count=186362 9627 300279 787 1662 820 1357 2609 504 664 1456 3208 531 1228 3297 915 2734 4197 779 987 9089 12072 804 3505 808 2076 2480 6626 8864 2207 1217
internal_value=-0.00942598 -0.0362112 -0.0283689 -0.0513329 -0.473194 -0.00311148 -0.504639 -0.998115 -0.463341 -1.63275 0.075473 1.06794 0.0559766 -0.443531 0.0921016 0.0660183 -0.0329638 0.0385145 0.126425 -0.298654 0.278565 0.140459 0.756407 -0.810345 0.303055 0.583295 0.345851 0.0632411 0.658372 -0.143562
internal_weight=573751 387389 377762 309351 9072 4786 3966 4286 2326 1960 68411 1318 67093 4525 62568 61653 42064 38522 34325 10076 19589 16381 4309 3542 24249 11182 9106 13067 4203 1996
internal_count=573751 387389 377762 309351 9072 4786 3966 4286 2326 1960 68411 1318 67093 4525 62568 61653 42064 38522 34325 10076 19589 16381 4309 3542 24249 11182 9106 13067 4203 1996
is_linear=0
shrinkage=0.05


Tree=166
num_leaves=31
num_cat=0
split_feature=9 5 13 12 13 13 13 14 12 12 12 14 13 14 14 12 13 14 12 13 12 13 12 13 14 12 13 12 14 14
split_gain=292791 333193 239113 1.70831e+06 3.84258e+06 1.03939e+06 1.39388e+06 3.11004e+06 1.35461e+06 942788 1.56044e+06 1.02842e+06 809133 2.44771e+06 2.04226e+06 1.57057e+06 1.3324e+06 1.88277e+06 1.70582e+06 1.35088e+06 1.53461e+06 1.49114e+06 1.45734e+06 1.26709e+06 1.14909e+06 1.16308e+06 1.24228e+06 1.08114e+06 997971 1.28847e+06
threshold=0.096262222323792196 0.80530316230007803 0.17481096139632726 -0.015523825238295434 0.29346189070927042 0.18612563033917431 0.1935457635940728 -0.0085802334926053346 -0.0079068726198417965 -0.0081838571650755167 -0.009218330210910267 -0.001752787791000831 0.22419210611291887 -0.0025634571192562072 0.0003638193562769605 -0.0070682575628737343 0.23871975019516004 0.0068447721656182082 -0.0066965920680155059 0.24277598854893542 -0.0066965920680155059 0.25347289214740504 -0.0070682575628737343 0.23389188628346133 0.0030254121743337925 -0.0048778284761807232 0.24833449179276054 -0.009218330210910267 -0.0015413939735762483 -0.001752787791000831
decision_type=8 10 2 8 2 2 2 8 8 10 10 10 2 10 10 10 2 8 10 2 10 2 8 2 8 10 2 10 10 8
left_child=2 -2 -1 4 -4 9 7 -7 -9 10 -5 -11 13 15 28 -8 17 18 27 20 -18 22 -21 -20 25 26 -24 -14 29 -15
right_child=1 -3 3 5 -6 6 12 8 -10 11 -12 -13 16 14 -16 -17 19 -19 23 21 -22 -23 24 -25 -26 -27 -28 -29 -30 -31
leaf_value=-0.14962365299909683 0.061676839569817926 -1.1851008935708922 -1.1174996041516134 0.16327567795550735 4.6809963163748307 1.8476293484085127 -0.31387609389756538 -3.4390212028986724 -0.42328139477334786 1.6464944067966751 2.8788774188872512 -0.42796741009837258 0.51204605852794449 2.2480669291371203 0.23414539097278411 -3.4657915485375805 2.6256825527265644 -3.4913163322381227 -0.3368707996645004 -2.0690269066484297 0.079653771428432135 0.001734707021253285 -0.29210735434200619 1.7695562111273053 1.4757358233762377 0.40470649018734151 -3.4508314198196524 -1.9312176333500326 2.6163643683432665 -0.58215616989113139
leaf_weight=26166 1030 1117 543 1060 603 593 1289 1060 574 823 1056 2180 577 818 7540 570 1042 558 2459 1685 1370 509369 640 1006 741 1096 606 2103 1614 791
leaf_count=26166 1030 1117 543 1060 603 593 1289 1060 574 823 1056 2180 577 818 7540 570 1042 558 2459 1685 1370 509369 640 1006 741 1096 606 2103 1614 791
internal_value=-0.00417544 -0.586973 -0.00198228 0.00511438 1.93354 0.00104609 -0.00569968 -1.25401 -2.37964 0.710151 1.51851 0.140558 -0.000511918 0.395073 0.684447 -1.28031 -0.0100543 -0.710465 -0.457948 -0.000965429 1.17956 -0.00650367 -0.886616 0.274692 -0.240374 -0.783345 -1.82837 -1.40519 1.7379 0.856702
internal_weight=572679 2147 570532 544366 1146 543220 538101 2227 1634 5119 2116 3003 535874 12622 10763 1859 523252 6703 6145 516549 2412 514137 4768 3465 3083 2342 1246 2680 3223 1609
internal_count=572679 2147 570532 544366 1146 543220 538101 2227 1634 5119 2116 3003 535874 12622 10763 1859 523252 6703 6145 516549 2412 514137 4768 3465 3083 2342 1246 2680 3223 1609
is_linear=0
shrinkage=0.05


Tree=167
num_leaves=31
num_cat=0
split_feature=8 12 11 12 12 12 12 12 12 0 12 12 9 12 12 12 0 12 12 10 12 0 12 12 12 9 9 12 12 12
split_gain=277446 277735 406777 400171 246751 626326 539542 1.35327e+06 516649 500523 430697 864448 467251 425772 1.03679e+06 760206 635889 462297 374798 373780 358925 392925 342863 703297 993377 562500 518755 458276 433604 342780
threshold=0.060240963855419383 -0.009580108063527739 -0.020263232832636546 -0.0090148358906430217 0.0014795005132255885 0.0010162796672583336 0.0030639036876704264 0.002829391006346734 0.00098404065937080518 -0.0099040234822103841 0.0016597268665611627 0.0017344151086718777 -0.0077529016480843002 0.0013102427116815129 0.0013976522411489544 0.0012758230275707104 -0.004901806774585786 0.0011816466146470515 0.0012242074010483559 0.085971580005503076 0.0033943032852948416 0.027616263926315467 0.0001377558764571593 -0.00040257122609814168 -0.0004272017880582539 -0.0047440169993701858 -0.083267613653601594 0.00077486714317006559 -0.012121439880781302 -0.00032311210041311756
decision_type=10 8 10 8 10 10 10 10 10 10 10 10 10 10 10 10 10 10 10 10 10 10 10 10 10 8 8 10 10 10
left_child=1 2 -1 -3 5 8 7 10 22 -9 19 12 -12 15 16 17 -15 -7 -19 -6 -8 -22 23 24 26 27 28 -24 -2 -25
right_child=4 3 -4 -5 6 13 20 9 -10 -11 11 -13 -14 14 -16 -17 -18 18 -20 -21 21 -23 25 29 -26 -27 -28 -29 -30 -31
leaf_value=0.64453634584703023 2.1518598596259952 -1.0686168471935673 -0.55869105951568809 0.099357514300364769 0.38901271658051573 -0.53229182313197598 -0.24988548464969479 2.1859871547472394 0.74203811582375434 0.62630874925051072 -1.5652800996739806 0.059613033219699178 -0.37133414566009365 -1.3180448203312305 -0.60600597551268875 -1.3168280306151601 0.53736373022182893 0.28463113582144034 -0.52077397844772455 -0.7500826818218419 0.017658251327103285 -0.83537805621853678 -0.48579841446349281 0.55827600667657651 -1.1330851415200904 -0.015285052055134921 -0.022768377935345915 0.041110890968184613 0.16999827556602368 0.14227229977508249
leaf_weight=4570 500 749 830 35128 12290 8663 16644 549 2244 8160 1105 52161 3171 501 4383 2054 5900 4453 2138 765 83954 1372 14841 5940 2013 38453 222778 5716 616 29764
leaf_count=4570 500 749 830 35128 12290 8663 16644 549 2244 8160 1105 52161 3171 501 4383 2054 5900 4453 2138 765 83954 1372 14841 5940 2013 38453 222778 5716 616 29764
internal_value=0.000422852 0.125291 0.459596 0.0749738 -0.0092814 -0.0336997 0.0382832 0.137086 -0.0139971 0.724628 0.0634533 0.00358524 -0.679873 -0.260145 -0.0135403 -0.413795 0.392143 -0.292199 0.0233724 0.322264 -0.037489 0.00394185 -0.0192885 0.00526815 -0.0273234 -0.128156 -0.0173816 -0.339288 1.05793 0.211482
internal_weight=572405 41277 5400 35877 531128 350957 180171 78201 322865 8709 69492 56437 4276 28092 10784 17308 6401 15254 6591 13055 101970 85326 320621 261611 225907 59010 223894 20557 1116 35704
internal_count=572405 41277 5400 35877 531128 350957 180171 78201 322865 8709 69492 56437 4276 28092 10784 17308 6401 15254 6591 13055 101970 85326 320621 261611 225907 59010 223894 20557 1116 35704
is_linear=0
shrinkage=0.05


Tree=168
num_leaves=31
num_cat=0
split_feature=10 12 14 14 14 13 13 12 12 14 13 13 13 13 14 13 12 9 14 12 12 13 12 2 14 10 13 14 0 0
split_gain=298447 512585 371174 919792 507164 424500 626075 872381 800187 443120 410722 763322 386732 970483 786021 621062 428241 379673 491069 291834 284826 262806 364857 371473 342329 587564 302728 420510 280351 238693
threshold=-0.080242435572512524 -0.022058472749514658 -0.021658507068033826 -0.013851110702276003 -0.0096976068340517887 0.11425369198312237 0.18203383094463352 -0.010932977868723071 -0.0076246522117263543 0.0018302000131842191 0.26724219939117205 0.27714118277826966 0.4257745129351645 0.43584893136864472 0.0011296176608035534 0.44695315721805795 -0.0017336470331282018 -0.066042529569280334 0.0030254121743337925 -0.0048778284761807232 -0.00034927173432989681 0.90882120253164567 0.013653625485355612 -0.058018488165277542 -0.01796644498195283 -1.0000000180025095e-35 0.8460462670872767 -0.0066860323921768099 -0.0047259067293926585 0.0080806590364324912
decision_type=10 8 10 10 10 2 2 10 10 10 2 2 2 2 10 2 10 10 10 10 10 2 10 10 10 10 2 10 10 10
left_child=1 -1 -3 -4 -5 -6 7 -7 9 -8 -10 -12 14 -14 -13 -15 19 18 -17 -16 -19 22 23 -2 -24 -26 29 -28 -23 -25
right_child=21 2 3 4 5 6 8 -9 10 -11 11 12 13 15 16 17 -18 20 -20 -21 -22 28 24 26 25 -27 27 -29 -30 -31
leaf_value=1.6185408635260696 -0.84614672248028244 -0.67001661337372198 1.8579868240376971 -1.2457410097214905 1.4958920277177359 -1.9763268564839411 0.4314872124193439 0.63611801896265252 -0.82284809992734831 2.1732906544393038 1.8764154496755709 -1.2396507312472631 2.0774679141067307 -1.3898872857391362 -0.65601194736189572 0.31433530549643701 -0.90763679029100841 1.246425038454404 -1.6957606926086513 0.65499807264343912 0.24400504397050088 -1.5993056445970739 1.7306895179943043 0.010186672219699188 0.96832027228404138 -1.1302031902939083 0.31541979656078617 -1.3534806479286636 -0.11450805139315279 -0.079207326510747314
leaf_weight=590 1321 1380 784 663 577 798 718 533 1124 743 627 1481 683 628 520 656 782 759 566 2311 10678 532 547 450217 1002 500 622 960 790 89521
leaf_count=590 1321 1380 784 663 577 798 718 533 1124 743 627 1481 683 628 520 656 782 759 566 2311 10678 532 547 450217 1002 500 622 960 790 89521
internal_value=0.000206269 0.160617 0.128771 0.171779 0.118574 0.155976 0.123226 -0.930171 0.186167 1.31729 0.106774 0.159838 0.103382 0.239369 -0.269556 0.144884 0.128094 0.221023 -0.616691 0.414191 0.310529 -0.00790251 -0.00619357 -0.00870818 0.659757 0.269744 -0.00666455 -0.697314 -0.712021 -0.00464023
internal_weight=573613 27601 27011 25631 24847 24184 23607 1331 22276 1461 20815 19691 19064 13970 5094 13287 3613 12659 1222 2831 11437 546012 544690 542641 2049 1502 541320 1582 1322 539738
internal_count=573613 27601 27011 25631 24847 24184 23607 1331 22276 1461 20815 19691 19064 13970 5094 13287 3613 12659 1222 2831 11437 546012 544690 542641 2049 1502 541320 1582 1322 539738
is_linear=0
shrinkage=0.05


Tree=169
num_leaves=31
num_cat=0
split_feature=9 7 14 5 9 14 14 14 12 12 12 12 14 12 14 12 12 14 14 14 12 12 14 14 12 14 12 12 12 12
split_gain=263603 269429 400159 252610 247953 242186 629418 1.63948e+06 1.06739e+06 2.5094e+06 1.02526e+06 2.1606e+06 772256 1.99195e+06 1.45807e+06 1.6687e+06 1.4778e+06 1.19026e+06 1.89964e+06 1.00042e+06 983585 1.66935e+06 1.21196e+06 970811 817461 805683 620692 1.28384e+06 1.24216e+06 953413
threshold=0.096262222323792196 -0.018894377864627835 0.0014528306466622214 0.61915400803328458 0.0095088656487586458 0.0022556369424982597 0.0015755726421851299 0.0015395435248249415 0.0036025630021501933 0.0074590984930701697 0.0025842988345618685 0.0024734066008874735 0.0017793135045680909 -0.0025168970306861157 0.0019090304447226898 -0.0013715312726306137 -0.00034927173432989681 0.0019856109205337131 0.0019491366621190152 0.001797137430062595 -0.0007487341611648442 -0.0016531034515771946 0.0020138329497681033 0.0021997587737810705 -0.0012186919422959488 0.0021046239761008906 0.0030639036876704264 0.0030953910451583587 0.0026669142903271779 0.0074590984930701697
decision_type=8 8 10 10 10 8 10 10 10 10 10 10 10 10 10 10 10 10 10 10 10 10 10 10 10 10 10 10 10 10
left_child=1 2 -1 -2 -4 6 7 26 10 -10 11 12 13 -8 15 -14 -17 18 -16 -18 21 23 -22 25 -23 -19 28 -28 -3 -29
right_child=3 5 4 -5 -6 -7 8 -9 9 -11 -12 -13 14 -15 17 16 19 20 -20 -21 22 24 -24 -25 -26 -27 27 29 -30 -31
leaf_value=1.4135971207746842 0.35720105124203538 0.012106852802849415 -0.49575269707819736 -0.8833392066284198 0.90777837185859678 0.032697677672536264 -1.5398684347552869 1.3229151782914159 1.0801376314901996 -1.5280484319612322 -1.2035473917267185 2.2558968566041591 1.1736875157029416 -0.18259231428984965 -0.1927521570809016 -2.5170099951513114 1.4701068467163605 -0.091710451395064826 -2.5034851306358714 -0.27394509144651713 2.3073202259401664 -2.3365736234971388 0.04474015907718161 -1.6237272274161982 -0.68841159968492216 1.5099468400419225 -1.9186443075088062 -0.28076744409752419 0.73957846196782095 0.17326024916273033
leaf_weight=842 558 148705 849 1551 500 308925 3816 2335 4040 1195 2758 871 3981 9270 2087 600 1060 3324 1550 3666 648 1461 6832 785 1551 1028 1016 33421 6109 17679
leaf_count=842 558 148705 849 1551 500 308925 3816 2335 4040 1195 2758 871 3981 9270 2087 600 1060 3324 1550 3666 648 1461 6832 785 1551 1028 1016 33421 6109 17679
internal_value=0.00284713 0.00490833 0.558304 -0.555117 0.024459 0.00277634 -0.0328044 0.00543635 -0.191197 0.484764 -0.269333 -0.208751 -0.260282 -0.578387 -0.114594 0.399299 -0.17953 -0.362845 -1.17753 0.11723 -0.173261 -0.553283 0.24075 -0.00530389 -1.48787 0.286622 -0.00943009 -0.158681 0.0408131 -0.123688
internal_weight=573013 570904 2191 2109 1349 568713 259788 209265 50523 5235 45288 42530 41659 13086 28573 9307 5326 19266 3637 4726 15629 8149 7480 5137 3012 4352 206930 52116 154814 51100
internal_count=573013 570904 2191 2109 1349 568713 259788 209265 50523 5235 45288 42530 41659 13086 28573 9307 5326 19266 3637 4726 15629 8149 7480 5137 3012 4352 206930 52116 154814 51100
is_linear=0
shrinkage=0.05


Tree=170
num_leaves=31
num_cat=0
split_feature=9 10 12 13 5 13 17 9 12 5 8 12 10 12 13 13 12 9 12 13 10 6 8 13 13 13 12 12 4 13
split_gain=226490 206052 489941 1.17285e+06 961223 950211 422762 341496 386656 1.04318e+06 310904 296051 283827 345787 282478 504263 402299 278613 334302 299598 265641 436519 356120 324303 394899 342250 437725 650391 272690 254273
threshold=0.096262222323792196 -0.066639860548050087 -0.0047965554486507833 0.23871975019516004 1.0588581957588044 0.30822077922077928 0.050766916419643988 -0.0037548829093716715 -0.018397836894734759 0.98496803150043988 0.99013482300425226 -0.014023419856971607 -0.018889475284895756 -0.015523825238295434 0.086379690949227386 0.10532212885154063 -0.018397836894734759 -0.023321575299954708 -0.014023419856971607 0.13515766582094965 -0.0056878758654360659 2.1764700708026408 0.87311141432604888 0.15807227410438207 0.20082304526748976 0.41800076844262302 -0.0029011578399033094 -0.0029618408736696656 0.1518094090321174 0.27714118277826966
decision_type=8 10 8 2 10 2 2 10 8 10 10 8 10 10 2 2 8 10 10 2 10 2 8 2 2 2 10 8 8 2
left_child=1 2 3 6 29 -4 17 10 9 -9 14 12 -10 -14 -3 -16 -17 18 -1 -19 23 -22 -23 -13 -25 26 27 -26 -24 -5
right_child=-2 7 5 4 -6 -7 -8 8 11 -11 -12 20 13 -15 15 16 -18 19 -20 -21 21 22 28 24 25 -27 -28 -29 -30 -31
leaf_value=-0.19688529464502894 -0.51162105999180774 0.50164776081364959 -1.2849523914936269 1.2267671440437233 2.9647373932479608 0.075402617452583573 -0.73756428530688856 0.21046922885780706 1.6514549147040218 -2.6062659689040455 -0.44196852986566937 -0.64540573531082623 -0.58015511214805693 1.069434186520918 -1.1382644994450972 1.2715415526437934 -0.046090071749908819 0.71803497562592555 1.0382708082065062 -0.48892855841086602 0.095857851231687691 -0.13594530320427772 -0.022892074408294407 0.63484896945554525 -0.065303844515568393 0.026958976764246901 -0.38199908462301901 1.535061520582671 0.57425356800641558 0.32810278179000135
leaf_weight=838 2110 2365 1342 1555 594 29537 1473 928 526 509 4968 2161 616 656 1055 581 197586 722 1582 1786 179752 39457 4448 2208 14465 59285 14141 664 3353 1594
leaf_count=838 2110 2365 1342 1555 594 29537 1473 928 526 509 4968 2161 616 656 1055 581 197586 722 1582 1786 179752 39457 4448 2208 14465 59285 14141 664 3353 1594
internal_value=0.00545168 0.00736325 0.115319 0.416797 1.11987 0.0162816 0.00567368 -0.000997123 0.0310982 -0.787247 -0.0512123 0.0347533 0.674549 0.270576 -0.0415823 -0.0480311 -0.0422269 0.227831 0.61056 -0.141469 0.0311577 0.060307 -0.0749153 -0.0400532 -0.0256402 -0.0421086 -0.182002 0.00493494 0.233771 0.77187
internal_weight=572857 570747 41023 10144 3743 30879 6401 529724 323169 1437 206555 321732 1798 1272 201587 199222 198167 4928 2420 2508 319934 227010 47258 92924 90763 88555 29270 15129 7801 3149
internal_count=572857 570747 41023 10144 3743 30879 6401 529724 323169 1437 206555 321732 1798 1272 201587 199222 198167 4928 2420 2508 319934 227010 47258 92924 90763 88555 29270 15129 7801 3149
is_linear=0
shrinkage=0.05


Tree=171
num_leaves=31
num_cat=0
split_feature=0 8 6 2 4 14 8 15 14 14 14 14 12 12 12 12 12 12 14 14 14 12 12 12 12 12 14 14 11 12
split_gain=267252 489740 404747 293116 302445 248081 228669 226599 222997 563639 348812 703754 1.82971e+06 691768 1.40701e+06 597480 530977 372360 344827 318654 452670 421786 331412 324815 1.1895e+06 374017 309864 761098 686512 524887
threshold=0.0093403078056716205 0.72727272727272396 9.1557370209184032 -0.023434432101804775 0.30431396503938818 0.0270617032583759 0.99997371464619966 -0.011266530626506717 0.0091590992600573077 0.0077611450595120616 0.006890002005023343 0.0062769340166878461 -0.0064836710996034408 -0.00071833509962087292 0.0016597268665611627 3.6452014036438599e-05 -0.0021742972660686462 -0.0032004125680654195 0.007226914180853943 0.0063760804415218834 0.0066413442328696103 -0.00046271925771296441 -0.00034927173432989681 0.00025540098350028271 0.0008032770979212562 0.0017344151086718777 0.0055852927927514022 0.0058146928034701504 -0.10205021000526977 0.00098404065937080518
decision_type=10 8 2 10 10 8 10 10 10 10 10 10 10 10 10 10 10 10 10 10 10 10 10 10 10 10 10 10 10 10
left_child=6 2 3 -2 -5 -3 8 -4 9 10 11 26 -13 16 15 -15 17 -12 -18 22 23 -22 -14 -21 -25 -26 -1 -28 29 -29
right_child=1 5 7 4 -6 -7 -8 -9 -10 -11 13 12 19 14 -16 -17 18 -19 -20 20 21 -23 -24 24 25 -27 27 28 -30 -31
leaf_value=0.015570500373617242 0.77356771165986415 0.18882670326134454 -1.2443346193915161 -0.32176600770146663 -0.066700870259800871 -0.88599928597360178 -0.22311401482424459 -0.3866441938037688 -0.20171125864227457 0.40999164166193913 -0.81278810108718236 2.9715804171915479 1.8235928143728615 -0.28803686010392843 -0.88630578971883256 1.1541608375467913 -2.3280869839816614 0.41609574626102069 -0.88260598998060991 0.34455944700363139 -0.22566787359130147 0.83751374153141178 0.25061273241067322 -2.2639827311542389 0.74103524622100059 -0.61950003346522919 -0.70695043083512132 -0.031682443883273868 -0.15262810740367672 1.5423800908698468
leaf_weight=426002 890 15592 1194 16396 39916 556 10527 2169 11860 8987 1475 658 613 1027 2267 2388 665 1059 1087 1611 1363 2956 738 740 1038 984 5191 969 10743 1168
leaf_count=426002 890 15592 1194 16396 39916 556 10527 2169 11860 8987 1475 658 613 1027 2267 2388 665 1059 1087 1611 1363 2956 738 740 1038 984 5191 969 10743 1168
internal_value=-0.00599412 -0.0928451 -0.158078 -0.126737 -0.140967 0.151819 0.0074354 -0.691159 0.0124334 0.0177946 0.0102105 0.0166236 0.417303 -0.282376 0.0793853 0.720446 -0.761966 -0.299217 -1.43126 0.249952 0.138915 0.501992 0.964334 -0.219679 -0.548784 0.078935 0.00696822 -0.19582 0.0101798 0.828638
internal_weight=572829 76713 60565 57202 56312 16148 496116 3363 485589 473729 464742 454774 10701 9968 5682 3415 4286 2534 1752 10043 8692 4319 1351 4373 2762 2022 444073 18071 12880 2137
internal_count=572829 76713 60565 57202 56312 16148 496116 3363 485589 473729 464742 454774 10701 9968 5682 3415 4286 2534 1752 10043 8692 4319 1351 4373 2762 2022 444073 18071 12880 2137
is_linear=0
shrinkage=0.05


Tree=172
num_leaves=31
num_cat=0
split_feature=6 5 12 12 12 14 12 14 14 14 12 14 9 14 14 11 14 14 0 12 14 10 12 14 14 14 12 12 14 14
split_gain=311805 300355 260808 1.485e+06 1.27241e+06 3.02791e+06 1.14996e+06 1.8497e+06 988822 974808 937669 1.02775e+06 877984 852107 1.56354e+06 798204 711435 1.62727e+06 749629 704029 533493 479291 493414 726906 1.53022e+06 803782 567978 1.03659e+06 463018 1.00416e+06
threshold=10.698914546605371 0.38623814715855309 -0.0047965554486507833 -0.0048778284761807232 -0.0049951111909748653 0.0026909570017902428 -0.0041064867425633029 0.0058773034096143749 0.0042651908247656571 -0.0085802334926053346 -0.0043736237095983177 0.009744554259300096 -0.023321575299954708 0.0031140740309636302 0.0014120469035604894 -0.071377593335100561 -0.0021963370776773455 -0.0034352202709559058 -0.029881677309890511 -0.0045526305173768161 -0.0073043107792539535 -0.025358889855498924 -0.0055529359160462902 0.013401794456808247 0.0062769340166878461 0.0011296176608035534 -0.0070682575628737343 -0.009580108063527739 0.0024285878725784104 0.0003343675616508972
decision_type=2 10 8 10 10 10 8 10 10 10 10 10 8 10 10 10 10 10 10 10 10 10 10 10 10 10 10 10 10 10
left_child=2 -2 3 4 12 -6 7 8 9 -4 11 -9 16 14 -5 19 17 18 -1 -11 -20 22 23 24 25 -18 27 -27 29 -17
right_child=1 -3 6 13 5 -7 -8 10 -10 15 -12 -13 -14 -15 -16 28 21 -19 20 -21 -22 -23 -24 -25 -26 26 -28 -29 -30 -31
leaf_value=2.0902374830877357 0.88775923938854884 -0.36653805084119856 1.1937964364691074 0.65774231810529382 -3.2076137680647339 0.44052900941419743 0.0033661406320464474 0.26162002035739962 0.83586893211851343 -2.6060959268305055 -2.8883352216496463 -2.486446080417108 0.0014275602717281658 0.16270834272925949 4.0337700395886653 -0.68909611635582979 1.6029822002886853 -2.383358486042674 -0.83740640469771577 -0.78771191400544016 0.77062285805767972 0.17892166909549598 -0.51325437154392806 -0.49285236561963386 3.1149238389678824 0.56257777366735762 1.4463459893667474 -1.923296108448135 -0.74050654456918652 0.74104863995750403
leaf_weight=506 506 8409 916 797 985 1346 468971 821 1967 662 988 581 59712 938 602 2317 2045 681 1063 2717 1002 3802 588 726 873 1521 795 579 2759 2610
leaf_count=506 506 8409 916 797 985 1346 468971 821 1967 662 988 581 59712 938 602 2317 2045 681 1063 2717 1002 3802 588 726 873 1521 795 579 2759 2610
internal_value=-0.00195667 -0.295346 0.00268193 0.0871995 0.0491356 -1.10105 -0.0109996 -0.423359 -0.203135 -0.373716 -1.70858 -0.877201 0.0854189 1.3287 2.11047 -0.50348 0.439081 -0.210149 0.365485 -1.14396 -0.0571423 0.632265 0.874107 0.998861 1.18517 0.844137 0.308096 -0.122813 -0.221904 0.0685004
internal_weight=572785 8915 563870 78561 76224 2331 485309 16338 13948 11981 2390 1402 73893 2337 1399 11065 14181 3252 2571 3379 2065 10929 7127 6539 5813 4940 2895 2100 7686 4927
internal_count=572785 8915 563870 78561 76224 2331 485309 16338 13948 11981 2390 1402 73893 2337 1399 11065 14181 3252 2571 3379 2065 10929 7127 6539 5813 4940 2895 2100 7686 4927
is_linear=0
shrinkage=0.05


Tree=173
num_leaves=31
num_cat=0
split_feature=17 10 4 2 17 14 14 14 11 14 14 14 7 9 14 11 14 14 14 9 14 14 14 14 2 8 14 11 3 0
split_gain=309802 267778 226528 323774 217647 226255 839240 710183 453510 393522 453275 477346 400316 378514 354637 343240 620213 624093 961275 456180 454823 395934 362665 351666 280800 392497 350986 295435 278273 272504
threshold=0.060275352314170423 0.17230960680033106 0.023939165325359748 0.012351074126742009 0.018116400453426794 0.0059355918821889335 0.0060195072149775257 0.0055852927927514022 -0.11569199048791524 0.0055241245800905373 0.0054690193305115811 0.005315240823370513 -0.0035359431821138498 -0.0029454044320308104 0.0058146928034701504 -0.08675516103390761 0.0091590992600573077 0.012408643984512928 0.011824106625347611 -0.052906240073950048 0.013401794456808247 0.014332030701907571 0.0084436808036504798 0.010003092660542785 0.0081706125929771386 0.7142857142857153 -0.0064556919326447977 -0.13976194237515877 -0.48932140719324108 1.0000000180025095e-35
decision_type=2 10 8 10 2 10 10 10 10 10 10 10 10 10 10 10 8 10 10 10 10 10 10 10 8 8 8 10 10 10
left_child=4 2 3 -2 -1 7 8 9 -7 10 11 24 -11 -10 -9 16 19 18 23 -8 -19 -22 -21 -18 -6 28 -27 -28 -26 -16
right_child=1 -3 -4 -5 5 6 15 14 13 12 -12 -13 -14 -15 29 -17 17 20 -20 22 21 -23 -24 -25 25 26 27 -29 -30 -31
leaf_value=0.13840307051351036 0.18827914083985453 -0.84468083176314723 -0.29003087017913021 -0.7045160322823727 0.010621497246444657 2.203663483194596 1.8528474992790889 -0.66863318197125621 -0.13726210641787312 -0.5462196399069702 -0.81482907598157284 0.52303489106399037 1.0725173314292746 1.005743143351125 -0.94217114224110121 -0.026461433047029959 -0.74038158175785274 1.6348119939102237 -2.4150306505254941 0.27315843105971832 -0.81442771411811321 0.41483770373457374 1.111100739251347 0.16374250706597165 -1.3527670196675501 -0.64734113745273336 0.3725587292410148 -0.022689823110056784 -0.2054080001684099 0.12476788788037917
leaf_weight=29416 6959 1458 10971 1189 334175 508 559 6113 1133 504 1737 4230 1577 2008 729 53211 1883 591 565 9396 840 2975 1497 2508 537 2083 5204 51670 33229 3342
leaf_count=29416 6959 1458 10971 1189 334175 508 559 6113 1133 504 1737 4230 1577 2008 729 53211 1883 591 565 9396 840 2975 1497 2508 537 2083 5204 51670 33229 3342
internal_value=-0.00102811 -0.19152 -0.141711 0.0579977 0.00607007 -0.00137576 0.077366 -0.015116 0.817615 -0.00545207 -0.00874965 -0.00550199 0.680473 0.593446 -0.42785 0.040876 0.213024 -0.0888451 -0.473762 0.459802 0.344121 0.144174 0.388315 -0.223975 -0.0107391 -0.087723 -0.00987159 0.0134756 -0.223655 -0.0662905
internal_weight=572797 20577 19119 8148 552220 522804 77674 445130 3649 434946 432865 431128 2081 3141 10184 74025 20814 9362 4956 11452 4406 3815 10893 4391 426898 92723 58957 56874 33766 4071
internal_count=572797 20577 19119 8148 552220 522804 77674 445130 3649 434946 432865 431128 2081 3141 10184 74025 20814 9362 4956 11452 4406 3815 10893 4391 426898 92723 58957 56874 33766 4071
is_linear=0
shrinkage=0.05


Tree=174
num_leaves=31
num_cat=0
split_feature=4 17 14 14 12 0 12 12 14 14 8 8 6 2 11 14 12 12 12 12 12 12 14 12 14 12 12 12 17 8
split_gain=270466 361040 395839 505335 355338 434158 705260 604456 589908 503801 420466 319428 316656 291164 286035 326067 808498 2.53462e+06 572382 632270 842298 1.03101e+06 852891 802506 716210 680897 525436 488693 436355 425751
threshold=-0.19862310695070212 0.033615982431642211 -0.01034056252125609 -0.0051969762561474954 -0.0070682575628737343 -0.051807425953863277 -0.012121439880781302 -0.010932977868723071 -0.0073043107792539535 -0.000235638874053643 0.12433493703127045 0.71839080459769988 3.2980924918007504 -0.058018488165277542 -0.30308192770711495 -0.0080407074899879888 -0.0042591896515363249 -0.0033673048129944038 -0.0019085968302541385 0.0084027174470880702 0.0031633743668316463 0.0058347562935567665 -0.013851110702276003 0.0076907504971397084 -0.011175828150746085 0.00063932188627417177 0.00085387108195358451 0.010656917268997959 0.035454102383933504 0.46153846153845862
decision_type=10 2 8 8 8 10 10 10 10 10 8 8 2 8 8 8 10 10 10 10 10 10 10 10 10 10 10 10 2 8
left_child=4 -2 -3 -4 5 -1 10 -8 -9 -10 -7 12 -5 -6 -15 16 -16 -18 29 20 22 -22 26 -23 -24 -26 -20 -21 -29 -19
right_child=1 2 3 11 13 6 7 8 9 -11 -12 -13 -14 14 15 -17 17 18 19 27 21 23 24 -25 25 -27 -28 28 -30 -31
leaf_value=1.7193901919091825 0.0257684993277368 0.6382167812622157 -0.52320352117399016 -0.06756347076138873 -0.76625227746843116 0.56045893191400009 1.8558039252480416 -0.44083791964240454 1.3216470537580582 -0.057752098428884104 -0.71185745024675251 0.058790697916406225 -0.33233479479386813 1.111483606549349 1.1674980709671023 0.12736041694769856 -3.0357213838554356 0.035240124249005397 0.03649734793434127 1.1338042721865225 -2.1511426538630651 0.79670501119897075 -1.965470280297219 -1.4032858300691955 0.95188133463502966 -1.2355440984983144 1.8182806798057194 -0.71598933506829721 0.77138463336214946 2.0744801865768907
leaf_weight=580 304599 2010 5892 137096 1062 953 876 1369 1824 1039 2038 48086 12306 651 1052 40166 779 519 889 1275 1317 849 693 810 809 635 774 1217 829 505
leaf_count=580 304599 2010 5892 137096 1062 953 876 1369 1824 1039 2038 48086 12306 651 1052 40166 779 519 889 1275 1317 849 693 810 809 635 774 1217 829 505
internal_value=0.00334006 -0.0087771 -0.0600092 -0.0669097 0.100642 0.397909 0.303273 0.660309 0.412848 0.821055 -0.306469 -0.0532963 -0.0893723 0.0535881 0.0697809 0.0570141 -0.16114 -0.278596 -0.0854659 -0.1997 -0.476695 -1.10662 0.0166384 -0.277432 -0.64416 -0.0100405 0.865782 0.365468 -0.113334 1.04092
internal_weight=573499 509989 205390 203380 63510 8679 8099 5108 4232 2863 2991 197488 149402 54831 53769 53118 12952 11900 11121 10097 6776 2976 3800 1659 2137 1444 1663 3321 2046 1024
internal_count=573499 509989 205390 203380 63510 8679 8099 5108 4232 2863 2991 197488 149402 54831 53769 53118 12952 11900 11121 10097 6776 2976 3800 1659 2137 1444 1663 3321 2046 1024
is_linear=0
shrinkage=0.05


Tree=175
num_leaves=31
num_cat=0
split_feature=6 7 9 7 2 0 17 12 12 12 12 12 14 14 14 14 14 14 14 12 17 5 12 14 17 14 14 12 12 14
split_gain=242535 497423 606163 490861 360174 292481 283497 233641 1.63853e+06 695546 3.86689e+06 1.52019e+06 2.00411e+06 1.05159e+06 3.77292e+06 896624 737509 816817 609485 594691 569385 528602 525878 734466 514265 508293 1.42564e+06 3.94638e+06 890546 538800
threshold=8.0502613366561508 -0.011352688512255932 -0.058211730413737818 -0.0002874149328909586 0.012351074126742009 0.012780522380136041 0.034213762633612893 -0.0034388706987858726 -0.0035468078566045411 -0.0029011578399033094 -0.0029618408736696656 -0.0028053404000961549 0.0020138329497681033 0.0061725728947960848 0.0047239064070479413 0.0023380186642250043 -0.0040809891810287173 -0.0013735586035737151 0.0023043808513056982 -0.0030429178062571288 0.068432058828843539 0.13461836820400411 -0.0026961470868247499 0.0015395435248249415 0.028919927432233403 -0.013851110702276003 -0.0096976068340517887 -0.012121439880781302 -0.0043736237095983177 -0.0076510020158406878
decision_type=2 10 10 10 10 10 2 10 10 10 10 10 10 10 10 10 10 10 10 10 2 10 10 10 2 8 8 10 10 8
left_child=1 2 -1 6 -5 -6 -2 8 25 10 13 12 -11 14 16 -12 -9 -18 24 -16 22 -22 23 -13 -10 28 27 -27 -3 -28
right_child=3 7 -4 4 5 -7 -8 9 18 11 15 20 -14 -15 19 -17 17 -19 -20 -21 21 -23 -24 -25 -26 26 29 -29 -30 -31
leaf_value=1.5245325529840525 -0.22586459499064429 -0.26249460851500084 0.22227399276286405 0.61123782638950797 -0.47195365584134663 0.31098752899530474 -0.89603664176368203 -1.2226075619493173 -0.82560066172457125 -3.2705750009293513 3.6032716437754382 -1.0003296175056389 -0.18136494007656431 1.1075754402771578 -1.3479372839585335 1.5088087778306827 2.2101500717209919 0.18384197726602552 -0.34290272115659004 -3.492442709866129 0.96228186564142515 -0.59111555671316907 0.009097633067190242 0.83985166404562384 -2.8395363753348866 -1.734719609859444 -1.02956760316984 3.244778648471391 -2.3486562595985245 -0.032139932624818755
leaf_weight=989 3466 2860 9262 2165 3005 1978 2897 876 508 817 816 637 1469 1954 538 1367 525 9440 803 810 602 6066 407575 3645 843 630 1372 1080 623 102947
leaf_count=989 3466 2860 9262 2165 3005 1978 2897 876 508 817 816 637 1469 1954 538 1367 525 9440 803 810 602 6066 407575 3645 843 630 1372 1080 623 102947
internal_value=-0.00223437 0.00282459 0.347914 -0.211563 0.0727815 -0.161165 -0.530986 -0.00362127 -0.0681696 0.0128675 0.333072 0.000444663 -1.28543 0.0307521 -0.141872 2.29171 0.168323 0.290597 -1.43384 -2.63655 0.00746814 -0.450872 0.0148887 0.566102 -2.08226 -0.0413081 -0.0217845 1.41023 -0.635644 -0.0452581
internal_weight=572565 559054 10251 13511 7148 4983 6363 548803 111666 437137 16326 420811 2286 14143 12189 2183 10841 9965 2154 1348 418525 6668 411857 4282 1351 109512 106029 1710 3483 104319
internal_count=572565 559054 10251 13511 7148 4983 6363 548803 111666 437137 16326 420811 2286 14143 12189 2183 10841 9965 2154 1348 418525 6668 411857 4282 1351 109512 106029 1710 3483 104319
is_linear=0
shrinkage=0.05


Tree=176
num_leaves=31
num_cat=0
split_feature=9 14 7 14 13 2 13 13 13 13 13 6 10 14 5 14 13 14 7 14 13 14 13 14 13 14 13 13 14 13
split_gain=250228 651057 679789 488180 1.47213e+06 745798 447848 667782 441499 514342 411673 297927 348654 361558 325828 410008 469082 436218 333057 328040 318308 439871 291298 335069 352730 375809 341386 405961 537113 576551
threshold=-0.034578423898222473 0.0091590992600573077 -0.010676027981042955 -0.033374233339537519 0.56736237614964247 -0.029718135603776615 0.48991919093377562 0.63081011034464718 0.34705529629533077 0.23871975019516004 0.32550485182271183 1.0245730646765892 -0.010571747222345246 -0.01034056252125609 0.5326460127825462 0.0012740335740685333 0.29061065915727996 -0.00037121405021835533 -0.0052871996286431152 -0.0039378222928587456 0.2799423046224716 -0.0025634571192562072 0.6037983798379839 0.0015395435248249415 0.35940280249110329 0.0019491366621190152 0.41800076844262302 0.43584893136864472 0.0017534975432164097 0.44153870566120651
decision_type=8 10 10 8 2 10 2 2 2 2 2 2 10 10 10 10 2 10 10 10 2 10 2 10 2 10 2 2 10 2
left_child=1 2 8 4 -2 -6 10 -8 9 -1 -3 12 14 -14 15 17 -17 20 19 -16 21 -5 23 -18 25 -25 -26 -28 -29 -30
right_child=3 6 -4 11 5 -7 7 -9 -10 -11 -12 -13 13 -15 18 16 22 -19 -20 -21 -22 -23 -24 24 26 -27 27 28 29 -31
leaf_value=0.75780191926931184 -2.1741029428745078 -0.5756947340617935 0.14653871216455613 -0.26275490737347379 1.8925403890412626 -0.76341673531814624 -1.837625087017833 0.30158734824137923 -0.037141175824618303 2.6077082774813674 0.95376159204912092 -0.050012904882782178 0.46198816979586382 0.055146459888421345 1.6585827742658226 -0.41705944959402963 0.56838274964775626 -0.49551152173586549 0.020986818052787026 0.3326673256870083 -0.18442174960429378 0.99481883953375139 0.29751368649197302 1.2911837218805802 -0.428709769538484 0.14186036041181016 0.54807498905082674 -1.1782656779132805 -1.2146024598104757 0.0056493654091591215
leaf_weight=906 986 1112 23255 1326 508 551 1072 553 639 642 728 249102 5639 172937 517 6426 2300 10874 22309 4774 15221 1462 8823 817 6954 5495 2682 1103 1013 21795
leaf_count=906 986 1112 23255 1326 508 551 1072 553 639 642 728 249102 5639 172937 517 6426 2300 10874 22309 4774 15221 1462 8823 817 6954 5495 2682 1103 1013 21795
internal_value=-0.00511848 0.138228 0.225798 -0.012741 -0.783813 0.51064 -0.504759 -1.10963 1.06858 1.52501 0.029438 -0.00982939 0.024396 0.0679935 -0.043963 -0.091792 -0.0144851 -0.245448 0.105574 0.462227 -0.0944567 0.396704 0.0362571 -0.0184184 -0.0522788 0.290624 -0.116797 -0.0352331 -0.10066 -0.0485472
internal_weight=572521 28907 25442 543614 2045 1059 3465 1625 2187 1548 1840 541569 292467 178576 113891 86291 57408 28883 27600 5291 18009 2788 50982 42159 39859 6312 33547 26593 23911 22808
internal_count=572521 28907 25442 543614 2045 1059 3465 1625 2187 1548 1840 541569 292467 178576 113891 86291 57408 28883 27600 5291 18009 2788 50982 42159 39859 6312 33547 26593 23911 22808
is_linear=0
shrinkage=0.05


Tree=177
num_leaves=31
num_cat=0
split_feature=9 7 9 5 17 17 4 7 9 6 2 9 11 2 17 5 16 2 9 9 17 5 9 7 2 5 6 9 10 0
split_gain=276884 265693 294197 196590 229732 187963 181696 276363 218918 319113 210588 201608 179645 362951 272120 372387 222654 177377 176837 173280 166411 283110 253824 175059 201353 237938 181986 169128 163157 162029
threshold=0.096262222323792196 -0.018894377864627835 -0.049842431534780525 0.91718617486285259 0.059036908748542137 0.016902607565398266 -0.19862310695070212 0.014985696435696952 -0.058211730413737818 2.2877122197583906 -0.058018488165277542 0.0016310659266435084 -0.15462676224803151 0.0032810991454030282 0.053750775460338907 0.13461836820400411 -0.45856160976550026 0.060660934194725465 0.019287465034790108 0.011405296694510084 0.029613646454676925 1.4123447243969591 1.0000000180025095e-35 -0.0096141191565461814 0.029587180145474758 0.54278403595692193 4.1094198796731343 0.014697882425804496 -0.052658588614643988 -0.00027113745858027728
decision_type=8 8 10 10 2 2 10 10 10 2 10 10 10 10 2 10 8 10 10 10 2 10 10 8 10 10 2 10 10 10
left_child=1 2 -1 4 -2 -3 8 12 9 -7 11 -10 13 16 20 -16 -8 -9 -12 29 -14 23 -23 26 -25 -26 -22 -27 -20 -18
right_child=3 5 -4 -5 -6 6 7 17 10 -11 18 -13 14 -15 15 -17 19 -19 28 -21 21 22 -24 24 25 27 -28 -29 -30 -31
leaf_value=1.5444342707333867 0.42231393096992048 0.15778038455380414 0.20936452168265754 -1.1288429695104367 -0.96991919946429261 1.5758618096867179 0.42694048330765366 -0.75022445125260007 -0.0054623265258523807 -0.11378595708408089 0.039624691230143144 -1.2287998728968792 0.019010157189733118 0.25184898319800492 0.84203224259076048 -0.2428860094670959 0.05108398822248067 0.17558658693653312 1.0187403926162208 0.21084709788588207 0.30858894892086847 0.0096785696719373995 -1.1207916821700354 -0.054595021459361508 0.97446376162407811 -0.091475500778324587 -0.40331474897494018 0.46496302912139442 0.21936716647361088 -0.35899585670895712
leaf_weight=558 713 18100 1584 905 507 585 1935 2050 755 535 48273 608 209094 17974 824 19710 3489 692 691 2747 6155 875 1148 207819 908 3854 1051 2115 8375 7780
leaf_count=558 713 18100 1584 905 507 585 1935 2050 755 535 48273 608 209094 17974 824 19710 3489 692 691 2747 6155 875 1148 207819 908 3854 1051 2115 8375 7780
internal_value=-0.000785967 0.00133679 0.557156 -0.570467 -0.156262 -0.000758754 -0.00597573 -0.0160145 0.0762883 0.768753 0.0630765 -0.551162 -0.0131989 0.0977835 -0.0215002 -0.19935 -0.0758215 -0.516577 0.0776775 -0.145231 -0.0130665 -0.0430186 -0.631834 -0.0376506 -0.0457867 0.220396 0.204757 0.105688 0.280294 -0.232031
internal_weight=572409 570284 2142 2125 1220 568142 550042 490220 59822 1120 58702 1363 487478 33925 453553 20534 15951 2742 57339 14016 433019 223925 2023 221902 214696 6877 7206 5969 9066 11269
internal_count=572409 570284 2142 2125 1220 568142 550042 490220 59822 1120 58702 1363 487478 33925 453553 20534 15951 2742 57339 14016 433019 223925 2023 221902 214696 6877 7206 5969 9066 11269
is_linear=0
shrinkage=0.05


Tree=178
num_leaves=31
num_cat=0
split_feature=9 5 14 14 12 12 13 12 14 12 12 9 14 13 14 12 12 12 12 12 12 12 14 12 13 9 13 14 13 12
split_gain=318183 256931 236566 723231 666994 622183 545303 2.13066e+06 2.01926e+06 749960 1.67723e+06 699249 688870 778734 1.00235e+06 741176 697401 1.88358e+06 1.60169e+06 597317 839798 747471 644562 532274 506985 665105 454650 449918 1.04615e+06 440000
threshold=0.096262222323792196 0.74635085871453588 0.0091590992600573077 0.0084436808036504798 0.0031302898664692181 0.00093026702640302726 0.28409859631320827 -0.0061352421811348484 0.013401794456808247 -0.0026961470868247499 -0.0020896614910583086 -0.040373060875827725 0.0270617032583759 0.63081011034464718 0.02042647176750689 0.005547319853706047 -0.0012561437787633647 -0.0017336470331282018 -7.4666165881012559e-05 -0.0039581796496085007 -0.0052980094234980355 -0.0076246522117263543 0.02042647176750689 0.0027524123350139373 0.14237178822743557 1.0000000180025095e-35 0.16887096774193552 0.009744554259300096 0.5395002609899463 0.0090764862390379057
decision_type=8 10 10 10 10 10 2 10 10 10 10 10 10 2 10 10 10 10 10 10 10 10 10 10 2 10 2 10 2 10
left_child=2 -2 3 -1 5 -5 7 24 -9 19 -11 23 13 14 16 -15 17 -13 -18 20 21 -8 -21 -12 25 -4 -26 28 -20 -17
right_child=1 -3 6 4 -6 -7 9 8 -10 10 11 12 -14 15 -16 29 18 -19 27 22 -22 -23 -24 -25 26 -27 -28 -29 -30 -31
leaf_value=-0.00013429522007363723 0.05254186010402595 -1.0715336594671296 -0.23010218761861326 0.52103576694780118 -0.43434545721386214 1.8999087243666783 -0.11934586107219454 -4.5385416445393245 -0.38216053926737203 -2.8497437540921378 -2.3017574855956737 0.31279598648166834 -1.7853158733934025 1.6412952599946575 1.8541542637272821 -0.5846922927968039 0.97591780883881418 -3.5498223978739518 0.48106511422049475 2.2776385724656683 -0.83333914472876236 2.2070722524005948 0.16570374875137259 -0.36856574303987033 -1.6087475539811527 2.1767715081572532 -0.034168478244531383 -0.24447386237105129 -2.1323784568398927 0.7747561890116148
leaf_weight=535325 854 1256 650 3755 1356 1046 743 591 578 567 590 748 530 1317 613 1078 2716 546 612 847 1228 645 630 898 617 514 1784 8061 1023 1329
leaf_count=535325 854 1256 650 3755 1356 1046 743 591 578 567 590 748 530 1317 613 1078 2716 546 612 847 1228 645 630 898 617 514 1784 8061 1023 1329
internal_value=-0.00370863 -0.616576 -0.00144367 0.00606286 0.544879 0.821453 -0.139439 -0.631058 -2.48346 -0.0452955 -0.167968 -0.0921711 -0.00861661 0.0435726 -0.123944 0.687685 -0.212415 -1.31703 -0.0972545 0.572954 0.119093 0.961735 1.37681 -1.13509 -0.0236353 0.832727 -0.438798 -0.397867 -1.15414 0.165913
internal_weight=573047 2110 570937 541482 6157 4801 29455 4734 1169 24721 20628 20061 18573 18043 14319 3724 13706 1294 12412 4093 2616 1388 1477 1488 3565 1164 2401 9696 1635 2407
internal_count=573047 2110 570937 541482 6157 4801 29455 4734 1169 24721 20628 20061 18573 18043 14319 3724 13706 1294 12412 4093 2616 1388 1477 1488 3565 1164 2401 9696 1635 2407
is_linear=0
shrinkage=0.05


Tree=179
num_leaves=31
num_cat=0
split_feature=7 2 14 9 13 14 14 10 12 12 14 9 12 14 13 12 13 12 13 12 13 14 12 14 14 14 14 12 13 13
split_gain=200985 401364 243695 1.11748e+06 1.35315e+06 364004 468204 653844 484494 1.34617e+06 249720 869507 276615 1.20933e+06 1.2946e+06 1.19439e+06 624666 667452 915886 1.31973e+06 563425 548283 530204 1.2872e+06 658707 667258 724282 446545 810940 445046
threshold=0.014985696435696952 0.0072837096099074164 -0.033374233339537519 -0.023869890452168512 0.56736237614964247 -0.01796644498195283 -0.021658507068033826 -0.063256918311411739 -0.0083764560395833219 0.0031633743668316463 -0.013851110702276003 0.010200721979538691 0.0069817067548779725 -0.0073043107792539535 0.4574647945403188 0.0080283938590056132 0.78953528697763142 0.0062609719852773889 0.73739675480181821 0.0065259749054591186 0.68048651507139091 -0.011175828150746085 0.013653625485355612 0.00083291358709311307 -0.0040809891810287173 0.0032494504136427274 0.0091590992600573077 0.0065259749054591186 0.44695315721805795 0.74388931509184686
decision_type=8 10 8 10 2 8 10 8 10 10 8 10 10 8 2 10 2 10 2 10 2 10 10 10 8 10 10 10 2 2
left_child=2 -2 3 -1 -5 6 8 -8 -4 -10 11 -7 16 21 -15 20 17 29 27 -20 -16 -14 24 -24 -17 -26 -27 -19 -29 -12
right_child=1 -3 5 4 -6 10 7 -9 9 -11 12 -13 13 14 15 22 -18 18 19 -21 -22 -23 23 -25 25 26 -28 28 -30 -31
leaf_value=1.2180303930134975 0.46771808573903711 -0.61090069775983091 -1.2848176603796717 -2.5704687737323311 0.30103068552853823 -0.005545707720875208 2.5407556839221925 0.49157445360306318 1.9211173527048755 -0.91009660686028804 -0.0069151386339448067 -1.6819266777771014 2.3600567993894841 -2.0848617144231194 -0.0021925512183495516 -0.92860627324954415 1.2596617208490359 -0.91481859143168553 -0.14548333046280049 -2.6496855334396763 1.2356900488869642 0.71930523113905331 1.31693730253797 -1.5653895211572939 0.29118169848724795 -1.7516350901774222 -0.066011308696205639 -1.3281237961331027 0.86611001315067648 0.93020006666245958
leaf_weight=663 1157 3388 586 868 778 3512 513 1614 773 919 527134 992 603 715 1376 2951 970 1024 1069 1036 2769 3272 1527 519 5032 999 1760 554 1755 1270
leaf_count=663 1157 3388 586 868 778 3512 513 1614 773 919 527134 992 603 715 1376 2951 970 1024 1069 1036 2769 3272 1527 519 5032 999 1760 554 1755 1270
internal_value=-0.00515036 -0.336322 -0.00249832 -0.515119 -1.21322 -0.000404282 0.452338 0.985806 -0.0457674 0.38336 -0.00396026 -0.374766 -0.000958273 0.174789 -0.000832695 0.0871659 -0.00803106 -0.0103345 -0.561443 -1.37796 0.824755 0.974627 -0.15191 0.58579 -0.292418 -0.0514487 -0.676355 -0.0457641 0.339646 -0.00466282
internal_weight=572098 4545 567553 2309 1646 565244 4405 2127 2278 1692 560839 4504 556335 21523 17648 16933 534812 533842 5438 2105 4145 3875 12788 2046 10742 7791 2759 3333 2309 528404
internal_count=572098 4545 567553 2309 1646 565244 4405 2127 2278 1692 560839 4504 556335 21523 17648 16933 534812 533842 5438 2105 4145 3875 12788 2046 10742 7791 2759 3333 2309 528404
is_linear=0
shrinkage=0.05


Tree=180
num_leaves=31
num_cat=0
split_feature=10 14 9 14 14 17 12 14 12 5 13 13 12 14 13 12 13 14 9 12 12 13 12 11 13 14 9 5 8 13
split_gain=272690 400592 735389 807252 386131 351162 806013 505928 534912 454359 292882 531570 562041 864834 654884 549920 762820 486590 273875 281144 429118 767081 512777 504271 490745 547332 341345 273584 306392 264389
threshold=-0.080242435572512524 -0.013851110702276003 -0.04213173244250918 -0.021658507068033826 -0.011175828150746085 0.061877326001551755 0.012472248262135881 0.02042647176750689 -0.009580108063527739 0.13461836820400411 0.10532212885154063 0.18203383094463352 -0.0047965554486507833 0.0060707602189851726 0.30822077922077928 -0.010932977868723071 0.13515766582094965 0.011824106625347611 0.017725276082565737 0.012472248262135881 0.0029363100130794062 0.62480283911671941 0.0018584444144806192 -0.19612452092062729 0.66007812500000018 0.0015755726421851299 -0.031526253646773937 0.56130812559412269 0.60799659863945132 0.59622541201488577
decision_type=8 8 10 10 10 2 10 10 8 8 2 2 10 10 2 10 2 10 10 10 10 2 10 10 2 10 10 10 10 2
left_child=1 2 -1 -4 -3 -2 7 8 -7 -10 -6 15 13 -13 -14 16 -12 -15 19 20 22 23 27 -22 -23 -26 -24 -16 -29 -25
right_child=5 4 3 -5 10 6 -8 -9 9 -11 11 12 14 17 18 -17 -18 -19 -20 -21 21 24 26 29 25 -27 -28 28 -30 -31
leaf_value=2.3589849944346777 -0.007694800925400572 -1.0926175629566501 -0.86744493157615143 1.6072410816023219 1.2223776146594216 0.7982097952302708 -2.2026252873574128 1.0741991101866526 0.81396022000901247 -0.43002575732742027 -0.066837580419752907 0.24574186442592671 -1.4415289582959712 2.8125679446510898 -0.21344209785065768 0.54443160848271466 -2.6237848607470862 0.73813004709079488 0.73303930624934266 0.93308445163027065 -2.2096010107531838 1.2521822120431823 1.7652764539662247 0.22979692688113765 -1.0937957647026078 0.37597185494365942 0.3859960713545621 -0.0052360678018774582 0.97796694449086208 -1.3163141687794326
leaf_weight=565 530533 667 758 583 595 1104 513 755 784 11514 575 3005 711 618 5130 558 592 521 1586 845 735 702 740 570 1087 1518 1139 2096 1274 537
leaf_count=565 530533 667 758 583 595 1104 513 755 784 11514 575 3005 711 618 5130 558 592 521 1586 845 735 702 740 570 1087 1518 1139 2096 1274 537
internal_value=-0.00659116 0.146428 0.845921 0.208425 0.0947543 -0.0143675 -0.255683 -0.185133 -0.256077 -0.350721 0.126264 0.0996869 0.163677 0.690441 0.0467568 -0.74662 -1.36394 1.86368 0.105678 0.0449078 -0.00342483 -0.376604 0.181708 -1.19432 0.0788634 -0.237325 0.929193 0.0164703 0.366456 -0.520214
internal_weight=572910 27707 1906 1341 25801 545203 14670 14157 13402 12298 25134 24539 22814 4144 18670 1725 1167 1139 17959 16373 15528 5149 10379 1842 3307 2605 1879 8500 3370 1107
internal_count=572910 27707 1906 1341 25801 545203 14670 14157 13402 12298 25134 24539 22814 4144 18670 1725 1167 1139 17959 16373 15528 5149 10379 1842 3307 2605 1879 8500 3370 1107
is_linear=0
shrinkage=0.05


Tree=181
num_leaves=31
num_cat=0
split_feature=10 14 12 14 9 9 12 16 8 14 12 12 12 12 14 14 9 14 14 14 14 14 12 14 12 12 14 14 12 14
split_gain=251434 234826 568864 273841 389454 298338 1.39688e+06 262945 233151 233092 680586 3.19356e+06 2.42971e+06 2.06472e+06 1.3646e+06 1.61745e+06 970900 957166 950161 3.00454e+06 1.17409e+06 1.36488e+06 1.87532e+06 1.82033e+06 829884 1.74935e+06 1.18792e+06 1.27587e+06 980817 968417
threshold=0.20969083329394492 0.0270617032583759 -0.0034388706987858726 0.02042647176750689 -0.02017914764636727 -0.083267613653601594 -0.009218330210910267 -0.0082816569881259041 0.78260869565217472 0.0022556369424982597 -0.0070682575628737343 -0.0076246522117263543 -0.0055529359160462902 -0.0053792657575758062 0.0044148473779117682 0.0028356026167798884 -0.010956419074727006 0.0024285878725784104 0.0049007795309750886 0.00422130262786984 0.0038288772853957201 0.0029665282722408054 -0.0099511172059858315 0.0025653765985822938 -0.0047965554486507833 -0.0040345718616529034 0.0028928064067324064 0.0058773034096143749 -0.0043736237095983177 0.009744554259300096
decision_type=10 10 10 10 10 8 10 10 8 8 8 10 8 8 8 10 10 8 10 10 10 8 10 10 8 8 10 10 10 10
left_child=1 3 -3 5 -5 6 -1 -8 -2 -7 11 18 14 -14 15 -12 -17 -15 19 20 21 23 -23 -11 -19 26 -26 -28 29 -29
right_child=8 2 -4 4 -6 9 7 -9 -10 10 12 -13 13 17 -16 16 -18 24 -20 -21 -22 22 -24 -25 25 -27 27 28 -30 -31
leaf_value=2.6877001143164105 -0.84063730527123859 0.34449924920634789 -1.4954007008487238 -0.14025051598387903 1.4019612290563701 -0.039498634135867156 -0.93850217094653132 0.40011545865233977 0.34164466721670972 -0.96834759737972331 0.12124913548168384 -2.5289798998774997 -1.8805715162912222 0.47386977919801598 0.32362096670452056 3.8665970674210146 1.6926776588052623 0.57804328165216923 0.34697935121742834 -3.3379005927115863 1.4501779202058358 -0.035221973697526283 -2.9379421063195412 1.0365268154158478 -2.0239051456292794 0.019550934338968692 -0.021179702289241622 0.51558172129981894 -2.6120653040775053 -2.1451695810003981
leaf_weight=576 1633 825 856 804 834 259417 679 798 560 2070 1235 1446 1425 11515 4881 731 1727 6242 7259 805 1022 1202 1036 2499 1395 251709 5500 846 987 574
leaf_count=576 1633 825 856 804 834 259417 679 798 560 2070 1235 1446 1425 11515 4881 731 1727 6242 7259 805 1022 1202 1036 2499 1395 251709 5500 846 987 574
internal_value=-0.00437725 -0.00232462 -0.592416 -0.000581961 0.644978 -0.00244502 0.599203 -0.215268 -0.538732 -0.00462916 0.0249218 -0.279333 0.0431908 0.0178199 0.872297 1.59748 2.33919 0.027524 -0.0746523 -0.429137 -0.13005 -0.367305 -1.37893 0.128212 0.00829253 -0.00533289 -0.678681 -0.441348 -1.40143 -0.559961
internal_weight=573088 570895 1681 569214 1638 567576 2053 1477 2193 565523 306106 17339 288767 280193 8574 3693 2458 278768 15893 8634 7829 6807 2238 4569 267253 261011 9302 7907 2407 1420
internal_count=573088 570895 1681 569214 1638 567576 2053 1477 2193 565523 306106 17339 288767 280193 8574 3693 2458 278768 15893 8634 7829 6807 2238 4569 267253 261011 9302 7907 2407 1420
is_linear=0
shrinkage=0.05


Tree=182
num_leaves=31
num_cat=0
split_feature=2 1 7 14 9 5 17 5 14 14 9 14 12 14 12 14 12 14 12 12 14 12 12 14 12 14 12 14 12 12
split_gain=286412 416042 241861 323460 513972 218276 215829 286704 275664 609936 561115 550310 1.35822e+06 748067 456534 1.27985e+06 1.29221e+06 1.2146e+06 731665 1.2088e+06 492872 1.44634e+06 1.82604e+06 1.09217e+06 599580 486565 480219 839713 562725 719224
threshold=-0.0085106896679086729 -0.015872993284530672 -0.015267357067794746 0.0011296176608035534 -0.024995558064876099 1.3472589280774618 0.023198545503413329 1.2408643212516595 0.0030633151951046582 0.0030254121743337925 -0.031526253646773937 0.0037443277368222464 -0.0073909465954626521 0.0037741098279209617 -0.0048778284761807232 0.0064654358531858738 -0.0070682575628737343 0.0060707602189851726 -0.0040345718616529034 -0.0043736237095983177 0.0077611450595120616 -0.00018602558925177927 -0.00040257122609814168 0.0082918860079702356 0.0086759873145388564 0.0091590992600573077 0.00029175992355564672 0.0080632901619468612 0.00085387108195358451 0.0010162796672583336
decision_type=8 8 8 8 10 10 2 10 8 10 8 8 8 8 8 8 10 10 8 10 10 10 10 10 10 10 10 10 10 10
left_child=2 5 3 4 -1 -2 -3 8 9 10 -8 12 -10 -13 15 16 17 -15 19 25 24 22 23 -22 -20 -16 -23 -28 -29 -30
right_child=1 6 -4 -5 -6 -7 7 -9 11 -11 -12 13 -14 14 18 -17 -18 -19 20 -21 21 26 -24 -25 -26 -27 27 28 29 -31
leaf_value=2.1863350963440995 -0.30420266706336496 0.050240383040651773 0.056064236329732689 0.08395733920589496 0.2745873905266582 -1.2819356768182331 0.2805482850373156 -0.34921662048112684 -1.9876669025523086 -1.0632167825001473 -0.084302823881966915 -1.133030078684621 0.2609201819121551 -0.58177605941786736 0.32029156927123204 -0.26652570733769504 1.4371402336750592 1.9801588701289117 -0.059684277031676863 -1.8810916166264144 2.0960883152827861 -0.77090520309251309 3.2501285353861187 0.27572747266645531 -1.6206789858795716 -1.2954591072460668 1.0167688293873516 -1.0042079641900015 1.3924160290556189 -0.083700818152588882
leaf_weight=590 7335 98150 97595 2163 870 619 11235 7042 687 1533 169876 1502 29895 2130 1973 5463 3395 591 99010 1411 945 2113 662 6434 619 610 1912 1528 877 13973
leaf_count=590 7335 98150 97595 2163 870 619 11235 7042 687 1533 169876 1502 29895 2130 1973 5463 3395 591 99010 1411 945 2113 662 6434 619 610 1912 1528 877 13973
internal_value=-0.00535882 -0.0217408 0.0709559 0.472103 1.04714 -0.380292 -0.0155887 -0.0332702 -0.0270619 -0.0700761 -0.0616697 0.0176446 0.210407 -0.0229696 -0.0113625 0.289675 0.786491 -0.0253249 -0.0377561 -0.704185 -0.0169732 0.166598 0.734538 0.508854 -0.0693828 -0.0612833 -0.0572314 0.0252176 -0.0905381 0.00347457
internal_weight=572738 471520 101218 3623 1460 7954 463566 365416 358374 182644 181111 175730 30582 145148 143646 11579 6116 2721 132067 3994 128073 28444 8041 7379 99629 2583 20403 18290 16378 14850
internal_count=572738 471520 101218 3623 1460 7954 463566 365416 358374 182644 181111 175730 30582 145148 143646 11579 6116 2721 132067 3994 128073 28444 8041 7379 99629 2583 20403 18290 16378 14850
is_linear=0
shrinkage=0.05


Tree=183
num_leaves=31
num_cat=0
split_feature=0 8 7 10 14 14 13 14 12 14 13 12 13 12 14 12 2 9 13 13 13 13 12 13 13 9 14 11 7 13
split_gain=244235 427533 401637 302209 293927 267628 418557 975522 778166 1.39405e+06 588165 621467 780985 661604 530229 511337 639069 373269 362175 303001 292448 326648 247923 240174 299982 237624 237199 233008 222262 214647
threshold=0.0093403078056716205 0.72222222222222432 -0.018894377864627835 0.13764503518377499 0.0010896464249950553 0.0059355918821889335 0.15807227410438207 0.014332030701907571 -0.0064836710996034408 0.0082918860079702356 0.27714118277826966 -0.0026961470868247499 0.40499643430201465 -0.0040345718616529034 0.01084061813491532 -0.00034927173432989681 0.020465366239925602 -0.044337447991710063 0.45420751633986933 0.45008038585209009 0.48991919093377562 0.47279021886281597 0.0010162796672583336 0.41992345904298461 0.43431837791199318 -0.0037548829093716715 0.0076111770509587314 -0.10318953849027986 0.0049288500466042892 0.1935457635940728
decision_type=8 8 10 10 8 10 2 10 10 10 2 10 2 10 10 10 10 10 2 2 2 2 10 2 2 8 10 10 8 2
left_child=2 3 4 5 -1 28 7 -7 9 -8 -10 13 14 -12 26 16 19 -17 -19 23 21 -20 -5 -14 -25 -3 -13 -15 -2 -4
right_child=1 25 29 22 -6 6 8 -9 10 -11 11 12 15 27 -16 17 -18 18 20 -21 -22 -23 -24 24 -26 -27 -28 -29 -30 -31
leaf_value=1.6473276442836351 -0.21064714942841367 -0.090520699953542172 -0.13162125726519699 -0.31908860268464601 0.19148498505577058 -2.0457016760928961 3.234690868842673 0.66273124298194841 -1.2701295424798293 0.26193159366065283 -0.33367076657022249 -1.0250915580973534 0.73572445855494795 1.8609185930182239 -2.259760787901588 -1.1380750136222157 2.0015476279103757 -1.1206601140513548 -0.15506490544395765 1.2979614899372593 -0.10185792203222598 1.2686946233671703 -1.455106810551223 -1.3306829762062153 0.17677438563387382 0.29199192686148895 0.33347409477688017 0.76220313580974475 -1.1803494075257517 0.0088194227399402293
leaf_weight=632 32105 6996 28895 1255 768 765 503 588 956 1826 1125 828 643 772 624 875 625 764 736 515 9425 890 778 556 812 9675 525 1287 602 465687
leaf_count=632 32105 6996 28895 1255 768 765 503 588 956 1826 1125 828 643 772 624 875 625 764 736 515 9425 890 778 556 812 9675 525 1287 602 465687
internal_value=-0.00985759 -0.0926761 0.00300831 -0.154563 0.848694 -0.133683 -0.012738 -0.868644 0.0349435 0.903966 -0.0572303 -0.00201975 -0.116995 0.641396 -1.05402 -5.24656e-05 0.570032 -0.141608 -0.0678108 0.215836 0.00497688 0.624238 -0.753827 -0.061287 -0.435906 0.13147 -0.497932 1.17415 -0.228495 0.000614447
internal_weight=573033 77051 495982 60380 1400 58347 25640 1353 24287 2329 21958 21002 17818 3184 1977 15841 3151 12690 11815 2526 11051 1626 2033 2011 1368 16671 1353 2059 32707 494582
internal_count=573033 77051 495982 60380 1400 58347 25640 1353 24287 2329 21958 21002 17818 3184 1977 15841 3151 12690 11815 2526 11051 1626 2033 2011 1368 16671 1353 2059 32707 494582
is_linear=0
shrinkage=0.05


Tree=184
num_leaves=31
num_cat=0
split_feature=9 8 13 13 13 10 13 11 13 13 13 17 2 17 13 9 11 0 2 6 8 7 17 13 13 13 9 17 4 13
split_gain=359920 221416 252197 691091 1.3668e+06 734432 723692 390931 363319 770906 1.25385e+06 359427 305359 298211 330804 291000 274702 266616 219567 310927 217766 216073 228778 213697 1.13471e+06 1.30448e+06 815460 559452 541066 428415
threshold=0.096262222323792196 0.060240963855419383 0.17481096139632726 0.18612563033917431 0.1935457635940728 -0.0029464331415434129 0.20834805061934403 -0.10425624152693778 0.21311827956989252 0.22419210611291887 0.22997277853392964 0.047275853837109201 -0.0051355956778988384 0.036958462818411864 0.086379690949227386 -0.011640917825483646 -0.069497794496921408 -0.00087074692077406576 -0.024584353483003689 1.0385085358858699 0.036363636363636632 0.00065156048029471234 0.027504403342999414 0.25347289214740504 0.24277598854893542 0.23871975019516004 -0.01901515869009027 0.026923937401958895 0.2751646136899254 0.31775210084033617
decision_type=8 10 2 2 2 10 2 10 2 2 2 2 10 2 2 10 10 8 10 2 8 10 2 2 2 2 10 2 8 2
left_child=1 18 13 7 5 17 11 -4 -8 21 15 12 -6 -3 16 -11 -15 -5 19 20 -1 22 -10 24 25 28 -27 -26 -12 -25
right_child=-2 2 3 4 6 -7 8 -9 9 10 23 -13 -14 14 -16 -17 -18 -19 -20 -21 -22 -23 -24 29 27 26 -28 -29 -30 -31
leaf_value=1.5595383060486878 -0.6576987539044179 -0.046160640084487253 1.5610308832596211 0.059254633580271755 1.2094635399725246 -2.4457358690081064 -0.65363902830540566 0.38408474459905873 0.31597136356641026 -1.9756657919975891 -0.11119129713481901 -0.48249460396478611 0.35592369151813319 1.0122966645569818 -0.60343196703877533 -0.75782446483574295 -0.54903208002173509 -1.3775361945580793 0.068896697844694696 0.16640107638650142 0.26512955316119319 0.063480999351364295 1.2385458590226159 0.14531119922227539 -0.028311515855018635 2.928585040715733 0.64314513977858434 -1.2806429835337372 -1.8700127808340044 -0.017638233293856772
leaf_weight=850 2100 13526 877 772 2056 819 2181 3609 1047 824 3391 658 2137 642 5779 1212 502 555 36574 3211 526 1022 1876 44457 1315 519 1574 2771 502 435203
leaf_count=850 2100 13526 877 772 2056 819 2181 3609 1047 824 3391 658 2137 642 5779 1212 502 555 36574 3211 526 1022 1876 44457 1315 519 1574 2771 502 435203
internal_value=-0.00431787 -0.00191484 -0.0105932 -0.00368143 -0.00917113 -1.26833 -0.00379631 0.614174 -0.00971765 -0.00688458 -0.0124693 0.603955 0.774449 -0.182763 -0.449654 -1.2507 0.327168 -0.541664 0.109793 0.43588 1.06473 0.689281 0.908086 -0.00732146 -0.23525 0.203216 1.20986 -0.877604 -0.33799 -0.00253536
internal_weight=573087 570987 529826 509377 504891 2146 502745 4486 497894 495713 491768 4851 4193 20449 6923 2036 1144 1327 41161 4587 1376 3945 2923 489732 10072 5986 2093 4086 3893 479660
internal_count=573087 570987 529826 509377 504891 2146 502745 4486 497894 495713 491768 4851 4193 20449 6923 2036 1144 1327 41161 4587 1376 3945 2923 489732 10072 5986 2093 4086 3893 479660
is_linear=0
shrinkage=0.05


Tree=185
num_leaves=31
num_cat=0
split_feature=17 13 13 13 13 12 11 12 11 12 12 12 13 12 13 12 13 17 12 12 11 12 13 12 12 12 13 12 11 12
split_gain=255672 243130 545307 288171 362231 250971 1.21336e+06 342381 609645 290681 354368 269140 639135 436411 279044 556667 298265 287546 240094 441280 211624 216441 261064 201323 380745 371087 256685 230504 206214 199544
threshold=0.055210611125910358 0.65671142809383187 0.6462500000000001 0.68393548387096781 0.72452356498915915 0.0046182709642192434 -0.23918144089756047 0.0033465832714610045 -0.13976194237515877 0.0026205806401390446 0.0029794210103305805 -0.0036304690109206419 0.36409779730719399 -0.0033673048129944038 0.25347289214740504 -0.009580108063527739 0.2799423046224716 0.084276104020239676 -0.0029011578399033094 -0.0015997289651659475 -0.2751411109160754 -0.0079068726198417965 0.17481096139632726 3.6452014036438599e-05 0.00075601781612374085 -0.00040257122609814168 0.47739280499137132 0.0011352494099923214 -0.16081481496304575 0.00058877037758111228
decision_type=2 2 2 2 2 10 10 10 10 10 10 8 2 8 2 10 2 2 8 8 10 10 2 8 8 10 2 10 10 10
left_child=-1 2 5 -3 -5 7 -7 9 -9 11 -11 12 14 -13 17 -16 -17 20 -15 -20 -2 22 -22 25 28 -21 -26 -28 -25 -30
right_child=1 3 -4 4 -6 6 -8 8 -10 10 -12 13 -14 18 15 16 -18 -19 19 23 21 -23 -24 24 26 -27 27 -29 29 -31
leaf_value=0.0077108383188965656 -1.4147457174228355 1.0209602709667835 -1.7937124022185573 -0.76072889285290302 0.47325548504989157 2.2042634983147895 -0.57471388425554293 -1.9936958453038356 -0.11523514310500689 1.3322369305739523 -0.24141005446860841 -1.7107595298608282 1.7150163591019671 0.70951191457968799 1.7354920021249527 0.72739918615139654 -0.33684864657615465 0.6532898900800781 -0.94613341958884711 -0.21751081280171247 -0.61077972867565256 -1.1845331501539114 0.51318943753812019 -0.036051527819527474 -1.1393119857179956 0.82008665680661808 0.74150183884086474 -0.14516752405447422 -0.72082607908645524 -1.8068393502276363
leaf_weight=541321 583 913 518 988 1494 616 1084 715 1091 716 715 540 534 608 531 943 2181 584 2248 2774 1190 622 913 596 513 1250 930 3460 1194 655
leaf_count=541321 583 913 518 988 1494 616 1084 715 1091 716 715 540 534 608 531 943 2181 584 2248 2774 1190 622 913 596 513 1250 930 3460 1194 655
internal_value=-0.000371223 -0.138388 -0.186346 0.261437 -0.0179518 -0.156381 0.432257 -0.194742 -0.858923 -0.145338 0.545963 -0.188634 0.0433479 -0.315573 -0.0749336 0.238801 -0.0155984 -0.369563 -0.262621 -0.306017 -0.55014 -0.365162 -0.122818 -0.17948 -0.335164 0.104805 -0.0810014 0.042669 -0.84484 -1.10554
internal_weight=573020 31699 28304 3395 2482 27786 1700 26086 1806 24280 1431 22849 8081 14768 7547 3655 3124 3892 14228 13620 3308 2725 2103 11372 7348 4024 4903 4390 2445 1849
internal_count=573020 31699 28304 3395 2482 27786 1700 26086 1806 24280 1431 22849 8081 14768 7547 3655 3124 3892 14228 13620 3308 2725 2103 11372 7348 4024 4903 4390 2445 1849
is_linear=0
shrinkage=0.05


Tree=186
num_leaves=31
num_cat=0
split_feature=8 6 14 14 14 14 12 14 13 13 14 13 13 12 14 12 13 13 12 12 12 12 12 14 14 12 14 12 13 13
split_gain=249597 245938 364793 557052 532419 690543 1.16879e+06 669294 537250 521350 1.58539e+06 1.11569e+06 1.42779e+06 1.03443e+06 939797 770441 456912 423515 398328 1.06085e+06 391478 833315 415887 350473 608071 349529 959727 891586 519502 1.37586e+06
threshold=0.99997371464619966 1.0528082834283554 -0.0020407902496278082 -0.0019443866454812513 -0.0018105553692524285 -0.0014324399999777863 -0.0086616432847759408 -0.0013735586035737151 0.65143670371374374 0.24833449179276054 -0.003777759958108706 0.35294883110417091 0.36851086761271784 -0.009580108063527739 -0.003777759958108706 -0.0053792657575758062 0.4744508597966613 0.43320568847834667 0.00043411756094611896 -0.0025168970306861157 -0.0059250802429191285 -0.0043736237095983177 0.0027264279438080886 -0.011175828150746085 -0.0064556919326447977 0.0013102427116815129 -0.0011851451013237192 0.0012758230275707104 0.48991919093377562 0.48575935105903562
decision_type=10 2 10 10 10 10 10 10 2 2 8 2 2 10 10 10 2 2 10 10 10 10 10 10 10 10 10 10 2 2
left_child=1 2 9 16 17 6 -6 -7 18 10 23 13 -13 -11 20 -16 -4 -5 19 -8 -15 -22 -23 -1 -25 27 -27 28 29 -9
right_child=-2 -3 3 4 5 7 8 25 -10 11 -12 12 -14 14 15 -17 -18 -19 -20 -21 21 22 -24 24 -26 26 -28 -29 -30 -31
leaf_value=1.5605154532418042 -0.22580734774708824 -0.033732475880111752 -0.16401305318200332 0.011497600422916726 1.5729130036238095 1.1686749535821686 -1.5523003869984653 -0.001182553964899585 0.65471205000159527 2.8609749846549817 -1.369879727732356 -1.9385881917935373 0.16410707362127358 -0.92864427190399457 0.12317456260441279 2.161083423248559 -2.061254519078568 1.8743175691093548 -1.733354105480563 0.68472340651925723 2.1536240458799472 -0.37067771486885159 1.165498620708441 -0.52300798040206042 1.1952444992322844 -1.9288414255468955 0.11777354425111677 -1.4895993009570963 -0.22950559848734631 1.1043186398028828
leaf_weight=579 12246 256103 695 547 552 1266 1337 145436 504 574 2061 829 30888 683 696 1390 584 690 1442 878 551 1833 580 1270 866 577 79000 1031 24230 2870
leaf_count=579 12246 256103 695 547 552 1266 1337 145436 504 574 2061 829 30888 683 696 1390 584 690 1442 878 551 1833 580 1270 866 577 79000 1031 24230 2870
internal_value=-0.00250149 0.002377 0.0327534 0.0106166 0.0157301 0.0107899 -0.588906 0.0218994 -0.875693 0.168077 -0.324314 0.229923 0.109148 0.837285 0.634669 1.48113 -1.03031 1.05058 -1.08661 -0.66557 0.150513 0.399185 -0.00143516 0.469392 0.173624 0.0161642 0.102934 -0.0236179 -0.0148578 0.020211
internal_weight=572788 560542 304439 261639 260360 259123 4713 254410 4161 42800 4776 38024 31717 6307 5733 2086 1279 1237 3657 2215 3647 2964 2413 2715 2136 253144 79577 173567 172536 148306
internal_count=572788 560542 304439 261639 260360 259123 4713 254410 4161 42800 4776 38024 31717 6307 5733 2086 1279 1237 3657 2215 3647 2964 2413 2715 2136 253144 79577 173567 172536 148306
is_linear=0
shrinkage=0.05


Tree=187
num_leaves=31
num_cat=0
split_feature=9 12 16 13 13 12 12 12 12 13 13 13 12 13 13 12 13 13 13 13 12 13 12 13 13 12 13 12 12 13
split_gain=280843 1.30405e+06 392372 281270 987242 970129 1.14589e+06 589095 767069 801159 1.55125e+06 2.01726e+06 1.20502e+06 630601 1.34692e+06 1.40889e+06 665543 618765 869911 1.68488e+06 984806 1.13322e+06 569628 550052 1.15644e+06 1.29011e+06 682016 638440 547745 1.10045e+06
threshold=-0.083267613653601594 -0.018397836894734759 -0.0082816569881259041 0.40709906380380595 0.39559227695789745 -0.0013715312726306137 -0.0015566182097638181 -0.00095787007737934034 -9.5960842319426593e-05 0.44485338890166842 0.43584893136864472 0.43859315010055461 0.00049796773516926562 0.47739280499137132 0.48172434729811781 -0.00015621231230001354 0.47610893672537513 0.4132361759261674 0.49360963658636187 0.44220408383169013 -0.0012186919422959488 0.45608462009387124 -0.0008760215276350879 0.41800076844262302 0.41992345904298461 -0.00098429410347494468 0.42713548097429571 -0.0010721113461111904 -0.001971657212894184 0.44220408383169013
decision_type=8 8 8 2 2 8 10 10 10 2 2 2 10 2 2 10 2 2 2 2 8 2 10 2 2 8 2 8 10 2
left_child=1 -1 -3 4 -2 6 28 17 13 10 -10 -12 -13 16 -15 -16 -9 -7 19 23 -21 -22 -6 27 -25 26 -26 -19 -5 -30
right_child=3 2 -4 5 22 7 -8 8 9 -11 11 12 -14 14 15 -17 -18 18 -20 20 21 -23 -24 24 25 -27 -28 -29 29 -31
leaf_value=2.8078166154553434 -0.021329827227482411 -0.87243572428750893 0.61215376634172158 0.71974542176855094 -0.72801963533183445 0.43973065647799586 1.4766690318763875 0.16448874093394955 0.059796973546753632 0.0090302167425595232 -2.9052128256588192 -1.6548897588025122 0.36703343252925569 2.5693275230846955 0.010442627984486544 1.7727530067301029 -1.0275843911605629 -1.9676608287851296 0.25064183171286014 -3.0303568037246968 -2.7502395949580456 -0.43931623271954845 0.0063224670822832471 1.8720305957770969 -1.1220512523590569 -2.1404809233035613 0.51464542221874054 -0.21647586735729207 -0.51010727969769476 0.97331485812206742
leaf_weight=501 189494 832 957 3558 8101 2583 2282 41345 6349 279646 1206 1275 1746 799 5180 1452 1205 817 3823 831 726 1970 3918 770 817 735 2881 1434 4162 1787
leaf_count=501 189494 832 957 3558 8101 2583 2282 41345 6349 279646 1206 1275 1746 799 5180 1452 1205 817 3823 831 726 1970 3918 770 817 735 2881 1434 4162 1787
internal_value=0.000530831 0.553136 -0.0782758 -0.00168581 -0.0492017 0.0242363 0.470512 0.00952351 0.0240317 -0.00712529 -0.434302 -1.17644 -0.486311 0.204949 0.629932 0.39628 0.13073 -0.274351 -0.398944 -0.625095 -1.52548 -1.06162 -0.488636 -0.199063 0.0834495 -0.227222 0.15305 -0.852068 0.229 -0.0645071
internal_weight=573182 2290 1789 570892 201513 369379 11789 357590 340203 290222 10576 4227 3021 49981 7431 6632 42550 17387 14804 10981 3527 2696 12019 7454 5203 4433 3698 2251 9507 5949
internal_count=573182 2290 1789 570892 201513 369379 11789 357590 340203 290222 10576 4227 3021 49981 7431 6632 42550 17387 14804 10981 3527 2696 12019 7454 5203 4433 3698 2251 9507 5949
is_linear=0
shrinkage=0.05


Tree=188
num_leaves=31
num_cat=0
split_feature=14 14 13 13 12 14 13 14 13 13 12 12 12 13 13 14 12 14 14 13 14 14 14 13 13 13 12 12 14 14
split_gain=219018 599819 1.4542e+06 1.27095e+06 1.21375e+06 949044 593897 1.74262e+06 1.4527e+06 2.48452e+06 1.68183e+06 1.16108e+06 1.0091e+06 1.47076e+06 1.46641e+06 1.73076e+06 1.58356e+06 1.06787e+06 1.54792e+06 1.45524e+06 2.70797e+06 1.67184e+06 965975 1.11461e+06 1.24745e+06 960996 1.09756e+06 939837 2.13768e+06 2.24785e+06
threshold=0.0022799257668168122 0.0024285878725784104 0.50607446756185148 0.24277598854893542 0.0024187455855361416 0.0023826220167927144 0.45608462009387124 0.0021997587737810705 0.46374525670918493 0.46218202374222733 -1.0000000180025095e-35 9.7573030536232216e-05 -0.0068887899551179086 0.29346189070927042 0.23389188628346133 -0.0025634571192562072 -0.0042591896515363249 -0.0060873310949540555 -0.0051969762561474954 0.44153870566120651 -0.0034352202709559058 -0.00029924077208414774 -0.0045940713398687502 0.41639861405595496 0.4132361759261674 0.43431837791199318 -0.003725196069423261 -0.012121439880781302 -0.00098861099964685771 -0.0031432516275421403
decision_type=10 10 2 2 10 10 2 10 2 2 10 8 8 2 2 10 10 8 8 2 10 10 10 2 2 2 10 10 10 10
left_child=6 2 3 -2 5 -4 7 12 9 10 -8 -12 13 27 15 -14 -17 -16 -19 22 -21 -22 25 24 -24 26 -20 28 29 -1
right_child=1 -3 4 -5 -6 -7 8 -9 -10 -11 11 -13 14 -15 17 16 -18 18 19 20 21 -23 23 -25 -26 -27 -28 -29 -30 -31
leaf_value=-0.41321270710673891 -0.60588095170177814 0.01244794711229244 -2.5806926718787526 1.0270957770845033 0.54913010894127712 -0.32599405937816495 1.231153238586955 -1.1952830053005421 0.0075661239496011175 2.9818215158527548 -2.6821388901981242 0.10266784654246952 -2.6218764940873154 2.0725622813804501 0.39983371430143089 -1.0228450620146408 1.3159181554711397 -1.9805475272887527 2.038221673979828 -3.9732795832659735 0.95632442437580212 -0.76842581347160122 -0.14314937382857362 0.39921948601712515 -1.5241035918956141 -0.93846697510712385 0.11513490236250863 0.29171091912829178 0.45372269508092961 -2.9525347964428899
leaf_weight=3205 1446 287631 846 6771 1557 1041 2003 3596 132277 1100 600 995 1218 985 9239 3060 948 1159 1555 590 1674 8744 60186 9568 1681 700 1419 20841 4411 1197
leaf_count=3205 1446 287631 846 6771 1557 1041 2003 3596 132277 1100 600 995 1218 985 9239 3060 948 1159 1555 590 1674 8744 60186 9568 1681 700 1419 20841 4411 1197
internal_value=-0.00284012 0.0267002 0.378246 0.73973 -0.484213 -1.33684 -0.0352312 -0.109255 0.038253 0.902272 0.266501 -0.944908 -0.0797541 0.171803 -0.15551 -0.971271 -0.469665 -0.111339 -0.165451 -0.141023 -0.677913 -0.491287 -0.0623359 -0.103001 -0.180672 0.72833 1.12065 0.108666 -0.324198 -1.10371
internal_weight=572243 299292 11661 8217 3444 1887 272951 135976 136975 4698 3598 1595 132380 30639 101741 5226 4008 96515 87276 86117 11008 10418 75109 71435 61867 3674 2974 29654 8813 4402
internal_count=572243 299292 11661 8217 3444 1887 272951 135976 136975 4698 3598 1595 132380 30639 101741 5226 4008 96515 87276 86117 11008 10418 75109 71435 61867 3674 2974 29654 8813 4402
is_linear=0
shrinkage=0.05


Tree=189
num_leaves=31
num_cat=0
split_feature=8 13 12 12 12 13 13 12 12 14 14 13 14 14 12 12 13 14 12 12 14 13 13 14 12 14 13 14 12 14
split_gain=321265 390306 1.40032e+06 983874 1.80046e+06 824088 2.48708e+06 1.403e+06 887848 1.17234e+06 952005 818667 1.70767e+06 1.26623e+06 1.26356e+06 1.16852e+06 640890 970515 761391 1.47629e+06 1.22059e+06 980645 616084 562369 532302 494544 566284 411206 403481 660423
threshold=0.048985473151798305 0.17481096139632726 -0.015523825238295434 -0.012776247349859415 -0.01158329952267197 0.18612563033917431 0.1935457635940728 -0.009580108063527739 -0.0081838571650755167 0.0014963850870955001 -0.001752787791000831 0.20834805061934403 0.0016072972677850155 -0.0015413939735762483 -0.0061352421811348484 -0.0076246522117263543 0.21311827956989252 -0.00298795615906153 -0.0083764560395833219 -0.009218330210910267 -0.00066130064357517338 0.22419210611291887 0.22997277853392964 0.0032494504136427274 -0.0068887899551179086 0.0027305333897758564 0.22419210611291887 0.0026706786129427379 -0.0066965920680155059 -0.011175828150746085
decision_type=10 2 8 8 8 2 2 10 10 10 10 2 10 10 10 10 2 10 8 10 10 2 2 10 10 10 2 10 10 8
left_child=-1 28 -3 -4 -5 8 7 -7 9 -6 -10 12 13 -8 15 -14 17 -13 19 20 -18 -20 23 -23 -19 26 -21 -12 29 -2
right_child=1 2 3 4 5 6 11 -9 10 -11 27 16 14 -15 -16 -17 18 24 21 25 -22 22 -24 -25 -26 -27 -28 -29 -30 -31
leaf_value=0.15150526186787494 1.1239161674436779 1.8890816430609565 -2.0796913553160472 2.4702962751008148 0.43566056565308453 -4.0813091317638319 0.43766674128007477 -0.9788284877495802 1.6250362380274705 3.1066067626351046 -1.2119801608981495 -2.3794664187963757 0.2450203635152664 2.8592014005699675 1.8907098987034674 -2.3625635843091235 -1.5157199642502928 -0.86732938082545896 0.98568496568960251 -0.017652540426701308 0.96637497203053868 -2.2109146994258428 0.0010421483223612648 -0.21291397815507646 1.1720866344781826 -2.5274693219596145 -2.1224367123629366 0.21845819211470971 -1.4186458036325662 -0.235801864683156
leaf_weight=34935 935 983 568 738 955 513 1051 1258 770 721 932 712 952 1110 514 783 710 853 2526 700 1638 595 492339 863 512 859 588 1090 673 19893
leaf_count=34935 935 983 568 738 955 513 1051 1258 770 721 932 712 952 1110 514 783 710 853 2526 700 1638 595 492339 863 512 859 588 1090 673 19893
internal_value=0.00458106 -0.00497128 0.00372883 0.000129142 0.0024262 -0.0011203 -0.00705411 -1.87751 0.674967 1.58468 0.12888 -0.000524337 0.677755 1.68149 -0.286707 -0.931774 -0.00647232 -0.882958 -0.00283734 -0.650653 0.215827 0.00302966 -0.00199707 -1.02828 -0.102362 -1.59825 -0.978532 -0.440873 -0.213697 -0.174762
internal_weight=572269 537334 515833 514850 514282 513544 509076 1771 4468 1676 2792 507305 4410 2161 2249 1735 502895 2077 500818 4495 2348 496323 493797 1458 1365 2147 1288 2022 21501 20828
internal_count=572269 537334 515833 514850 514282 513544 509076 1771 4468 1676 2792 507305 4410 2161 2249 1735 502895 2077 500818 4495 2348 496323 493797 1458 1365 2147 1288 2022 21501 20828
is_linear=0
shrinkage=0.05


Tree=190
num_leaves=31
num_cat=0
split_feature=10 9 12 14 3 11 14 13 12 2 14 14 10 12 12 14 13 12 13 12 13 13 14 12 14 12 12 14 13 13
split_gain=213745 231106 807075 412400 183996 299025 210143 1.39595e+06 704038 631304 280734 472239 505162 479622 1.18017e+06 263967 1.13205e+06 2.71955e+06 1.49214e+06 1.938e+06 1.66408e+06 1.19241e+06 1.65243e+06 1.12377e+06 937625 776079 768580 700196 814512 885608
threshold=0.20969083329394492 -0.083267613653601594 -0.018397836894734759 0.0029665282722408054 -1.238960262242311 -0.04016038629089725 -0.033374233339537519 0.56736237614964247 -0.0034388706987858726 -0.024584353483003689 -0.01796644498195283 -0.021658507068033826 -0.06487286056605733 0.00088346026385851216 -0.0083764560395833219 -0.0080407074899879888 0.46074929971988798 0.0058347562935567665 0.13515766582094965 -0.009580108063527739 0.44220408383169013 0.60669865403788636 -0.011175828150746085 -0.00024998173186822073 -0.013851110702276003 0.0030953910451583587 0.00063932188627417177 -0.011175828150746085 0.7597791717666259 0.67467816471364916
decision_type=10 8 10 8 8 10 8 2 10 10 8 10 10 8 10 8 2 10 2 10 2 2 10 10 10 10 10 10 2 2
left_child=1 2 -1 -4 5 -3 7 8 -6 -9 11 13 -13 14 -8 16 18 21 -12 -20 -21 22 -18 -22 -19 26 -24 -26 29 -29
right_child=-2 4 3 -5 6 -7 10 9 -10 -11 15 12 -14 -15 -16 -17 17 24 19 20 23 -23 25 -25 27 -27 -28 28 -30 -31
leaf_value=2.2612946522088335 -0.49921193911762762 0.069892405610483599 0.65972206959403668 -0.8908680414793344 -0.50890598034734746 -1.1185378165051494 -1.224339336951904 1.6684659959203032 -2.9975708635444089 -0.65292362977564344 -2.0499848129436038 2.2756778414645402 0.49248462218695388 -0.96493832117533762 1.7288575743965193 -0.00027058296942576325 -2.6284779838125707 -0.70733516204473157 2.5038332438536073 -0.34205657557598046 3.442807281690774 -2.8450237844266724 0.66082360333046031 0.31483720472002052 2.2543768442487049 1.4317219361781757 -1.72532381676582 0.17910296856521074 -0.78177476867475937 2.5370436943862198
leaf_weight=505 2194 1165 996 753 577 970 583 707 560 500 626 521 1671 958 806 542409 1003 1824 1021 4147 549 1199 565 602 597 564 838 1123 989 617
leaf_count=505 2194 1165 996 753 577 970 583 707 560 500 626 521 1671 958 806 542409 1003 1824 1021 4147 549 1199 565 602 597 564 838 1123 989 617
internal_value=-0.00664516 -0.00474903 0.500538 -0.00785618 -0.00675525 -0.47005 -0.00500629 -0.477447 -1.73463 0.70683 -0.00304007 0.388594 0.916318 -0.104278 0.489323 -0.00622195 -0.204702 -0.564815 0.278509 0.509185 0.124788 -1.51415 -0.976878 1.80681 0.203689 -0.134705 -0.764402 0.7033 0.363984 1.01522
internal_weight=572139 569945 2254 1749 567691 2135 565556 2344 1137 1207 563212 4539 2192 2347 1389 558673 16264 9319 6945 6319 5298 4169 2970 1151 5150 1967 1403 3326 2729 1740
internal_count=572139 569945 2254 1749 567691 2135 565556 2344 1137 1207 563212 4539 2192 2347 1389 558673 16264 9319 6945 6319 5298 4169 2970 1151 5150 1967 1403 3326 2729 1740
is_linear=0
shrinkage=0.05


Tree=191
num_leaves=31
num_cat=0
split_feature=17 5 11 14 14 14 7 10 14 14 14 14 14 14 14 14 14 7 7 14 5 10 14 14 14 7 10 14 14 14
split_gain=193947 310560 203570 197297 292427 222003 589209 219503 208049 187565 168755 773910 706669 639298 403105 1.48513e+06 429578 436098 401469 396821 459359 523379 375404 329657 1.04929e+06 997784 426963 384396 1.71772e+06 1.02e+06
threshold=0.063709155212157517 0.13461836820400411 -0.096877545730975692 -0.0027502544366526378 0.0043808158740852197 0.01135832798867265 -0.0021841465141715843 0.018616039679244457 0.0093921061047047109 0.012408643984512928 0.0021046239761008906 0.0019090304447226898 0.0018754365430909785 0.0021588835689403852 0.0015755726421851299 0.0015395435248249415 0.0016072972677850155 -0.0037296707499610239 -0.018894377864627835 0.0016381316822270302 0.44900865088282965 0.0021031976448435581 0.0016694991323357345 0.0011880350620827728 0.00099970194329166372 -0.0074551742653256878 -0.026435804913178752 0.00052547684438546604 0.00049016202931480453 0.00075205475904020541
decision_type=2 8 10 8 10 10 10 10 10 8 8 10 10 8 10 10 10 10 8 10 8 10 10 10 10 10 10 10 10 10
left_child=10 -2 3 -3 7 8 -7 -5 -6 -4 11 12 14 -12 15 18 17 -16 -1 -18 -21 22 -22 24 27 -26 -27 28 -20 -29
right_child=1 2 9 4 5 6 -8 -9 -10 -11 13 -13 -14 -15 16 -17 19 -19 23 20 21 -23 -24 -25 25 26 -28 29 -30 -31
leaf_value=1.2012915327646154 0.7568153199356914 0.40203796617938087 -0.3653257794431789 -0.28292745575185546 0.1602535492753133 -1.4723843662724503 0.43915626722825762 -1.1928693458731698 1.2992188839007308 -1.3656210362823913 0.88621889620670125 -0.39216491737009984 0.8413461488966526 0.023020152150208251 -2.1358697328376541 1.2623537153989128 0.48751990838662573 -0.48612338934234212 -0.010241363629277151 -0.47044313071580968 -0.79947261888853838 -0.32986685866140641 0.51117458221971779 0.17875529135897875 1.5605521863058325 -1.3095325425544524 -0.48402876948357432 0.5989720787267564 -1.4326836891967201 -0.11790863193641002
leaf_weight=687 849 1749 5533 2418 1557 667 1019 913 540 512 2160 13661 2441 308299 515 2337 2280 1803 149216 9133 617 5578 4771 20856 528 2047 6671 8969 2153 11106
leaf_count=687 849 1749 5533 2418 1557 667 1019 913 540 512 2160 13661 2441 308299 515 2337 2280 1803 149216 9133 617 5578 4771 20856 528 2047 6671 8969 2153 11106
internal_value=-0.000370732 -0.173354 -0.226327 -0.073737 -0.190708 0.110101 -0.31707 -0.532335 0.453549 -0.450049 0.00453312 -0.0264568 -0.00489548 0.0290258 -0.0139054 0.00913074 -0.204718 -0.852655 -0.00535148 -0.137605 -0.208519 0.00962447 0.361087 -0.0094645 -0.0311896 -0.550032 -0.677858 -0.00320837 -0.0304735 0.202375
internal_weight=571585 15757 14908 8863 7114 3783 1686 3331 2097 6045 555828 245369 231708 310459 229267 204570 24697 2318 202233 22379 20099 10966 5388 201546 180690 9246 8718 171444 151369 20075
internal_count=571585 15757 14908 8863 7114 3783 1686 3331 2097 6045 555828 245369 231708 310459 229267 204570 24697 2318 202233 22379 20099 10966 5388 201546 180690 9246 8718 171444 151369 20075
is_linear=0
shrinkage=0.05


Tree=192
num_leaves=31
num_cat=0
split_feature=2 8 17 12 13 11 9 10 13 9 12 13 12 2 12 12 8 12 13 10 6 17 5 9 12 12 12 12 12 7
split_gain=243187 451593 343396 300613 313715 280437 277277 373440 286328 274131 624866 1.28887e+06 467786 397625 281889 519286 422103 362502 684508 498679 268017 266927 315883 241002 238323 235918 408544 335506 234100 209381
threshold=0.002326428393100682 0.50284902597402348 0.033615982431642211 -0.0026961470868247499 0.40499643430201465 -0.092887740483662051 -0.026869462002428218 0.11986507424801561 0.61936600066971781 -0.030626098228241128 -0.018397836894734759 0.18612563033917431 -0.014023419856971607 -0.058018488165277542 -0.009218330210910267 -0.0083764560395833219 0.14102564102564166 -0.0055529359160462902 0.28409859631320827 -0.057482277633015826 1.8100695115018457 0.024971868750422465 1.0588581957588044 0.05633272868086469 -0.0041931567818556505 0.0065259749054591186 0.0062609719852773889 0.0080283938590056132 -9.5960842319426593e-05 0.013034205799006581
decision_type=10 8 2 10 2 10 10 10 2 10 8 2 8 10 8 8 8 8 2 10 2 2 8 8 8 10 8 10 10 8
left_child=9 2 -2 -4 -5 23 8 -8 28 10 11 -1 -12 20 16 -16 -14 19 -19 -17 -11 -7 -23 25 -20 26 29 -27 -6 -3
right_child=1 5 3 4 6 21 7 -9 -10 13 12 -13 14 -15 15 17 -18 18 24 -21 -22 22 -24 -25 -26 27 -28 -29 -30 -31
leaf_value=0.093436564558595267 -0.035719069641011361 0.14942500891892402 0.015871452596925344 -0.75024927240798378 -0.14115579722320323 0.080250426331931538 -0.1437529046759729 -1.0713864478957373 0.14814877628811379 -1.7273071427157458 -1.0933614129132891 3.2191170873077115 1.6624458033959202 0.024408988882112868 -1.420582274944429 1.6653630077408419 0.18876837561007423 -1.3064920529424091 -0.73507299579170249 0.10389726647377216 -0.32278890345084443 -0.043334220390107592 -0.39615727539283546 -0.86612983943020339 0.22595012145586857 1.1144947366788984 -0.90362956775324332 0.20919686754799344 -1.259906930394409 -0.4829132250901107
leaf_weight=914 41296 31975 8423 3752 636 44314 20054 1147 763 503 743 516 770 282717 533 900 1317 847 687 1184 1046 99686 6775 603 10582 1408 997 3747 1766 1365
leaf_count=914 41296 31975 8423 3752 636 44314 20054 1147 763 503 743 516 770 282717 533 900 1317 847 687 1184 1046 99686 6775 603 10582 1408 997 3747 1766 1365
internal_value=0.00163033 -0.0330052 -0.134509 -0.246153 -0.324645 0.0083879 -0.259108 -0.193939 -0.69565 0.0323197 0.216231 1.2213 0.134396 0.0200318 0.188631 0.111592 0.732483 0.169102 0.064329 0.778235 -0.778872 -0.0228656 -0.0657873 0.125915 0.167363 0.141062 0.0937114 0.456463 -0.963685 0.123536
internal_weight=571966 268707 77837 36541 28118 190870 24366 21201 3165 303259 18993 1430 17563 284266 16820 14733 2087 14200 12116 2084 1549 150775 106461 40095 11269 39492 34337 5155 2402 33340
internal_count=571966 268707 77837 36541 28118 190870 24366 21201 3165 303259 18993 1430 17563 284266 16820 14733 2087 14200 12116 2084 1549 150775 106461 40095 11269 39492 34337 5155 2402 33340
is_linear=0
shrinkage=0.05


Tree=193
num_leaves=31
num_cat=0
split_feature=13 14 14 10 13 14 14 14 7 2 13 14 13 9 9 13 14 13 14 13 14 5 13 14 9 13 14 14 13 14
split_gain=195441 1.13327e+06 760328 686606 449995 923446 480564 433986 505063 180457 410895 1.11872e+06 429290 435738 407338 408742 1.24904e+06 936479 443393 481034 403488 486437 481328 326629 384998 299399 905228 385841 313043 1.15036e+06
threshold=0.086379690949227386 0.0060195072149775257 -0.00081376696052021442 -0.0097440488521095148 0.10532212885154063 0.0051504160042822556 -0.00073415838159448913 0.0019856109205337131 -0.006106841159052437 -0.020485076933406097 0.12723558433549184 -0.0012642752095639196 0.14237178822743557 -0.0064777497258166929 -0.066042529569280334 0.51244834710743803 -0.033374233339537519 0.38039962466191979 -0.033374233339537519 0.55251509886655092 -0.00037121405021835533 0.84604544919579383 0.16887096774193552 -0.0064556919326447977 1.0000000180025095e-35 0.11425369198312237 -0.0012642752095639196 0.0017534975432164097 0.15807227410438207 7.7765714262847217e-05
decision_type=2 10 10 10 2 10 10 10 10 10 2 10 2 10 8 2 8 2 10 2 10 10 2 10 10 2 10 10 2 8
left_child=1 2 3 -1 5 6 -2 8 -4 10 11 -6 13 -12 -14 16 17 -16 -17 -20 21 -18 -22 24 -21 26 -11 -28 29 -27
right_child=4 -3 7 -5 9 -7 -8 -9 -10 25 12 -13 14 -15 15 18 20 -19 19 23 22 -23 -24 -25 -26 28 27 -29 -30 -31
leaf_value=0.72105428728477616 -0.51061748875606627 -1.3647769648758277 3.1781542321612508 -1.268848439793733 -2.5026230767393223 1.0567622361551614 -2.1232104799205609 0.61651136043255239 0.94960307054738013 -1.1013991040906819 0.1489988679077193 0.62252772408345391 1.1433681380350964 2.2210720706608638 -0.25773352163889446 1.4786386206598403 0.020929843956911155 -3.2263589825444869 1.0763120185840598 -1.7819092593500465 -1.5014362749056358 0.78120926646463396 -0.063860970627183933 0.29072285128681846 0.15162078470448426 0.58691198029562408 2.3679808160759133 0.57257471061599108 -0.0048746071403081908 -0.64172157118138251
leaf_weight=1094 1050 823 512 718 525 584 825 1033 505 516 513 630 944 502 551 908 5511 513 1284 508 628 3403 7995 2035 522 2652 556 648 527760 6765
leaf_count=1094 1050 823 512 718 525 584 825 1033 505 516 513 630 944 502 551 908 5511 513 1284 508 628 3403 7995 2035 522 2652 556 648 527760 6765
internal_value=-0.00182911 0.319789 0.678773 -0.0674392 -0.00448036 -0.679401 -1.22016 1.33835 2.07155 -0.00154747 0.124663 -0.797995 0.165941 1.17381 0.124695 0.0843885 -0.0256333 -1.68904 0.473682 0.263863 0.0752882 0.311173 -0.168557 -0.0764903 -0.802004 -0.00786435 0.650758 1.40168 -0.00997321 -0.295716
internal_weight=573013 4685 3862 1812 568328 2459 1875 2050 1017 565869 26972 1155 25817 1015 24802 23858 18601 1064 5257 4349 17537 8914 8623 3065 1030 538897 1720 1204 537177 9417
internal_count=573013 4685 3862 1812 568328 2459 1875 2050 1017 565869 26972 1155 25817 1015 24802 23858 18601 1064 5257 4349 17537 8914 8623 3065 1030 538897 1720 1204 537177 9417
is_linear=0
shrinkage=0.05


Tree=194
num_leaves=31
num_cat=0
split_feature=2 14 1 13 13 14 12 12 12 14 13 14 12 14 14 14 14 12 13 14 14 12 12 12 13 12 14 14 13 13
split_gain=272182 362662 280135 247065 467295 426123 1.97287e+06 414112 415628 902516 1.49424e+06 382482 346700 311825 523890 717923 572020 821046 614900 582904 310502 1.46322e+06 1.05676e+06 1.33469e+06 1.19238e+06 792718 1.56585e+06 952372 786240 713592
threshold=-0.0081435473390993607 -0.021658507068033826 -0.015116833264987957 0.51541258577209559 0.51729576851952586 -0.033374233339537519 -0.010932977868723071 0.0027264279438080886 3.6452014036438599e-05 -0.0085802334926053346 0.46074929971988798 -0.0055040751619077934 0.0018241251177726146 -0.033374233339537519 -0.021658507068033826 -0.01796644498195283 -0.0076510020158406878 0.0058347562935567665 0.60669865403788636 -0.013851110702276003 -0.00029924077208414774 -0.012121439880781302 -0.0070682575628737343 -0.0064836710996034408 0.21613322924798337 -0.014023419856971607 0.0012337244552452112 0.0011880350620827728 0.20834805061934403 0.1935457635940728
decision_type=10 8 8 2 2 8 10 10 8 8 2 8 10 10 10 10 10 10 2 10 10 8 10 10 2 10 10 10 2 2
left_child=3 -2 -3 5 -5 6 -1 8 20 10 -10 -9 -11 -6 -15 -16 17 18 -17 -19 21 -7 -23 28 -25 26 -22 29 -24 -27
right_child=1 2 -4 4 13 7 -8 11 9 12 -12 -13 -14 14 15 16 -18 19 -20 -21 25 22 23 24 -26 27 -28 -29 -30 -31
leaf_value=1.3639519796242698 -1.2534226879000061 -0.29205848086682018 -0.010693928807161725 1.6767851653005239 0.88165897505862467 -0.69123350014019191 -2.5141788249535892 2.0280166669203288 0.27890013725199864 -0.014706475356968144 -3.1840934035361088 0.16459549898464906 -1.3535659374014359 -1.2416155145250594 1.9543516115645208 -0.53579390527168769 0.25270124095712043 -0.81437902974095067 -2.7388975315832695 1.1076255209860393 2.7481853859461491 0.81704051779052456 0.076319975343390106 -1.8595609718458566 0.34763877744795485 -1.2925340170965713 0.17444623264195813 0.067001530424231168 -2.3783846809387801 -0.26923166214892147
leaf_weight=574 593 9021 457204 540 1495 3919 765 502 599 8696 649 610 512 670 554 768 14742 715 539 880 743 8089 548 639 14420 2205 2888 30471 806 7493
leaf_count=574 593 9021 457204 540 1495 3919 765 502 599 8696 649 610 512 670 554 768 14742 715 539 880 743 8089 548 639 14420 2205 2888 30471 806 7493
internal_value=-0.00128416 -0.0177098 -0.0161381 0.0710322 0.225057 0.0332118 -0.851709 0.0473533 0.0344621 -0.260169 -1.52197 1.00582 -0.0891522 0.186559 0.131483 0.182037 0.126388 -0.515274 -1.44434 0.246037 0.0771181 0.205821 0.349301 0.11878 0.25398 -0.00639462 0.701102 -0.0703474 -1.3849 -0.501896
internal_weight=572849 466818 466225 106031 20903 85128 1339 83789 82677 10456 1248 1112 9208 20363 18868 18198 17644 2902 1307 1595 72221 28421 24502 16413 15059 43800 3631 40169 1354 9698
internal_count=572849 466818 466225 106031 20903 85128 1339 83789 82677 10456 1248 1112 9208 20363 18868 18198 17644 2902 1307 1595 72221 28421 24502 16413 15059 43800 3631 40169 1354 9698
is_linear=0
shrinkage=0.05


Tree=195
num_leaves=31
num_cat=0
split_feature=9 12 14 14 12 14 4 14 14 14 12 12 14 14 12 12 14 14 12 12 12 12 14 14 14 12 14 14 12 14
split_gain=198505 724812 747386 1.44122e+06 648055 621366 534280 485269 1.05237e+06 655517 720853 643865 455495 445642 880516 401341 400283 394157 386354 312545 653165 598638 550641 473588 471396 447967 296990 292430 605928 577686
threshold=-0.027522806919990841 -0.0055529359160462902 -0.0019443866454812513 -0.0034352202709559058 -0.0041931567818556505 0.0025653765985822938 -0.54354525167322099 0.013401794456808247 0.0062769340166878461 0.0011296176608035534 -0.0070682575628737343 -0.009218330210910267 -9.1784016183020094e-05 -0.033374233339537519 0.0029794210103305805 -0.0019085968302541385 -0.0073043107792539535 0.003632857038501565 -0.009218330210910267 0.0036734193203664836 0.0033465832714610045 0.0026205806401390446 0.0091590992600573077 0.0050249561938617059 0.010389342610622724 0.0048987263190622228 0.0084436808036504798 0.0270617032583759 -0.0034388706987858726 0.02042647176750689
decision_type=8 8 10 8 8 10 10 10 10 10 10 10 10 8 10 10 10 8 10 10 10 10 10 10 10 10 10 10 10 10
left_child=1 2 3 6 12 -6 -1 8 9 18 11 -11 -3 14 -2 -7 -8 -14 -4 20 21 22 -17 -23 -24 -21 -10 29 -29 -15
right_child=13 4 7 -5 5 15 16 -9 26 10 -12 -13 17 27 -16 19 -18 -19 -20 25 -22 23 24 -25 -26 -27 -28 28 -30 -31
leaf_value=1.771897945386093 -2.1148240228053381 -1.8161128829377948 1.7507576167883849 -2.2638116432268056 0.24597165616472483 0.3905761091439941 -0.99333192100989409 -0.44979938377000422 3.0503827895354743 0.20024465130490865 1.3183948456086856 -1.5595472590790855 0.50291276671269058 -0.0065792119492996794 0.094531019108459416 -0.30874563990731507 0.68230378847755735 -1.0631936438381673 0.52202406326154938 0.99073997649610357 -1.9042240856270842 -0.39795887958657289 -2.6305309225607107 1.5672837861841908 -0.61415429472923277 -0.28800575084123919 1.3875203351643879 0.31314984652960653 -1.7540104657076245 1.2301184120897135
leaf_weight=531 744 760 1389 673 18159 2520 657 817 576 1811 936 729 754 522003 1145 6611 779 860 1186 1029 705 551 508 691 675 2048 503 707 711 946
leaf_count=531 744 760 1389 673 18159 2520 657 817 576 1811 936 729 754 522003 1145 6611 779 860 1186 1029 705 551 508 691 675 2048 503 707 711 946
internal_value=-0.000301833 0.0987711 0.462299 -0.26658 -0.00852083 0.0480564 0.416763 0.704433 0.836692 0.580181 0.132264 -0.304829 -0.806822 -0.00904801 -0.775644 -0.18626 -0.0843346 -0.331568 1.18482 -0.299665 -0.438429 -0.324066 -0.486526 0.695425 -1.48002 0.139628 2.2752 -0.0062864 -0.723346 -0.00434206
internal_weight=572714 46458 10587 2640 35871 33497 1967 7947 7130 6051 3476 2540 2374 526256 1889 15338 1436 1614 2575 12818 9741 9036 7794 1242 1183 3077 1079 524367 1418 522949
internal_count=572714 46458 10587 2640 35871 33497 1967 7947 7130 6051 3476 2540 2374 526256 1889 15338 1436 1614 2575 12818 9741 9036 7794 1242 1183 3077 1079 524367 1418 522949
is_linear=0
shrinkage=0.05


Tree=196
num_leaves=31
num_cat=0
split_feature=10 2 14 13 14 14 14 14 13 15 14 14 14 13 13 13 13 13 13 14 17 14 13 14 13 13 14 14 14 11
split_gain=233491 235618 451862 430173 1.65956e+06 743335 913004 655687 648554 315676 256360 665478 525932 592322 503124 2.16118e+06 994857 990988 498838 301853 357349 299180 275739 268296 252178 691965 1.0758e+06 760617 703377 440334
threshold=0.20969083329394492 -0.021361181482863981 -0.033374233339537519 0.12723558433549184 -0.0010586915565139472 -0.0031432516275421403 -0.0064556919326447977 0.0019090304447226898 0.14237178822743557 -0.032359388613277189 -0.0080407074899879888 -0.0073043107792539535 -0.0064556919326447977 0.65143670371374374 0.67467816471364916 0.60669865403788636 0.6324016361511493 0.7164059387818823 0.37476591760299632 -0.0076510020158406878 0.037261369876464188 -0.0060873310949540555 0.78953528697763142 -0.013851110702276003 0.72935854814976298 0.73739675480181821 0.0039549804742747543 0.0082918860079702356 0.0023043808513056982 -0.070741319804524347
decision_type=10 8 8 2 8 10 10 8 2 8 8 8 8 2 2 2 2 2 2 10 2 8 2 10 2 2 8 10 10 10
left_child=1 3 -3 4 5 6 -1 -6 -5 -4 14 18 13 -13 15 -11 -17 -16 -12 -20 -21 -14 23 -19 -23 29 28 -28 -27 -26
right_child=-2 2 9 8 7 -7 -8 -9 -10 10 11 12 21 -15 17 16 -18 22 19 20 -22 24 -24 -25 25 26 27 -29 -30 -31
leaf_value=-2.0961033001156051 -0.51747016366907972 -1.4837297783343537 -0.87605679863964492 1.5002238294703336 1.8687108596768873 -2.9175655707260786 0.76895102015722583 -0.12029641672444935 0.17094922335995133 -0.070637330953636973 -0.78712836718809998 -0.17535738930821704 0.57997096717689167 -1.5050878700088053 1.8380242540785918 -2.9103325288198945 -0.50052192316603861 -1.2983850790595333 0.44666975832095857 2.0139269760415899 0.46378609242028351 -0.0032848701624300369 0.30814796631324692 -0.033310396437560237 2.3273064340816032 0.14580440885136262 -1.1865760898733513 0.38889223684931901 1.201403878054754 0.51558758747462041
leaf_weight=579 2157 515 1031 957 725 588 535 967 22292 9018 523 2827 2253 1190 801 1096 703 722 1890 922 623 503416 1914 999 578 7188 2287 1152 2022 799
leaf_count=579 2157 515 1031 957 725 588 535 967 22292 9018 523 2827 2253 1190 801 1096 703 722 1890 922 623 503416 1914 999 578 7188 2287 1152 2022 799
internal_value=0.00176132 0.00372238 -0.00338187 0.148903 -0.376928 -1.47931 -0.720157 0.731967 0.225666 -0.00198032 -0.000320467 0.005521 0.000639571 -0.569278 -0.202403 -0.386299 -1.96864 0.246019 0.651419 0.870447 1.38885 0.00504477 -0.104791 -0.564039 0.00254148 0.211659 0.095785 -0.658824 0.377555 1.27606
internal_weight=573269 571112 544469 26643 3394 1702 1114 1692 23249 543954 542923 527670 523712 4017 15253 10817 1799 4436 3958 3435 1545 519695 3635 1721 517442 14026 12649 3439 9210 1377
internal_count=573269 571112 544469 26643 3394 1702 1114 1692 23249 543954 542923 527670 523712 4017 15253 10817 1799 4436 3958 3435 1545 519695 3635 1721 517442 14026 12649 3439 9210 1377
is_linear=0
shrinkage=0.05


Tree=197
num_leaves=31
num_cat=0
split_feature=6 7 14 12 13 13 14 7 12 8 7 13 10 14 13 14 12 14 14 12 13 14 14 12 12 14 12 13 13 13
split_gain=251765 331973 426015 685172 412824 404745 503525 329328 296214 266247 395547 261896 222532 365211 436912 421785 623831 479686 359203 502270 2.56715e+06 2.24753e+06 1.23045e+06 1.13134e+06 1.03871e+06 976839 1.54838e+06 1.87786e+06 852258 1.64756e+06
threshold=1.8321034121132886 -0.010676027981042955 0.0011296176608035534 -0.0049951111909748653 0.23871975019516004 0.21311827956989252 -0.0019443866454812513 -0.0001783158992139123 -0.0026961470868247499 0.99997371464619966 0.013034205799006581 0.29346189070927042 0.011276193791549941 0.00422130262786984 0.10532212885154063 0.0039305185907552 -0.0025168970306861157 0.0037443277368222464 0.0028356026167798884 -0.0055529359160462902 0.23871975019516004 0.0029997106305038285 0.0044148473779117682 -0.0053792657575758062 -0.0052980094234980355 0.0050249561938617059 -0.0070682575628737343 0.18203383094463352 0.26844386212457172 0.30031645569620258
decision_type=2 8 8 10 2 2 10 10 10 10 10 2 8 10 2 10 10 10 10 10 2 10 10 10 10 10 10 2 2 2
left_child=1 2 3 5 -4 6 -1 -2 11 12 -11 -6 18 14 -14 17 -17 -16 -3 20 21 -20 -22 -21 -25 26 27 -23 -24 -30
right_child=7 9 4 -5 8 -7 -8 -9 -10 10 -12 -13 13 -15 15 16 -18 -19 19 23 22 25 28 24 -26 -27 -28 -29 29 -31
leaf_value=-0.21509091972112657 -0.14653479148508475 -0.056969228458580747 -0.45988608394211533 -0.21045820105512481 0.17355591668601847 2.6409306820091749 1.9466499879209913 0.019552585030005155 -0.034764245824361294 -0.15946594560912603 -1.4363165249182628 1.644058365433624 -1.216727318593031 -0.053358849649420628 0.1197712165675085 1.5633526845022316 0.27362733635397313 -0.42015374570321823 2.5628793513787538 -2.0098468793924229 3.6413211115193045 -0.49903853094703055 2.0523906320006384 2.2726259423326343 0.028194383559229447 0.14888140378807793 0.77263520538591735 -3.450639895542142 -1.8345173020730312 1.7690181917671852
leaf_weight=500 58799 157671 2036 918 512 525 584 60615 1297 9071 650 741 614 45724 105251 1179 4579 4281 706 678 593 1261 1230 518 106393 3636 831 941 558 735
leaf_count=500 58799 157671 2036 918 512 525 584 60615 1297 9071 650 741 614 45724 105251 1179 4579 4281 706 678 593 1261 1230 518 106393 3636 831 941 558 735
internal_value=0.00237519 0.0193596 0.358256 0.879535 0.0710184 1.50142 0.949537 -0.0622282 0.494909 0.013968 -0.244843 1.04318 0.0197203 0.0663044 0.113511 0.120596 0.53771 0.0986685 -0.00758441 0.0583586 0.388596 -0.119804 1.59188 0.0261572 0.039069 -0.403801 -1.06636 -1.76037 1.11019 0.213896
internal_weight=573627 454213 7113 2527 4586 1609 1084 119414 2550 447100 9721 1253 437379 161628 115904 115290 5758 109532 275751 118080 10491 7375 3116 107589 106911 6669 3033 2202 2523 1293
internal_count=573627 454213 7113 2527 4586 1609 1084 119414 2550 447100 9721 1253 437379 161628 115904 115290 5758 109532 275751 118080 10491 7375 3116 107589 106911 6669 3033 2202 2523 1293
is_linear=0
shrinkage=0.05


Tree=198
num_leaves=31
num_cat=0
split_feature=9 5 12 13 12 12 14 14 14 14 14 13 13 13 13 14 13 12 13 13 14 12 14 14 10 7 12 12 14 13
split_gain=216077 242697 179491 2.61357e+06 2.23361e+06 1.17115e+06 1.34257e+06 532815 509134 561656 1.36879e+06 1.23301e+06 856220 1.39068e+06 2.21169e+06 1.43011e+06 1.88562e+06 1.81024e+06 1.60697e+06 1.10619e+06 1.04432e+06 1.65579e+06 1.21418e+06 1.11934e+06 1.01068e+06 898672 819077 2.62306e+06 1.19775e+06 759786
threshold=0.096262222323792196 1.1360028187491056 -0.009218330210910267 0.29346189070927042 -0.010932977868723071 -0.0090148358906430217 0.0053849901496091637 -0.021658507068033826 -0.011175828150746085 -0.0019443866454812513 -9.1784016183020094e-05 0.13515766582094965 0.11425369198312237 0.1935457635940728 0.18203383094463352 0.0025032533077929057 0.14237178822743557 -0.010932977868723071 0.12723558433549184 0.23389188628346133 0.0019856109205337131 -0.014023419856971607 0.0049007795309750886 0.0059817194653357655 -0.048395029060635385 -0.0057312680649601834 -0.012121439880781302 -0.01158329952267197 -0.0031432516275421403 0.13515766582094965
decision_type=8 10 8 2 10 8 10 8 8 8 8 2 2 2 2 8 2 10 2 2 10 10 10 8 10 10 10 10 10 2
left_child=2 -2 3 7 -5 6 -4 -1 -9 26 11 -11 20 14 15 16 18 24 -14 -15 21 -12 25 -24 -17 -22 28 -28 -10 -29
right_child=1 -3 5 4 -6 -7 -8 8 9 10 12 -13 13 19 -16 17 -18 -19 -20 -21 22 -23 23 -25 -26 -27 27 29 -30 -31
leaf_value=-1.4322048534535021 -0.17723753792457236 -1.3925341919011305 -1.8956054192855818 4.6303549780601108 0.20650058861694817 0.0051609450211547569 0.84124617122101675 1.1602719193879589 -0.27002792836827633 0.064628773457500718 2.7692403861835877 1.8215002093386563 -2.0535609000861594 1.2263402798343441 -3.4099903443460264 -2.3387515526497382 -2.2329924076429304 1.4094764140427565 1.0904178615770312 -1.261654302891029 -2.9804899894297421 -0.27053733826281884 1.8063753167503667 -0.44449526151653151 -0.038292394989582222 -0.022056870545741465 3.0973072074855299 0.71138693035984701 -2.3762994343568598 -1.4028746952783273
leaf_weight=608 1542 560 1623 585 557 539446 619 1020 2003 1934 1023 2065 612 2093 653 657 1846 1863 1210 568 506 797 1030 1191 1747 521 609 647 1018 1238
leaf_count=608 1542 560 1623 585 557 539446 619 1020 2003 1934 1023 2065 612 2093 653 657 1846 1863 1210 568 506 797 1030 1191 1747 521 609 647 1018 1238
internal_value=0.00500177 -0.501008 0.00686684 0.128942 2.47266 0.000421303 -1.13998 0.0314684 0.0646111 0.0213462 0.142822 0.97184 -0.0603558 -0.303466 -0.612925 -0.382745 -1.10673 0.239606 0.0343723 0.695269 0.479256 1.43808 -0.0580193 0.599357 -0.666995 -1.47967 -0.426141 0.244494 -0.979788 -0.677184
internal_weight=572391 2102 570289 28601 1142 541688 2242 27459 26851 25831 20316 3999 16317 11249 8588 7935 3668 4267 1822 2661 5068 1820 3248 2221 2404 1027 5515 2494 3021 1885
internal_count=572391 2102 570289 28601 1142 541688 2242 27459 26851 25831 20316 3999 16317 11249 8588 7935 3668 4267 1822 2661 5068 1820 3248 2221 2404 1027 5515 2494 3021 1885
is_linear=0
shrinkage=0.05


Tree=199
num_leaves=31
num_cat=0
split_feature=8 2 13 13 12 12 13 12 12 13 13 13 12 12 13 13 13 13 13 12 12 12 13 13 13 13 12 12 12 13
split_gain=276883 290998 273056 925873 1.03858e+06 1.25946e+06 921566 803403 786779 586079 552983 536319 532463 504181 855209 480203 766227 1.02593e+06 546728 559658 501826 452535 1.30016e+06 2.34686e+06 678536 708028 608647 1.10802e+06 571906 886195
threshold=0.092896174863388831 -0.021361181482863981 0.40709906380380595 0.38449010273114514 -0.001971657212894184 -0.0017336470331282018 0.39764987936352814 -0.0019085968302541385 0.0011352494099923214 0.38721035892776018 0.4132361759261674 0.39408827145846376 -0.0026201727375980417 -0.0025694912073986049 0.42833800186741366 0.38721035892776018 0.39559227695789745 0.39764987936352814 0.40031545741324931 -0.00092215816447464871 -0.0012186919422959488 0.0001377558764571593 0.43859315010055461 0.43584893136864472 0.51429203640242394 0.50974067046173321 -0.0017336470331282018 -0.0016979720507348023 0.0013102427116815129 0.48991919093377562
decision_type=10 10 2 2 10 10 2 8 10 2 2 2 10 10 2 2 2 2 2 8 10 8 2 2 2 2 10 10 10 2
left_child=1 -1 3 -2 9 6 -6 10 15 -5 12 -11 -4 -12 -15 -7 -17 -18 19 -19 -20 24 23 -23 25 26 -9 -28 29 -24
right_child=2 -3 7 4 5 8 -8 21 -10 11 13 -13 -14 14 -16 16 17 18 20 -21 -22 22 28 -25 -26 -27 27 -29 -30 -31
leaf_value=0.36931622866950942 -0.024084932409233338 0.053018432808997311 1.10848031572983 -2.383417967740689 1.9982663131534775 -1.2105605926859573 -0.59162095568051531 -0.67014021602247642 -1.7360796478114748 -0.17794655217882566 0.24600612464189334 -1.3857444223108621 -1.006226746263936 2.8109258788360427 0.44658704823530315 0.36292976950371264 -1.534850120386708 2.0297425772147131 -1.0307905970999556 -0.11807185699518286 -0.0070490296616010752 -0.25563321833043368 0.072486402198277025 -2.7474542146843719 1.1155897035166253 -1.5097467529100637 2.3416988490471442 0.11083529995703273 0.034967644590526696 -0.27384588716578956
leaf_weight=8443 146793 52418 511 706 1052 1178 510 2469 945 1754 912 1931 713 836 705 4565 1710 523 1893 722 3256 4544 31858 1193 1638 688 561 70922 183286 43955
leaf_count=8443 146793 52418 511 706 1052 1178 510 2469 945 1754 912 1931 713 836 705 4565 1710 523 1893 722 3256 4544 31858 1193 1638 688 561 70922 183286 43955
internal_value=-0.0039292 0.0968971 -0.0159066 -0.0682718 -0.380941 -0.197624 1.15266 0.00953819 -0.34021 -1.06369 0.744664 -0.810852 -0.123371 1.1778 1.72925 -0.244948 -0.155162 -0.447004 -0.156073 0.784183 -0.383422 0.00161399 -0.0292931 -0.773803 0.108923 0.0868311 0.101685 0.128343 -0.012808 -0.128311
internal_weight=573190 60861 512329 167538 20745 16354 1562 344791 14792 4391 3677 3685 1224 2453 1541 13847 12669 8104 6394 1245 5149 341114 264836 5737 76278 74640 73952 71483 259099 75813
internal_count=573190 60861 512329 167538 20745 16354 1562 344791 14792 4391 3677 3685 1224 2453 1541 13847 12669 8104 6394 1245 5149 341114 264836 5737 76278 74640 73952 71483 259099 75813
is_linear=0
shrinkage=0.05


Tree=200
num_leaves=31
num_cat=0
split_feature=6 7 7 4 12 6 2 13 12 13 12 13 12 12 13 12 12 12 12 12 12 13 13 13 12 12 2 12 12 12
split_gain=210174 300797 241817 363386 419659 257820 240816 227004 1.26528e+06 1.03399e+06 1.27771e+06 1.69047e+06 1.60859e+06 1.18376e+06 794382 944775 1.51542e+06 1.24893e+06 724749 857102 632051 615774 612164 1.21876e+06 575244 1.56231e+06 486124 465158 453903 772502
threshold=10.698914546605371 -0.002143496652810347 -0.011352688512255932 0.0054604411682654787 -0.0099511172059858315 1.2658264640643468 0.016406226559203336 0.25347289214740504 -0.012776247349859415 0.24277598854893542 -0.0040345718616529034 0.23871975019516004 -0.0022352511682086954 -0.0070682575628737343 0.22419210611291887 -0.0066965920680155059 -0.0061352421811348484 -0.0044668393901314803 -0.0061352421811348484 -0.0064836710996034408 -0.0068887899551179086 0.21311827956989252 0.23389188628346133 0.22997277853392964 -0.0076246522117263543 -0.0090148358906430217 -0.046673660639999982 -0.0059250802429191285 -0.0057617062163388575 -0.0048778284761807232
decision_type=2 10 8 10 8 2 10 2 8 2 8 2 10 8 2 10 10 10 10 10 10 2 2 2 10 10 10 10 10 10
left_child=2 6 3 4 5 -1 -2 9 -9 10 11 14 -12 -11 18 22 -17 -18 19 21 -13 26 23 -16 25 -23 -4 -20 -15 -30
right_child=1 -3 7 -5 -6 -7 -8 8 -10 13 12 20 -14 28 15 16 17 -19 27 -21 -22 24 -24 -25 -26 -27 -28 -29 29 -31
leaf_value=2.1029894472335329 -0.29582270687056944 -0.011337316010781277 -1.4657812245606168 0.03077170683646754 0.23833725627048069 0.71814245803842469 -1.179896456302832 2.2989287165349181 0.010961278864765108 -1.9302023524582617 -2.9050272275158702 2.8852163091633671 0.40984592818936644 0.66150698272810549 -1.7338605876922515 1.6188472498189528 -1.344307999149208 0.96355182491265168 2.0448900878487022 -1.4112431585555036 0.89465580158815305 1.6941119560441802 -2.2890300511934418 1.0905307555596033 1.6405803389469149 -1.245451648942927 -0.019091171636412513 0.47541242552323271 -1.9398374463746824 0.11713824161049523
leaf_weight=613 2164 5562 591 6959 2338 744 1196 605 496929 1566 846 539 645 965 1051 993 1962 836 582 1084 1533 875 972 600 1064 935 33252 2500 737 1199
leaf_count=613 2164 5562 591 6959 2338 744 1196 605 496929 1566 846 539 645 965 1051 993 1962 836 582 1084 1533 875 972 600 1064 935 33252 2500 737 1199
internal_value=0.00379404 -0.236984 0.00760623 0.243552 0.644293 1.34372 -0.610511 0.00305939 0.0137434 -0.0930181 -0.028959 0.0145931 -1.47103 -0.822376 -0.0466455 -0.563984 -0.0592159 -0.654754 0.034518 -0.0255934 1.41247 0.0153153 -1.29352 -0.707431 0.717964 0.175608 -0.0443547 0.77179 -0.224356 -0.665915
internal_weight=572437 8922 563515 10654 3695 1357 3360 552861 497534 55327 50860 49369 1491 4467 47297 6414 3791 2798 40883 37801 2072 36717 2623 1651 2874 1810 33843 3082 2901 1936
internal_count=572437 8922 563515 10654 3695 1357 3360 552861 497534 55327 50860 49369 1491 4467 47297 6414 3791 2798 40883 37801 2072 36717 2623 1651 2874 1810 33843 3082 2901 1936
is_linear=0
shrinkage=0.05


Tree=201
num_leaves=31
num_cat=0
split_feature=9 13 13 13 14 9 14 14 13 14 14 14 14 13 13 14 14 14 14 13 13 14 13 14 13 14 14 14 14 14
split_gain=202084 176511 1.33708e+06 1.67071e+06 1.54419e+06 1.29436e+06 960606 2.7797e+06 1.98085e+06 962435 956207 1.43755e+06 844631 679676 971442 665170 1.09309e+06 1.23156e+06 656917 624312 883258 824245 783400 607838 578950 1.0744e+06 1.85077e+06 1.34699e+06 1.0186e+06 2.13698e+06
threshold=0.096262222323792196 0.25347289214740504 0.24277598854893542 0.23871975019516004 -0.021658507068033826 -0.022356770269632273 0.0029997106305038285 0.0027127406531941805 0.23389188628346133 0.0031415721934363564 0.0030254121743337925 0.004979543649912749 0.0028928064067324064 0.068898305084745773 0.086379690949227386 -0.00050830942554999246 0.0021046239761008906 0.0027127406531941805 0.0032679159174293601 0.22419210611291887 0.22997277853392964 -0.00037121405021835533 0.21311827956989252 0.005315240823370513 0.32550485182271183 0.0093921061047047109 0.011824106625347611 0.0039305185907552 -0.0027502544366526378 0.00014252197149017991
decision_type=8 2 2 2 10 10 10 10 2 10 8 10 10 2 2 10 10 10 10 2 2 10 2 10 2 10 10 10 10 10
left_child=1 2 3 4 -1 -5 7 19 9 -8 15 -12 -9 -11 -15 -4 -17 -18 -16 22 -21 -22 -6 -20 25 27 -27 28 -3 -30
right_child=-2 24 10 5 6 -7 8 12 -10 13 11 -13 -14 14 18 16 17 -19 23 20 21 -23 -24 -25 -26 26 -28 -29 29 -31
leaf_value=-1.9569593069154942 -0.49084579653207427 0.57115720559440109 -0.3347027127253735 3.5115942978870729 -0.0047782935973317347 0.67519514495255173 -2.1486201585904001 3.0426449976640138 -3.0767145664323197 1.2665265851254297 2.2867388994788453 -1.3843813404279657 0.65149830805809328 -2.1734502616439921 1.2142191202903776 -2.8508918998012867 0.7552205450832844 -2.4598255265946798 -0.60503219672009845 -2.0503890267621117 0.91237145213826931 -0.81895452123291368 0.78615541737574235 0.11459779843133365 -0.011766676787353636 -2.957177809857054 0.011294552381303939 0.62038993622770766 -0.80225855486930076 0.15498380882638432
leaf_weight=1067 2125 7776 1217 506 28116 1961 638 993 647 785 524 543 588 624 822 1182 654 547 5913 818 1074 1910 3523 5825 452740 738 1820 14311 7571 25360
leaf_count=1067 2125 7776 1217 506 28116 1961 638 993 647 785 524 543 588 624 822 1182 654 547 5913 818 1074 1910 3523 5825 452740 738 1820 14311 7571 25360
internal_value=-0.00415848 -0.0023466 -0.083115 -0.0151295 -0.073961 1.25696 -0.0355273 0.102052 -0.369437 -0.249522 -0.896114 0.418493 2.15334 -0.162785 -0.247889 -1.28575 -1.77145 -0.709084 -0.152224 0.0105455 -0.594828 -0.195816 0.0832921 -0.247915 0.00722517 0.156565 -0.845129 0.203137 0.0564475 -0.065091
internal_weight=572918 570793 60477 55810 53343 2467 52276 37022 15254 14607 4667 1067 1581 13969 13184 3600 2383 1201 12560 35441 3802 2984 31639 11738 510316 57576 2558 55018 40707 32931
internal_count=572918 570793 60477 55810 53343 2467 52276 37022 15254 14607 4667 1067 1581 13969 13184 3600 2383 1201 12560 35441 3802 2984 31639 11738 510316 57576 2558 55018 40707 32931
is_linear=0
shrinkage=0.05


Tree=202
num_leaves=31
num_cat=0
split_feature=17 13 13 12 12 12 13 12 12 12 12 13 13 13 4 12 12 13 12 13 12 0 11 5 12 13 12 12 12 12
split_gain=214332 260513 259789 4.21986e+06 1.29033e+06 837972 555306 1.39099e+06 1.68407e+06 514290 460932 925737 2.67906e+06 1.98921e+06 726828 564488 1.48448e+06 446820 1.09976e+06 1.01926e+06 764714 443684 433687 406583 345899 851476 613038 345712 797448 355328
threshold=0.026827401021574323 0.8460462670872767 0.27226271979510425 -0.015523825238295434 -0.0049951111909748653 -0.0045526305173768161 0.27714118277826966 -0.0061352421811348484 -0.0042591896515363249 -0.0041931567818556505 -0.0061352421811348484 0.24277598854893542 0.23871975019516004 0.26400255301042486 -0.2769390414802298 -0.0079068726198417965 -0.0083764560395833219 0.24833449179276054 -0.0055529359160462902 0.22419210611291887 -0.0052980094234980355 0.0025031302181185862 -0.30308192770711495 0.30646449462138331 -0.00034927173432989681 0.26136411553868866 -0.0038684383435024518 -0.0081838571650755167 -0.0076246522117263543 -0.0062853532632728519
decision_type=2 2 2 8 8 10 2 10 10 10 10 2 2 2 10 10 10 2 8 2 10 10 10 10 10 2 8 8 8 8
left_child=1 -1 4 -4 10 -6 7 -5 21 -7 11 12 22 15 -15 16 -13 19 -19 -12 -20 -9 -2 -11 25 -25 -27 -8 -29 -30
right_child=2 -3 3 6 5 9 27 8 -10 23 17 13 -14 14 -16 -17 -18 18 20 -21 -22 -23 -24 24 -26 26 -28 28 29 -31
leaf_value=0.04755770893911504 -1.124086684484886 -0.66675444817931506 4.4189572796557917 2.6250175801215843 -1.4386887137895865 0.45619096904162915 -0.89420694819175539 -0.22689827883229166 1.7089075272279386 0.56473464592429568 0.77061239759275968 -2.5078588259448145 2.6254949209238965 -0.77536230864968614 1.4983948239516849 -2.0824651860978625 1.309033314843953 1.8322411643500915 -1.1070293589251883 -1.0701798441183283 1.1059003340436397 -1.9892508034825707 -0.042014028652531892 -2.4778570524023236 0.14490288340887011 -1.6993581241251414 0.36143942754757541 1.6917471733807294 -0.97483113695599766 -0.016915968730477515
leaf_weight=191141 954 1285 538 694 2681 1436 1125 828 962 562 1704 513 946 548 980 1819 506 1411 850 1346 722 628 31531 821 621 607 890 682 971 322931
leaf_count=191141 954 1285 538 694 2681 1436 1125 828 962 562 1704 513 946 548 980 1819 506 1411 850 1346 722 628 31531 821 621 607 890 682 971 322931
internal_value=-0.000222294 0.0427876 -0.0219557 -0.00563353 -0.126447 -0.72707 -0.0128728 0.651867 0.085545 -0.340631 -0.0220534 -0.0868334 0.00259027 -0.771561 0.682937 -1.55467 -0.612523 0.383796 0.8189 -0.0417503 -0.0906583 -0.987034 -0.0737917 -0.667462 -0.903084 -1.18384 -0.474168 -0.0192241 -0.0161914 -0.0197876
internal_weight=573233 192426 380807 329359 51448 7618 328821 3112 2418 4937 43830 37797 33431 4366 1528 2838 1019 6033 2983 3050 1572 1456 32485 3501 2939 2318 1497 325709 324584 323902
internal_count=573233 192426 380807 329359 51448 7618 328821 3112 2418 4937 43830 37797 33431 4366 1528 2838 1019 6033 2983 3050 1572 1456 32485 3501 2939 2318 1497 325709 324584 323902
is_linear=0
shrinkage=0.05


Tree=203
num_leaves=31
num_cat=0
split_feature=17 12 13 14 10 12 14 13 12 12 14 14 13 13 12 13 12 14 7 14 14 12 17 4 14 14 17 14 14 4
split_gain=272291 372889 612680 473611 253376 317110 372323 238217 226444 550339 566719 693231 558460 494365 694807 844213 975072 627074 460825 381610 852892 657615 595099 510036 421340 483104 376816 356770 601896 348242
threshold=0.061877326001551755 -0.0055529359160462902 0.22997277853392964 -0.00073415838159448913 -0.18758805697289105 0.012472248262135881 0.02042647176750689 0.14237178822743557 0.0069817067548779725 0.0080283938590056132 -0.0014324399999777863 0.0018302000131842191 0.72452356498915915 0.78953528697763142 0.0062609719852773889 0.73739675480181821 0.0065259749054591186 -0.0060873310949540555 0.002349019271019998 -0.0073043107792539535 -0.013851110702276003 0.010656917268997959 0.035853716683333342 -0.063127563080928553 -0.011175828150746085 -0.0076510020158406878 0.029412042767735548 0.00083291358709311307 -0.0045940713398687502 0.095769135420103388
decision_type=2 10 2 10 8 10 10 2 10 10 10 10 2 2 10 2 10 10 10 10 10 10 2 8 10 10 2 10 10 10
left_child=8 2 7 -4 -3 6 -6 -2 13 10 29 -12 -13 14 -1 17 -17 -16 -19 20 22 23 -11 -21 -22 -26 -18 28 -23 -10
right_child=1 4 3 -5 5 -7 -8 -9 9 19 11 12 -14 -15 15 16 26 18 -20 21 24 27 -24 -25 25 -27 -28 -29 -30 -31
leaf_value=0.00088855721419865111 0.36833257574334199 0.68237183841014803 -0.143778717785916 1.4387475225206601 -0.35568706593762989 -1.4159651611301447 0.95640979679021165 -0.83222359229398946 0.4209353995247887 -0.75976826923394436 2.4342699251132456 -0.48621758059055553 1.2343005739679438 1.1135820138928565 1.2623829915221851 -0.26495082994466118 -1.4673016832673931 -0.9491415336262139 0.51145385443594626 -1.0878154370600137 2.1470159432216853 -0.32075354634517472 0.6950224741580221 -0.174690022440605 0.23238916785690972 1.905056582710678 -3.3762280919174987 -0.53942616620152406 1.121332135914155 -0.75855647843896357
leaf_weight=523914 631 617 756 1262 12553 668 565 1197 2480 1957 714 729 1336 990 693 1007 502 1567 824 2021 595 1107 1097 6285 1714 577 533 834 2089 837
leaf_count=523914 631 617 756 1262 12553 668 565 1197 2480 1957 714 729 1336 990 693 1007 502 1567 824 2021 595 1107 1097 6285 1714 577 533 834 2089 837
internal_value=-0.00209343 -0.192129 0.245255 0.845888 -0.308922 -0.353288 -0.299174 -0.417808 0.00416188 0.153181 0.564575 1.09127 0.626912 -0.00269038 -0.00477928 -0.584073 -1.37263 -0.061944 -0.445783 0.01596 0.345216 -0.142582 -0.237206 -0.39687 0.961541 0.653659 -2.45035 0.381515 0.621836 0.123307
internal_weight=572651 18249 3846 2018 14403 13786 13118 1828 554402 24372 6096 2779 2065 530030 529040 5126 2042 3084 2391 18276 5940 12336 3054 8306 2886 2291 1035 4030 3196 3317
internal_count=572651 18249 3846 2018 14403 13786 13118 1828 554402 24372 6096 2779 2065 530030 529040 5126 2042 3084 2391 18276 5940 12336 3054 8306 2886 2291 1035 4030 3196 3317
is_linear=0
shrinkage=0.05


Tree=204
num_leaves=31
num_cat=0
split_feature=2 7 8 12 13 13 12 14 14 13 12 10 13 13 12 14 14 13 14 14 14 10 9 12 12 13 14 14 14 14
split_gain=322572 354996 236025 400050 685006 404005 655742 984506 386989 454914 463871 446234 477075 402430 416896 985185 355902 496221 460461 342860 512083 318101 298911 281554 277154 253245 242336 235935 409980 603930
threshold=-0.004474280394921021 0.014985696435696952 0.50284902597402348 9.7573030536232216e-05 0.45420751633986933 0.46074929971988798 0.00025540098350028271 0.0029117079412100161 0.0077611450595120616 0.31228524855464218 -0.00015621231230001354 -0.010156263833211941 0.61936600066971781 0.43431837791199318 -0.0029618408736696656 0.010003092660542785 0.0042651908247656571 0.43431837791199318 0.0054690193305115811 0.0020754950448866201 7.7765714262847217e-05 0.065773394272071115 -0.015450016768019466 -0.0061352421811348484 0.005547319853706047 0.47279021886281597 0.0032118266929887034 -0.0080407074899879888 -0.0073043107792539535 -0.0064556919326447977
decision_type=10 8 8 10 2 2 10 8 10 2 10 10 2 2 10 10 10 2 10 10 10 10 10 10 8 2 10 8 8 8
left_child=-1 2 3 -2 16 -6 7 -7 27 23 13 12 22 14 -11 -16 19 -18 -19 20 -5 -8 -12 -10 -14 -13 -21 -4 -29 -30
right_child=1 -3 8 4 5 6 21 -9 9 10 11 25 24 -15 15 -17 17 18 -20 26 -22 -23 -24 -25 -26 -27 -28 28 29 -31
leaf_value=0.06271638246821308 0.010612366964217058 -0.49649273168672076 -0.34005368676461312 -0.2986705273805712 0.75434736261045965 0.21454097817086476 -0.054516994381274164 -1.8762989049097794 -0.033685056042759662 1.2771469773723645 -1.1487672111022482 -0.3904193107083837 1.023354334372282 1.3750688087794318 1.0252512729108221 -1.2208261095428345 -0.13134092216721818 -2.6796742699650018 -0.89322273515393091 0.89021874413268665 -1.8572790952716869 -0.42212991492414864 -0.19377097141805599 -1.4354880204036979 -0.068470315806573034 0.54353161944141537 -0.38554369475001171 0.79218880266350222 -0.96933788903554441 0.0067324771987758054
leaf_weight=159315 92953 3889 5060 2096 1364 1012 65457 1269 876 903 1246 826 1000 1615 1048 914 790 649 812 740 704 6466 2393 606 1388 5985 749 1643 1597 206828
leaf_count=159315 92953 3889 5060 2096 1364 1012 65457 1269 876 903 1246 826 1000 1615 1048 914 790 649 812 740 704 6466 2393 606 1388 5985 749 1643 1597 206828
internal_value=0.00228053 -0.0210395 -0.0165185 -0.0604261 -0.140847 -0.0983616 -0.114036 -0.948666 0.0163399 0.233884 0.305834 0.152969 -0.160402 0.74389 0.388095 -0.0210865 -0.63176 -1.1409 -1.68679 -0.364548 -0.690549 -0.087566 -0.520763 -0.606892 0.388743 0.430267 0.248482 -0.00267131 0.00545537 -0.000746397
internal_weight=572193 412878 408989 175061 82108 75568 74204 2281 233928 18800 17318 12838 6027 4480 2865 1962 6540 2251 1461 4289 2800 71923 3639 1482 2388 6811 1489 215128 210068 208425
internal_count=572193 412878 408989 175061 82108 75568 74204 2281 233928 18800 17318 12838 6027 4480 2865 1962 6540 2251 1461 4289 2800 71923 3639 1482 2388 6811 1489 215128 210068 208425
is_linear=0
shrinkage=0.05


Tree=205
num_leaves=31
num_cat=0
split_feature=8 8 2 14 13 13 12 13 17 14 12 13 11 14 13 12 7 6 14 9 11 5 14 13 14 14 13 12 12 12
split_gain=218383 286000 362624 409378 716499 700204 511431 382727 340491 318123 927199 2.41735e+06 1.1053e+06 800105 762820 546337 336264 441216 407177 491556 321825 308599 288732 850354 681873 1.42214e+06 535574 858637 408082 349007
threshold=0.99997371464619966 0.7142857142857153 0.0064473889889514425 0.0091590992600573077 0.14237178822743557 0.28409859631320827 -0.0061352421811348484 0.21311827956989252 0.044399435196542977 0.0060707602189851726 -0.0064836710996034408 0.17481096139632726 -0.074713990992036641 0.0060195072149775257 0.25649789029535869 0.00098404065937080518 -0.013479505919178734 6.0652869755871839 0.0011296176608035534 -0.01791092656653016 -0.10888783897675881 1.3472589280774618 0.0068447721656182082 0.41992345904298461 0.007226914180853943 0.0071208999487286442 0.4574647945403188 -0.0004272017880582539 -0.003725196069423261 -0.0040345718616529034
decision_type=10 8 8 10 2 2 10 2 2 8 8 2 10 10 2 10 8 2 10 10 8 10 10 2 10 10 2 10 10 10
left_child=1 2 3 9 -5 6 7 -6 -7 13 11 -11 -13 16 -12 -15 17 18 19 -1 -16 -4 23 28 25 -24 27 -25 -22 -26
right_child=-2 -3 21 4 5 8 -8 -9 -10 10 14 12 -14 15 20 -17 -18 -19 -20 -21 22 -23 24 26 29 -27 -28 -29 -30 -31
leaf_value=2.020702054323201 -0.2080732908713181 0.068146643849302954 -0.093513721254385326 1.1965959327405897 -1.5509972266221452 -0.01475972711977178 -2.5382428803519437 0.24890374488358791 -0.81631865215313315 -0.37874273615937526 -1.1808181906482393 3.9293200850233476 1.0602521902741866 -2.4422977368165748 0.59308419156761394 -0.19175325001155574 3.9989733250659565e-05 -0.64608347732014959 0.1446882509376739 0.41925870137472909 1.8256014631953505 -0.70745218887123706 -0.13357615669506601 -2.4268267842254923 -1.0095559636173126 -2.6089835438350732 0.13485029828217371 0.31670631260863652 0.58324563636965743 0.22586618332759648
leaf_weight=893 12188 138735 79407 725 649 5295 584 542 1767 1447 1143 706 640 559 3393 521 295375 800 2014 1034 900 2101 2412 562 618 764 6895 579 2489 7625
leaf_count=893 12188 138735 79407 725 649 5295 584 542 1767 1447 1143 706 640 559 3393 521 295375 800 2014 1034 900 2101 2412 562 618 764 6895 579 2489 7625
internal_value=0.00131266 0.00586026 -0.0145955 0.0080553 -0.314482 -0.438453 -1.32621 -0.731899 -0.21532 0.0173625 0.172147 1.03996 2.56513 0.0018566 0.0836217 -1.35662 0.00674522 0.424496 0.641817 1.16139 0.138706 -0.109339 0.071218 0.24893 -0.106588 -0.729046 -0.0311985 -1.03462 0.913172 0.133243
internal_weight=573362 561174 422439 340931 9562 8837 1775 1191 7062 331369 30173 2793 1346 301196 27380 1080 300116 4741 3941 1927 26237 81508 22844 11425 11419 3176 8036 1141 3389 8243
internal_count=573362 561174 422439 340931 9562 8837 1775 1191 7062 331369 30173 2793 1346 301196 27380 1080 300116 4741 3941 1927 26237 81508 22844 11425 11419 3176 8036 1141 3389 8243
is_linear=0
shrinkage=0.05


Tree=206
num_leaves=31
num_cat=0
split_feature=17 12 10 12 10 5 11 13 13 0 13 13 10 12 12 12 13 13 12 8 12 12 13 13 13 13 13 13 12 12
split_gain=223786 383375 444261 486462 306983 303402 254479 209318 277625 201482 194097 191528 178350 492106 271153 562323 257794 283383 320164 241110 215651 1.31818e+06 848508 600265 553911 1.42937e+06 1.06498e+06 960118 1.20776e+06 999653
threshold=0.063709155212157517 -0.009580108063527739 -0.18758805697289105 0.010100173992290821 -0.06487286056605733 0.13461836820400411 -0.23918144089756047 0.51541258577209559 0.48991919093377562 0.01717064183803399 0.57042192365427324 0.45258161225849441 -0.080242435572512524 -0.022058472749514658 0.0065259749054591186 0.005547319853706047 0.11425369198312237 0.17481096139632726 -0.01158329952267197 0.13731482157192218 0.0013102427116815129 0.0012242074010483559 0.53436112919453171 0.55688665710186525 0.48991919093377562 0.48575935105903562 0.51103521061421431 0.48840945227260274 0.00066417888558775175 0.00029175992355564672
decision_type=2 8 10 10 10 8 10 2 2 10 2 2 8 10 10 10 2 2 10 10 10 10 2 2 2 2 2 2 10 10
left_child=12 4 -3 5 -2 -4 9 8 -8 10 11 -7 13 -1 15 16 -15 19 -19 -18 21 24 -23 -24 25 -14 -26 28 -27 -29
right_child=1 2 3 -5 -6 6 7 -9 -10 -11 -12 -13 20 14 -16 -17 17 18 -20 -21 -22 22 23 -25 26 27 -28 29 -30 -31
leaf_value=1.6039679619848515 -0.31317733824718746 0.97342555592529978 0.68041686792270784 -1.6172323361722309 1.0916640848733343 0.044467422524585 -0.50843745198657542 -0.14729700981509997 -1.6271461419376636 0.9299729608349353 0.68192199524281172 -1.180723958817598 -0.003326955626971165 1.1541865607412607 0.62458664193332758 -1.1066948943440593 0.15992776716323126 1.2455662097533544 0.085277930668803542 -1.2486769380965033 0.04270461388589266 -1.4993410123795465 1.3875533220789429 -0.69235262981395129 -0.44191072355148187 0.4030834578128894 0.034037455154595324 1.8257718075791372 2.2617915074494945 -0.75421146443726272
leaf_weight=559 640 685 801 698 991 790 5256 3723 620 596 530 535 291874 569 2253 1005 525 615 17870 721 182924 2472 514 1067 20693 1792 27206 509 1706 1431
leaf_count=559 640 685 801 698 991 790 5256 3723 620 596 530 535 291874 569 2253 1005 525 615 17870 721 182924 2472 514 1067 20693 1792 27206 509 1706 1431
internal_value=-0.000529292 -0.185695 -0.268895 -0.331704 0.540408 -0.26188 -0.324518 -0.440626 -0.626477 0.130202 -0.12676 -0.450232 0.00475136 0.137742 0.10295 0.0477874 0.104943 0.0746848 0.123881 -0.655164 -0.00127533 -0.0243094 -0.920777 -0.016153 -0.0137843 0.0116374 -0.171578 0.814819 1.30959 -0.0772983
internal_weight=572170 15865 14234 13549 1631 12851 12050 9599 5876 2451 1855 1325 556305 24117 23558 21305 20300 19731 18485 1246 532188 349264 4053 1581 345211 297312 47899 5438 3498 1940
internal_count=572170 15865 14234 13549 1631 12851 12050 9599 5876 2451 1855 1325 556305 24117 23558 21305 20300 19731 18485 1246 532188 349264 4053 1581 345211 297312 47899 5438 3498 1940
is_linear=0
shrinkage=0.05


Tree=207
num_leaves=31
num_cat=0
split_feature=9 8 14 5 10 9 14 7 14 14 13 14 13 14 13 13 13 5 13 14 13 13 5 13 14 14 14 16 1 6
split_gain=195746 395366 343658 366887 337167 335631 593659 720368 541732 640812 470314 620449 642387 467277 431606 1.03971e+06 502469 384994 378164 362424 342839 366079 295916 293617 290356 494153 279828 275504 271737 262082
threshold=1.0000000180025095e-35 0.99013482300425226 -0.033374233339537519 1.4123447243969591 -0.12006604201363399 -0.031526253646773937 0.0019090304447226898 -0.013479505919178734 0.00014252197149017991 -0.00037121405021835533 0.29346189070927042 -0.0021963370776773455 0.20834805061934403 0.0003343675616508972 0.54574647945403199 0.61936600066971781 0.67467816471364916 0.80530316230007803 0.61120339608711716 0.0019856109205337131 0.5329497340136794 0.7164059387818823 0.67609954779193193 0.56335680751173722 -0.0080407074899879888 -0.0085802334926053346 0.0073061961719905573 0.058215755743694537 -0.045814388840731281 1.0454613446308951
decision_type=10 10 8 10 10 8 8 10 8 10 2 10 2 10 2 2 2 10 2 10 2 2 10 2 8 10 8 10 10 2
left_child=1 5 -2 4 -4 6 7 -1 9 10 11 22 -13 -10 19 18 -17 -12 23 -8 -19 -22 -9 -16 25 29 -25 -15 -5 -7
right_child=2 -3 3 28 -6 24 14 8 13 -11 17 12 -14 27 15 16 -18 20 -20 -21 21 -23 -24 26 -26 -27 -28 -29 -30 -31
leaf_value=1.7841998377600921 -0.90108458184953877 -0.38784639631542728 0.76431406291887471 -1.4728833443923683 0.038151887630659014 0.119133626788541 -1.2245619948476554 -0.18172556455039837 1.9898521478618347 -1.3473876766609116 0.12144420304886359 1.6589101007776759 -0.77028500308573378 0.1681004299743476 -1.6821168839481613 1.0477325613972672 -0.3085980199334209 1.6167399221788696 -2.3312724330876242 0.1494631251177766 -0.47301917001832189 1.087846007131769 -1.5413814254944702 -0.94713758432504835 -0.026744153613089336 -1.3947336640300991 0.48528271833903913 0.98176958271898451 -0.2618294188624381 -0.41013314129520162
leaf_weight=827 985 7411 1608 514 271141 4027 500 674 620 741 4698 593 503 2404 708 1139 1705 983 529 11949 656 879 985 976 241500 931 524 1834 4686 5580
leaf_count=827 985 7411 1608 514 271141 4027 500 674 620 741 4698 593 503 2404 708 1139 1705 983 529 11949 656 879 985 976 241500 931 524 1834 4686 5580
internal_value=0.00119583 -0.0272803 0.0311973 0.0345012 0.042433 -0.0179522 0.128484 0.346207 0.269828 0.0712135 0.176638 -0.379116 0.544051 0.707778 -0.0695196 -0.434885 0.234602 0.388819 -1.13054 0.094277 0.887677 0.420792 -0.988996 -0.84287 -0.0379546 -0.294865 -0.446745 0.520217 -0.381537 -0.188279
internal_weight=572810 293876 278934 277949 272749 286465 34427 16397 15570 10712 9971 2755 1096 4858 18030 5581 2844 7216 2737 12449 2518 1535 1659 2208 252038 10538 1500 4238 5200 9607
internal_count=572810 293876 278934 277949 272749 286465 34427 16397 15570 10712 9971 2755 1096 4858 18030 5581 2844 7216 2737 12449 2518 1535 1659 2208 252038 10538 1500 4238 5200 9607
is_linear=0
shrinkage=0.05


Tree=208
num_leaves=31
num_cat=0
split_feature=8 9 0 17 12 12 14 14 14 12 12 12 12 14 14 14 14 14 12 14 14 14 12 10 12 12 10 14 12 14
split_gain=208149 282315 252751 211963 280358 199977 474926 197519 757817 699695 1.72438e+06 1.315e+06 2.16912e+06 1.51482e+06 1.36431e+06 1.04001e+06 771606 753143 711189 697427 667821 1.14791e+06 1.62357e+06 632350 1.15036e+06 1.02773e+06 715732 660198 612309 596724
threshold=0.031969396965900933 0.043735403214837362 0.0051282902416904209 0.023086909610756341 0.0039427794345600299 0.0046182709642192434 0.0014120469035604894 0.0026025985920121526 0.0025310492192112525 -0.0047965554486507833 -0.0040345718616529034 -0.0070682575628737343 -0.0076246522117263543 0.0062769340166878461 0.01084061813491532 0.0071208999487286442 0.0028928064067324064 0.0058773034096143749 -0.0043736237095983177 0.0048417385279928759 0.0027305333897758564 0.0035075239585083996 -0.0099511172059858315 0.0088045082202053444 -0.010324644599988417 -0.012776247349859415 -0.043623011016627335 0.013401794456808247 -0.0052980094234980355 0.003632857038501565
decision_type=10 10 10 2 8 8 8 8 10 8 8 10 10 8 10 10 10 10 10 10 8 10 10 10 10 10 10 10 10 8
left_child=1 2 -1 4 -2 6 -6 8 -5 11 16 12 20 -13 15 -15 -11 19 -19 29 -9 22 -22 24 25 27 -26 -23 -16 -18
right_child=3 -3 -4 7 5 -7 -8 9 -10 10 -12 13 -14 14 28 -17 17 18 -20 -21 21 23 -24 -25 26 -27 -28 -29 -30 -31
leaf_value=0.21384996804527182 0.082634369196033744 0.90040192161484967 -0.12225092918410548 -0.045910542927397074 -1.3606937148649891 -0.082014189706310359 0.15947226763256178 1.382195523479002 -0.79528354762019893 -2.3067695167708271 0.0060481792937112366 1.0005692861876365 -2.4861049686205581 0.05055152840578734 2.1065548290469631 -2.2374115685702827 0.5258093807882902 -0.62534852066863866 -2.5488601803660758 1.3132331527217671 0.26371760384797993 1.1388253660798293 -2.6848114910680159 -0.29783295695237011 2.4420547341988623 -1.6335182078329327 0.70060063215459512 -0.60321406457159255 -0.22550829275883735 -0.90212047949138996
leaf_weight=16590 94038 1154 8439 213044 1074 8157 985 924 3428 752 194661 8388 876 1005 644 982 1018 1171 815 621 976 1354 895 3700 920 813 1645 909 500 2601
leaf_count=16590 94038 1154 8439 213044 1074 8157 985 924 3428 752 194661 8388 876 1005 644 982 1018 1171 815 621 976 1354 895 3700 920 813 1645 909 500 2601
internal_value=-0.00193731 0.135781 0.100527 -0.00853067 0.0556091 -0.193157 -0.633465 -0.0236373 -0.0577774 0.00903892 -0.0216356 0.261176 -0.0832618 0.650257 -0.288236 -1.08019 -0.793912 -0.611183 -1.41471 -0.234817 0.09018 -0.0162972 -1.14672 0.210127 0.543304 -0.108713 1.32522 0.439084 1.0873 -0.500454
internal_weight=573079 26183 25029 546896 104254 10216 2059 442642 216472 226170 201639 24531 13012 11519 3131 1987 6978 6226 1986 4240 12136 11212 1871 9341 5641 3076 2565 2263 1144 3619
internal_count=573079 26183 25029 546896 104254 10216 2059 442642 216472 226170 201639 24531 13012 11519 3131 1987 6978 6226 1986 4240 12136 11212 1871 9341 5641 3076 2565 2263 1144 3619
is_linear=0
shrinkage=0.05


Tree=209
num_leaves=31
num_cat=0
split_feature=7 10 0 6 14 13 17 9 7 12 14 14 12 12 12 17 14 9 13 13 12 9 12 14 14 13 12 13 14 12
split_gain=193433 370912 229909 206799 206126 992186 475853 475366 257224 253691 233140 305804 439491 401373 850009 317665 252446 606607 340362 778676 311687 461270 300055 1.039e+06 1.13183e+06 1.04167e+06 839519 582264 535630 1.21686e+06
threshold=-0.013479505919178734 -0.05385304916454927 0.00030309345079777345 7.2017970545726691 -0.033374233339537519 0.56736237614964247 0.035724629278707294 -0.0057861097718701565 0.014985696435696952 -0.022058472749514658 -0.01796644498195283 -0.021658507068033826 -0.001971657212894184 0.0031633743668316463 -0.0083764560395833219 0.032925521202240828 -0.013851110702276003 0.010200721979538691 0.33459556191839662 0.52135258358662628 -0.018397836894734759 -0.011640917825483646 0.0069817067548779725 -0.0073043107792539535 -0.0045940713398687502 0.4574647945403188 0.0084027174470880702 0.68048651507139091 0.00083291358709311307 0.00962621090158222
decision_type=10 10 10 2 8 2 2 10 10 8 8 10 10 10 10 2 8 10 2 2 8 10 10 8 8 2 10 2 10 10
left_child=1 2 -1 -3 5 7 -7 -2 9 -6 11 13 -13 14 -11 -14 17 18 -12 -20 21 -18 -22 -24 -25 -26 27 -27 29 -28
right_child=4 3 -4 -5 8 6 -8 -9 -10 10 16 12 15 -15 -16 -17 20 -19 19 -21 22 -23 23 24 25 26 28 -29 -30 -31
leaf_value=1.4151919739813683 -0.45867080348328904 0.16844502315436433 0.3685208936846191 -0.67699259079071916 -0.64679200162051942 -0.34321967161081202 1.6818815709571162 -2.5355506796682246 -0.3925308323515882 -1.0209562266144896 -0.79339948477252209 -0.12056950730451702 0.46482193078145501 -0.84203493609520152 1.5520088682417994 2.0764444998308749 1.4158543854792998 -1.4883271504390019 1.5643931844348433 -0.37522868819677879 -0.011471065301279065 -0.24511113717993946 0.92429563394777492 -0.79749468810907853 -1.9541799959543162 0.15923740953991289 -1.0219918132826094 1.2799633207934789 -0.37305561527783793 0.90107315564824786
leaf_weight=892 520 3862 1274 890 1530 678 507 586 4289 537 1104 781 532 916 798 719 938 967 777 1549 525346 754 3842 3435 533 1938 1107 2883 4497 3202
leaf_count=892 520 3862 1274 890 1530 678 507 586 4289 537 1104 781 532 916 798 719 938 967 777 1549 525346 754 3842 3435 533 1938 1107 2883 4497 3202
internal_value=-0.00550746 0.257279 0.79956 0.0101034 -0.00872357 -0.48203 0.523216 -1.55908 -0.00679747 -0.00383621 -0.0020706 0.365405 0.810081 -0.0360082 0.517041 1.39109 -0.00491737 -0.382265 -0.0704399 0.272702 -0.00189225 0.675684 -0.00398899 0.179371 0.0167107 0.214224 0.299038 0.829441 0.00866003 0.40703
internal_weight=572183 6918 2166 4752 565265 2291 1185 1106 562974 558685 557155 4283 2032 2251 1335 1251 552872 4397 3430 2326 548475 1692 546783 21437 17595 14160 13627 4821 8806 4309
internal_count=572183 6918 2166 4752 565265 2291 1185 1106 562974 558685 557155 4283 2032 2251 1335 1251 552872 4397 3430 2326 548475 1692 546783 21437 17595 14160 13627 4821 8806 4309
is_linear=0
shrinkage=0.05


Tree=210
num_leaves=31
num_cat=0
split_feature=10 8 8 8 2 14 7 14 13 13 12 14 13 12 10 12 13 13 14 14 14 12 14 12 14 12 13 12 13 12
split_gain=210680 239846 196006 201740 355373 463658 355627 339166 337367 1.03921e+06 624634 1.85854e+06 395080 394921 321981 398990 324014 487197 338119 294887 335642 540459 297417 475756 460912 410209 365241 288500 500030 446999
threshold=0.20969083329394492 0.77017888198757245 0.99997371464619966 0.7142857142857153 0.0060010979052871399 0.0093921061047047109 0.0036801700911028184 0.003175157908231327 0.57764857881136955 0.54011518679355708 0.0053948992070044144 -0.0076510020158406878 0.90882120253164567 0.016890380576231493 -0.028115723747919607 0.0043693898379462215 0.6278103044496488 0.6462500000000001 0.0018302000131842191 0.00099970194329166372 0.0028007178706627592 0.0062609719852773889 -0.0073043107792539535 0.013653625485355612 -0.013851110702276003 0.0084027174470880702 0.75141677792006112 -0.009218330210910267 0.28708151012516542 -0.0061352421811348484
decision_type=10 8 10 8 8 10 8 8 2 2 8 10 2 10 10 10 2 2 10 10 10 10 10 10 10 10 2 10 2 10
left_child=2 -2 3 4 5 -1 -6 8 9 -5 11 -10 13 19 15 16 18 -18 -13 22 21 -21 24 -24 25 -12 -26 -7 29 -29
right_child=1 -3 -4 7 6 27 -8 -9 10 -11 12 14 -14 -15 -16 -17 17 -19 -20 20 -22 -23 23 -25 26 -27 -28 28 -30 -31
leaf_value=0.015720057482813767 -0.80133233074553134 0.38164644707379675 -0.20274485388613825 -0.01606572837824911 -0.087723337844591409 0.47371843034482525 -0.63032231336091504 0.14813011410451057 -2.485385027483451 0.67320562583446364 -1.434255915074353 -0.3035113492513834 -0.88925877668990605 1.4271932873844417 -0.095575637337342395 -1.5226811642388656 1.4875069866207715 -0.56262264384833338 -1.792264543517387 1.834947873133947 -0.55192607080494926 0.24886424848037461 -0.4008111810443703 1.1503085655545331 1.4854487368105371 0.22471720969857964 0.1608539717887974 -0.54934756466448309 -0.27479235831275828 -2.4115687305631894
leaf_weight=325537 1640 580 12170 44633 83572 920 3133 55488 949 6232 527 1265 914 611 13334 919 505 680 546 850 540 1459 4966 549 1054 1272 1028 750 6119 565
leaf_count=325537 1640 580 12170 44633 83572 920 3133 55488 949 6232 527 1265 914 611 13334 919 505 680 546 850 540 1459 4966 549 1054 1272 1028 750 6119 565
internal_value=-0.00612476 -0.492266 -0.00423498 8.74275e-05 -0.0171393 0.00628133 -0.10733 0.0524693 -0.0116118 0.0683841 -0.138895 -0.331151 0.115184 0.186596 -0.21263 -0.611304 -0.331746 0.311061 -0.752357 0.124692 0.570291 0.832741 -0.0104194 -0.246402 0.324918 -0.261263 0.831422 -0.361525 -0.464891 -1.34947
internal_weight=573307 2220 571087 558917 420596 333891 86705 138321 82833 50865 31968 18198 13770 12856 17249 3915 2996 1185 1811 12245 2849 2309 9396 5515 3881 1799 2082 8354 7434 1315
internal_count=573307 2220 571087 558917 420596 333891 86705 138321 82833 50865 31968 18198 13770 12856 17249 3915 2996 1185 1811 12245 2849 2309 9396 5515 3881 1799 2082 8354 7434 1315
is_linear=0
shrinkage=0.05


Tree=211
num_leaves=31
num_cat=0
split_feature=17 12 14 12 5 13 12 11 14 14 14 12 14 13 13 12 12 13 14 13 7 12 12 12 12 13 13 13 12 12
split_gain=231291 441594 335502 444526 501180 474948 345200 717581 327610 223147 885550 1.1547e+06 727917 2.09081e+06 1.00533e+06 983754 2.05258e+06 1.97617e+06 1.71681e+06 1.12738e+06 882810 650921 2.4947e+06 1.15688e+06 1.03164e+06 975614 795813 679322 647212 1.10011e+06
threshold=0.063709155212157517 0.012472248262135881 0.02042647176750689 -0.009218330210910267 0.15925637336796977 0.20082304526748976 0.0046182709642192434 -0.20972053098206908 -0.016262574947656892 0.0059355918821889335 0.0055852927927514022 -0.0022352511682086954 0.0059817194653357655 0.58835633018639566 0.12723558433549184 -0.0064836710996034408 -0.0059250802429191285 0.24833449179276054 0.0082918860079702356 0.18203383094463352 -0.0028731388824826984 0.00098404065937080518 0.0014357847940820736 -7.4666165881012559e-05 0.0002263029525904646 0.60669865403788636 0.4257745129351645 0.54574647945403199 -0.0026961470868247499 -0.0020305403594664752
decision_type=2 8 10 10 10 2 10 10 8 8 10 10 8 2 2 8 8 2 10 2 10 10 10 10 10 2 2 2 8 8
left_child=9 2 3 5 -5 -2 8 -8 -6 10 -1 -12 13 -11 -14 18 -17 -18 19 -16 -21 23 -23 26 -25 27 -13 -24 -19 -30
right_child=1 -3 -4 4 6 -7 7 -9 -10 12 11 21 14 -15 15 16 17 28 -20 20 -22 22 25 24 -26 -27 -28 -29 29 -31
leaf_value=0.001929208435345867 -0.039851573940993534 -1.3201706075172239 0.7753179152224966 0.80541922700186763 -1.6445797192536729 1.7798101914014748 1.7395153909387924 -0.39134312672261706 -0.42503434210851393 -0.067998756493677148 -2.3591990764355764 -0.63734898212948421 -1.3142724303795568 3.4373266116556227 0.26888024306462993 -2.5334909052834149 -2.256136549713839 0.45993700159807099 0.062103686109933165 4.0117039136555368 1.4230506633767903 2.3938153274065601 -0.47436420875062457 -3.2778476870120055 -0.90254306939805218 0.23582555757723039 1.2746427479940463 -2.3523134133388686 -0.88518100128557764 0.072522385817579638
leaf_weight=455418 1010 817 965 969 586 556 561 1336 9137 1365 742 1549 1319 618 706 772 913 9984 3611 673 645 945 1149 620 1740 2418 839 829 3139 67030
leaf_count=455418 1010 817 965 969 586 556 561 1336 9137 1365 742 1549 1319 618 706 772 913 9984 3611 673 645 945 1149 620 1740 2418 839 829 3139 67030
internal_value=-0.000107127 -0.187918 -0.126738 -0.188234 -0.287058 0.60621 -0.378161 0.238816 -0.498536 0.00526633 -0.00869745 -0.455524 0.0769887 1.02443 0.0558294 0.076489 0.0324897 0.0569258 0.715498 1.88121 2.74487 -0.315517 0.0631472 -0.741474 -1.52656 -0.437872 0.0344103 -1.26143 0.0832733 0.0296797
internal_weight=572961 15937 15120 14155 12589 1566 11620 1897 9723 557024 466249 10831 90775 1983 88792 87473 81838 81066 5635 2024 1318 10089 5341 4748 2360 4396 2388 1978 80153 70169
internal_count=572961 15937 15120 14155 12589 1566 11620 1897 9723 557024 466249 10831 90775 1983 88792 87473 81838 81066 5635 2024 1318 10089 5341 4748 2360 4396 2388 1978 80153 70169
is_linear=0
shrinkage=0.05


Tree=212
num_leaves=31
num_cat=0
split_feature=13 4 12 14 14 13 14 7 13 13 12 11 12 14 12 14 14 14 14 13 14 14 14 13 12 14 13 14 13 14
split_gain=188616 289824 264268 469330 454825 299146 486768 233440 202034 1.58003e+06 395698 378221 527612 409958 369463 490684 618288 331722 312831 260895 999044 1.37429e+06 1.00845e+06 1.78156e+06 1.0707e+06 970574 775025 775373 661891 655400
threshold=0.90882120253164567 -0.19862310695070212 0.013653625485355612 0.00052547684438546604 -0.0045940713398687502 0.8460462670872767 -0.0066860323921768099 0.0064301631071543505 0.72128291540526657 0.7164059387818823 0.012472248262135881 -0.085140005716513603 0.005547319853706047 0.0050249561938617059 0.0067004030608599323 -0.0039378222928587456 -0.01034056252125609 0.0050249561938617059 0.0013702197810088557 0.66909206366005647 -0.0049073893549430704 -3.661570586478712e-05 0.0025653765985822938 0.68048651507139091 0.0037372501179207171 0.0028356026167798884 0.68048651507139091 -0.00081376696052021442 0.67755265262596642 -0.0010586915565139472
decision_type=2 10 10 10 10 2 10 8 2 2 10 10 8 8 10 10 10 10 10 2 8 8 8 2 10 8 2 10 2 10
left_child=2 -2 5 4 7 8 -7 -4 9 10 19 14 -13 -14 18 16 -16 -17 -10 -1 -21 26 23 24 -23 -24 -22 29 -26 -28
right_child=1 -3 3 -5 -6 6 -8 -9 11 -11 -12 12 13 -15 15 17 -18 -19 -20 20 21 22 25 -25 28 -27 27 -29 -30 -31
leaf_value=-0.0069213712230878494 -1.5345144858874045 -0.065735920277522439 -0.22707595160633731 -0.71647698948347005 2.0450424284942144 0.41210681750418543 -1.3534485445423858 1.0567266808090312 -0.91053523694035943 -1.4256387078650334 -1.2856934097926684 0.65923110586836542 -0.025260144033921024 -0.953880915781115 1.2041005957649271 1.5462740570767597 -1.1070099833344418 0.23477508500787136 0.37878281375927708 1.3193742746668278 0.6139274149671744 1.1174251602177725 -1.6195938218631316 1.4019052812950132 -0.24266029032979081 0.13603642340076358 -1.2030127425901433 -2.6638649892413278 -2.6912723683092716 0.45275704682056539
leaf_weight=524111 507 995 740 607 584 634 1016 679 678 1954 599 2523 9147 1366 536 1827 629 655 1537 1739 872 636 862 3972 556 9076 1991 615 548 854
leaf_count=524111 507 995 740 607 584 634 1016 679 678 1954 599 2523 9147 1366 536 1827 629 655 1537 1739 872 636 862 3972 556 9076 1991 615 548 854
internal_value=-0.00195272 -0.561522 -0.000482191 0.501488 0.870587 -0.002785 -0.675047 0.387231 -0.000829655 -0.00636886 -0.00129365 0.159908 0.0099098 -0.14592 0.493476 0.802827 -0.0437007 1.20017 -0.0158707 0.000115859 0.169919 0.0698836 0.288044 0.817457 -0.516698 -0.016243 -0.718254 -1.05399 -1.45809 -0.705991
internal_weight=573045 1502 571543 2610 2003 568933 1650 1419 567283 548385 546431 18898 13036 10513 5862 3647 1165 2482 2215 545832 21721 19982 15650 5712 1740 9938 4332 3460 1104 2845
internal_count=573045 1502 571543 2610 2003 568933 1650 1419 567283 548385 546431 18898 13036 10513 5862 3647 1165 2482 2215 545832 21721 19982 15650 5712 1740 9938 4332 3460 1104 2845
is_linear=0
shrinkage=0.05


Tree=213
num_leaves=31
num_cat=0
split_feature=17 2 6 14 14 12 13 12 12 13 12 14 9 13 14 12 12 17 14 14 13 13 14 8 14 12 13 10 14 13
split_gain=209513 207269 494244 344788 466352 860641 524055 511135 411426 2.62441e+06 1.11666e+06 889874 725664 712121 577265 775678 351411 349180 337712 332451 490695 310255 1.54917e+06 747319 647218 602189 1.18667e+06 700490 356612 351001
threshold=0.018116400453426794 -0.021361181482863981 0.53457126590547366 -0.0080407074899879888 -0.0073043107792539535 0.0074590984930701697 0.65143670371374374 -0.00011546895183519087 0.0058347562935567665 0.60669865403788636 0.0034523123365529499 -0.013851110702276003 -0.014323806620185241 0.45258161225849441 -0.011175828150746085 0.0065259749054591186 -0.0033673048129944038 0.030305756423456367 -0.0076510020158406878 -0.0064556919326447977 0.65143670371374374 0.12723558433549184 -0.0010586915565139472 0.15730337078652146 0.0019856109205337131 -0.010932977868723071 0.20082304526748976 0.0044087537001755031 -0.0066860323921768099 0.50444926393270251
decision_type=2 8 2 8 8 10 2 10 10 2 8 10 10 2 10 10 8 2 10 8 2 2 8 10 10 8 2 10 10 2
left_child=-1 2 -2 8 5 6 7 -5 9 10 12 -10 13 16 -13 -16 -3 -11 -9 20 -6 22 23 -4 -24 26 27 28 -23 -27
right_child=1 3 21 4 19 -7 -8 18 11 17 -12 14 -14 -15 15 -17 -18 -19 -20 -21 -22 25 24 -25 -26 29 -28 -29 -30 -31
leaf_value=0.12807010620605674 1.0689308226829939 -1.1997151946257103 -0.46195006737086386 -0.73145353720145634 -0.11109992285701774 1.7176988065697483 -1.3557983110003713 0.12206244133742511 -0.55796769900751919 -1.82637309986816 1.9161654917260702 2.1162753978052309 -0.028989869523823084 -2.4030746933792821 1.9656150016874863 -0.12997145403005489 0.45555732179270597 -3.6362981568129968 1.651865552800639 -0.0094663493676748114 -1.3376649266260596 0.49250145048413957 1.8325947803951399 -2.5801009299451128 -0.15445467034161847 -0.079026801346226708 2.8620608977319901 1.7461251608063333 -0.95692717667886074 0.41086541033792073
leaf_weight=29381 1322 694 896 673 2779 1106 526 678 2880 502 603 560 5659 714 570 1960 596 568 771 493437 1154 875 723 778 946 14502 570 626 824 4889
leaf_count=29381 1322 694 896 673 2779 1106 526 678 2880 502 603 560 5659 714 570 1960 596 568 771 493437 1154 875 723 778 946 14502 570 626 824 4889
internal_value=-0.00197909 -0.00901094 0.126166 -0.0160654 -0.00892545 0.546272 0.0569972 0.4072 -0.249832 -0.457128 -0.155516 0.0743423 -0.318536 -1.13617 0.66368 0.342157 -0.434954 -2.78716 0.936057 -0.0131159 -0.470992 0.0775364 -0.371634 -1.44637 0.706322 0.144914 0.817575 0.316346 -0.210459 0.0444884
internal_weight=572762 543381 26951 516430 501124 3754 2648 2122 15306 9336 8266 5970 7663 2004 3090 2530 1290 1070 1449 497370 3933 25629 3343 1674 1669 22286 2895 2325 1699 19391
internal_count=572762 543381 26951 516430 501124 3754 2648 2122 15306 9336 8266 5970 7663 2004 3090 2530 1290 1070 1449 497370 3933 25629 3343 1674 1669 22286 2895 2325 1699 19391
is_linear=0
shrinkage=0.05


Tree=214
num_leaves=31
num_cat=0
split_feature=8 6 10 6 13 12 12 12 13 14 13 12 14 13 12 11 14 14 14 14 14 14 14 12 12 12 10 14 14 13
split_gain=176301 227291 246085 212876 163539 558366 1.84749e+06 1.07645e+06 857523 786729 680212 555602 1.04809e+06 1.05239e+06 543422 501890 500586 3.64112e+06 656851 430571 711802 487310 411450 464709 369075 364047 360806 325187 312575 514666
threshold=0.99997371464619966 10.698914546605371 0.022484452632868725 1.9849390649434899 0.66909206366005647 0.0043693898379462215 0.0047207016233077543 0.0042747392626906007 0.69271670416800613 0.00045539622530546954 0.72128291540526657 0.005547319853706047 -0.0024130478916207397 0.68048651507139091 0.005547319853706047 -0.094909287039976406 0.0028007178706627592 0.00099970194329166372 0.0055241245800905373 -0.00054707319914303108 -0.0045940713398687502 0.0023043808513056982 -0.00029924077208414774 0.0039427794345600299 0.012472248262135881 0.0052558494206341568 -0.03795578572569528 -0.011175828150746085 0.02042647176750689 0.38039962466191979
decision_type=10 2 8 2 2 8 8 10 2 10 2 8 8 2 8 10 10 10 10 8 10 10 10 10 10 10 10 10 10 2
left_child=1 4 -3 -2 24 7 9 22 11 -7 16 -8 -13 -14 25 19 17 26 -18 20 27 -21 -6 -24 28 -12 -10 -16 -1 -30
right_child=3 2 -4 -5 5 6 8 -9 10 -11 14 12 13 -15 15 -17 18 -19 -20 21 -22 -23 23 -25 -26 -27 -28 -29 29 -31
leaf_value=-0.003643294369156916 -0.28937387576994056 0.036691921523413017 -0.49692264451469442 0.24481259878430883 -1.0221804046958958 -2.5354587566324285 1.3053514128253227 2.3003345026796111 -1.5519852185734415 -0.51643519627217627 0.41096666093491896 1.7259150026933519 -1.4841063285956948 0.52838926376300521 0.92574778347249542 -0.11345186281679849 -1.5974670948610221 2.6128747236373986 -0.10674758712279105 -0.79030599001267676 1.6848330911438254 0.46833233673004637 0.66823935554944991 -0.34673982446515156 -1.3360000703728339 1.7598792595448201 -0.4775884149871969 -0.53029853562947438 -0.14408085335413665 1.1995618239388124
leaf_weight=502481 9973 4001 4697 2294 545 928 2101 744 1026 1005 1424 952 1012 1814 700 13778 1607 1002 1368 1162 1397 2274 4481 1507 518 771 3278 848 1439 1412
leaf_count=502481 9973 4001 4697 2294 545 928 2101 744 1026 1005 1424 952 1012 1814 700 13778 1607 1002 1368 1162 1397 2274 4481 1507 518 771 3278 848 1439 1412
internal_value=-0.00196784 0.00213764 -0.251465 -0.189478 0.0061368 0.0966929 0.0206773 0.49831 0.100425 -1.48573 -0.005722 0.653546 0.291068 -0.192292 0.137677 0.0563299 -0.392819 -0.101728 -0.911987 0.422927 0.866568 0.0426811 0.29309 0.4128 -0.0020486 0.884776 -0.733706 0.12812 -0.00068121 0.521378
internal_weight=572539 560272 8698 12267 551574 45724 38447 7277 36514 1933 30635 5879 3778 2826 22354 20159 8281 5306 2975 6381 2945 3436 6533 5988 505850 2195 4304 1548 505332 2851
internal_count=572539 560272 8698 12267 551574 45724 38447 7277 36514 1933 30635 5879 3778 2826 22354 20159 8281 5306 2975 6381 2945 3436 6533 5988 505850 2195 4304 1548 505332 2851
is_linear=0
shrinkage=0.05


Tree=215
num_leaves=31
num_cat=0
split_feature=13 13 14 14 14 12 14 14 14 13 14 13 12 12 14 14 13 14 14 12 13 12 13 14 13 13 14 13 12 13
split_gain=195652 944994 1.61191e+06 1.31731e+06 1.97683e+06 1.08659e+06 1.77396e+06 1.6152e+06 1.29116e+06 1.2844e+06 1.27022e+06 907686 1.30056e+06 2.68672e+06 1.46282e+06 1.20666e+06 1.50885e+06 1.39599e+06 1.38081e+06 1.19814e+06 1.14814e+06 1.01608e+06 939782 1.14009e+06 1.01482e+06 1.4226e+06 1.48972e+06 2.54376e+06 2.04362e+06 906842
threshold=0.51136375615361118 0.48991919093377562 0.017502042061277878 -0.0080407074899879888 -0.0034352202709559058 0.00077486714317006559 0.0089500665715177719 -0.0010586915565139472 0.0065414192418236875 0.49149650026031128 0.00099970194329166372 0.47001577287066248 0.0010528360006220414 0.0011816466146470515 -0.0073043107792539535 0.0058773034096143749 0.47739280499137132 0.003632857038501565 -0.0045940713398687502 -1.0000000180025095e-35 0.47610893672537513 0.0001377558764571593 0.46374525670918493 0.0067211774124182394 0.45608462009387124 0.45923146655922648 0.0028792428502272321 0.46218202374222733 1.0000000180025095e-35 0.48692587054048286
decision_type=2 2 8 10 10 10 10 10 10 2 10 2 8 8 8 10 2 8 10 8 2 8 2 10 2 2 10 2 10 2
left_child=1 11 3 -3 -5 6 7 -6 10 -7 -9 12 22 -14 -15 17 -17 18 20 -19 -13 -21 24 -24 -1 -26 27 28 -27 -23
right_child=-2 2 -4 4 5 9 -8 8 -10 -11 -12 15 13 14 -16 16 -18 19 -20 21 -22 29 23 -25 25 26 -28 -29 -30 -31
leaf_value=-0.010000171441001383 0.037059568869161411 -2.6434523663246194 1.4742621078413274 1.6842971759951084 -2.6909243312576576 2.1330472820232638 -3.3466852892066457 0.90911766075740763 0.75964698022414234 -0.17852662782510773 -0.81985305589277679 0.82612627357845736 -3.050562365140395 1.5646111750383493 -0.50901049028446066 -0.23136062121831863 1.5584020860120382 0.8190803814229235 0.48004186866542126 -2.2119788750674321 -1.2831931070804679 -0.17730319770865419 -0.70129488100342674 1.2442560450917182 1.1922412073238489 1.0058796861058512 -0.61883131922315249 2.7740133648543357 -2.591969331907614 -1.8345728356758162
leaf_weight=265579 208778 616 1254 1196 849 629 602 1184 1916 13466 10334 917 986 938 9117 1796 3420 1531 19320 988 2176 4620 7930 832 4283 1077 3823 1099 623 1005
leaf_count=265579 208778 616 1254 1196 849 629 602 1184 1916 13466 10334 917 986 938 9117 1796 3420 1531 19320 988 2176 4620 7930 832 4283 1077 3823 1099 623 1005
internal_value=-0.00152827 -0.0236545 -0.282948 -0.35451 -0.307785 -0.389998 -0.687926 -0.575865 -0.442198 -0.0753709 -0.642122 0.00136907 -0.0273553 -0.559813 -0.315569 0.239277 0.942142 0.119299 0.323015 -0.441344 -0.657831 -0.73315 -0.00674551 -0.516554 0.00941073 0.482142 0.0228608 0.899313 -0.312626 -0.473402
internal_weight=572884 364106 32046 30792 30176 28980 14885 14283 13434 14095 11518 332060 296287 11041 10055 35773 5216 30557 22413 8144 3093 6613 285246 8762 276484 10905 6622 2799 1700 5625
internal_count=572884 364106 32046 30792 30176 28980 14885 14283 13434 14095 11518 332060 296287 11041 10055 35773 5216 30557 22413 8144 3093 6613 285246 8762 276484 10905 6622 2799 1700 5625
is_linear=0
shrinkage=0.05


Tree=216
num_leaves=31
num_cat=0
split_feature=0 14 12 12 12 12 12 14 12 14 13 13 13 12 14 14 14 14 12 14 14 14 9 12 14 13 14 14 14 14
split_gain=227981 319531 630701 459806 877597 855559 626306 751476 597292 501168 483549 1.08034e+06 855429 548217 398378 370309 295898 387963 294795 344812 306849 293926 292816 550234 438188 1.33768e+06 383094 455935 394747 1.02415e+06
threshold=0.0022928778140067912 0.00014252197149017991 0.00962621090158222 0.0021095789575273209 -0.0021742972660686462 -0.0057617062163388575 0.0025381492810945508 -0.00081376696052021442 0.0030639036876704264 -0.00073415838159448913 0.43431837791199318 0.30337009172420909 0.48035355874633323 -0.018397836894734759 -0.0073043107792539535 -0.0014324399999777863 -0.0011851451013237192 -0.00098861099964685771 9.7573030536232216e-05 -0.0018105553692524285 -0.0019443866454812513 0.0003343675616508972 -0.028265387840447787 -0.022058472749514658 -0.033374233339537519 0.56736237614964247 0.0026909570017902428 0.0027127406531941805 -0.0020407902496278082 -0.0019443866454812513
decision_type=8 10 10 10 10 10 10 8 10 10 2 2 2 10 10 10 10 10 10 10 8 10 8 10 8 2 8 8 10 10
left_child=22 2 3 4 5 10 7 -5 -8 15 11 13 -12 -2 -10 -7 18 -18 20 -20 -6 -3 23 -1 25 -24 28 -28 -26 -30
right_child=1 21 -4 6 16 9 8 -9 14 -11 12 -13 -14 -15 -16 -17 17 -19 19 -21 -22 -23 24 -25 26 -27 27 -29 29 -31
leaf_value=1.6591492277880509 -1.4655390265244015 0.56076240869994098 0.659264744865657 -0.54191485938677386 0.4317863754957616 -0.87828855455054622 0.71272081744466576 -2.8164516256183036 0.34530097678796462 -1.6506635153587799 -2.4042329789086554 2.0627912881007808 -0.13261133302722061 0.12659415936329096 -0.63170721088930204 0.52262530953623354 -1.0859116837255136 0.21130248366668825 0.54080005726832725 -0.81143385874900498 1.7229776794384311 -0.017152660802181124 -2.10725046013129 0.16582774481451928 0.091487477901692843 0.54605385672061812 1.174089733749943 0.097041844125269394 -1.3238831281827093 -0.051519300553239611
leaf_weight=636 618 2220 2116 927 947 1794 1178 597 1221 1593 547 673 1710 4321 7172 640 703 3200 2123 606 895 245939 921 20488 56408 981 994 85612 1602 123832
leaf_count=636 618 2220 2116 927 947 1794 1178 597 1221 1593 547 673 1710 4321 7172 640 703 3200 2123 606 895 245939 921 20488 56408 981 994 85612 1602 123832
internal_value=0.000502365 -0.0315704 -0.176321 -0.232514 -0.0914512 -0.368442 -0.491499 -1.43292 -0.341595 -0.961181 -0.0651051 0.183458 -0.683155 -0.072624 -0.489574 -0.50993 0.297395 -0.022349 0.570413 0.240524 1.05916 -0.0119827 0.0315041 0.210789 0.0174955 -0.738748 0.0228537 0.109403 -0.0183674 -0.0677695
internal_weight=573214 281740 33581 31465 20370 11896 11095 1524 9571 4027 7869 5612 2257 4939 8393 2434 8474 3903 4571 2729 1842 248159 291474 21124 270350 1902 268448 86606 181842 125434
internal_count=573214 281740 33581 31465 20370 11896 11095 1524 9571 4027 7869 5612 2257 4939 8393 2434 8474 3903 4571 2729 1842 248159 291474 21124 270350 1902 268448 86606 181842 125434
is_linear=0
shrinkage=0.05


Tree=217
num_leaves=31
num_cat=0
split_feature=11 13 13 12 13 12 12 12 13 14 13 12 12 14 14 13 12 14 12 12 12 14 13 12 14 12 13 14 13 13
split_gain=202920 458937 519052 2.83532e+06 1.06498e+06 640493 1.01204e+06 605107 632673 615257 1.92718e+06 1.8259e+06 1.33204e+06 1.23564e+06 666749 604353 1.19735e+06 861885 880238 895874 725000 706443 513771 1.02681e+06 766384 502351 925121 1.15624e+06 760887 880771
threshold=-0.092887740483662051 0.086379690949227386 0.23871975019516004 -0.012776247349859415 0.24277598854893542 -0.0083764560395833219 -0.0073909465954626521 -0.018397836894734759 0.14237178822743557 0.0029997106305038285 0.18612563033917431 -0.0070682575628737343 -0.010324644599988417 0.0027127406531941805 0.0082918860079702356 0.41800076844262302 -0.0019085968302541385 0.0060707602189851726 -0.0055529359160462902 -0.0039581796496085007 -0.0026961470868247499 0.0054690193305115811 0.38039962466191979 -0.0026961470868247499 0.0046292428745776286 -0.0034388706987858726 0.30031645569620258 -0.0055040751619077934 0.26844386212457172 0.27714118277826966
decision_type=8 2 2 8 2 8 8 10 2 10 2 10 10 10 10 2 8 8 10 10 10 10 2 10 10 10 2 10 2 2
left_child=1 -1 7 -4 -5 -6 -7 8 -3 13 12 -12 14 -9 -11 17 -17 21 -19 -20 -21 22 24 -24 25 26 27 -8 -29 -30
right_child=-2 2 3 4 5 6 15 9 -10 10 11 -13 -14 -15 -16 16 -18 18 19 20 -22 -23 23 -25 -26 -27 -28 28 29 -31
leaf_value=1.026285676675714 -0.024565888744739878 -0.1788904301601279 3.7969724091303116 2.2189004991360952 -1.3934785474379079 1.4825145060817402 2.3226447757818169 -0.057618216597085659 -2.2593773204377956 -1.8981804858202513 -4.0470834141875285 -0.43640752400741029 1.5231802635543497 2.4320639050493202 0.39871841167217831 2.0634405309245123 0.099797651339931195 2.1515665555092007 -0.90948805620525774 1.302632930878965 -0.13985307829531546 -1.5607912223455469 -2.6391510437324159 -0.40471438631142331 1.1671289880782287 0.11796533407435161 -0.87905148500779084 -1.0032246114552386 1.6006113016527461 -0.31799289229242961
leaf_weight=1188 452467 742 510 568 765 1233 515 9171 720 712 663 742 1051 527 568 785 70148 650 1336 1822 1669 1014 583 4354 1129 8069 5152 1713 918 1717
leaf_count=1188 452467 742 510 568 765 1233 515 9171 720 712 663 742 1051 527 568 785 70148 650 1336 1822 1669 1014 583 4354 1129 8069 5152 1713 918 1717
internal_value=-0.00919851 0.0483928 0.0386749 0.0779822 0.0597694 0.0479285 0.0586542 -0.237474 -1.20348 -0.132345 -0.677516 -2.14024 0.204131 0.0776739 -0.878932 0.04137 0.121529 -0.144195 0.424215 0.191611 0.613 -0.267911 -0.213626 -0.668574 -0.0967218 -0.175625 -0.412169 0.0824606 -0.182879 0.350424
internal_weight=573201 120734 119546 104650 104140 103572 102807 14896 1462 13434 3736 1405 2331 9698 1280 101574 70933 30641 5477 4827 3491 25164 24150 4937 19213 18084 10015 4863 4348 2635
internal_count=573201 120734 119546 104650 104140 103572 102807 14896 1462 13434 3736 1405 2331 9698 1280 101574 70933 30641 5477 4827 3491 25164 24150 4937 19213 18084 10015 4863 4348 2635
is_linear=0
shrinkage=0.05


Tree=218
num_leaves=31
num_cat=0
split_feature=10 14 9 14 13 14 12 13 12 11 13 13 13 13 12 14 13 13 12 14 14 14 11 13 14 12 14 14 14 12
split_gain=279969 460440 609256 680630 332778 322818 375646 774683 599103 489721 352003 394995 776422 617301 433182 376865 337573 332252 325664 378019 342493 304261 294499 309883 284682 356270 340462 243627 256819 237482
threshold=-0.080242435572512524 -0.013851110702276003 -0.046959210939030778 -0.021658507068033826 0.90882120253164567 -0.011175828150746085 0.0029363100130794062 0.6278103044496488 0.0026205806401390446 -0.20972053098206908 0.58501502182415976 0.4257745129351645 0.43584893136864472 0.44695315721805795 -0.0029011578399033094 -0.0020407902496278082 0.59622541201488577 0.66007812500000018 0.0065259749054591186 0.0016072972677850155 0.0044927611038868163 0.0011880350620827728 -0.25445946594679208 0.25347289214740504 0.0059355918821889335 -0.0047350686144894674 0.007938025578162972 -0.0034352202709559058 -0.00081376696052021442 -0.0017336470331282018
decision_type=10 8 8 10 2 10 10 2 10 10 2 2 2 2 10 10 2 2 8 10 10 10 10 2 10 10 10 10 10 10
left_child=1 2 -1 -4 -2 -3 8 9 10 -8 11 14 -13 -14 22 -15 -11 -9 19 -19 -20 -16 23 -7 25 27 -26 -24 -29 -23
right_child=4 5 3 -5 -6 6 7 17 -10 16 -12 12 13 15 21 -17 -18 18 20 -21 -22 29 24 -25 26 -27 -28 28 -30 -31
leaf_value=2.3955010290420247 -0.0051243321618819511 -0.98454863978271012 -0.6060821720448476 1.59533976511794 -0.81039183252892277 -0.95474861309008718 -2.0478184037915588 0.99136972977729987 1.8482880140036611 0.3294574730225972 -1.0661674667781069 2.1518743751562233 -1.1928439457783806 1.5328965843953004 -1.3809008157367284 0.34943143583750402 -1.2485613037076533 -1.3878518576062238 0.79583102052777333 0.14221355907538416 -0.67842930200113027 0.42950761340120264 1.2535000086122052 0.4546589125357568 2.0097058106328434 -0.56019344768009338 0.38689704001892089 -0.68893500659006102 0.44079434303863413 -0.80433488056572333
leaf_weight=504 543693 668 790 632 1286 975 720 972 565 700 537 669 581 788 758 4597 657 760 1408 861 547 816 716 650 520 1211 854 612 2826 747
leaf_count=504 543693 668 790 632 1286 975 720 972 565 700 537 669 581 788 758 4597 657 760 1408 861 547 816 716 650 520 1211 854 612 2826 747
internal_value=0.000849157 0.15609 0.901756 0.372328 -0.00702454 0.100241 0.129172 -0.19372 0.245292 -0.993796 0.194572 0.233661 0.536672 0.355551 0.0455022 0.522611 -0.43455 0.171662 -0.0511444 -0.575152 0.38334 -0.558847 0.213208 -0.390986 0.3589 0.19444 1.00106 0.414435 0.239691 -0.160179
internal_weight=572620 27641 1926 1422 544979 25715 25047 6625 18422 2077 17857 17320 6635 5966 10685 5385 1357 4548 3576 1621 1955 2321 8364 1625 6739 5365 1374 4154 3438 1563
internal_count=572620 27641 1926 1422 544979 25715 25047 6625 18422 2077 17857 17320 6635 5966 10685 5385 1357 4548 3576 1621 1955 2321 8364 1625 6739 5365 1374 4154 3438 1563
is_linear=0
shrinkage=0.05


Tree=219
num_leaves=31
num_cat=0
split_feature=13 0 14 13 13 13 14 13 14 14 14 9 13 13 13 6 2 14 8 7 16 13 14 10 14 14 13 13 14 13
split_gain=206077 343636 325115 752177 1.00311e+06 1.97742e+06 769478 571900 569018 786087 241003 701604 261270 818742 244981 220007 205441 478520 424500 396164 303278 261863 346841 366313 290015 432992 374558 289236 251475 780186
threshold=0.90882120253164567 -0.0063336799170277801 -0.01796644498195283 0.51541258577209559 0.31775210084033617 0.27226271979510425 -0.033374233339537519 0.57920097497030032 -0.033374233339537519 -0.021658507068033826 -0.013851110702276003 0.0072704665305946556 0.33459556191839662 0.52135258358662628 0.78953528697763142 1.2458020048618417 0.0065663293733787716 -0.0049073893549430704 0.72222222222222432 0.0058970604044186635 -0.5975828512369824 0.40709906380380595 0.0066413442328696103 -0.021309483441712251 0.0060707602189851726 0.0058773034096143749 0.58835633018639566 0.54574647945403199 0.0091590992600573077 0.14237178822743557
decision_type=2 10 8 2 2 2 10 2 10 10 8 10 2 2 2 2 10 10 8 8 10 2 10 10 10 10 2 2 10 2
left_child=2 -2 3 4 5 -1 -6 -5 -9 -10 11 12 15 -14 -15 -4 28 -18 19 20 -19 -20 24 27 25 -23 -27 -24 -12 -30
right_child=1 -3 10 7 6 -7 -8 8 9 -11 16 -13 13 14 -16 -17 17 18 21 -21 -22 22 23 -25 -26 26 -28 -29 29 -31
leaf_value=-0.60549708738953611 -1.6590951899260284 -0.052902947479827239 0.12587333941272683 2.049984910306613 -2.2066414126617455 2.6733203310559843 -0.090610577652649016 1.5965786078709077 -0.90826160385221399 1.37577310988649 0.023917336388908576 -1.4493464875032513 1.6038747957682489 -0.99735452433593064 0.28780776194888474 -1.2633473052711368 -0.4360258676502648 -1.0286968508000269 -0.13796936547373392 -1.1186760544100989 -0.091530034067595814 0.03510981419941963 0.57222565670690773 0.55389492179916056 -0.52508911939875347 0.089460706452779273 1.5427250774102308 -0.31463433256292672 1.3736902663473693 -0.34679699146820031
leaf_weight=1220 500 997 526 808 765 738 980 804 985 610 374524 1129 786 786 702 622 7604 873 16001 970 77464 56710 1350 7236 2204 872 902 2882 708 9506
leaf_count=1220 500 997 526 808 765 738 980 804 985 610 374524 1129 786 786 702 622 7604 873 16001 970 77464 56710 1350 7236 2204 872 902 2882 708 9506
internal_value=-0.00349803 -0.589373 -0.00196275 0.338921 -0.14655 0.630339 -1.01827 0.899476 0.511977 -0.0347436 -0.00613654 -0.368521 -0.0119306 0.29849 -0.391048 -0.626823 -0.0031905 -0.0480933 -0.0304785 -0.114409 -0.101974 0.0450264 0.0856068 0.337784 0.0379536 0.0591722 0.828381 -0.0317277 0.0172417 -0.227539
internal_weight=572764 1497 571267 6910 3703 1958 1745 3207 2399 1595 564357 4551 3422 2274 1488 1148 559806 175068 167464 79307 78337 88157 72156 11468 60688 58484 1774 4232 384738 10214
internal_count=572764 1497 571267 6910 3703 1958 1745 3207 2399 1595 564357 4551 3422 2274 1488 1148 559806 175068 167464 79307 78337 88157 72156 11468 60688 58484 1774 4232 384738 10214
is_linear=0
shrinkage=0.05


Tree=220
num_leaves=31
num_cat=0
split_feature=17 13 12 4 5 8 13 12 13 11 13 13 0 13 17 13 11 12 8 4 7 13 5 17 0 13 12 12 12 12
split_gain=189923 191778 373719 322272 184387 306107 199443 324345 408665 328798 251074 215864 327612 313207 222754 504252 314979 182287 175609 168123 187546 162651 155339 173901 154624 150698 1.23033e+06 2.43025e+06 495862 883682
threshold=0.053750775460338907 0.90882120253164567 0.013653625485355612 -0.19862310695070212 0.32330215720993155 0.05263157894737374 0.17481096139632726 -0.0055529359160462902 0.26724219939117205 -0.13565339371058502 0.14237178822743557 0.51103521061421431 -0.019991043934253144 0.50078864353312313 0.071585649499969248 0.6462500000000001 -0.16768121763630897 -0.0079068726198417965 0.1904761904761933 0.26058132734415512 0.011795673080332381 0.8460462670872767 0.13461836820400411 0.068432058828843539 -0.0090705104675841627 0.63081011034464718 0.0025381492810945508 0.0027264279438080886 0.0039017224105612745 0.0041205147795505713
decision_type=2 2 10 10 8 10 2 8 2 10 2 2 8 2 2 2 10 10 10 10 10 2 10 2 10 2 8 8 8 8
left_child=1 2 21 -3 17 -6 10 8 18 -10 -7 13 -13 -9 19 16 -16 -2 -8 20 -14 25 -19 -24 -23 28 -27 -28 -1 -30
right_child=4 3 -4 -5 5 6 7 11 9 -11 -12 12 14 -15 15 -17 -18 22 -20 -21 -22 24 23 -25 -26 26 27 -29 29 -31
leaf_value=0.0027955968245118139 0.78626879612960476 -1.5843601345139391 0.64517356223444089 -0.027912313085454655 0.46997125366880343 -0.26002285554747268 -0.97948948445742201 -0.37575790031964679 1.6010331407131837 -0.030950611864682287 -1.5904796491737168 0.8485132554997481 -0.072024201824996636 -1.6305768332837201 0.87973490136077226 -1.7629673675479431 -0.81983085033536163 0.57797596272647322 0.11052092362946445 0.52417255342948887 -1.0329453440199436 0.099377880227707688 0.075621928228227095 -0.38377447366440376 -0.91231170976386344 1.5263465489382328 -2.4216176997560397 0.080595832309025991 -1.9842823072965325 -0.19100907051363766
leaf_weight=448472 782 510 2258 956 1625 867 531 9111 777 512 600 821 4789 526 509 681 587 1033 1215 1028 568 630 6623 2990 943 1426 986 61260 714 18152
leaf_count=448472 782 510 2258 956 1625 867 531 9111 777 512 600 821 4789 526 509 681 587 1033 1215 1028 568 630 6623 2990 943 1426 986 61260 714 18152
internal_value=-0.00576352 0.00171603 0.0032814 -0.569378 -0.116651 -0.193361 -0.239979 -0.201758 0.277539 0.952798 -0.804177 -0.279882 -0.103551 -0.444248 -0.199317 -0.694449 -0.0305252 0.0494636 -0.220977 -0.0615172 -0.17391 0.000559963 -0.00465832 -0.0672674 -0.507121 0.00206386 0.0742266 0.0409598 -0.00776788 -0.258877
internal_weight=572482 536307 534841 1466 36175 24747 23122 21655 3035 1289 1467 18620 8983 9637 8162 1777 1096 11428 1746 6385 5357 532583 10646 9613 1573 531010 63672 62246 467338 18866
internal_count=572482 536307 534841 1466 36175 24747 23122 21655 3035 1289 1467 18620 8983 9637 8162 1777 1096 11428 1746 6385 5357 532583 10646 9613 1573 531010 63672 62246 467338 18866
is_linear=0
shrinkage=0.05


Tree=221
num_leaves=31
num_cat=0
split_feature=8 6 14 12 12 13 14 14 13 13 12 13 2 14 14 17 11 13 13 14 13 14 14 12 13 13 14 14 13 13
split_gain=192343 323737 472971 790811 347186 384773 298897 290742 575480 489611 420694 418521 403838 351176 264026 253520 232198 287537 284430 381484 579642 457579 325684 637614 399137 274062 265736 556906 541365 777945
threshold=0.7142857142857153 0.93035663595711782 -0.01034056252125609 -0.010932977868723071 0.0046182709642192434 0.30031645569620258 -0.033374233339537519 0.0091590992600573077 0.28409859631320827 0.48991919093377562 -0.0061352421811348484 0.64046691736055161 0.012818632820158911 0.009744554259300096 0.0077611450595120616 0.043068582964951342 -0.023173743699858963 0.11425369198312237 0.15807227410438207 0.0039857197863518894 0.1511401849516604 0.0022556369424982597 0.0077611450595120616 -0.00133115812220339 0.46523382559774967 0.54867378660248711 -0.0018105553692524285 -0.0014324399999777863 0.26844386212457172 0.30337009172420909
decision_type=8 2 8 10 10 2 8 10 2 2 10 2 10 10 10 2 10 2 2 10 2 10 10 8 2 2 10 10 2 2
left_child=1 2 3 -1 5 -5 -3 16 10 12 -9 13 15 -11 -2 -10 17 -4 19 20 21 -19 26 -24 -25 -26 28 -28 -20 -30
right_child=14 6 7 4 -6 -7 -8 8 9 11 -12 -13 -14 -15 -16 -17 -18 18 22 -21 -22 -23 23 24 25 -27 27 -29 29 -31
leaf_value=2.288056103185887 0.026895668791941593 -0.86308350215056595 0.5822188901417169 0.85827768048467612 1.0738542661675861 -0.70384587187197045 -0.059327652397281577 -0.55261626472359615 0.32787408609003177 -1.9466060356483368 -2.2860970607513473 0.44552041796155573 1.2727962350315769 -0.52104258764992684 0.28375749494143454 -0.69005154388246481 0.10966160019959281 -0.27604669219119765 -0.57717398605057146 -1.596201534947209 -1.487487993875324 1.3975562790254248 1.5134356113081731 -1.1812222602895586 0.84703945191802876 -0.22454838421376266 -0.84947191907319319 -0.033164802299780388 1.4353794882857744 0.15696858991261553
leaf_weight=586 140209 1163 2028 608 862 1121 212907 1050 2175 533 525 904 854 2280 10773 851 59644 1392 2178 619 670 578 1026 527 1258 1135 2131 106941 1300 14064
leaf_count=586 140209 1163 2028 608 862 1121 212907 1050 2175 533 525 904 854 2280 10773 851 59644 1392 2178 619 670 578 1026 527 1258 1135 2131 106941 1300 14064
internal_value=-0.00320707 -0.0205381 0.0239117 0.6293 0.254143 -0.154528 -0.0636943 0.0145142 -0.260614 -0.0802827 -1.13044 -0.490387 0.312593 -0.791155 0.0452235 0.0416035 0.0274226 -0.00868468 -0.0176397 -0.479023 -0.217078 0.21499 -0.0061228 0.441205 0.0644552 0.338785 -0.020064 -0.0491134 0.160558 0.265139
internal_weight=572892 421910 207840 3177 2591 1729 214070 204663 9172 7597 1575 3717 3880 2813 150982 3026 195491 135847 133819 3259 2640 1970 130560 3946 2920 2393 126614 109072 17542 15364
internal_count=572892 421910 207840 3177 2591 1729 214070 204663 9172 7597 1575 3717 3880 2813 150982 3026 195491 135847 133819 3259 2640 1970 130560 3946 2920 2393 126614 109072 17542 15364
is_linear=0
shrinkage=0.05


Tree=222
num_leaves=31
num_cat=0
split_feature=17 12 12 12 12 12 12 9 2 12 11 11 4 12 12 6 6 12 0 17 12 12 7 17 12 12 12 9 12 12
split_gain=204605 233183 500687 391352 637110 375045 321828 320013 358401 312883 284225 278761 276979 241682 1.67551e+06 227730 227689 218503 207652 202964 201598 187750 187712 181979 198212 265629 260627 378802 172472 1.29653e+06
threshold=0.038685415850537995 0.0015920931343954769 0.0016359787863143794 3.6452014036438599e-05 -0.00040257122609814168 -0.00050064339926930745 0.00025540098350028271 -0.066042529569280334 -0.029718135603776615 -0.00065032935846185064 -0.05137805180365649 -0.17197020212245231 -0.056947841175806958 -0.0029011578399033094 -0.0029618408736696656 0.90084233366950939 6.5768929613459699 0.0001377558764571593 0.00077501362015020502 0.055210611125910358 -0.0015997289651659475 -0.00133115812220339 -0.0014895227174749161 0.068432058828843539 0.001089525295363415 0.0013102427116815129 0.00085387108195358451 -0.025601782438033256 -0.0013715312726306137 -0.0015566182097638181
decision_type=2 10 10 10 10 10 10 8 10 10 10 10 10 10 10 2 2 10 10 2 10 10 8 2 10 10 10 10 8 8
left_child=28 3 10 4 5 7 17 8 -2 13 -3 -8 -11 14 -9 -14 -4 -5 -19 -15 -21 -22 -7 24 26 -26 27 -13 29 -1
right_child=1 2 16 6 -6 22 11 9 -10 12 -12 23 15 19 -16 -17 -18 18 -20 20 21 -23 -24 -25 25 -27 -28 -29 -30 -31
leaf_value=0.021149310312729749 1.6772810286990087 1.8970307495205774 0.023238198252157654 -0.31954805605632713 0.4171094899170637 -1.4931331197450544 0.34637358079052005 -0.080971288054124901 0.13555953796263095 1.5400707585302738 0.25309342944070584 -1.1918493237620906 0.82677267031450019 -0.17353343449076394 2.595814486419914 -0.47310795961152413 -0.54629148760651103 -0.44117350598052146 -1.6238634472217062 -0.89601805219988828 0.6068847373620887 -0.48079723852587408 -0.39543808924798401 -0.96188495791957274 -0.81813720826117897 -0.17562694451329222 0.30088156617334383 -0.13589948570009069 -0.016309252622028408 0.81828769217484154
leaf_weight=133916 523 545 46970 1435 6640 667 2015 36946 1350 506 508 950 665 18744 594 683 1823 600 973 2154 529 1587 936 910 2875 3652 2853 8013 286927 5303
leaf_count=133916 523 545 46970 1435 6640 667 2015 36946 1350 506 508 950 665 18744 594 683 1823 600 973 2154 529 1587 936 910 2875 3652 2853 8013 286927 5303
internal_value=-0.0116823 -0.062624 0.025239 -0.107868 -0.0497027 -0.0967496 -0.281636 -0.077911 0.566056 -0.0972379 1.10394 -0.213171 0.542582 -0.116827 -0.0386162 0.168154 0.00195948 -0.765716 -1.17274 -0.244404 -0.555505 -0.208877 -0.852183 -0.271732 -0.237493 -0.458639 -0.115336 -0.247821 0.00584787 0.0515132
internal_weight=572792 146646 49846 96800 72524 65884 24276 64281 1873 62408 1053 21268 1854 60554 37540 1348 48793 3008 1573 23014 4270 2116 1603 19253 18343 6527 11816 8963 426146 139219
internal_count=572792 146646 49846 96800 72524 65884 24276 64281 1873 62408 1053 21268 1854 60554 37540 1348 48793 3008 1573 23014 4270 2116 1603 19253 18343 6527 11816 8963 426146 139219
is_linear=0
shrinkage=0.05


Tree=223
num_leaves=31
num_cat=0
split_feature=14 14 14 13 14 13 14 13 13 13 14 17 13 13 13 13 11 13 13 13 13 14 14 14 14 13 14 14 13 14
split_gain=234374 602492 536716 1.5826e+06 2.96924e+06 1.39895e+06 1.36234e+06 1.12326e+06 1.09229e+06 1.08186e+06 889727 834162 735596 1.22249e+06 610615 1.18521e+06 563458 540438 1.17938e+06 1.6205e+06 1.49716e+06 1.66878e+06 1.25033e+06 1.06117e+06 3.2362e+06 2.34678e+06 1.33979e+06 1.3195e+06 1.02998e+06 2.73761e+06
threshold=0.0022799257668168122 0.0023380186642250043 0.0015755726421851299 0.30337009172420909 0.0017202943097896436 0.33720878136200721 0.0015395435248249415 0.26724219939117205 0.68048651507139091 0.74388931509184686 0.0017793135045680909 0.035724629278707294 0.65143670371374374 0.63081011034464718 0.61936600066971781 0.61298166853722413 -0.076109676309163418 0.58835633018639566 0.44786405723905731 0.31775210084033617 0.30622265187748049 0.0011880350620827728 -0.00014928254793555328 0.00099970194329166372 0.0011296176608035534 0.48035355874633323 0.0011880350620827728 7.7765714262847217e-05 0.33226827276439369 0.0010383794802773896
decision_type=8 8 10 2 10 2 10 2 2 2 10 2 2 2 2 2 10 2 2 2 2 10 10 10 10 2 10 10 2 10
left_child=2 -2 6 4 -4 10 17 -6 12 -10 -5 -9 13 14 15 16 -7 18 19 20 -1 22 -22 27 -25 -26 -27 -20 29 -21
right_child=1 -3 3 5 7 8 -8 11 9 -11 -12 -13 -14 -15 -16 -17 -18 -19 23 28 21 -23 -24 24 25 26 -28 -29 -30 -31
leaf_value=0.055378815564944589 0.58589573375288473 0.019462511332200567 -2.6179630094349187 -0.15620302270842501 0.16193579778812359 -0.61393740160632126 1.187895106934854 -0.58879465377463425 1.7615783473247579 -0.16566496085241211 1.8798356615893175 -2.7529110266349113 -1.6628676677921466 1.5117148367717963 -1.8065594521733157 1.7716050601650357 -0.1270612620188461 -0.15727426500038538 0.16565908742711447 -1.6839195742432196 1.6626493207445787 3.0771672620996906 -0.62663994650192478 -2.0242836509151916 1.5841083350194065 -2.1848370730582216 -0.026365150852278581 0.7848697503227734 -0.20764081803416828 1.5587759312805876
leaf_weight=47385 4768 304746 1792 846 4187 7454 2386 1438 1471 1442 1467 645 836 1059 590 758 29304 49834 35176 3264 1166 845 1221 2042 2241 809 6457 11389 45383 813
leaf_count=47385 4768 304746 1792 846 4187 7454 2386 1438 1471 1442 1467 645 836 1059 590 758 29304 49834 35176 3264 1166 845 1221 2042 2241 809 6457 11389 45383 813
internal_value=-0.0013225 0.0281883 -0.0359604 -0.177704 -0.823081 -0.0626611 -6.22326e-05 -0.310094 -0.127221 0.80755 1.13514 -1.25891 -0.195294 -0.163967 -0.210536 -0.185436 -0.225793 -0.0136878 0.0315454 -0.0724896 0.126397 1.16761 0.49163 0.210702 -0.21832 0.169582 -0.26669 0.317107 -0.276029 -1.03729
internal_weight=573214 309514 263700 53289 8062 45227 210411 6270 42914 2913 2313 2083 40001 39165 38106 37516 36758 208025 158191 100077 50617 3232 2387 58114 11549 9507 7266 46565 49460 4077
internal_count=573214 309514 263700 53289 8062 45227 210411 6270 42914 2913 2313 2083 40001 39165 38106 37516 36758 208025 158191 100077 50617 3232 2387 58114 11549 9507 7266 46565 49460 4077
is_linear=0
shrinkage=0.05


Tree=224
num_leaves=31
num_cat=0
split_feature=7 14 2 14 10 12 12 12 14 12 14 14 14 14 12 14 12 14 12 12 12 12 10 12 14 14 14 12 14 12
split_gain=190602 311129 149953 306392 238352 225348 224906 823075 648731 696590 528958 347289 413044 966271 510005 852123 612988 375964 388767 872657 394101 606923 364172 326678 318916 779374 533251 311696 300723 750448
threshold=-0.018894377864627835 0.0012337244552452112 0.0017438137616145571 -0.0049073893549430704 0.043704227842812811 0.012472248262135881 0.0069817067548779725 0.0084027174470880702 0.00083291358709311307 0.010656917268997959 0.0091590992600573077 0.00014252197149017991 -0.00081376696052021442 -0.00098861099964685771 0.00074353331216602567 -0.0020407902496278082 -0.00092215816447464871 -0.00073415838159448913 -0.0021742972660686462 -0.0061352421811348484 -0.0011685935079982078 -0.00065032935846185064 -0.016142928802399394 0.0019117719798810303 0.00075205475904020541 0.00070312532374246478 0.0011880350620827728 0.0015476653418172294 0.0010383794802773896 -0.00028694608599716935
decision_type=8 8 8 8 10 8 10 10 10 10 10 8 10 10 10 10 10 10 10 10 10 10 10 10 8 10 8 10 10 10
left_child=1 -1 -2 -4 6 -6 11 -8 9 -9 -10 12 13 14 16 -16 -5 -14 19 -19 -20 -22 -18 27 25 -13 28 -23 -26 -30
right_child=2 -3 3 4 5 -7 7 8 10 -11 -12 24 17 -15 15 -17 22 18 20 -21 21 23 -24 -25 26 -27 -28 -29 29 -31
leaf_value=1.2261794357404421 0.020821121554329202 0.015999746866554466 -0.31947519426559051 -0.22497552326505599 -0.1094859406514664 -1.0177529527199647 0.90267361385667011 -0.3592599470209592 -1.0301348200325515 1.1805217128465337 0.16809311915251232 0.15645336970852741 -1.6269665825595585 1.2463474823694742 0.030904795684431108 -0.96540032340917259 1.5207680455593806 0.46721207268673048 1.1065790472460575 -1.7468611928729794 -1.8583344672281754 -0.046484499410541155 0.29069398115116263 -0.44063328528569806 -0.18270675535952319 1.7790135716092703 0.015083320508123039 1.3735293278123799 0.19704121998437341 -1.5584833567328245
leaf_weight=829 288444 1478 8881 3531 46921 693 3137 1355 2140 1604 1617 8357 651 1339 4960 3783 1028 680 549 1288 559 1158 1451 2880 4485 812 174976 580 1008 1537
leaf_count=829 288444 1478 8881 3531 46921 693 3137 1355 2140 1604 1617 8357 651 1339 4960 3783 1028 680 549 1288 559 1158 1451 2880 4485 812 174976 580 1008 1537
internal_value=-0.00269102 0.450867 -0.00452544 -0.0304549 -0.0210554 -0.122705 0.000411137 0.234017 -0.0783089 0.475417 -0.514422 -0.0102641 -0.187753 -0.0397219 -0.156447 -0.400185 0.198129 -0.473207 -0.375586 -0.981836 -0.16722 -0.302302 0.800785 -0.113947 0.0124234 0.300146 -0.00207132 0.427398 -0.429049 -0.863171
internal_weight=572711 2307 570404 281960 273079 47614 225465 9853 6716 2959 3757 215612 24437 16092 14753 8743 6010 8345 7694 1968 5726 5177 2479 4618 191175 9169 182006 1738 7030 2545
internal_count=572711 2307 570404 281960 273079 47614 225465 9853 6716 2959 3757 215612 24437 16092 14753 8743 6010 8345 7694 1968 5726 5177 2479 4618 191175 9169 182006 1738 7030 2545
is_linear=0
shrinkage=0.05


Tree=225
num_leaves=31
num_cat=0
split_feature=6 15 10 9 5 14 13 13 13 12 14 14 13 14 14 14 13 14 12 12 14 14 12 13 14 13 12 13 12 13
split_gain=199435 214340 185166 160942 786957 215152 176011 764847 1.04613e+06 1.31702e+06 796217 1.67046e+06 2.47491e+06 962709 913125 804531 777408 764953 1.20817e+06 1.78967e+06 757826 1.00017e+06 683502 642899 917609 765381 608721 908019 1.54142e+06 807073
threshold=8.0502613366561508 -0.028579699528943816 0.025596095837341005 -0.083267613653601594 1.1664454952667651 0.0022295287824267815 0.40709906380380595 0.35294883110417091 0.35027571474701313 -0.0025168970306861157 0.0044927611038868163 0.0023043808513056982 0.35595962920300589 0.0024285878725784104 0.0021997587737810705 0.0022556369424982597 0.35940280249110329 0.0059355918821889335 -0.0018191691337477672 -0.0012186919422959488 0.004947925890541066 0.0050897647725120995 -0.0018191691337477672 0.36409779730719399 0.0066413442328696103 0.38721035892776018 -0.0020305403594664752 0.42713548097429571 -0.0022352511682086954 0.41198591549295777
decision_type=2 8 8 8 10 10 2 2 2 10 10 8 2 10 10 10 2 10 10 10 10 10 10 2 10 2 8 2 10 2
left_child=3 -2 -3 4 5 -1 7 8 -5 -10 11 12 -9 22 -14 -16 -12 18 -18 -20 -21 -22 -13 -19 -25 -26 27 28 29 -8
right_child=1 2 -4 6 -6 -7 26 10 9 -11 16 13 14 -15 15 -17 17 23 19 20 21 -23 -24 24 25 -27 -28 -29 -30 -31
leaf_value=0.54333161228751559 -0.86369600284056069 0.06861969326762539 -0.31900132851639684 0.0067603380416882382 2.1446380452548754 -0.66194243781989626 0.14221366546213379 -3.0650372509801582 2.1595053729264753 -0.29444101606471501 0.39482934776007794 0.55775770397569702 -0.16938126524095515 0.17284746664616582 -2.5235144697624494 -0.24873000556829747 -2.7455696739891944 -1.9364817177010558 0.8573037597004034 -2.8539814205419631 0.71758064179109926 -1.8006204714429772 2.4480524190701547 0.73226744918182896 -0.096572517816272352 -1.4358156568992011 0.014152297157793654 2.0381834445607203 1.8280733626249988 -2.1852426710923676
leaf_weight=664 1096 5891 6459 139036 510 837 964 801 1265 963 1961 1132 24637 13941 800 756 973 587 1163 744 595 1169 828 1850 2917 1682 356742 910 911 607
leaf_count=664 1096 5891 6459 139036 510 837 964 801 1265 963 1961 1132 24637 13941 800 756 973 587 1163 744 595 1169 828 1850 2917 1682 356742 910 911 607
internal_value=-0.00328195 -0.193574 -0.134105 0.00128755 0.447783 -0.128763 -0.000321781 -0.0382155 0.0239846 1.09885 -0.193632 -0.0878181 -0.327295 0.318724 -0.243573 -1.41829 -0.526371 -0.681035 -1.1791 -0.763902 -1.51568 -0.951227 1.35631 -0.352297 -0.208102 -0.586376 0.020491 0.687138 0.191792 -0.757064
internal_weight=573391 13446 12350 559945 2011 1501 557934 197800 141264 2228 56536 42895 26994 15901 26193 1556 13641 11680 4644 3671 2508 1764 1960 7036 6449 4599 360134 3392 2482 1571
internal_count=573391 13446 12350 559945 2011 1501 557934 197800 141264 2228 56536 42895 26994 15901 26193 1556 13641 11680 4644 3671 2508 1764 1960 7036 6449 4599 360134 3392 2482 1571
is_linear=0
shrinkage=0.05


Tree=226
num_leaves=31
num_cat=0
split_feature=7 2 14 9 13 4 7 17 14 14 13 13 13 12 12 11 14 12 12 13 12 14 10 0 13 9 14 13 14 13
split_gain=206810 297732 176242 924423 882248 196002 285570 243523 275872 399197 432994 716864 1.04337e+06 1.71952e+06 1.61302e+06 917764 1.25105e+06 715531 383547 888023 669075 593526 481544 431621 502880 667360 388276 339933 337475 1.07964e+06
threshold=0.014985696435696952 -0.0026742254938425512 -0.033374233339537519 -0.030626098228241128 0.56736237614964247 0.020189752939179784 -0.010114117991769868 0.032599580313473868 0.0029403549489505536 0.0029665282722408054 0.15807227410438207 0.18612563033917431 0.23871975019516004 -0.0070682575628737343 -0.0055529359160462902 -0.10660677807775462 0.0064654358531858738 -0.0057617062163388575 0.0026205806401390446 0.61120339608711716 0.0030953910451583587 0.0050249561938617059 -0.001404435317465995 0.024941938000063817 0.59832070590409325 -0.019782248308338701 0.02042647176750689 0.68393548387096781 0.0039857197863518894 0.13515766582094965
decision_type=10 10 8 10 2 10 10 2 10 10 2 2 2 10 10 10 10 10 10 2 10 10 10 10 2 10 10 2 10 2
left_child=2 -2 3 -1 -5 6 -4 -7 -9 -10 28 -12 13 -13 15 -14 -17 -15 19 26 21 -20 -23 24 25 -22 -16 -26 -11 -30
right_child=1 -3 5 4 -6 7 -8 8 9 10 11 12 14 17 18 16 -18 -19 20 -21 23 22 -24 -25 27 -27 -28 -29 29 -31
leaf_value=1.4041850023113278 0.60063916023204977 -0.51153133689574781 0.39192480208272573 -2.0835715181685344 0.15247919895956596 0.017435042514165205 0.031411144741175644 -0.15175899358929082 1.3941434684648233 0.37616355558236442 1.1138101589969756 -2.4868449653737543 2.1031792260459383 1.4383327371644081 -0.090666729217764155 1.827384406508417 -0.65722222411726705 -1.0447733420211482 0.23762155407731306 -1.9211613720528817 -2.0334094374500142 2.4438424205541072 0.52022733136537624 -0.83684830771053598 0.43394348329117682 -0.10182821722999287 0.98974084872686141 -0.11683595076585446 -0.19182604843020101 -2.5671357836927813
leaf_weight=526 714 3828 5637 897 868 193841 215019 58919 501 660 1418 1108 1327 614 61401 893 1171 550 1812 659 571 767 565 1320 7983 2062 843 4316 1586 685
leaf_count=526 714 3828 5637 897 868 193841 215019 58919 501 660 1418 1108 1327 614 61401 893 1171 550 1812 659 571 767 565 1320 7983 2062 843 4316 1586 685
internal_value=-0.000648823 -0.336699 0.00203594 -0.435622 -0.983916 0.00380674 0.040621 -0.0197001 -0.0671413 -0.0134242 -0.0210635 -0.00145379 -0.0194325 -1.07699 0.00860766 1.07731 0.417755 0.265044 -0.0354266 -0.0953646 0.158958 0.82663 1.62789 0.0297945 0.106406 -0.520717 -0.0760343 0.240662 -0.619057 -0.908289
internal_weight=573061 4542 568519 2291 1765 566228 220656 345572 151731 92812 92311 89380 87962 2272 85690 3391 2064 1164 82299 62903 19396 3144 1332 16252 14932 2633 62244 12299 2931 2271
internal_count=573061 4542 568519 2291 1765 566228 220656 345572 151731 92812 92311 89380 87962 2272 85690 3391 2064 1164 82299 62903 19396 3144 1332 16252 14932 2633 62244 12299 2931 2271
is_linear=0
shrinkage=0.05


Tree=227
num_leaves=31
num_cat=0
split_feature=4 9 14 8 12 14 13 13 14 13 14 14 12 12 12 12 14 12 13 12 13 14 13 13 12 12 12 14 14 13
split_gain=171461 332685 363816 250846 251063 893138 260330 498860 393135 714858 624615 524719 641627 364473 384685 382624 381650 750725 817298 656736 2.04498e+06 975042 633845 3.43132e+06 951433 2.43489e+06 1.44212e+06 601777 1.55007e+06 761304
threshold=-0.066124115351823734 -0.066042529569280334 -0.0051969762561474954 0.9565217391304307 -0.018397836894734759 -0.00081376696052021442 0.20834805061934403 0.21311827956989252 -0.011175828150746085 0.17481096139632726 -0.0018105553692524285 1.0000000180025095e-35 -0.0068887899551179086 -0.0083764560395833219 -0.0079068726198417965 -0.009580108063527739 -0.0080407074899879888 0.0084027174470880702 0.7597791717666259 0.0058347562935567665 0.60669865403788636 -0.01034056252125609 0.51541258577209559 0.48035355874633323 -0.0033673048129944038 -0.0042591896515363249 -0.0052980094234980355 -0.0020407902496278082 -0.0014324399999777863 0.26400255301042486
decision_type=10 8 10 10 8 10 2 2 8 2 10 10 10 8 8 10 8 10 2 10 2 10 2 2 10 10 10 10 10 2
left_child=1 2 -1 4 5 -3 8 -8 -6 10 -10 12 -11 15 -15 -9 17 18 19 20 22 -21 23 24 25 26 -16 29 -29 -18
right_child=-2 3 -4 -5 6 -7 7 13 9 11 -12 -13 -14 14 16 -17 27 -19 -20 21 -22 -23 -24 -25 -26 -27 -28 28 -30 -31
leaf_value=1.8964678233212764 -0.013337071577818807 -1.5937658340937191 0.19130959213505117 -0.23916257650325212 1.1980801229643814 1.0598053516571968 -1.1456362227414703 0.19049978748003857 -0.73047292157844368 1.6548452028625498 0.32503863632533453 -0.14451295464056554 -0.28199250075263488 1.3697740791065502 -0.81591592057013873 -1.3112834311555597 -1.2485952884434526 0.46662152909642124 -2.133388124674414 -0.5095028118218905 -2.6443319457522394 2.3088085220436572 0.57791485472042137 -3.8753547429865187 0.4692478781201615 -2.9092636951421906 2.2737578777093348 -0.94243422359133755 0.083732537788536399 0.35978244681275157
leaf_weight=505 446937 858 822 7343 1113 503 870 746 2510 1788 3174 1069 562 565 989 983 759 3563 617 648 920 583 2157 645 3670 881 611 3927 58523 24004
leaf_count=505 446937 858 822 7343 1113 503 870 746 2510 1788 3174 1069 562 565 989 983 759 3563 617 648 920 583 2157 645 3670 881 611 3927 58523 24004
internal_value=0.00118198 0.0527204 0.840221 0.0443322 0.0620884 -0.613056 0.0700181 0.0467149 0.311036 0.20258 -0.141065 0.773881 1.19165 0.0566141 0.0686919 -0.663319 0.0615199 -0.168953 -0.362157 -0.263738 -0.399516 0.825246 -0.168841 -0.405856 -0.0420414 -0.798362 0.363953 0.10191 0.0192048 0.310485
internal_weight=572845 125908 1327 124581 117238 1361 115877 105661 10216 9103 5684 3419 2350 104791 103062 1729 102497 15284 11721 11104 9873 1231 8953 6796 6151 2481 1600 87213 62450 24763
internal_count=572845 125908 1327 124581 117238 1361 115877 105661 10216 9103 5684 3419 2350 104791 103062 1729 102497 15284 11721 11104 9873 1231 8953 6796 6151 2481 1600 87213 62450 24763
is_linear=0
shrinkage=0.05


Tree=228
num_leaves=31
num_cat=0
split_feature=14 12 14 13 13 12 13 14 11 14 13 13 12 13 14 12 14 13 12 14 12 13 14 14 12 12 14 12 14 13
split_gain=212544 441893 311198 497063 840324 477384 178297 1.2117e+06 580528 560976 1.05657e+06 355697 4.03197e+06 1.60511e+06 1.35967e+06 1.18941e+06 1.11287e+06 632891 810583 897252 880639 618775 1.49613e+06 2.50435e+06 1.18125e+06 1.03608e+06 858888 681760 415286 410973
threshold=0.0270617032583759 -0.0034388706987858726 0.017502042061277878 0.22419210611291887 0.44220408383169013 -0.0029618408736696656 0.086379690949227386 0.0060195072149775257 -0.023529552588713396 -0.0060873310949540555 0.068898305084745773 0.1935457635940728 -0.018397836894734759 0.18612563033917431 -0.0085802334926053346 -0.0079068726198417965 0.010389342610622724 0.17481096139632726 -0.0081838571650755167 -0.001752787791000831 -0.009218330210910267 0.20834805061934403 -0.0025634571192562072 0.0014120469035604894 -0.0061352421811348484 -0.0076246522117263543 0.0028928064067324064 -0.0068887899551179086 0.0026706786129427379 0.21311827956989252
decision_type=10 10 10 2 2 10 2 10 10 10 2 2 8 2 8 8 10 2 10 10 10 2 10 10 10 10 10 10 10 2
left_child=2 -2 6 -4 5 -5 7 8 9 -1 -11 13 -13 16 -15 -16 17 -8 20 -20 -19 22 -14 27 25 26 -25 -24 -21 -23
right_child=1 -3 3 4 -6 -7 11 -9 -10 10 -12 12 21 14 15 -17 -18 18 19 28 -22 29 23 24 -26 -27 -28 -29 -30 -31
leaf_value=-0.46567135122795089 0.23489218359434438 -1.3831404946459593 1.7785661430370929 0.10872770176078406 1.0982748438541554 -1.6405299614497946 -0.14619817627927537 -1.7437795119915358 -0.4256406165605382 0.50798461120222327 2.7007815258111272 4.2730715066248619 -1.9755232847332054 0.30251526588595434 -3.2171570556799005 -0.40608469816678161 -2.2488708014525081 0.22084990210544572 1.3558818832488124 -1.3067972816766515 2.2601423901552158 -0.65319691305166827 2.7843516992115074 1.2079587304915529 1.8262294741378171 -2.0004570624022562 -1.3182499359157069 0.75863189063903569 0.062288043060829301 -0.0086772244654190808
leaf_weight=538 851 837 594 1006 1398 637 19974 621 965 1476 875 551 538 784 1068 581 572 1074 831 1028 1044 2485 1381 834 606 881 564 594 1201 526454
leaf_count=538 851 837 594 1006 1398 637 19974 621 965 1476 875 551 538 784 1068 581 572 1074 831 1028 1044 2485 1381 834 606 881 564 594 1201 526454
internal_value=-0.00718295 -0.567414 -0.00552723 0.455631 0.197222 -0.569469 -0.00848098 0.305879 0.636143 0.990806 1.3241 -0.0109795 -0.00186145 -0.184191 -1.41171 -2.22672 -0.0680912 -0.0184965 0.47411 -0.0463535 1.22605 -0.0062697 0.526347 0.803303 -0.135793 -0.657507 0.188802 2.1751 -0.569125 -0.0117052
internal_weight=572843 1688 571155 3635 3041 1643 567520 4475 3854 2889 2351 563045 534888 28157 2433 1649 25724 25152 5178 3060 2118 534337 5398 4860 2885 2279 1398 1975 2229 528939
internal_count=572843 1688 571155 3635 3041 1643 567520 4475 3854 2889 2351 563045 534888 28157 2433 1649 25724 25152 5178 3060 2118 534337 5398 4860 2885 2279 1398 1975 2229 528939
is_linear=0
shrinkage=0.05


Tree=229
num_leaves=31
num_cat=0
split_feature=10 17 7 4 8 13 16 0 17 13 13 5 9 17 11 17 13 0 4 8 13 1 13 13 10 13 0 4 13 7
split_gain=145999 187290 151814 196644 135446 195246 204202 231383 224309 224291 316320 280015 218067 250826 225275 214679 212513 191760 188535 176101 268176 288047 175417 523493 391536 249487 178430 174128 162731 160765
threshold=0.17230960680033106 0.052468072066529307 -0.018894377864627835 0.0054604411682654787 0.50284902597402348 0.90882120253164567 0.055226033587414743 0.014292617740114477 0.018720192789963789 0.57920097497030032 0.56946798493408679 0.5479000051947559 0.012688326480600901 0.063709155212157517 -0.0010339927511365927 0.03938037161250485 0.60297076087855161 -0.0047259067293926585 -0.11695322237887247 0.18749999999999059 0.17481096139632726 -0.014777220081785144 0.18612563033917431 0.1935457635940728 -0.016582571479823404 0.20834805061934403 0.0051282902416904209 -0.014205412754861471 0.33993464052287586 0.011795673080332381
decision_type=10 2 8 10 8 2 8 8 2 2 2 10 10 2 10 2 2 10 10 10 2 10 2 2 10 2 10 10 2 10
left_child=2 -2 3 -1 19 6 9 8 -8 10 11 -6 -10 14 -14 -12 18 -7 -11 -4 21 -21 -22 24 -24 26 -25 -13 -9 -16
right_child=1 -3 4 -5 5 17 7 28 12 16 15 27 13 -15 29 -17 -18 -19 -20 20 22 -23 23 25 -26 -27 -28 -29 -30 -31
leaf_value=1.0646650453132251 0.03571262031471132 -0.61880382503398701 0.023761055418787279 0.052165429893973637 0.065126875763294442 -1.3237406124784834 0.20456719352244895 -0.22841461006619715 -0.064427819732274433 -1.081743593977913 0.47306681861384914 0.63003938589105257 0.19668774411459108 -0.64310739056297117 -0.023013715733046072 1.6332509701247337 0.048897140585854232 -0.089301010430998112 -0.17962630677822775 -0.75025327644343065 0.41238627517306781 -0.13418528422304377 -0.19221449510788358 0.76541677024615729 -2.1514601232200223 -0.046247386815526072 -0.28670784983921938 0.21079466676168557 0.37184137699427966 -0.76802721941370733
leaf_weight=764 2195 2177 117774 1288 36762 525 10759 1375 117768 652 1790 3730 22124 1171 11672 513 30511 785 5185 2721 2110 6268 508 1588 512 174519 540 7371 6314 772
leaf_count=764 2195 2177 117774 1288 36762 525 10759 1375 117768 652 1790 3730 22124 1171 11672 513 30511 785 5185 2721 2110 6268 508 1588 512 174519 540 7371 6314 772
internal_value=-0.00236545 -0.290198 -0.000151399 0.429139 -0.00170689 0.0248553 0.0279412 -0.00358206 -0.0161305 0.0905969 0.159125 0.131584 -0.0315987 0.0765804 0.10096 0.731501 -0.00398257 -0.584019 -0.280394 -0.0242171 -0.0541515 -0.320671 -0.0408253 -0.0462077 -1.17568 -0.0396859 0.49843 0.351663 0.264499 -0.0692328
internal_weight=572743 4372 568371 2052 566319 259779 258469 171955 164266 86514 50166 47863 153507 35739 34568 2303 36348 1310 5837 306540 188766 8989 179777 177667 1020 176647 2128 11101 7689 12444
internal_count=572743 4372 568371 2052 566319 259779 258469 171955 164266 86514 50166 47863 153507 35739 34568 2303 36348 1310 5837 306540 188766 8989 179777 177667 1020 176647 2128 11101 7689 12444
is_linear=0
shrinkage=0.05


Tree=230
num_leaves=31
num_cat=0
split_feature=13 14 13 12 12 10 14 13 12 14 13 17 12 13 14 14 12 14 13 13 13 12 13 13 13 10 14 14 14 13
split_gain=165356 1.11922e+06 761494 956330 685340 650225 611714 618477 518641 476780 1.39565e+06 629313 463396 1.401e+06 1.39926e+06 1.91709e+06 1.11874e+06 1.52795e+06 710429 551624 719963 1.69873e+06 2.52774e+06 1.12559e+06 567061 534212 485065 1.4621e+06 1.10256e+06 612598
threshold=0.12723558433549184 -0.0073043107792539535 0.11425369198312237 -0.012121439880781302 -0.010932977868723071 -0.02700167796611554 0.0019856109205337131 0.086379690949227386 -0.022058472749514658 -0.033374233339537519 0.56736237614964247 0.033970602420477163 -0.009218330210910267 0.30822077922077928 0.0003343675616508972 0.0012337244552452112 -0.0090148358906430217 0.0053849901496091637 0.1511401849516604 0.20082304526748976 0.13515766582094965 -0.010932977868723071 0.16887096774193552 0.17481096139632726 0.22997277853392964 0.003647220621192679 -0.0015413939735762483 -0.00054707319914303108 -0.0096976068340517887 0.17481096139632726
decision_type=2 8 2 10 10 10 10 2 8 8 2 2 8 2 10 10 8 10 2 2 2 10 2 2 2 10 10 10 10 2
left_child=1 -1 5 -4 -5 6 7 -3 -2 10 -10 -12 13 14 18 -16 17 -14 25 20 -17 22 -22 -23 -21 -11 28 -28 -20 -29
right_child=8 2 3 4 -6 -7 -8 -9 9 12 11 -13 16 -15 15 19 -18 -19 26 24 21 23 -24 -25 -26 -27 27 29 -30 -31
leaf_value=-1.9038693400749045 1.5576306355199707 2.15130607998092 -2.0402860059254633 1.1795086128176604 -1.196277529861616 -0.17533245883810528 -0.12459642347786504 0.37793133624742942 -1.8995813773537042 0.92296055898145291 -0.59861487029343141 1.682437485448812 -1.9074438021247433 2.5951756540248683 -2.5972571249508474 0.81928338811343693 0.0013794894932398043 1.0098009928173386 0.91568957790700878 1.7591214527540906 -3.0795361618028356 1.3033414801372192 0.041486743293666417 -1.2782726409315111 -0.29140532659445517 2.6428400124097315 2.2960194454544545 -1.3133676887928214 -1.2340414712768655 0.60667014804938324
leaf_weight=878 536 997 980 643 575 5313 1289 970 1210 1516 627 584 1647 622 803 1278 539497 617 1182 785 1180 1460 1441 594 591 643 1038 631 1204 1216
leaf_count=878 536 997 980 643 575 5313 1289 970 1210 1516 627 584 1647 622 803 1278 539497 617 1182 785 1180 1460 1441 594 591 643 1038 631 1204 1216
internal_value=-0.000822081 -0.187309 -0.0473313 -0.877578 0.0579347 0.165632 0.722003 1.27679 0.00304961 0.00156263 -0.698588 0.501414 0.00460068 0.268241 0.175235 -0.277957 -0.00327503 -1.11242 0.671246 -0.0238439 -0.232394 -0.51989 -1.36363 0.55676 0.878408 1.43518 0.358339 0.794539 -0.169087 -0.0492821
internal_weight=572547 11645 10767 2198 1218 8569 3256 1967 560902 560366 2421 1211 557945 16184 15562 8132 541761 2264 7430 7329 5953 4675 2621 2054 1376 2159 5271 2885 2386 1847
internal_count=572547 11645 10767 2198 1218 8569 3256 1967 560902 560366 2421 1211 557945 16184 15562 8132 541761 2264 7430 7329 5953 4675 2621 2054 1376 2159 5271 2885 2386 1847
is_linear=0
shrinkage=0.05


Tree=231
num_leaves=31
num_cat=0
split_feature=14 12 14 13 13 12 17 12 14 2 14 14 11 13 13 14 14 12 5 8 14 12 12 14 14 14 11 6 13 13
split_gain=188015 465421 263076 414491 1.01125e+06 228260 204561 334958 319216 252201 405950 366958 356087 327945 404594 352495 534444 462866 288184 275688 259886 243603 676392 506831 279858 268025 233418 221698 218344 272436
threshold=0.0270617032583759 -0.0034388706987858726 0.017502042061277878 0.44220408383169013 0.28708151012516542 0.0041205147795505713 0.028828094249179856 0.012472248262135881 -0.033374233339537519 0.0058930885423459489 0.0091590992600573077 -0.0040809891810287173 -0.14672732086984649 0.45420751633986933 0.49831079153113061 0.0089500665715177719 0.0071208999487286442 0.0044897591480958987 2.1392773971131738 0.50855545420763282 0.0084436808036504798 0.0042747392626906007 0.0047207016233077543 0.0036696302446475137 0.00075205475904020541 -0.00029924077208414774 -0.039254438257824535 9.1557370209184032 0.68393548387096781 0.64892814009661848
decision_type=10 10 10 2 2 10 2 10 8 10 10 10 10 2 2 10 10 10 10 8 10 8 8 10 10 10 10 2 2 2
left_child=2 -2 6 4 -4 -5 8 9 -1 10 18 -11 13 -13 -15 16 -16 -17 20 27 -8 28 23 24 25 -23 -22 -14 29 -10
right_child=1 -3 3 5 -6 -7 7 -9 21 11 -12 12 19 14 15 17 -18 -19 -20 -21 26 22 -24 -25 -26 -27 -28 -29 -30 -31
leaf_value=-1.1878097490022392 0.32998082648348731 -1.3385962297195613 1.0073592874706043 1.8384116611940891 -1.1229930170624032 0.54752068890927919 0.0064894279720772068 0.43420791274183723 0.057475681883877465 -0.44040503983225882 -0.40726724668841419 -0.18434314967768117 -0.21168166431256752 1.0911351645960545 0.18224844481788222 -1.1225210588248704 1.5202912318512607 0.64617664496866445 1.1950628501211489 -0.052742022254538778 1.0754603526206512 -1.4408469766794056 -0.01004731961543516 0.17012546241509438 -1.9657256911778456 -0.015013011404481092 -0.10404552714424709 -0.89536837529705837 0.52768536521181275 -0.35044583936167251
leaf_weight=532 813 860 1184 601 1052 796 196905 3920 208613 6974 5860 4592 23064 1474 5965 1012 853 583 516 73921 1077 717 19859 923 808 610 687 1250 2414 4175
leaf_count=532 813 860 1184 601 1052 796 196905 3920 208613 6974 5860 4592 23064 1474 5965 1012 853 583 516 73921 1077 717 19859 923 808 610 687 1250 2414 4175
internal_value=0.00153108 -0.527746 0.00308201 0.427205 0.00506473 1.10287 0.000365931 -0.0252191 0.0355998 -0.030765 0.00290014 -0.088439 -0.0666616 0.164824 0.326993 0.193112 0.349651 -0.476032 0.0149672 -0.100781 0.0119022 0.0383331 -0.116641 -0.80887 -1.23211 -0.785415 0.616095 -0.24683 0.0548364 0.0494721
internal_weight=572610 1673 570937 3633 2236 1397 567304 328653 238651 324733 205045 119688 112714 14479 9887 8413 6818 1595 199185 98235 198669 238119 22917 3058 2135 1327 1764 24314 215202 212788
internal_count=572610 1673 570937 3633 2236 1397 567304 328653 238651 324733 205045 119688 112714 14479 9887 8413 6818 1595 199185 98235 198669 238119 22917 3058 2135 1327 1764 24314 215202 212788
is_linear=0
shrinkage=0.05


Tree=232
num_leaves=31
num_cat=0
split_feature=14 14 13 13 13 14 13 14 12 13 14 14 13 2 12 9 12 14 14 14 12 12 12 12 13 14 13 13 13 14
split_gain=166297 815327 768959 997851 912764 1.32641e+06 873475 751160 853357 595891 565000 831895 2.07038e+06 497907 489915 478499 896054 540590 790374 726656 447704 2.4053e+06 1.89818e+06 1.70169e+06 2.08032e+06 1.27229e+06 1.80788e+06 921046 1.78684e+06 902625
threshold=0.0021046239761008906 0.0019090304447226898 0.41198591549295777 0.33993464052287586 0.46523382559774967 0.0019856109205337131 0.369873949579832 0.0018754365430909785 -0.00011546895183519087 0.69271670416800613 0.0021997587737810705 0.0022295287824267815 0.39559227695789745 0.0090176887142224289 -0.0015997289651659475 -0.028265387840447787 -0.018397836894734759 0.00014252197149017991 0.0003343675616508972 -0.00060668369941886441 -0.0070682575628737343 -0.0076246522117263543 -0.0055529359160462902 -0.0053792657575758062 0.27714118277826966 0.0044148473779117682 0.25347289214740504 0.29346189070927042 0.26844386212457172 0.0025653765985822938
decision_type=8 10 2 2 2 10 2 10 10 2 8 8 2 10 10 10 10 10 10 10 8 10 8 8 2 8 2 2 2 10
left_child=1 7 3 -3 5 -4 -5 15 -9 -6 -2 12 -12 -11 -8 16 -1 19 -19 -18 21 29 25 24 -24 26 -22 28 -27 -13
right_child=10 2 4 6 9 -7 14 8 -10 13 11 20 -14 -15 -16 -17 17 18 -20 -21 22 -23 23 -25 -26 27 -28 -29 -30 -31
leaf_value=1.9216760525338383 0.58002912369477422 -0.15766120730644043 -0.74237308768539412 -2.8033783931278653 -0.6583694237480866 1.8626526655294182 -0.12571207050701552 1.9783743339218571 0.096860966081430508 1.4081556805339801 -3.3614526707778767 -0.93794450975905519 0.004036981920637419 -0.61016347027075679 -1.6019090599241299 -0.040756572082431712 0.089583625120835758 1.951734994190818 0.31010172246673184 -1.1281254725065082 0.88127658584471957 -2.1768728158900115 0.01088231190380066 0.024026281740129232 -3.7681585401827995 0.55957748986960176 3.5441381851368892 2.1291192660964375 -1.8111280427363359 0.093151303353430706
leaf_weight=737 4492 2879 809 861 4621 1234 1028 1006 1503 735 635 2470 1630 523 1240 214800 12437 842 5674 1359 2925 1441 814 285219 659 3320 815 570 1045 15087
leaf_count=737 4492 2879 809 861 4621 1234 1028 1006 1503 735 635 2470 1630 523 1240 214800 12437 842 5674 1359 2925 1441 814 285219 659 3320 815 570 1045 15087
internal_value=-0.000658408 -0.0310369 -0.402852 -0.82943 -0.0793376 0.831098 -1.44753 -0.00930744 0.851266 -0.395721 0.0232083 0.0153087 -0.939489 0.569061 -0.932804 -0.0184624 0.209045 0.146904 0.522234 -0.030369 0.022188 -0.213087 0.0373209 0.0152721 -1.67981 0.765991 1.46155 0.238858 -0.00797973 -0.051908
internal_weight=573410 252288 13930 6008 7922 2043 3129 238358 2509 5879 321122 316630 2265 1258 2268 235849 21049 20312 6516 13796 314365 18998 295367 286692 1473 8675 3740 4935 4365 17557
internal_count=573410 252288 13930 6008 7922 2043 3129 238358 2509 5879 321122 316630 2265 1258 2268 235849 21049 20312 6516 13796 314365 18998 295367 286692 1473 8675 3740 4935 4365 17557
is_linear=0
shrinkage=0.05


Tree=233
num_leaves=31
num_cat=0
split_feature=2 14 13 17 12 14 12 14 13 14 13 13 14 12 17 12 12 13 14 14 13 13 13 13 13 13 14 14 14 12
split_gain=203574 347289 481398 332150 494945 447446 302101 704147 436718 284736 412657 535319 402879 336278 278504 294555 985994 378015 307316 300707 351302 474735 308221 304446 479173 449924 527009 431482 408605 1.0518e+06
threshold=0.0043440975958000264 -0.0049073893549430704 0.66007812500000018 0.068432058828843539 0.012472248262135881 0.02042647176750689 0.010656917268997959 0.00083291358709311307 0.82686437975490878 0.010003092660542785 0.42833800186741366 0.36150799813635665 0.014332030701907571 3.6452014036438599e-05 0.023086909610756341 0.0069817067548779725 0.0084027174470880702 0.68048651507139091 0.010389342610622724 0.0032118266929887034 0.75141677792006112 0.7164059387818823 0.72935854814976298 0.69271670416800613 0.6462500000000001 0.72128291540526657 0.0055241245800905373 0.0056416624320355267 0.0077611450595120616 0.0048987263190622228
decision_type=8 8 2 2 8 10 10 10 2 10 2 2 10 10 2 10 10 2 10 10 2 2 2 2 2 2 10 10 10 10
left_child=9 2 -2 6 5 -5 8 -8 14 -1 11 12 -11 -12 -3 19 17 -17 -18 20 21 -16 -23 24 -21 26 -25 -27 29 -26
right_child=1 3 -4 4 -6 -7 7 -9 -10 10 13 -13 -14 -15 15 16 18 -19 -20 23 -22 22 -24 25 28 27 -28 -29 -30 -31
leaf_value=0.024163177215690744 -0.76710168013560476 0.11133997835923981 0.075754121034721067 -0.4623549383405805 -1.863913095692423 0.91200231192526149 1.1633699975020155 -0.65342269958744714 -1.0990502503390114 -1.0323636995880632 0.99412480878252829 -2.1207102721241653 0.25633681360999916 -0.22806531702117616 -0.12840812830337692 0.17460282400521873 -0.63547348626372846 1.3954736662248672 0.6386772679178091 -0.015495293847049355 0.93760813184537062 -1.6544532350844372 -0.23745320675547199 -1.6981397947871057 0.6299509648786874 0.67812930746320976 0.0038220877039063838 -0.74331104263869152 1.08590571464054 -0.98619268484448797
leaf_weight=343566 3817 32360 3046 4038 536 694 1554 812 948 1265 772 567 1165 2077 71312 971 2173 1827 605 85379 754 848 701 1099 3744 1234 776 941 1721 1377
leaf_count=343566 3817 32360 3046 4038 536 694 1554 812 948 1265 772 567 1165 2077 71312 971 2173 1827 605 85379 754 848 701 1099 3744 1234 776 941 1721 1377
internal_value=-0.00555427 -0.0428477 -0.393018 -0.0317425 -0.423902 -0.26079 -0.0219578 0.539855 -0.0283249 0.0182755 -0.327742 -0.737321 -0.41453 0.103114 -0.0234406 -0.0482979 0.309287 0.97179 -0.357986 -0.0600345 -0.136107 -0.147218 -1.01319 -0.00186467 0.0167686 -0.426156 -0.993755 0.0631521 0.419379 0.195382
internal_weight=572679 223267 6863 216404 5268 4732 211136 2366 208770 349412 5846 2997 2430 2849 207822 175462 5576 2798 2778 169886 73615 72861 1549 96271 92221 4050 1875 2175 6842 5121
internal_count=572679 223267 6863 216404 5268 4732 211136 2366 208770 349412 5846 2997 2430 2849 207822 175462 5576 2798 2778 169886 73615 72861 1549 96271 92221 4050 1875 2175 6842 5121
is_linear=0
shrinkage=0.05


Tree=234
num_leaves=31
num_cat=0
split_feature=14 14 14 12 12 12 12 14 14 12 12 12 12 12 12 14 14 14 14 12 12 14 14 14 12 14 14 12 12 14
split_gain=158705 482983 460514 1.4804e+06 951259 661291 564646 545168 687990 646170 670127 620994 610898 983280 2.66997e+06 1.6384e+06 2.7127e+06 2.08656e+06 1.76003e+06 1.49521e+06 869771 865972 2.66878e+06 931728 586643 686667 580036 517317 716684 504329
threshold=0.0022799257668168122 0.0023380186642250043 0.0021997587737810705 -0.00070513737895335393 0.0028958840669320849 0.00074353331216602567 -0.0004272017880582539 0.0021046239761008906 0.0019090304447226898 -0.00095787007737934034 -0.0016531034515771946 0.00035059367001668846 -0.0073909465954626521 -0.0048778284761807232 -0.0049951111909748653 0.00095675582311458517 0.0016072972677850155 0.0017045258205262137 0.00049016202931480453 -0.0047350686144894674 -0.0076246522117263543 -0.0055040751619077934 -0.0025634571192562072 -0.0085802334926053346 -0.0032004125680654195 0.0019856109205337131 0.0012740335740685333 -0.0045526305173768161 -0.0044668393901314803 0.0018302000131842191
decision_type=8 8 10 10 10 10 10 10 10 10 10 10 10 10 10 10 10 10 10 10 10 10 10 10 8 10 10 10 10 10
left_child=2 -2 7 -4 5 6 -5 8 12 10 24 -11 20 14 15 18 -17 -18 21 26 29 23 -23 -14 25 -10 -15 -21 -29 -1
right_child=1 -3 3 4 -6 -7 -8 -9 9 11 -12 -13 13 19 -16 16 17 -19 -20 27 -22 22 -24 -25 -26 -27 -28 28 -30 -31
leaf_value=0.11259651397657836 0.51955119343804135 0.012764197766197359 -1.3330505050466839 1.0364925187206269 -1.6418828834579149 1.1499270221309508 -0.80048426111472648 0.52174011913124718 -2.3966715687917453 0.62797581278122327 -1.5278765830219099 -0.357635749211624 -0.23579955362551142 0.56347841404961041 -2.9050947841790093 3.2769786629296904 -2.8785188233252885 0.92828398858318861 -2.0991563231471839 -1.0265893164228461 1.4070317761911739 -2.4083819805909172 -0.065087758989677072 2.3212374996328564 0.27082573833713391 -0.44136809365305418 2.4307007619793097 1.7445841206450734 -0.020199372675384946 1.6164763295478246
leaf_weight=23541 4775 304738 2765 625 632 1780 1265 4541 590 2271 1921 5394 825 844 1013 817 517 1185 1495 1272 1455 1453 7420 627 1840 1879 820 577 193806 571
leaf_count=23541 4775 304738 2765 625 632 1780 1265 4541 590 2271 1921 5394 825 844 1013 817 517 1185 1495 1272 1455 1453 7420 627 1840 1879 820 577 193806 571
internal_value=-0.00370254 0.0205826 -0.0322024 -0.430379 0.14979 0.458328 -0.193018 -0.0212394 -0.0310186 -0.373016 -0.75122 -0.065617 -0.011072 -0.0388329 -0.424273 -0.249011 0.908739 -0.228072 -0.495743 -0.00884459 0.219849 -0.263579 -0.448814 0.868376 -0.404977 -0.908614 1.48362 -0.0215377 -0.0149608 0.14821
internal_weight=573254 309513 263741 7067 4302 3670 1890 256674 252133 13895 6230 7665 238238 212671 15352 14339 2519 1702 11820 197319 25567 10325 8873 1452 4309 2469 1664 195655 194383 24112
internal_count=573254 309513 263741 7067 4302 3670 1890 256674 252133 13895 6230 7665 238238 212671 15352 14339 2519 1702 11820 197319 25567 10325 8873 1452 4309 2469 1664 195655 194383 24112
is_linear=0
shrinkage=0.05


Tree=235
num_leaves=31
num_cat=0
split_feature=10 13 13 17 3 13 9 8 13 9 17 0 13 13 13 13 9 13 17 16 13 13 2 13 13 13 17 13 13 13
split_gain=238281 198560 534499 607757 370373 295095 539143 272024 253239 289204 261957 250778 240979 1.19027e+06 989923 1.43474e+06 934982 644518 543777 506685 441614 997406 887381 527721 755658 605403 560746 480262 421115 418174
threshold=0.20969083329394492 0.12723558433549184 0.11425369198312237 0.026461070030625637 -1.0399337882197985 0.14237178822743557 0.016328780725798523 0.089552238805974085 0.15807227410438207 -0.01073355564310872 0.038685415850537995 -0.012089507809178333 0.22419210611291887 0.23871975019516004 0.24277598854893542 0.25347289214740504 -0.022356770269632273 0.21613322924798337 0.026923937401958895 -0.53996338651785958 0.32550485182271183 0.33459556191839662 -0.058018488165277542 0.35294883110417091 0.36409779730719399 0.35027571474701313 0.04410992990346857 0.3663562900204122 0.40709906380380595 0.30337009172420909
decision_type=10 2 2 2 10 2 10 8 2 10 2 10 2 2 2 2 10 2 2 10 2 2 10 2 2 2 2 2 2 2
left_child=1 2 4 -4 -1 6 7 -3 9 10 -7 -6 17 19 16 18 -15 -10 -16 -14 22 -22 -17 25 -25 26 -23 -26 -29 -24
right_child=-2 5 3 -5 11 8 -8 -9 12 -11 -12 -13 13 14 15 20 -18 -19 -20 -21 21 23 29 24 27 -27 -28 28 -30 -31
leaf_value=-1.0890495865141927 -0.52109745870632784 0.9303614112915416 0.43583904208802293 -1.4086901900635003 -0.89201223060742052 0.5821166959887295 1.7821134257868128 -0.034737137727977638 0.077678412682489262 -0.63894279025015388 -0.65183501523295273 0.13082327059626295 -2.1450519857117696 2.9230502882048373 -0.075247332082695795 2.04949669750247 0.51189715711075545 0.94829517573404165 -1.2296867785548433 -0.52799191533200618 -0.59868438843351579 0.03973618969203286 0.027038800467697383 -0.40899803148012559 0.73480013291554902 1.0147120667650211 0.85384055622231214 -0.14577717969048934 0.017987696997995413 0.31511929685511758
leaf_weight=769 2173 957 618 1610 647 1211 616 3080 22741 3174 667 8122 524 508 1493 604 1928 2345 3220 6414 6946 14724 37882 11352 2239 2335 2470 43941 368134 18873
leaf_count=769 2173 957 618 1610 647 1211 616 3080 22741 3174 667 8122 524 508 1493 604 1928 2345 3220 6414 6946 14724 37882 11352 2239 2335 2470 43941 368134 18873
internal_value=0.00149008 0.00348183 -0.199788 -0.897057 -0.0369118 0.00776508 0.404287 0.194046 0.00443308 -0.347948 0.14386 0.0553558 0.00767769 0.000424577 0.00916067 0.00439702 1.01472 0.159062 -0.86398 -0.650122 0.0124297 -0.00415023 0.143124 0.00512579 -0.00653433 0.259277 0.156686 0.00449298 0.000524875 0.122836
internal_weight=572317 570144 11766 2228 9538 558378 4653 4037 553725 5052 1878 8769 548673 523587 516649 514213 2436 25086 4713 6938 509500 452141 57359 445195 425666 19529 17194 414314 412075 56755
internal_count=572317 570144 11766 2228 9538 558378 4653 4037 553725 5052 1878 8769 548673 523587 516649 514213 2436 25086 4713 6938 509500 452141 57359 445195 425666 19529 17194 414314 412075 56755
is_linear=0
shrinkage=0.05


Tree=236
num_leaves=31
num_cat=0
split_feature=13 13 14 14 14 13 9 17 14 14 13 14 14 13 14 13 13 13 14 14 14 14 14 14 14 13 14 14 14 13
split_gain=183256 1.28186e+06 1.19955e+06 1.01093e+06 1.0842e+06 953482 967876 809437 802316 2.23768e+06 1.8127e+06 845996 655807 587726 585799 616034 547648 908926 3.15624e+06 2.31489e+06 1.78462e+06 894983 804575 802296 2.33553e+06 1.03005e+06 913738 911415 1.28538e+06 859662
threshold=0.25347289214740504 0.24277598854893542 -0.033374233339537519 0.0030254121743337925 0.004979543649912749 0.23871975019516004 -0.021883768346485106 0.027596598724247582 0.0029997106305038285 0.0027127406531941805 0.23389188628346133 0.0031415721934363564 0.0028928064067324064 0.24833449179276054 0.0032679159174293601 0.068898305084745773 0.32550485182271183 0.33459556191839662 0.00099970194329166372 1.0000000180025095e-35 0.002637018642175333 0.0036696302446475137 -0.033374233339537519 0.00014252197149017991 -0.0020407902496278082 0.31416765053128698 0.0077611450595120616 -0.003777759958108706 -0.0034352202709559058 0.30822077922077928
decision_type=2 2 10 8 10 2 10 2 10 8 2 10 10 2 10 2 2 2 8 10 10 10 10 10 10 2 10 10 10 2
left_child=1 2 -1 7 -5 8 -7 -3 9 -4 11 -10 -11 -9 -13 -16 22 18 19 -18 -20 -22 -2 24 27 -26 29 -24 -29 -25
right_child=16 3 5 4 -6 6 -8 13 10 12 -12 14 -14 -15 15 -17 17 -19 20 -21 21 -23 23 26 25 -27 -28 28 -30 -31
leaf_value=-1.8318594322231494 2.0479923284010768 -0.3355913409694562 0.011706451051535706 2.1090552839306298 -1.0650927995032351 2.9152499029168646 0.46425275539951927 -1.2106091774886882 -2.023555327510834 2.7392757578793892 -2.9353446266838406 1.1216517769598224 0.60555910860498752 -2.8637441036782483 1.1035462745554143 -0.31291656796106487 -0.82848837845534362 -0.003005106121873196 1.064905332194007 -4.8630936891968375 -1.9582323989815245 -0.20686611480641962 0.044290258780733865 0.1744080206197394 -0.64432959752465324 -2.5537268208093629 -0.47751999649341342 2.797353134611285 0.36483853786720177 0.70672920595041189
leaf_weight=897 554 1435 35599 523 554 511 1902 1382 625 978 643 859 570 880 818 12458 779 447178 2210 654 1070 2292 5697 27906 5921 802 3973 830 1571 10415
leaf_count=897 554 1435 35599 523 554 511 1902 1382 625 978 643 859 570 880 818 12458 779 447178 2210 654 1070 2292 5697 27906 5921 802 3973 830 1571 10415
internal_value=-0.00316535 -0.0853577 -0.0181493 -0.871754 0.476299 0.0114505 0.983299 -1.26447 -0.033175 0.0926298 -0.336575 -0.223363 1.9536 -1.85374 -0.143765 -0.225641 0.00657116 -0.0118579 -0.576997 -2.66982 -0.0387662 -0.764261 0.151713 0.13332 -0.183245 -0.872105 0.244253 0.38865 1.20573 0.319084
internal_weight=572486 60634 55860 4774 1077 54963 2413 3697 52550 37147 15403 14760 1548 2262 14135 13276 511852 454183 7005 1433 5572 3362 57669 57115 14821 6723 42294 8098 2401 38321
internal_count=572486 60634 55860 4774 1077 54963 2413 3697 52550 37147 15403 14760 1548 2262 14135 13276 511852 454183 7005 1433 5572 3362 57669 57115 14821 6723 42294 8098 2401 38321
is_linear=0
shrinkage=0.05


Tree=237
num_leaves=31
num_cat=0
split_feature=8 13 12 13 12 14 13 13 12 12 14 14 13 14 12 14 12 12 12 14 14 13 12 13 13 13 12 12 12 13
split_gain=178603 182400 947074 2.61368e+06 2.05694e+06 624583 570264 1.97673e+06 1.18235e+06 1.01714e+06 971333 884582 836934 1.16938e+06 885661 824218 641450 427984 801529 1.03016e+06 785994 761794 917721 831224 668147 531450 1.83454e+06 1.06509e+06 1.05109e+06 859790
threshold=0.027522935779812258 0.17481096139632726 -0.01158329952267197 0.29346189070927042 -0.012776247349859415 0.0059355918821889335 0.18612563033917431 0.1935457635940728 -0.009580108063527739 -0.0081838571650755167 0.0014963850870955001 -0.001752787791000831 0.20834805061934403 0.0016072972677850155 -0.0061352421811348484 -0.0015413939735762483 -0.0083764560395833219 -0.0083764560395833219 -0.009218330210910267 -0.00066130064357517338 0.0027305333897758564 0.21311827956989252 -0.0068887899551179086 0.22419210611291887 0.22419210611291887 0.23871975019516004 -0.0066965920680155059 -0.0061352421811348484 -0.0044668393901314803 0.24277598854893542
decision_type=10 2 8 2 10 10 2 2 10 10 10 10 2 10 10 10 8 8 10 10 10 2 10 2 2 2 10 10 10 2
left_child=-1 -2 3 4 5 -3 9 8 -8 10 -4 -11 13 15 16 -9 -15 18 19 -14 24 22 -19 -23 -20 26 -25 -28 -29 -27
right_child=1 2 6 -5 -6 -7 7 12 -10 11 -12 -13 17 14 -16 -17 -18 21 20 -21 -22 23 -24 25 -26 29 27 28 -30 -31
leaf_value=0.13545656312177523 -0.14143183724640232 -2.5344793569040664 0.4632872058306074 4.1834163278047383 2.0945510978885871 -0.097845945223657929 -3.5701326102813264 0.53015961270471956 -0.81552881651836406 1.3602780275879698 2.8331812744122367 -0.57667846311283733 -1.4418903691529561 0.64361024912510878 1.6576357535637207 2.4445357561622765 -1.3206456399537605 -2.1519832455644585 0.29638342144899071 0.80250360367146567 -2.2815322031971972 0.88193696550919887 0.28107226881939007 -2.1280962481823575 -1.8114818378021889 0.97645336454899923 1.4957245642826604 -1.1028943331935519 1.091803382052192 -0.003602224590875672
leaf_weight=23942 23143 524 991 507 766 528 553 1127 1318 823 767 2077 713 639 548 1122 1189 896 1072 1807 897 2660 683 1305 579 2248 951 1854 773 495598
leaf_count=23942 23143 524 991 507 766 528 553 1127 1318 823 767 2077 713 639 548 1122 1189 896 1072 1807 897 2660 683 1305 579 2248 951 1854 773 495598
internal_value=0.0017787 -0.00405465 0.00199526 1.0089 0.123595 -1.31153 -0.00247931 -0.00742686 -1.62969 0.548286 1.49725 -0.0269836 -0.00155211 0.668035 -0.10547 1.48522 -0.634016 -0.0076002 -0.464799 0.167483 -1.09013 -0.00302973 -1.09956 0.000396191 -0.442838 -0.00426815 -0.523353 0.061943 -0.4571 0.00082317
internal_weight=572600 548658 525515 2325 1818 1052 523190 518532 1871 4658 1758 2900 516661 4625 2376 2249 1828 512036 5068 2520 2548 506968 1579 505389 1651 502729 4883 3578 2627 497846
internal_count=572600 548658 525515 2325 1818 1052 523190 518532 1871 4658 1758 2900 516661 4625 2376 2249 1828 512036 5068 2520 2548 506968 1579 505389 1651 502729 4883 3578 2627 497846
is_linear=0
shrinkage=0.05


Tree=238
num_leaves=31
num_cat=0
split_feature=13 14 13 13 13 14 13 14 14 11 14 9 13 14 4 17 11 13 14 14 14 13 13 14 11 13 14 13 13 13
split_gain=220531 240935 606130 1.09016e+06 1.59577e+06 589890 505248 484344 578353 470279 240081 595302 366777 813236 207993 206748 214479 195225 792864 508015 721758 895909 1.12584e+06 681093 479428 574820 390271 2.50206e+06 1.22125e+06 1.33382e+06
threshold=0.90882120253164567 -0.01796644498195283 0.51541258577209559 0.31775210084033617 0.27226271979510425 -0.033374233339537519 0.57920097497030032 -0.033374233339537519 -0.021658507068033826 -0.11436663728295111 -0.013851110702276003 0.0064875395302596292 0.69271670416800613 -0.016262574947656892 -0.17834969542522838 0.023086909610756341 -0.052874075544396444 0.66909206366005647 -0.0085802334926053346 0.00099970194329166372 0.0024693380443540597 0.68048651507139091 0.72128291540526657 0.00075205475904020541 -0.064160833715340676 0.67755265262596642 -0.0085802334926053346 0.46074929971988798 0.51103521061421431 0.61120339608711716
decision_type=2 8 2 2 2 10 2 10 10 10 8 10 2 10 10 2 10 2 8 10 10 2 2 10 10 2 8 2 2 2
left_child=1 2 3 4 9 -5 -4 -8 -9 -1 11 12 13 -3 -2 16 -12 26 -19 23 21 -21 -23 -20 25 -22 27 -17 -29 -30
right_child=14 10 6 5 -6 -7 7 8 -10 -11 15 -13 -14 -15 -16 17 -18 18 19 20 24 22 -24 -25 -26 -27 -28 28 29 -31
leaf_value=-1.6240199138917466 -1.4189981233407998 -0.45328705381435247 1.8960986623177822 -2.0805627172069214 2.4476523319116748 -0.23261756502432265 1.4762085995983534 -0.80191229283508325 1.1547133146131292 0.3667724945762999 -0.06295434579757786 -1.3190412846053383 -0.77857188435883096 1.4632760247187977 -0.17289384205433184 0.6098013660038013 0.1037404500567467 1.1379364649423478 -0.10393231352144494 -1.160700422990895 1.5974753864094309 1.9525681018784351 0.28783498612145625 -1.752537637688901 -0.23445849697411206 0.17666264279152294 -0.016039566005023154 -2.5920177315122146 0.30524803173683818 -2.1743192833337983
leaf_weight=506 516 1340 796 769 771 985 763 989 611 717 25216 1198 1084 943 954 3213 82201 1747 13926 541 796 1780 2365 656 7688 6735 409186 1228 1424 876
leaf_count=506 516 1340 796 769 771 985 763 989 611 717 25216 1198 1084 943 954 3213 82201 1747 13926 541 796 1780 2365 656 7688 6735 409186 1228 1424 876
internal_value=0.00132732 0.00290178 0.296418 -0.133596 0.666179 -1.04281 0.80661 0.439605 -0.0547259 -0.456891 -0.000691849 -0.361822 -0.0212377 0.338355 -0.610302 0.00225423 0.0646091 -0.012559 0.0987528 0.0461111 0.210362 0.752958 1.00273 -0.178098 0.0432943 0.326838 -0.0222561 -0.399605 -1.31889 -0.639144
internal_weight=572520 571050 6907 3748 1994 1754 3159 2363 1600 1223 564143 4565 3367 2283 1470 559578 107417 452161 36234 34487 19905 4686 4145 14582 15219 7531 415927 6741 3528 2300
internal_count=572520 571050 6907 3748 1994 1754 3159 2363 1600 1223 564143 4565 3367 2283 1470 559578 107417 452161 36234 34487 19905 4686 4145 14582 15219 7531 415927 6741 3528 2300
is_linear=0
shrinkage=0.05


Tree=239
num_leaves=31
num_cat=0
split_feature=7 2 1 12 2 8 9 14 14 11 12 17 1 17 14 14 12 9 12 12 14 12 14 14 14 14 14 14 14 14
split_gain=188116 252568 279907 177260 195976 142946 209885 282655 240863 277538 290711 206550 194593 182840 262665 437298 284087 263907 214489 1.15086e+06 1.29964e+06 837199 2.0516e+06 809645 590569 515267 457153 1.38546e+06 1.30754e+06 1.20486e+06
threshold=0.014985696435696952 0.0072837096099074164 0.024825194718896607 0.0032865600098731709 0.060660934194725465 0.85714285714285621 0.0076597033965073924 -0.0080407074899879888 -0.0020407902496278082 -0.10888783897675881 0.0029363100130794062 0.035853716683333342 0.014788387799744325 0.048452496731507484 -0.01034056252125609 -0.021658507068033826 0.0033943032852948416 0.0037809843495332637 -0.0013715312726306137 -0.0015566182097638181 0.0028792428502272321 -0.0012186919422959488 0.0066413442328696103 0.0030886934824674024 0.0011296176608035534 0.0061725728947960848 0.0017793135045680909 0.0019090304447226898 0.0015755726421851299 0.0020138329497681033
decision_type=10 10 10 10 10 8 10 8 8 10 10 2 10 2 8 10 10 10 8 10 10 8 10 10 10 10 10 10 10 10
left_child=5 -2 -3 4 -4 13 7 11 9 10 -9 12 -7 18 15 17 -17 -15 19 26 24 22 23 -20 -21 -25 28 -28 -1 -29
right_child=1 2 3 -5 -6 6 -8 8 -10 -11 -12 -13 -14 14 -16 16 -18 -19 21 20 -22 -23 -24 25 -26 -27 27 29 -30 -31
leaf_value=-0.022262356949234539 0.30642314343374055 -1.3388333473385661 -0.35157855012391154 -0.79299604422080838 0.83790165667336813 -0.43469009069214881 0.18377898049937991 1.8708540452925189 -0.014370954896460002 0.15273974232930795 0.31350171111282349 0.08292689272245013 -1.5440361712250468 0.37481605562130338 -0.13310876717372871 0.43117224447544822 1.8958735707349519 -1.1687446689946313 -1.5553269173860726 0.72659870843778851 -0.2696254179855867 -0.018951142513790785 1.2015740393371517 -0.0033099725576478489 2.0164572458661905 -1.7581378487163577 1.0883140529349531 -1.3008981315242618 -0.88603347847079805 0.078650452029666251
leaf_weight=63856 1167 839 1021 1038 524 1130 22845 537 40023 4630 678 987 608 586 48058 902 523 525 2985 1938 2019 281480 1316 2106 1637 522 3353 1615 4704 79173
leaf_count=63856 1167 839 1021 1038 524 1130 22845 537 40023 4630 678 987 608 586 48058 902 523 525 2985 1938 2019 281480 1316 2106 1637 522 3353 1615 4704 79173
internal_value=-0.00992404 -0.328768 -0.545386 -0.287662 0.0518439 -0.00735136 0.0587856 2.25158e-05 0.0294153 0.329237 1.00181 -0.494725 -0.82277 -0.0168521 -0.106938 0.389003 0.968743 -0.354589 -0.00664887 0.0401174 0.744497 -0.0323168 -0.575278 -0.991871 1.31723 -0.351872 0.0143134 0.0924063 -0.0815269 0.0510725
internal_weight=573325 4589 3422 2583 1545 568736 71438 48593 45868 5845 1215 2725 1738 497298 50594 2536 1425 1111 446704 158295 5594 288409 6929 5613 3575 2628 152701 84141 68560 80788
internal_count=573325 4589 3422 2583 1545 568736 71438 48593 45868 5845 1215 2725 1738 497298 50594 2536 1425 1111 446704 158295 5594 288409 6929 5613 3575 2628 152701 84141 68560 80788
is_linear=0
shrinkage=0.05


Tree=240
num_leaves=31
num_cat=0
split_feature=6 7 13 7 2 4 1 7 14 14 14 12 13 13 13 9 12 1 7 14 13 12 13 12 13 12 9 13 13 13
split_gain=210083 215873 289884 191216 192263 337935 166889 161883 160509 135711 460180 370223 353806 1.45619e+06 1.11683e+06 240645 208033 254536 199049 164289 985953 2.50745e+06 1.33262e+06 1.88984e+06 1.61279e+06 1.01177e+06 958534 663240 1.35151e+06 728209
threshold=13.139004323528646 -0.018894377864627835 0.29061065915727996 -0.0070517415255685542 0.0077908921126298289 0.84723549447386948 -0.0071971522184857218 -0.00060654925302050316 0.0020754950448866201 -0.021658507068033826 -0.01796644498195283 -0.001971657212894184 0.38039962466191979 0.51541258577209559 0.29346189070927042 0.0048160460868988631 -0.022058472749514658 -0.025987958405794511 0.00079974409547799066 -0.0080407074899879888 0.46074929971988798 0.0058347562935567665 0.13515766582094965 -0.009580108063527739 0.44220408383169013 -0.00024998173186822073 -0.015156861190059588 0.48035355874633323 0.52135258358662628 0.60669865403788636
decision_type=2 8 2 10 10 8 10 10 8 8 8 10 2 2 2 10 8 10 10 8 2 10 2 10 2 10 10 2 2 2
left_child=1 2 8 -2 6 7 -5 -6 -1 12 11 -11 14 -14 -3 18 17 -12 -15 20 22 26 -18 -24 -25 -26 -22 -28 -29 -30
right_child=3 9 -4 4 5 -7 -8 -9 -10 10 16 -13 13 15 -16 -17 19 -19 -20 -21 21 -23 23 24 25 -27 27 28 29 -31
leaf_value=0.67713900478000189 -0.80759254519875834 -0.74893139658533803 1.1928471112102101 -0.29034137758278328 -1.377994911093585 0.45892859877790582 0.72825179258351769 -0.43311956085920023 -0.50051291390795316 -0.11761370940833007 -1.2994580073361444 1.2471733581297189 -2.4928272392887338 0.50966638185054192 1.9010804032753759 0.76411928090221481 -1.8988939884891662 -0.078930454218782892 -0.69083895487121394 0.005289348698150103 -2.6899525761538836 0.24242036335787895 2.4700765370903266 -0.32688557839579468 3.2688069382799676 0.37390001548894325 0.58219602274559512 -3.6167349506979409 0.093748911332296972 -1.8438140101828624
leaf_weight=502 1373 980 889 692 582 948 960 2050 683 794 681 1328 754 502 669 759 635 1146 1106 539113 1081 5148 1026 4254 572 639 569 506 1151 838
leaf_count=502 1373 980 889 692 582 948 960 2050 683 794 681 1328 754 502 669 759 635 1146 1106 539113 1081 5148 1026 4254 572 639 569 506 1151 838
internal_value=-0.00207203 0.00119775 0.510373 -0.282429 -0.144614 -0.350509 0.301577 -0.642055 -0.00162577 -0.000673808 0.00159036 0.736504 -0.266241 -0.57925 0.32618 0.0303131 -0.00120764 -0.533873 -0.316054 0.000544159 -0.155263 -0.494552 0.287203 0.501064 0.131401 1.74127 -1.40985 -0.958228 -1.30953 -0.72258
internal_weight=572930 566325 2074 6605 5232 3580 1652 2632 1185 564251 559481 2122 4770 3121 1649 2367 557359 1827 1608 555532 16419 9293 7126 6491 5465 1211 4145 3064 2495 1989
internal_count=572930 566325 2074 6605 5232 3580 1652 2632 1185 564251 559481 2122 4770 3121 1649 2367 557359 1827 1608 555532 16419 9293 7126 6491 5465 1211 4145 3064 2495 1989
is_linear=0
shrinkage=0.05


Tree=241
num_leaves=31
num_cat=0
split_feature=14 14 10 14 14 7 0 12 11 14 13 12 12 14 14 12 13 12 13 12 12 12 11 14 12 14 12 13 14 11
split_gain=188394 785539 1.38799e+06 582818 1.21189e+06 583088 457701 370642 308336 297591 1.04732e+06 1.78351e+06 1.00697e+06 328362 649037 753285 545450 971330 944320 505108 2.32387e+06 976226 475752 379914 361272 325007 289913 951239 605305 274133
threshold=0.014332030701907571 0.013401794456808247 -0.061646314075950275 0.012408643984512928 0.011824106625347611 -0.0015263662711494513 0.005676527751675012 0.012472248262135881 -0.099979886081490429 0.01084061813491532 0.42973781171570463 -0.0017336470331282018 0.0010162796672583336 0.0091590992600573077 0.0084436808036504798 0.0031302898664692181 0.64338374803491094 0.0058347562935567665 0.60297076087855161 -0.0073909465954626521 -0.0044668393901314803 -0.00057865174296679997 -0.13976194237515877 0.0089500665715177719 0.0039427794345600299 0.01135832798867265 0.0019117719798810303 0.52631692853741951 0.009744554259300096 -0.079010556757591818
decision_type=10 10 10 10 10 10 10 10 10 10 2 10 10 10 10 10 2 10 2 10 10 10 10 10 10 10 10 2 10 10
left_child=1 3 -3 4 9 -6 -5 29 -4 13 11 -11 -12 14 -1 22 18 -18 19 -15 -21 -22 -16 -24 -17 -14 27 28 -23 -2
right_child=7 2 8 6 5 -7 -8 -9 -10 10 12 -13 25 16 15 24 17 -19 -20 20 21 26 23 -25 -26 -27 -28 -29 -30 -31
leaf_value=-0.0035414802099800074 0.59762589851694836 -3.2111928170564767 0.72645451325536436 -0.22194911028714159 -2.1697198019394608 -0.43816562431380873 1.4165395153457954 -0.96852956776160237 -0.7563683409067159 0.81433967864065149 2.8017113438463213 -2.7726035798996174 1.1002481140780225 0.90322079324055715 2.1945164929691923 -1.4310971777953221 1.766361939438394 -0.4473918865417692 -2.389650280518119 -3.0237344453183117 0.92613690682224059 1.1421877698222846 0.94428355983487755 -0.063681762000026718 0.20187373487670957 -0.24917202000333549 0.11425714108134438 -2.1171386049505454 -0.69202421018410809 0.0376964391466044
leaf_weight=537679 4171 521 549 640 913 1040 1276 612 970 861 625 580 957 769 544 611 833 1223 589 778 1630 606 2957 1367 760 836 1370 918 1745 4593
leaf_count=537679 4171 521 549 640 913 1040 1276 612 970 861 625 580 957 769 544 611 833 1223 589 778 1630 606 2957 1367 760 836 1370 918 1745 4593
internal_value=-0.00118108 -0.00487545 -0.984257 -0.00132108 -0.00429861 -1.24764 0.869236 0.221107 -0.220444 5.12372e-05 0.43761 -0.629399 1.07349 -0.00299458 0.002342 0.509382 -0.280469 0.449523 -0.459037 -0.313549 -0.446329 -0.126466 0.800947 0.625623 -0.525876 0.471071 -0.496318 -0.752202 -0.219233 0.30418
internal_weight=573523 564147 2040 562107 560191 1953 1916 9376 1519 558238 3859 1441 2418 554379 543918 6239 10461 2056 8405 7816 7047 6269 4868 4324 1371 1793 4639 3269 2351 8764
internal_count=573523 564147 2040 562107 560191 1953 1916 9376 1519 558238 3859 1441 2418 554379 543918 6239 10461 2056 8405 7816 7047 6269 4868 4324 1371 1793 4639 3269 2351 8764
is_linear=0
shrinkage=0.05


Tree=242
num_leaves=31
num_cat=0
split_feature=10 8 8 9 12 5 12 12 12 13 13 17 13 13 12 12 12 13 13 12 13 13 13 0 12 8 11 12 12 12
split_gain=240782 200201 177961 161674 743171 561757 547072 310116 293420 1.86045e+06 869373 317080 273596 252125 904855 548035 1.4845e+06 482432 446667 689917 862191 537663 412348 359348 349060 340258 340035 332708 1.08247e+06 888006
threshold=0.20969083329394492 0.62500000000000033 0.24390243902439088 0.0048160460868988631 -0.018397836894734759 0.84604544919579383 -0.014023419856971607 -0.012121439880781302 -0.018397836894734759 0.1935457635940728 0.086379690949227386 0.042141159227411427 0.12723558433549184 0.32550485182271183 -0.003725196069423261 -0.0034388706987858726 -0.0036304690109206419 0.27226271979510425 0.24277598854893542 -0.0061352421811348484 0.26724219939117205 0.26400255301042486 0.25347289214740504 -0.013521959303591702 0.0018584444144806192 0.7307692307692355 -0.060228708843210806 -0.0047350686144894674 -0.0048778284761807232 -0.0040345718616529034
decision_type=8 8 10 10 8 10 8 8 8 2 2 2 2 2 8 10 10 2 2 8 2 2 2 8 10 8 10 10 10 10
left_child=3 2 -2 8 5 -5 -6 12 9 10 -1 -12 -8 15 -15 16 17 18 23 21 22 -20 -21 -9 26 -16 -17 28 -19 -29
right_child=1 -3 -4 4 6 -7 7 13 -10 -11 11 -13 -14 14 25 24 -18 27 19 20 -22 -23 -24 -25 -26 -27 -28 29 -30 -31
leaf_value=0.58331424907159957 -0.1880089582267914 0.098169621583528641 -1.3385795669770086 -0.14170443605245311 1.1005846091630225 -2.3734085551368103 -1.5785694249478295 1.4222488929906776 -0.027230191625793623 2.6961647083691709 -0.42546284037295962 -2.028743023786459 -0.15947899288065467 -0.88134279357865353 -0.015442655782368822 1.4183724274022995 -1.6587662464342701 0.32457225205396267 -1.7443534341106499 -0.54405402326193009 -1.1983852369551558 0.17767651317630162 0.90624099567428029 0.096878148941381623 -0.63876127130786586 0.13980510208058874 0.49358894490118121 -0.49092274196105862 2.1133718738057916 0.8711968769850329
leaf_weight=1778 555 820 852 569 1207 559 547 536 352727 723 694 555 896 2777 125055 1298 1190 3912 1276 671 1041 509 1818 11154 525 49171 4244 2629 1079 2196
leaf_count=1778 555 820 852 569 1207 559 547 536 352727 723 694 555 896 2777 125055 1298 1190 3912 1276 671 1041 509 1818 11154 525 49171 4244 2629 1079 2196
internal_value=-0.00392618 -0.522818 -0.88473 -0.0019036 0.0323561 -1.24766 0.0391116 0.0330831 -0.0225529 0.417396 -0.126888 -1.13789 -0.697416 0.038077 0.0140997 0.162616 0.0692995 0.145971 -0.0151418 -0.395182 0.00990562 -1.19628 0.515262 0.157648 0.593455 0.0283722 0.710184 0.425078 0.711291 0.129018
internal_weight=573563 2227 1407 571336 214859 1128 213731 212524 356477 3750 3027 1249 1443 211081 177003 34078 28011 26821 17005 5315 3530 1785 2489 11690 6067 174226 5542 9816 4991 4825
internal_count=573563 2227 1407 571336 214859 1128 213731 212524 356477 3750 3027 1249 1443 211081 177003 34078 28011 26821 17005 5315 3530 1785 2489 11690 6067 174226 5542 9816 4991 4825
is_linear=0
shrinkage=0.05


Tree=243
num_leaves=31
num_cat=0
split_feature=2 1 7 9 12 12 12 12 7 12 9 7 0 4 8 8 9 16 1 9 8 1 6 4 12 12 12 12 9 17
split_gain=184850 246627 217125 208763 199257 453569 417340 396738 381702 229118 226208 201156 186635 184776 182322 254790 216302 218330 169866 279110 162973 307822 230048 237227 187620 378687 359686 528929 397242 306295
threshold=-0.0019965067912955116 -0.015116833264987957 0.014985696435696952 0.05633272868086469 0.0014795005132255885 0.0010162796672583336 0.0031633743668316463 0.003194232817560119 -0.00099778885784264338 0.0026205806401390446 0.015336453692296236 0.011795673080332381 -0.007379474078036523 0.014323594378111848 0.18749999999999059 0.50284902597402348 -0.027522806919990841 -0.042795213316980225 -0.025987958405794511 -0.0045766670274118093 0.75810841627495051 0.021353417897713053 0.41918504381208671 0.22100071788424699 9.7573030536232216e-05 0.00025540098350028271 -0.00040257122609814168 -0.0004272017880582539 -0.031526253646773937 0.039901718286372727
decision_type=8 8 10 10 8 10 10 10 8 10 10 8 10 10 8 10 10 10 10 10 8 10 2 8 8 8 10 10 8 2
left_child=4 -2 20 -4 5 14 8 -8 9 -6 12 -9 -7 -12 16 18 17 -1 19 -16 21 24 -22 -24 26 29 27 28 -3 -26
right_child=1 2 3 -5 6 10 7 11 -10 -11 13 -13 -14 -15 15 -17 -18 -19 -20 -21 22 -23 23 -25 25 -27 -28 -29 -30 -31
leaf_value=0.23136512445575971 -0.37875251131309678 0.41199492164972801 -0.24919402936459961 -1.3251994903688231 -0.00527616214814698 -1.0229649173397393 -1.2584269873050482 -0.012105155710703013 0.52436770025496349 0.46858219307389687 -1.3357746865332618 0.97883194248753647 -0.1040801328153769 -0.33406893653679909 -0.0051304538539466938 0.13205937865674955 0.055397062252129474 1.0201082269257913 -0.05730152995694935 -0.99820104285054967 -0.24530829520815353 -0.47995277759621441 0.012674579127248883 0.19797119237361485 -0.34751544992189937 -0.057599437407498878 0.22802161530726914 -1.1392540806260492 -0.036535983323801417 -1.4860878712742043
leaf_weight=5497 4892 5240 3304 522 10535 630 633 22611 9220 3366 974 524 4498 873 1573 19402 64019 1044 59734 1286 7003 3918 84471 21713 3643 127233 16828 1050 85199 705
leaf_count=5497 4892 5240 3304 522 10535 630 633 22611 9220 3366 974 524 4498 873 1573 19402 64019 1044 59734 1286 7003 3918 84471 21713 3643 127233 16828 1050 85199 705
internal_value=-0.00476785 -0.0261194 -0.0213385 -0.395999 0.0330615 0.00642872 0.123674 -0.0234511 0.274916 0.109464 -0.387858 0.0103392 -0.21697 -0.86231 0.024456 -0.0262503 0.0833797 0.357255 -0.0753216 -0.451821 -0.0173232 -0.0403408 0.0322589 0.0505649 -0.0331611 -0.0732799 0.0155742 -0.0235022 -0.0105483 -0.532128
internal_weight=572140 365721 360829 3826 206419 159530 46889 23768 23121 13901 6975 23135 5128 1847 152555 81995 70560 6541 62593 2859 357003 243816 113187 106184 239898 131581 108317 91489 90439 4348
internal_count=572140 365721 360829 3826 206419 159530 46889 23768 23121 13901 6975 23135 5128 1847 152555 81995 70560 6541 62593 2859 357003 243816 113187 106184 239898 131581 108317 91489 90439 4348
is_linear=0
shrinkage=0.05


Tree=244
num_leaves=31
num_cat=0
split_feature=14 14 14 9 13 13 13 13 14 7 14 13 13 13 14 14 13 13 13 13 14 14 14 9 7 14 13 13 14 14
split_gain=182057 885944 609404 589596 585289 928123 758597 717670 905215 528143 507104 393495 442734 384737 991741 687642 373705 369866 704519 356392 911751 494656 415944 325698 315112 306886 3.1277e+06 1.50302e+06 1.29988e+06 1.16484e+06
threshold=0.0021046239761008906 0.0019090304447226898 0.0018754365430909785 -0.028265387840447787 0.41198591549295777 0.33993464052287586 0.369873949579832 0.46523382559774967 0.0019856109205337131 -0.013479505919178734 0.0021588835689403852 0.51244834710743803 0.47826587215076427 0.5187529301453353 0.0019491366621190152 0.0020138329497681033 0.44786405723905731 0.068898305084745773 0.086379690949227386 0.26400255301042486 -0.0019443866454812513 -0.003777759958108706 -0.00060668369941886441 -0.0011711603151161954 -0.0001783158992139123 0.0015755726421851299 0.29346189070927042 0.39408827145846376 0.0015395435248249415 0.0017202943097896436
decision_type=8 10 10 8 2 2 2 2 10 8 8 2 2 2 10 10 2 2 2 2 10 10 10 10 10 10 2 2 10 10
left_child=1 2 3 9 5 -3 -7 8 -6 -1 23 12 -9 -13 -15 -16 -4 -12 -19 20 21 -11 -22 -2 -25 28 29 -28 -5 -27
right_child=10 4 16 25 7 6 -8 11 -10 19 17 13 -14 14 15 -17 -18 18 -20 -21 22 -23 -24 24 -26 26 27 -29 -30 -31
leaf_value=1.417885539055403 1.370559449385286 -0.15236492076462435 1.67342890629115 -0.040593481001431855 -0.61738764895744058 -2.6727221762099691 -0.91867394669017155 -0.20127200717999513 1.5416182264248226 -0.5415282484274041 1.0806211848282903 1.0103330018054661 -2.0833832518042374 -1.9428063692902624 0.91804577407755183 -0.59389034371907834 0.34858590096463948 -1.6464154952218835 0.01547732168298665 0.28564366156640253 1.2279661677937661 -2.3800997799623635 -0.10581243997295438 0.98741838931499404 -0.72128539930731495 -2.5582269084335345 0.89126082419844188 -0.18934682728267427 1.1517019992630466 -0.76750380758340442
leaf_weight=896 1126 2871 780 188934 814 850 2243 584 1203 1117 812 567 672 809 1269 1846 1676 639 317232 15937 897 544 1678 554 526 1621 4043 15767 2314 2065
leaf_count=896 1126 2871 780 188934 814 850 2243 584 1203 1117 812 567 672 809 1269 1846 1676 639 317232 15937 897 544 1678 554 526 1621 4043 15767 2314 2065
internal_value=-0.00488962 -0.0366964 -0.0141932 -0.0223537 -0.427272 -0.799772 -1.40071 -0.141133 0.670309 0.230054 0.0200885 -0.425921 -1.20826 -0.207124 -0.383041 0.0220477 0.769342 0.014859 0.0121365 0.177295 -0.230342 -1.14369 0.358809 0.775559 0.155216 -0.0471179 -0.217647 0.0311931 -0.0261673 -1.55501
internal_weight=572886 251997 238269 235813 13728 5964 3093 7764 2017 21069 320889 5747 1256 4491 3924 3115 2456 318683 317871 20173 4236 1661 2575 2206 1080 214744 23496 19810 191248 3686
internal_count=572886 251997 238269 235813 13728 5964 3093 7764 2017 21069 320889 5747 1256 4491 3924 3115 2456 318683 317871 20173 4236 1661 2575 2206 1080 214744 23496 19810 191248 3686
is_linear=0
shrinkage=0.05


Tree=245
num_leaves=31
num_cat=0
split_feature=14 12 14 9 12 3 9 12 13 12 13 12 14 13 10 14 7 13 13 13 12 12 12 14 13 14 14 14 13 14
split_gain=209699 509730 278768 262506 959655 276868 252253 170702 452143 535013 787657 934565 787292 429198 425715 393449 393341 370821 363096 507260 448294 401051 368245 347680 579912 378363 594404 322460 359379 311456
threshold=0.0270617032583759 -0.0034388706987858726 0.02042647176750689 -0.083267613653601594 -0.009580108063527739 0.097335273131602632 -0.021883768346485106 0.0069817067548779725 0.78953528697763142 0.0062609719852773889 0.73739675480181821 0.0065259749054591186 -0.0060873310949540555 0.74388931509184686 0.012489994776635443 -0.0073043107792539535 0.0044942307109214633 0.48035355874633323 0.77188524590163954 0.7597791717666259 0.012472248262135881 0.0080283938590056132 0.0090764862390379057 -0.0036085129402870018 0.73739675480181821 -0.0073043107792539535 -0.0096976068340517887 -0.00298795615906153 0.7597791717666259 -0.033374233339537519
decision_type=10 10 10 8 10 10 10 10 2 10 2 10 10 2 10 10 10 2 2 2 10 10 10 10 2 10 10 10 2 8
left_child=2 -2 3 4 -1 -6 -4 8 9 13 12 -12 -11 29 18 -16 -14 -17 19 23 21 -20 -23 24 25 26 -9 28 -19 -5
right_child=1 -3 6 7 5 -7 -8 14 -10 10 11 -13 16 -15 15 17 -18 27 20 -21 -22 22 -24 -25 -26 -27 -28 -29 -30 -31
leaf_value=2.3325236820257627 0.32089845727858946 -1.411789627053287 -0.024396638679200635 -0.73170275726005185 -0.699715313464225 0.67371774103481119 1.2155311044954697 -0.4695252481387856 1.0687554437762652 1.4458954070817356 -0.20045741516881008 -2.3176490833331167 -0.74291429355627436 0.9173888473324685 0.36326356757528888 -1.5947837577783708 0.80697952960617847 -0.30487785788402583 0.91334815684180137 1.5949780918370271 0.39326975939328429 -1.5386613443409178 -0.28775934756186405 0.65592353547397186 1.487355299643716 -0.76346417544044742 1.2664801762674893 0.098432857449781891 -1.6514286811582168 -0.0041372839936458907
leaf_weight=559 841 857 753 1475 836 654 901 1182 975 714 1036 1049 2042 1261 2505 571 512 1805 503 907 3620 792 2288 4585 588 1659 846 2948 683 533019
leaf_count=559 841 857 753 1475 836 654 901 1182 975 714 1036 1049 2042 1261 2505 571 512 1805 503 907 3620 792 2288 4585 588 1659 846 2948 683 533019
internal_value=0.00121497 -0.553609 0.00286409 0.000981967 0.565901 -0.0968796 0.651042 -0.00105748 -0.00700266 -0.00894103 -0.506328 -1.26565 -0.0218752 -0.00397138 0.125415 -0.163146 -0.432207 -0.382666 0.270155 0.468772 0.00083819 -0.395646 -0.60942 0.353482 0.0291091 -0.203451 0.254666 -0.255344 -0.67453 -0.00614509
internal_weight=572966 1698 571268 569614 2049 1490 1654 567565 542083 541108 5353 2085 3268 535755 25482 8512 2554 6007 16970 9767 7203 3583 3080 8860 4275 3687 2028 5436 2488 534494
internal_count=572966 1698 571268 569614 2049 1490 1654 567565 542083 541108 5353 2085 3268 535755 25482 8512 2554 6007 16970 9767 7203 3583 3080 8860 4275 3687 2028 5436 2488 534494
is_linear=0
shrinkage=0.05


Tree=246
num_leaves=31
num_cat=0
split_feature=8 9 3 10 9 12 2 13 14 14 13 12 13 10 12 14 12 14 13 13 13 10 12 12 14 7 14 13 12 14
split_gain=207799 158857 169408 147804 142558 645207 531425 341881 416323 668075 391474 268340 1.67729e+06 672290 353640 330526 800594 560724 378391 1.4824e+06 881293 723746 432166 1.44555e+06 560437 448425 369342 518812 1.24835e+06 901787
threshold=0.027522935779812258 0.045623258292427644 -0.12146908320079737 0.20969083329394492 0.0039392747143877247 -0.018397836894734759 -0.022339619387247781 0.086379690949227386 0.0019856109205337131 -0.0018105553692524285 0.10532212885154063 -0.015523825238295434 0.1935457635940728 -0.070524012134415281 -0.014023419856971607 -0.0080407074899879888 -0.010932977868723071 -0.0085802334926053346 0.45258161225849441 0.51103521061421431 0.44220408383169013 -0.027553332787653713 0.0058347562935567665 0.0031633743668316463 -0.013851110702276003 0.0022947639213185961 -0.0020407902496278082 0.26400255301042486 -0.0066965920680155059 -0.0073043107792539535
decision_type=10 10 10 10 10 8 10 2 10 10 2 8 2 10 8 8 10 10 2 2 2 10 10 10 10 10 8 2 10 10
left_child=1 2 -1 4 7 6 -6 8 9 -2 -9 12 13 -12 -13 16 -16 18 20 21 -18 -20 23 -21 -24 -25 27 -17 -29 -30
right_child=3 -3 -4 -5 5 -7 -8 10 -10 -11 11 14 -14 -15 15 26 17 -19 19 22 -22 -23 24 25 -26 -27 -28 28 29 -31
leaf_value=0.1835795538389601 -0.0172386211758076 0.76980305326849496 -0.16903931030063774 -0.44188473969272429 -2.3893162379235031 0.03430334759408768 -0.11794528708338964 -0.863573987497675 -0.25279580592361406 1.882463829757439 -1.9652546281472709 -1.0072347670599382 2.374823220057201 0.29294938695418288 1.1826355701495361 -0.40514385941506897 -0.15654431658840207 -1.4448192413053373 -3.3918947826120363 0.48020141708326086 2.0151071944743175 -0.80570857992186351 -0.37396896494320986 -1.0463025384588156 0.77033482954001475 -3.129799184548419 -0.034361069493149259 2.4585877998778134 1.1307223444561922 0.0850512442309799
leaf_weight=18715 891 979 4164 1926 500 216157 531 1398 1116 963 503 921 790 956 896 3840 3834 1096 580 1106 532 507 2647 501 1796 533 274835 606 2234 26754
leaf_count=18715 891 979 4164 1926 500 216157 531 1398 1116 963 503 921 790 956 896 3840 3834 1096 580 1106 532 507 2647 501 1796 533 274835 606 2234 26754
internal_value=0.00163508 0.146091 0.119403 -0.00464317 -0.0031037 0.0283516 -1.21948 -0.0238162 0.510213 0.9695 -0.0286686 -0.0250823 0.519185 -0.485582 -0.0288694 -0.0260736 -0.263436 -0.362102 -0.263509 -0.475025 0.108073 -2.18564 -0.192565 -0.776298 0.0885945 -2.12029 -0.0152723 0.141642 0.21259 0.165637
internal_weight=572807 23858 22879 548949 547023 217188 1031 329835 2970 1854 326865 325467 2249 1459 323218 322297 14028 13132 12036 7670 4366 1087 6583 2140 4443 1034 308269 33434 29594 28988
internal_count=572807 23858 22879 548949 547023 217188 1031 329835 2970 1854 326865 325467 2249 1459 323218 322297 14028 13132 12036 7670 4366 1087 6583 2140 4443 1034 308269 33434 29594 28988
is_linear=0
shrinkage=0.05


Tree=247
num_leaves=31
num_cat=0
split_feature=13 13 12 12 14 13 14 14 13 14 12 13 13 14 13 13 12 14 12 14 13 14 12 12 13 12 13 12 13 12
split_gain=134778 933491 1.19474e+06 1.12259e+06 2.05193e+06 1.38026e+06 940197 1.14447e+06 1.45141e+06 922243 1.01858e+06 1.12654e+06 857824 796488 794589 789349 761653 852074 940631 749780 958794 1.42515e+06 804640 791191 757580 606287 553655 524879 543807 861865
threshold=0.40709906380380595 0.38449010273114514 -0.001971657212894184 -0.00092215816447464871 0.00045539622530546954 0.39559227695789745 0.0048659828877755393 0.0021997587737810705 0.39764987936352814 0.0028356026167798884 -0.0023023078062583396 0.39184146833400574 0.39764987936352814 0.0025653765985822938 0.40499643430201465 0.39764987936352814 -0.0013715312726306137 -0.0036085129402870018 -0.0014150253318685176 0.0011296176608035534 0.4257745129351645 0.00040813511009258409 -0.0016531034515771946 -0.0017336470331282018 0.44220408383169013 -0.0018191691337477672 0.4107103993035553 -0.0007487341611648442 0.39559227695789745 0.0011352494099923214
decision_type=2 2 10 10 10 2 10 10 2 10 10 2 2 10 2 2 8 10 10 10 2 10 10 10 2 10 2 10 2 10
left_child=1 -1 9 4 -4 -6 7 8 -7 10 -3 -12 -9 -14 -10 27 17 -2 19 20 -19 -22 23 25 -24 26 -21 -5 29 -29
right_child=16 2 3 15 5 6 -8 12 14 -11 11 -13 13 -15 -16 -17 -18 18 -20 22 21 -23 24 -25 -26 -27 -28 28 -30 -31
leaf_value=0.003741920741270856 2.1971782140622711 -1.5663034403463103 2.2840440333880792 -2.1750431660218772 0.51873213805637519 -3.0545096101950517 -1.9946235797088503 2.1612170835162288 1.129222917791163 -1.6580363877835176 1.6597738280180061 -1.1826102359384454 1.3619443664908559 -0.95599299902457524 -1.1192314825913541 -0.15234980355956634 0.0025038499659721289 -1.8097951748695345 1.7617367289232044 -0.54267345738381145 1.5764669908345845 -1.365256455091167 -1.2187459153087292 2.1303492257568086 0.92798462093657541 -0.4253121876223378 1.0955636231046866 -0.40326971103193848 0.52196782798836272 -2.8757758173631878
leaf_weight=179523 631 965 1026 1018 5324 660 1003 586 623 2640 876 579 596 980 1064 3538 358087 972 1014 625 861 789 1219 834 620 1378 2950 991 573 547
leaf_count=179523 631 965 1026 1018 5324 660 1003 586 623 2640 876 579 596 980 1064 3538 358087 972 1014 625 861 789 1219 834 620 1378 2950 991 573 547
internal_value=-0.00238786 -0.0351135 -0.330821 -0.144869 0.146901 -0.0554532 -0.610055 -0.302066 -1.06661 -1.01175 -0.306716 0.528681 0.5279 -0.0794126 -0.288889 -0.663988 0.0155779 0.409226 0.309048 0.16531 -0.564062 0.169788 0.416086 0.705611 -0.494998 0.46571 0.809159 -1.2425 -0.792801 -1.28263
internal_weight=573092 203112 23589 18529 11862 10836 5512 4509 2347 5060 2420 1455 2162 1576 1687 6667 369980 11893 11262 10248 2622 1650 7626 5787 1839 4953 3575 3129 2111 1538
internal_count=573092 203112 23589 18529 11862 10836 5512 4509 2347 5060 2420 1455 2162 1576 1687 6667 369980 11893 11262 10248 2622 1650 7626 5787 1839 4953 3575 3129 2111 1538
is_linear=0
shrinkage=0.05


Tree=248
num_leaves=31
num_cat=0
split_feature=9 1 15 13 12 13 12 13 12 13 12 13 17 12 12 12 12 13 13 13 13 17 10 12 13 12 13 12 10 7
split_gain=179150 230188 263720 140728 674028 673910 1.17019e+06 864030 667679 814766 1.11573e+06 791792 604139 554516 1.3181e+06 1.20847e+06 742888 1.43764e+06 788649 682238 1.03487e+06 499192 481048 427101 389759 392644 929851 480369 361658 353211
threshold=0.096262222323792196 0.018923490666056964 -0.010233820756129603 0.40709906380380595 -0.0020305403594664752 0.42713548097429571 -0.0026961470868247499 0.4132361759261674 -0.0013715312726306137 0.40031545741324931 -0.0015566182097638181 0.40499643430201465 0.022414457008919648 0.0027264279438080886 0.0011352494099923214 0.0052558494206341568 -0.00057865174296679997 0.369873949579832 0.369873949579832 0.37735436606404354 0.38721035892776018 0.039206474955131541 -0.024819859480061022 -0.0023689887345028902 0.40499643430201465 -0.00092215816447464871 0.39764987936352814 -0.0010215795404864313 -0.020815688798894838 0.0017841898817357081
decision_type=8 10 8 2 8 2 10 2 10 2 8 2 2 10 10 10 10 2 2 2 2 2 10 10 2 10 2 10 10 8
left_child=3 2 -2 8 5 6 -5 23 9 10 29 -11 -10 14 16 -15 18 -18 -14 -20 21 -21 -7 -8 25 27 -27 -22 -17 -1
right_child=1 -3 -4 4 -6 22 7 -9 12 11 -12 -13 13 15 -16 28 17 -19 19 20 24 -23 -24 -25 -26 26 -28 -29 -30 -31
leaf_value=0.012791613131586525 -0.81861595820378641 -1.3927323918128804 0.4506735827886697 -1.6117430716208998 0.00040096618027157956 2.8875702090770008 0.97124924687098491 2.1633868223313364 0.20950737202761283 -1.7489142842651793 0.78013316127031862 -0.038465306115025827 -1.5772831384535138 1.4557563465705778 -2.2787996631509344 -1.7726376745641232 2.6286866667594531 -0.24984379394136844 0.75233012654936071 -1.0916584432703584 -0.15713149109620972 -2.8715458947921473 0.69647408741901062 -0.92886843275497943 -1.476984686601865 -2.0606561388683553 0.10756157634167614 1.154000424202043 -0.16146618691029657 -0.17976385439358289
leaf_weight=143164 812 513 825 630 364997 500 588 775 4681 1321 4479 1387 1734 1161 1022 500 542 2172 1100 1494 3434 535 502 595 619 803 1287 877 1148 28568
leaf_count=143164 812 513 825 630 364997 500 588 775 4681 1321 4479 1387 1734 1161 1022 500 542 2172 1100 1494 3434 535 502 595 619 803 1287 877 1148 28568
internal_value=-0.0129932 -0.46855 -0.178931 -0.0112767 0.00710663 0.688875 0.262614 0.865701 -0.0448159 -0.0121488 0.00107837 -0.872846 -0.297737 -0.426585 -0.542901 0.220168 -0.421363 0.325014 -0.59183 -0.423462 -0.566391 -1.56097 1.78984 0.0155688 -0.278926 -0.163069 -0.72549 0.109596 -0.650292 -0.0192404
internal_weight=572765 2150 1637 570615 368587 3590 2588 1958 202028 178919 176211 2708 23109 18428 15619 2809 14597 2714 11883 10149 9049 2029 1002 1183 7020 6401 2090 4311 1648 171732
internal_count=572765 2150 1637 570615 368587 3590 2588 1958 202028 178919 176211 2708 23109 18428 15619 2809 14597 2714 11883 10149 9049 2029 1002 1183 7020 6401 2090 4311 1648 171732
is_linear=0
shrinkage=0.05


Tree=249
num_leaves=31
num_cat=0
split_feature=7 9 2 2 12 4 7 6 14 13 3 17 12 14 12 14 17 14 13 13 14 14 2 14 13 12 12 13 9 14
split_gain=183471 301753 158530 295223 146147 142067 411212 326705 278167 365984 588243 274321 253089 492410 456586 416034 279918 298310 431052 314459 303266 278502 438937 424254 317250 635996 1.16193e+06 740219 764035 672091
threshold=0.014985696435696952 0.052480143772588632 0.0072837096099074164 0.022375451601859477 0.00035059367001668846 0.020189752939179784 -0.010114117991769868 0.63982548779086146 -0.033374233339537519 0.56736237614964247 0.43374966384916025 0.03802798900710426 0.0026205806401390446 0.0028792428502272321 0.0029363100130794062 0.0050249561938617059 0.071585649499969248 0.010389342610622724 0.57920097497030032 0.74388931509184686 0.0061725728947960848 0.02042647176750689 0.015112683139391047 0.0091590992600573077 0.23871975019516004 -0.0026961470868247499 -0.0012561437787633647 0.48991919093377562 -0.026235888670119993 0.01084061813491532
decision_type=8 10 10 10 10 10 10 2 8 2 10 2 10 8 10 10 2 8 2 2 10 10 10 8 2 10 10 2 10 10
left_child=5 2 4 -4 -2 6 7 -1 9 -8 -11 -7 21 -14 15 -15 17 18 -16 20 -20 23 -23 -13 -25 29 -27 -28 -29 -26
right_child=1 -3 3 -5 -6 11 8 -9 -10 10 -12 12 13 14 16 -17 -18 -19 19 -21 -22 22 -24 24 25 26 27 28 -30 -31
leaf_value=1.5624245220299 -0.27384120061117606 -1.3479701799488069 -1.2707186010249836 -0.078912067034544328 0.88860519730511589 -0.0023520950267347891 -1.284959266022379 0.31080495960564569 0.015836180125672446 1.2782067433521442 -1.0817517611275309 -0.11430682708756237 -0.25286290973118869 0.24744147723480886 -1.0390780298467159 1.9023674286449488 -0.63435473655064811 0.72551153296866067 0.52620859878318693 -0.92095089206437142 -0.16847664555650654 -0.57835442392776415 1.3055106100328269 -1.3436777743578954 -0.45370676133906973 -2.3808634452380661 0.61944359704353524 -2.4476514322415279 -0.40728505363122425 1.0880149666088081
leaf_weight=578 505 625 680 2203 582 251415 954 5322 215103 514 543 62759 8291 779 788 741 1079 2224 4513 587 2410 504 800 958 1639 871 1294 577 2240 1243
leaf_count=578 505 625 680 2203 582 251415 954 5322 215103 514 543 62759 8291 779 788 741 1079 2224 4513 587 2410 504 800 958 1639 871 1294 577 2240 1243
internal_value=-0.0121002 -0.326776 -0.166008 -0.360018 0.348554 -0.00955779 0.0215563 0.433421 0.010364 -0.57496 0.0658534 -0.029629 -0.102355 0.0487742 0.239375 1.05422 0.132612 0.211262 0.0734344 0.190167 0.284378 -0.146753 0.577391 -0.159945 -0.484613 -0.37996 -0.721956 -0.370482 -0.825209 0.211234
internal_weight=573321 4595 3970 2883 1087 568726 223014 5900 217114 2011 1057 345712 94297 21412 13121 1520 11601 10522 8298 7510 6923 72885 1304 71581 8822 7864 4982 4111 2817 2882
internal_count=573321 4595 3970 2883 1087 568726 223014 5900 217114 2011 1057 345712 94297 21412 13121 1520 11601 10522 8298 7510 6923 72885 1304 71581 8822 7864 4982 4111 2817 2882
is_linear=0
shrinkage=0.05


Tree=250
num_leaves=31
num_cat=0
split_feature=14 9 14 9 6 14 14 10 14 5 9 14 14 14 14 14 14 14 10 5 8 0 14 11 9 8 10 14 10 14
split_gain=139222 182965 172736 275885 147375 313568 486284 370221 314547 344889 302799 286578 568361 571418 514087 727278 432901 1.14405e+06 405540 312596 302241 291574 267428 406757 258682 429505 247014 222000 353267 221825
threshold=0.0270617032583759 0.012688326480600901 0.02042647176750689 -0.021428172448731544 1.1799886699208151 -0.0064556919326447977 -0.0066860323921768099 0.02152643253120734 -0.0076510020158406878 1.7882026321883921 -0.014323806620185241 -0.0020407902496278082 -0.0019443866454812513 -0.0018105553692524285 -0.0014324399999777863 -0.0013735586035737151 -0.00298795615906153 -0.0027502544366526378 0.023982069309898792 1.0017907669862416 0.54603613084276148 -1.0000000180025095e-35 -0.013851110702276003 -0.13765886339407693 0.0092931065467614978 0.62500000000000033 -0.0060840234625024669 -0.0021963370776773455 -0.0064982619223663629 -0.001752787791000831
decision_type=10 10 10 8 2 10 10 10 10 10 10 10 10 10 10 10 10 10 10 10 10 10 10 10 10 10 10 10 10 10
left_child=2 -2 4 -4 11 6 8 -7 9 10 22 16 21 26 18 -16 19 -18 29 -1 -21 -13 -6 -24 25 -10 -14 28 -19 -15
right_child=1 -3 3 -5 5 7 -8 -9 24 -11 -12 12 13 14 15 -17 17 27 -20 20 -22 -23 23 -25 -26 -27 -28 -29 -30 -31
leaf_value=0.046161328613488199 -0.10018553999035643 -1.2448630590842464 -0.18783068891346844 1.1000653086630903 -0.31492721346788355 0.046401345234886773 -1.3772187658255139 -0.090658071285115382 0.062700291541411157 0.82113300610449635 -0.14085796527774766 -1.5653194623164877 1.9086380594276957 -0.036880401653630497 1.1202356830979319 0.0089912012072118404 1.7635751546650724 -0.37629505769802962 0.32662119982973126 1.6818259519860916 0.12207562770392444 -0.11561069933243984 -2.1998928438686818 -0.59691779286807611 -0.49409313476789979 1.9015325767107498 0.51727416246692182 0.77594826680173856 0.43096657568707109 -0.90386391495541063
leaf_weight=40929 1116 508 765 911 2869 120553 868 83325 759 739 11079 865 504 953 1480 286180 1409 2529 1221 582 666 579 568 1305 512 546 869 1334 2920 3267
leaf_count=40929 1116 508 765 911 2869 120553 868 83325 759 739 11079 865 504 953 1480 286180 1409 2529 1221 582 666 579 568 1305 512 546 869 1334 2920 3267
internal_value=0.00404075 -0.45825 0.00535537 0.512213 0.00386349 -0.027826 -0.220752 -0.00961488 -0.166128 -0.234649 -0.283965 0.024282 0.00551609 0.0103685 0.00560143 0.0147085 0.134532 0.467134 -0.475881 0.0699306 0.849459 -0.98403 -0.618314 -1.08303 0.458366 0.832051 1.02802 0.197831 0.0562988 -0.708074
internal_weight=572710 1624 571086 1676 569410 223123 19245 203878 18377 16560 15821 346287 295918 294474 293101 287660 50369 8192 5441 42177 1248 1444 4742 1873 1817 1305 1373 6783 5449 4220
internal_count=572710 1624 571086 1676 569410 223123 19245 203878 18377 16560 15821 346287 295918 294474 293101 287660 50369 8192 5441 42177 1248 1444 4742 1873 1817 1305 1373 6783 5449 4220
is_linear=0
shrinkage=0.05


Tree=251
num_leaves=31
num_cat=0
split_feature=14 13 17 14 14 14 14 7 4 5 13 13 13 14 14 13 13 13 14 13 13 13 14 17 14 13 9 14 13 13
split_gain=197850 260455 224016 219228 516281 577766 956849 538284 422697 314026 277029 447355 574878 1.17958e+06 672909 311595 499120 243278 239143 1.22697e+06 1.48532e+06 869375 231521 219034 204723 667869 1.02283e+06 606004 456885 318345
threshold=0.0270617032583759 0.45923146655922648 0.049322186524095674 0.014332030701907571 0.013401794456808247 0.012408643984512928 0.011824106625347611 -0.00053474885706492005 0.17639025847988238 0.4690629990618202 0.22419210611291887 0.52007326007326016 0.36150799813635665 0.02042647176750689 0.017502042061277878 0.57920097497030032 0.61298166853722413 0.28708151012516542 0.01084061813491532 0.42973781171570463 0.369873949579832 0.52631692853741951 0.01135832798867265 0.035724629278707294 0.0091590992600573077 0.64338374803491094 -0.026235888670119993 0.0084436808036504798 0.67755265262596642 0.50974067046173321
decision_type=10 2 2 10 10 10 10 10 10 10 2 2 2 10 8 2 2 2 10 2 2 2 10 2 10 2 10 10 2 2
left_child=3 2 -2 4 5 6 18 -8 -7 -6 -5 12 14 -14 -12 -13 -17 -16 24 20 -20 -21 -23 -11 27 26 -26 -1 -27 -28
right_child=1 -3 -4 10 9 8 7 -9 -10 23 11 15 13 -15 17 16 -18 -19 19 21 -22 22 -24 -25 25 28 29 -29 -30 -31
leaf_value=-0.0013588506697593357 -0.80010792824813715 -1.3334310951266386 0.67133089677126734 1.1592994780014454 -0.14658084919112696 -0.20311075519133404 -1.8404782088515965 -0.17011644795727152 1.3894851173430287 -0.70324239980518932 1.2856428162391498 1.5114718960444493 -1.7383674625510086 0.90059708925935389 0.30040378958087688 -0.89694453960008313 0.84798895477315916 -1.1086296249523688 0.56970165223397529 2.4246640280684661 -2.7444741983771954 1.0454339826449672 -0.16644147082107838 -2.1519144925931912 -1.8920661188326342 1.4834738174766411 0.039050464966492636 0.4956925976989176 -0.02344508738298515 -0.64272876864289552
leaf_weight=536852 508 641 527 783 952 617 1095 862 1283 541 1070 776 1208 652 591 584 1374 636 833 806 569 748 833 504 1032 839 4662 6203 1256 2706
leaf_count=536852 508 641 527 783 952 617 1095 862 1283 541 1070 776 1208 652 591 584 1374 636 833 806 569 748 833 504 1032 839 4662 6203 1256 2706
internal_value=0.00105147 -0.541404 -0.0508826 0.00264406 -0.000972811 0.00188291 -0.00107404 -1.10473 0.872311 -0.803487 0.268085 0.166819 -0.159892 -0.813311 0.369216 0.663578 0.327539 -0.429951 0.00280127 0.398673 -0.775353 1.08824 0.406919 -1.40193 9.15617e-05 -0.218637 -0.417831 0.00431868 0.580042 -0.211342
internal_weight=572543 1676 1035 570867 563193 561196 559296 1957 1900 1997 7674 6891 4157 1860 2297 2734 1958 1227 557339 3789 1402 2387 1581 1045 553550 10495 8400 543055 2095 7368
internal_count=572543 1676 1035 570867 563193 561196 559296 1957 1900 1997 7674 6891 4157 1860 2297 2734 1958 1227 557339 3789 1402 2387 1581 1045 553550 10495 8400 543055 2095 7368
is_linear=0
shrinkage=0.05


Tree=252
num_leaves=31
num_cat=0
split_feature=14 14 13 14 12 14 12 12 12 12 13 12 12 14 13 13 12 11 12 12 14 14 12 12 13 13 13 13 14 13
split_gain=187646 624989 1.82717e+06 561990 944113 489697 586385 1.94537e+06 1.18969e+06 677093 408854 527508 1.92221e+06 1.73821e+06 1.37195e+06 1.29541e+06 872701 678577 578259 1.37707e+06 1.2255e+06 1.91483e+06 1.05005e+06 2.12084e+06 1.12437e+06 1.03022e+06 1.12374e+06 3.42177e+06 1.72289e+06 1.1953e+06
threshold=0.0059355918821889335 0.0059817194653357655 0.58835633018639566 0.0055852927927514022 -0.0022352511682086954 0.0058146928034701504 0.0011352494099923214 0.0017009301545418776 0.0025842988345618685 -0.0007487341611648442 0.086379690949227386 -0.0064836710996034408 -0.0059250802429191285 0.007226914180853943 0.18203383094463352 0.24833449179276054 -0.0055529359160462902 -0.074059944781127957 -0.0041064867425633029 -0.0026961470868247499 0.0071208999487286442 0.0087005699091269404 -0.0014150253318685176 -0.0015997289651659475 0.40852852165509529 0.41992345904298461 0.45420751633986933 0.45114127606241178 0.0062769340166878461 0.50262830358561528
decision_type=8 8 2 10 10 10 10 10 10 10 2 8 8 8 2 2 8 10 8 8 10 10 8 10 2 2 2 2 10 2
left_child=3 2 -2 -1 -5 -6 9 -8 -9 -7 -3 13 -13 14 -12 -14 -17 -16 20 -20 -18 -22 23 24 -21 -24 27 28 -27 -28
right_child=1 10 -4 4 5 6 7 8 -10 -11 11 12 15 -15 17 16 18 -19 19 22 21 -23 25 -25 -26 26 29 -29 -30 -31
leaf_value=-0.011500127082274915 -0.075620834710673962 -1.0995531671615093 3.2045386576924786 -2.0783468932075988 -0.53645585842635313 0.36089265757180672 3.0558096761010458 -1.58031040984286 1.0101721794561762 -1.5941445832882568 -0.053309757836783926 -2.4679573383716535 -1.8517227935956584 -0.033593761730881543 3.4184439863507574 1.9381160447718468 1.5684855231004102 1.134743465247374 0.76064067084420728 -0.66665461103438772 -3.004875429676277 -0.19649465441121347 0.71280532318779888 -3.3672617986942033 0.94898475940536875 -2.4994094303338215 0.50841418305929131 -3.3860033682794271 0.09513262250732972 -0.044822302585100053
leaf_weight=465472 1381 783 613 756 6023 983 633 814 973 806 768 774 900 5367 883 611 560 515 6609 4804 841 2181 5661 622 1388 712 12947 936 6314 39704
leaf_count=465472 1381 783 613 756 6023 983 633 814 973 806 768 774 900 5367 883 611 560 515 6609 4804 841 2181 5661 622 1388 712 12947 936 6314 39704
internal_value=-0.00700076 0.0568224 0.932773 -0.0198433 -0.373278 -0.247297 0.166484 0.673906 -0.169824 -0.519912 0.0382173 0.0477866 0.0124719 0.44891 1.64448 0.0351144 0.055357 2.57717 0.0415436 0.0694758 -0.579928 -0.978046 0.00697705 -0.58407 -0.304493 0.0677459 0.00750008 -0.54612 -0.167793 0.0912198
internal_weight=572334 95874 1994 476460 10988 10232 4209 2420 1787 1789 93880 93097 85564 7533 2166 84790 83890 1398 83279 79697 3582 3022 73088 6814 6192 66274 60613 7962 7026 52651
internal_count=572334 95874 1994 476460 10988 10232 4209 2420 1787 1789 93880 93097 85564 7533 2166 84790 83890 1398 83279 79697 3582 3022 73088 6814 6192 66274 60613 7962 7026 52651
is_linear=0
shrinkage=0.05


Tree=253
num_leaves=31
num_cat=0
split_feature=13 12 13 12 13 13 12 14 12 13 14 12 12 14 14 13 14 14 12 12 13 14 14 12 13 11 13 12 14 14
split_gain=172206 1.21024e+06 2.34638e+06 2.1493e+06 723059 1.53015e+06 912336 1.16693e+06 879387 796300 1.37981e+06 1.05555e+06 988566 816375 679029 575126 893299 569786 499772 1.26071e+06 668250 646278 555551 492124 1.4458e+06 828948 601041 1.93743e+06 992197 1.21524e+06
threshold=0.17481096139632726 -0.01158329952267197 0.29346189070927042 -0.012776247349859415 0.18612563033917431 0.1935457635940728 -0.0081838571650755167 0.0014963850870955001 -0.009580108063527739 0.20834805061934403 0.0016072972677850155 -0.0061352421811348484 -0.0076246522117263543 -0.0015413939735762483 -0.001752787791000831 0.21311827956989252 -0.00298795615906153 0.0059355918821889335 -0.0083764560395833219 -0.009218330210910267 0.22419210611291887 -0.0073043107792539535 0.0027305333897758564 -0.0079068726198417965 0.24833449179276054 -0.08045412073126823 0.25347289214740504 -0.0068887899551179086 0.004979543649912749 0.0028356026167798884
decision_type=2 8 2 10 2 2 10 10 10 2 10 10 10 10 10 2 10 10 8 10 2 10 10 8 2 10 2 10 10 10
left_child=-1 2 3 17 6 8 7 -3 -6 10 13 12 -12 -7 -8 16 -11 -2 19 21 -20 -17 -21 24 -22 -26 27 -25 29 -29
right_child=1 4 -4 -5 5 9 14 -9 -10 15 11 -13 -14 -15 -16 18 -18 -19 20 22 23 -23 -24 26 25 -27 -28 28 -30 -31
leaf_value=-0.12895925915443499 -2.3426755961751082 0.3575826564157788 3.8349060712144678 2.165340054035187 -2.9553219430873132 0.58031544486846232 1.2824263966129594 2.874381486532565 -0.68984806784943853 -2.1934697797619216 0.29444261441392633 1.6658705064671229 -1.882771872013115 2.4289902981833986 -0.38341019565551648 -1.1405149618045065 -0.091006955626559374 -0.088005928634722216 0.75724681250180625 -0.69539475258121897 2.0420736975780232 0.70113268469418299 -2.2475655687411455 -1.8281758697726751 0.84063761792197012 -2.0129459727307162 -0.00036656267365604378 -0.22278674066694495 -1.3995632543883942 1.2177440429913264
leaf_weight=26167 543 1041 596 840 617 1207 841 826 1401 766 1160 618 947 1182 2244 628 1484 579 2890 1396 1072 1973 982 1896 508 510 509705 5875 1215 1950
leaf_count=26167 543 1041 596 840 617 1207 841 826 1401 766 1160 618 947 1182 2244 628 1484 579 2890 1396 1072 1973 982 1896 508 510 509705 5875 1215 1950
internal_value=-0.00365124 0.00233777 1.08736 0.252731 -0.00275547 -0.00827098 0.598673 1.47107 -1.38251 -0.00311595 0.61783 -0.151165 -0.684116 1.49498 0.0707125 -0.00907545 -0.806779 -1.17917 -0.0056928 -0.504276 -0.000969925 0.256475 -1.33637 -0.00516184 0.760548 -0.588957 -0.00823562 -0.374997 -0.0702147 0.136195
internal_weight=573659 547492 2558 1962 544934 539982 4952 1867 2018 537964 5114 2725 2107 2389 3085 532850 2250 1122 530600 4979 525621 2601 2378 522731 2090 1018 520641 10936 9040 7825
internal_count=573659 547492 2558 1962 544934 539982 4952 1867 2018 537964 5114 2725 2107 2389 3085 532850 2250 1122 530600 4979 525621 2601 2378 522731 2090 1018 520641 10936 9040 7825
is_linear=0
shrinkage=0.05


Tree=254
num_leaves=31
num_cat=0
split_feature=4 13 12 12 9 14 12 14 12 13 13 12 13 12 12 13 12 14 14 12 12 13 13 7 0 12 14 12 14 16
split_gain=183747 391102 393430 247176 565104 509578 513292 223037 481393 925724 949454 877887 2.24862e+06 1.95519e+06 849691 722571 895704 655775 984489 767405 1.12448e+06 520566 423223 392466 370692 333249 312708 250965 230243 203942
threshold=-0.19862310695070212 0.90882120253164567 0.016890380576231493 -0.022058472749514658 -0.013285197868388209 -0.033374233339537519 0.0029794210103305805 -0.0076510020158406878 0.0084027174470880702 0.45258161225849441 0.44153870566120651 -0.0019085968302541385 0.34705529629533077 -0.0042591896515363249 -0.0052980094234980355 0.24833449179276054 -0.012121439880781302 -0.01796644498195283 -0.011175828150746085 0.0058347562935567665 0.0013102427116815129 0.21311827956989252 0.14237178822743557 0.00099643641124441836 -0.0099040234822103841 0.010100173992290821 -0.0073043107792539535 0.0086759873145388564 -0.013851110702276003 -0.933944625836582
decision_type=10 2 10 10 10 8 10 8 10 2 2 10 2 10 10 2 10 10 10 10 10 2 2 10 10 10 8 10 10 8
left_child=1 2 3 4 -1 6 -5 8 9 10 11 12 13 14 15 16 22 23 28 20 -20 -18 -7 -11 -22 -10 -9 29 -19 -28
right_child=-2 -3 -4 5 -6 7 -8 26 25 17 -12 -13 -14 -15 -16 -17 21 18 19 -21 24 -23 -24 -25 -26 -27 27 -29 -30 -31
leaf_value=2.08002594449444 -0.011903788189698901 -1.291225655558492 1.3105299341436734 -1.573220355914198 -0.0041756600231191441 -1.4874452612860494 0.33793187711437328 1.0720567058364461 1.2140273215536541 1.4496319781092717 1.7455225667874801 -1.631790760092299 2.7422048639199832 -2.3064929368364258 2.0559063999739418 -1.2094547139528573 2.5535567335328828 -1.5423478270704682 0.31019991842693373 0.67935974361706075 -2.4824477489773358 0.37902378440740597 0.3428601702144905 -0.39717492801359011 -0.8021479988066379 0.078042326620150981 -0.76239009622934895 -0.60966977620723617 -2.8909473624703481 0.15715478932133126
leaf_weight=501 509404 517 653 929 927 567 565 887 1076 503 854 754 745 903 572 934 556 777 1013 1007 902 545 713 672 516 1614 612 1136 534 40902
leaf_count=501 509404 517 653 929 927 567 565 887 1076 503 854 754 745 903 572 934 556 777 1013 1007 902 545 713 672 516 1614 612 1136 534 40902
internal_value=-0.00191418 0.0783676 0.0896304 0.0768162 0.727046 0.0615414 -0.850462 0.0845206 -0.0766723 -0.202065 0.181192 -0.0312323 0.186802 -0.210646 0.276247 -0.0308318 0.431509 -0.664186 -0.925858 -0.481306 -0.962091 1.47715 -0.467908 0.393416 -1.871 0.532436 0.14286 0.123535 -2.09166 0.143599
internal_weight=572790 63386 62869 62216 1428 60788 1494 59294 15757 13067 7143 6289 5535 4790 3887 3315 2381 5924 4749 3438 2431 1101 1280 1175 1418 2690 43537 42650 1311 41514
internal_count=572790 63386 62869 62216 1428 60788 1494 59294 15757 13067 7143 6289 5535 4790 3887 3315 2381 5924 4749 3438 2431 1101 1280 1175 1418 2690 43537 42650 1311 41514
is_linear=0
shrinkage=0.05


Tree=255
num_leaves=31
num_cat=0
split_feature=15 13 14 4 14 14 10 14 14 13 13 0 14 13 13 13 14 9 14 14 14 14 13 13 13 13 14 13 13 13
split_gain=156566 252743 405697 245894 165499 471373 936680 579200 1.12193e+06 483947 1.28344e+06 319476 299361 1.11888e+06 1.37347e+06 861088 325474 819477 407106 687746 883882 706362 1.19145e+06 1.20791e+06 817449 3.47133e+06 834260 813799 618778 602086
threshold=0.02362423977044999 0.23871975019516004 0.013401794456808247 -1.4186783339365931 0.014332030701907571 0.013401794456808247 -0.058840500022933402 0.012408643984512928 0.011824106625347611 0.48991919093377562 0.40031545741324931 0.0071872698208867358 0.01084061813491532 0.42973781171570463 0.369873949579832 0.52631692853741951 0.0091590992600573077 -0.027522806919990841 0.0077611450595120616 0.006890002005023343 0.0066413442328696103 0.007226914180853943 0.64046691736055161 0.47001577287066248 0.39408827145846376 0.32550485182271183 0.0071208999487286442 0.37476591760299632 0.4257745129351645 0.46374525670918493
decision_type=8 2 8 8 8 10 10 10 10 2 2 10 10 2 2 2 10 10 10 10 10 10 2 2 2 2 10 2 2 2
left_child=4 2 -2 -3 5 7 -7 8 12 10 -10 -9 16 14 -14 -15 18 -18 19 20 -1 24 23 27 25 26 -21 -23 -26 -22
right_child=1 3 -4 -5 -6 6 -8 11 9 -11 -12 -13 13 15 -16 -17 17 -19 -20 21 29 22 -24 -25 28 -27 -28 -29 -30 -31
leaf_value=-0.0042025106311359712 -0.25805510902558032 1.0078062266111374 -1.8971723575813648 -0.11336343027377833 0.18024053913271876 -2.6469664260060966 -0.12746382008803966 0.073987530982096178 -2.0472364432127823 -2.4268992149594317 1.1589237955773448 1.426585456864041 0.62752412011257108 2.5027016996883402 -2.6208397011505018 0.44441042186981827 -1.5494720625950773 -0.12583273715929513 0.26627683512857447 -1.3422480100167009 0.040428951278672631 0.37403759917668816 -1.7148946818292961 0.86301615184255565 0.60864945498392942 -4.8735184510692697 1.3659795080669255 -1.0470526415090615 -0.75606447715027336 1.0370916647278907
leaf_weight=484988 1478 502 507 18943 12244 501 1399 726 736 582 542 1095 799 755 549 1554 1137 9109 14046 619 2704 1810 955 3361 1133 570 526 2272 3112 3447
leaf_count=484988 1478 502 507 18943 12244 501 1399 726 736 582 542 1095 799 755 549 1554 1137 9109 14046 619 2704 1810 955 3361 1133 570 526 2272 3112 3447
internal_value=-0.00668641 -0.139281 -0.676711 -0.0844189 -0.00153194 -0.00566091 -0.791817 -0.00288001 -0.00590831 -1.23177 -0.687503 0.887329 -0.00163404 0.449195 -0.695437 1.11743 -0.00474599 -0.283814 0.00075756 -0.0066203 0.00335141 -0.347719 -0.0522771 0.161051 -0.764014 -1.68528 -0.098119 -0.416927 -0.391819 0.598955
internal_weight=572701 21430 1985 19445 551271 539027 1900 537127 535306 1860 1278 1821 533446 3657 1348 2309 529789 10246 519543 505497 491139 14358 8398 7443 5960 1715 1145 4082 4245 6151
internal_count=572701 21430 1985 19445 551271 539027 1900 537127 535306 1860 1278 1821 533446 3657 1348 2309 529789 10246 519543 505497 491139 14358 8398 7443 5960 1715 1145 4082 4245 6151
is_linear=0
shrinkage=0.05


Tree=256
num_leaves=31
num_cat=0
split_feature=17 6 5 13 10 13 12 13 12 13 12 13 12 12 7 13 13 12 13 13 13 12 12 12 13 13 12 13 13 13
split_gain=163322 239007 265493 231818 208271 190843 1.03369e+06 1.00919e+06 935946 292021 526148 382849 235486 620786 497865 371275 1.45639e+06 946594 246021 802312 1.2252e+06 795594 679418 567969 536322 725149 640527 528238 519183 707170
threshold=0.029613646454676925 7.2017970545726691 0.59652787354781289 0.8460462670872767 -0.024819859480061022 0.16887096774193552 -0.0099511172059858315 0.29346189070927042 -0.014023419856971607 0.1511401849516604 -0.010932977868723071 0.15807227410438207 -0.0090148358906430217 -0.0086616432847759408 -0.0024032582523029629 0.22419210611291887 0.20082304526748976 -0.009218330210910267 0.25347289214740504 0.24277598854893542 0.23871975019516004 -0.0055529359160462902 -0.0047350686144894674 -0.0040345718616529034 0.22419210611291887 0.21613322924798337 -0.0066965920680155059 0.26724219939117205 0.32550485182271183 0.29061065915727996
decision_type=2 2 10 2 10 2 8 2 10 2 10 2 8 8 10 2 2 10 2 2 2 10 8 8 2 2 10 2 2 2
left_child=3 5 -3 -1 -5 9 7 8 -7 -2 -11 -12 15 14 -14 16 -8 -17 19 20 24 -22 28 27 25 -15 -26 -24 29 -20
right_child=1 2 -4 4 -6 6 12 -9 -10 10 11 -13 13 18 -16 17 -18 -19 22 -21 21 -23 23 -25 26 -27 -28 -29 -30 -31
leaf_value=0.03676408665361755 -0.085395261829519689 0.27332805862537629 -0.39218375973311426 0.11883116326219328 -0.96845195952337237 -0.94231483780829373 -1.247199560585514 2.3406612278770957 0.84124446877129155 -1.8388898995274197 -1.0593618095608714 0.4029511395751505 2.3357526891201732 -0.20316984278590855 0.22046810128507721 -0.049210876349275789 1.9725922539979717 -2.793429848486316 0.13832438963238933 -1.0252001730188376 2.3336198619884789 -0.13963400981693624 0.85343512606686933 -0.011056866775431745 -1.9877561767190202 1.3132719616952766 -0.2892835848830877 -0.56497110520225913 -0.71795662437401697 0.91810015487862051
leaf_weight=255847 11021 1852 7853 740 1088 979 851 805 2958 707 791 1031 500 6784 627 843 598 501 7748 2540 829 535 721 247905 848 892 1607 7326 1068 4654
leaf_count=255847 11021 1852 7853 740 1088 979 851 805 2958 707 791 1031 500 6784 627 843 598 501 7748 2540 829 535 721 247905 848 892 1607 7326 1068 4654
internal_value=0.00322474 -0.0209031 -0.265184 0.0327554 -0.528305 -0.0131472 -0.00463832 0.727564 0.397733 -0.196587 -0.681142 -0.231895 -0.0167204 -0.0122365 1.15893 -0.473595 0.0816034 -1.07217 -0.0168929 -0.220983 -0.0432792 1.36354 -0.0062612 -0.0244761 -0.232688 -0.0269497 -0.875966 -0.437884 0.339851 0.430945
internal_weight=573049 315374 9705 257675 1828 305669 292119 4742 3937 13550 2529 1822 287377 284584 1127 2793 1449 1344 283457 14035 11495 1364 269422 255952 10131 7676 2455 8047 13470 12402
internal_count=573049 315374 9705 257675 1828 305669 292119 4742 3937 13550 2529 1822 287377 284584 1127 2793 1449 1344 283457 14035 11495 1364 269422 255952 10131 7676 2455 8047 13470 12402
is_linear=0
shrinkage=0.05


Tree=257
num_leaves=31
num_cat=0
split_feature=9 12 14 12 13 14 14 13 13 5 12 13 10 12 14 13 12 12 12 12 14 13 13 14 13 14 12 12 13 13
split_gain=131127 545922 1.09169e+06 446692 312615 986701 495069 703450 371242 277659 273253 2.00344e+06 229527 217850 197070 193872 745404 450833 695478 1.09815e+06 724559 1.3791e+06 636595 1.19798e+06 654410 760986 544297 1.05154e+06 619886 839346
threshold=0.0042898572397790432 -0.018397836894734759 0.0049007795309750886 -0.014023419856971607 0.086379690949227386 0.0060195072149775257 -0.0018105553692524285 0.068898305084745773 0.10532212885154063 0.23199812367870118 -0.018397836894734759 0.1935457635940728 -0.011826669271014093 -0.012121439880781302 0.0018754365430909785 0.32550485182271183 -0.003725196069423261 0.0019117719798810303 -0.0034388706987858726 -0.0036304690109206419 -0.01034056252125609 0.26400255301042486 0.27226271979510425 -0.0039378222928587456 0.24277598854893542 0.0029665282722408054 -0.0047350686144894674 -0.0048778284761807232 0.29061065915727996 0.30822077922077928
decision_type=10 8 10 8 2 10 10 2 2 10 8 2 10 8 10 2 8 8 10 10 8 2 2 10 2 10 10 10 2 2
left_child=4 2 -2 12 5 6 -1 -8 14 -5 11 -10 -3 -11 -6 17 -17 18 19 20 21 -15 24 -24 -22 -26 27 -25 -28 -30
right_child=1 3 -4 9 8 -7 7 -9 10 13 -12 -13 -14 15 -16 16 -18 -19 -20 -21 22 -23 23 26 25 -27 28 -29 29 -31
leaf_value=-0.075900550898562777 -2.4708478298326617 1.7952425575433393 0.52132583517758613 0.28617045780068157 -1.1645447804344256 -1.493508884677901 0.3404827068010679 2.232998020642289 -0.90244885622617943 -0.59330389278677653 -0.028975605481254829 2.6116375702352421 0.41560343604355571 2.8024325995643937 -0.0023781435502754464 -0.81779827035577712 0.0088531176327035967 -1.287857203322488 0.6561462627628879 -1.4698710586283017 0.07528099781024615 -0.64837543988394641 2.728007311475416 0.20327666856701054 -1.1671177452137949 0.082319993555566268 0.57827700879338917 1.9764083803781798 -1.2881399050649516 0.54106289900786486
leaf_weight=1057 633 505 588 9720 1099 557 1004 961 939 1472 342635 714 748 675 546 2771 171785 555 5631 1144 11342 507 514 3466 2754 2186 1789 1102 1720 987
leaf_count=1057 633 505 588 9720 1099 557 1004 961 939 1472 342635 714 748 675 546 2771 171785 555 5631 1144 11342 507 514 3466 2754 2186 1789 1102 1720 987
internal_value=-0.00554911 0.0244461 -1.0299 0.0302614 -0.0246522 0.440247 0.796667 1.26603 -0.029462 0.0249028 -0.0258817 0.615432 0.971643 0.0128328 -0.778804 0.0171033 -0.00426961 0.125644 0.148843 0.0474934 0.111685 1.32226 0.0563522 0.3798 -0.133918 -0.614229 0.246638 0.631033 -0.143913 -0.621194
internal_weight=572106 222594 1221 221373 349512 3579 3022 1965 345933 220120 344288 1653 1253 210400 1645 208928 174556 34372 33817 28186 27042 1182 25860 9578 16282 4940 9064 4568 4496 2707
internal_count=572106 222594 1221 221373 349512 3579 3022 1965 345933 220120 344288 1653 1253 210400 1645 208928 174556 34372 33817 28186 27042 1182 25860 9578 16282 4940 9064 4568 4496 2707
is_linear=0
shrinkage=0.05


Tree=258
num_leaves=31
num_cat=0
split_feature=6 8 0 14 14 12 12 5 11 14 1 12 12 12 12 14 12 10 14 14 12 14 14 12 12 12 14 14 14 14
split_gain=164202 308753 408211 305134 682608 759470 413708 376436 325188 273350 270564 246688 739720 424446 728435 362306 318082 449117 281537 320167 242781 1.4197e+06 883337 689753 488987 425417 673814 590864 388206 888924
threshold=1.0599662981019768 0.7142857142857153 0.020055208741853934 -0.001752787791000831 -0.0015413939735762483 0.0008032770979212562 -0.0057617062163388575 1.0379718216869864 -0.018401085370891232 0.0042899046929920992 0.026391699968683402 0.0051455069210035653 0.0053948992070044144 0.0044897591480958987 0.0046182709642192434 0.00014252197149017991 0.0048987263190622228 -0.016582571479823404 0.0044148473779117682 0.0077611450595120616 0.0012014126857920048 -0.0011851451013237192 -0.0011851451013237192 0.0012242074010483559 -0.00034927173432989681 0.0013102427116815129 0.0032118266929887034 -0.0009312187362649167 0.0089500665715177719 0.009744554259300096
decision_type=2 8 8 10 8 10 10 10 8 10 10 8 10 10 10 10 10 10 10 10 8 10 10 10 10 10 10 10 10 10
left_child=3 -2 -3 7 5 6 -5 -1 10 -10 11 13 -13 20 -15 -16 17 -17 -14 -20 22 -22 24 -23 -6 26 -25 -27 -29 -30
right_child=1 2 -4 4 8 -7 -8 -9 9 -11 -12 12 18 14 15 16 -18 -19 19 -21 21 23 -24 25 -26 27 -28 28 29 -31
leaf_value=0.1224485497806948 -0.063147346934394444 0.032450750726490479 0.61536946349553157 -0.56859634760880384 0.46785200006047528 0.53093518496615366 -2.1080842347769519 1.1334580089877082 0.17156634965753095 -0.052050636548828355 -0.99510754876280749 1.4107476892576545 0.28484767184924425 -1.7307003715792248 -1.1836408368973035 1.6903469560321036 -0.54668171307608082 -0.16192504424309129 -0.71221295496490356 0.27246180804208664 -2.0086915072456279 1.4897649847836227 -0.073513689613402031 -1.990672926042979 2.053382913842444 1.2819205150169204 0.28754069637755925 0.11927668019329861 -2.0072761223586251 0.0022150007475893645
leaf_weight=47257 181320 74803 3129 823 2098 734 929 939 48120 19087 708 1162 5712 972 662 580 966 751 1931 1442 805 887 126801 626 633 1047 674 43848 714 2401
leaf_count=47257 181320 74803 3129 823 2098 734 929 939 48120 19087 708 1162 5712 972 662 580 966 751 1931 1442 805 887 126801 626 633 1047 674 43848 714 2401
internal_value=0.00206084 -0.0273748 0.0558552 0.0264178 0.00537907 -0.819251 -1.38491 0.142146 0.0131849 0.108058 -0.0194431 -0.0158954 0.222889 -0.0291598 -0.543147 -0.153048 0.143971 0.645226 0.0709584 -0.291252 -0.0179681 0.0744364 -0.0543515 0.107843 0.835351 0.0829848 -0.809507 0.107151 0.0809609 -0.458387
internal_weight=572561 259252 77932 313309 265113 2486 1752 48196 262627 67207 195420 194712 10247 184465 3931 2959 2297 1331 9085 3373 180534 51002 129532 50197 2731 49310 1300 48010 46963 3115
internal_count=572561 259252 77932 313309 265113 2486 1752 48196 262627 67207 195420 194712 10247 184465 3931 2959 2297 1331 9085 3373 180534 51002 129532 50197 2731 49310 1300 48010 46963 3115
is_linear=0
shrinkage=0.05


Tree=259
num_leaves=31
num_cat=0
split_feature=17 12 5 11 13 12 14 12 11 14 2 14 14 14 12 14 14 12 13 12 12 13 14 14 14 12 12 13 12 13
split_gain=150698 329890 378143 272586 333493 262808 420223 290227 526495 317096 233772 179965 167830 831128 1.03483e+06 517983 1.1997e+06 1.08313e+06 1.04597e+06 928101 894188 1.64314e+06 1.29684e+06 867274 977855 1.09513e+06 1.03404e+06 849793 1.09483e+06 742086
threshold=0.063709155212157517 -0.009218330210910267 0.13461836820400411 -0.34747289082290428 0.18612563033917431 0.012472248262135881 0.02042647176750689 0.0046182709642192434 -0.23918144089756047 -0.016262574947656892 0.015112683139391047 0.01135832798867265 0.0059355918821889335 0.0055852927927514022 -0.0022352511682086954 0.006890002005023343 0.007226914180853943 0.005547319853706047 0.3193265421618563 0.0043693898379462215 -0.0064836710996034408 0.18203383094463352 0.0062769340166878461 0.015959206129601212 0.0093921061047047109 -0.0061352421811348484 -0.0045526305173768161 0.35294883110417091 -0.0028053404000961549 0.4132361759261674
decision_type=2 8 8 10 2 10 10 8 8 8 10 10 8 10 10 8 8 10 2 10 10 2 10 10 10 10 10 2 10 2
left_child=12 3 -3 -2 -5 6 7 9 -9 -4 -10 -11 13 -1 -15 17 29 19 23 20 21 -14 -23 24 -18 -26 -27 28 -20 -17
right_child=1 2 5 4 -6 -7 -8 8 10 11 -12 -13 15 14 -16 16 18 -19 27 -21 -22 22 -24 -25 25 26 -28 -29 -30 -31
leaf_value=-0.00087534786316113388 -0.48593583057324097 0.79385890700456496 -1.5643548551033128 0.2050055699353231 1.8555017937871927 -1.2435001716166523 0.91298795659374576 1.6319563291370871 0.26838239174835882 -0.29816839215977592 -0.99285453111784117 -1.1278515873350583 -0.054919906900374731 -2.246141378912438 -0.31205841656422678 -1.4393310448054006 -0.23558422510748916 -1.8876710646200714 1.6221698909238651 1.9221329168772396 0.14352925403790973 0.82608178166772372 4.2037008672901006 0.45328461040862705 -0.4353520632392866 -3.610733028761532 -0.78737644096398018 0.089154815028777382 -0.26552200079038163 -0.27424195404915874
leaf_weight=455740 513 838 583 748 518 701 733 500 917 8504 613 708 1316 743 9999 2125 4048 581 2068 848 22929 560 577 2041 1298 803 544 45913 1222 3830
leaf_count=455740 513 838 583 748 518 701 733 500 917 8504 613 708 1316 743 9999 2125 4048 581 2068 848 22929 560 577 2041 1298 803 544 45913 1222 3830
internal_value=-0.00334942 -0.155247 -0.236215 0.486346 0.880327 -0.301318 -0.248724 -0.320735 0.223382 -0.433503 -0.236937 -0.361935 0.000978642 -0.0111217 -0.445835 0.0632104 -0.0141913 0.247663 0.0552706 0.294961 0.240598 1.14793 2.54014 -0.448973 -0.724112 -1.47177 -2.47049 0.144779 0.921027 -0.689996
internal_weight=573061 15876 14097 1779 1266 13259 12558 11825 2030 9795 1530 9212 557185 466482 10742 90703 63892 26811 57937 26230 25382 2453 1137 8734 6693 2645 1347 49203 3290 5955
internal_count=573061 15876 14097 1779 1266 13259 12558 11825 2030 9795 1530 9212 557185 466482 10742 90703 63892 26811 57937 26230 25382 2453 1137 8734 6693 2645 1347 49203 3290 5955
is_linear=0
shrinkage=0.05


Tree=260
num_leaves=31
num_cat=0
split_feature=8 12 13 12 12 9 14 12 14 12 12 14 13 12 13 13 12 12 12 13 13 14 14 13 14 12 12 14 12 14
split_gain=145751 289062 444959 298665 345213 274485 393326 266081 261440 251776 372888 208516 204168 241100 207839 195925 633338 551034 1.03062e+06 405996 1.74391e+06 604684 734012 505844 1.15702e+06 396027 580938 341599 307820 415628
threshold=0.092896174863388831 -0.005151053458202064 0.26136411553868866 -0.0047350686144894674 -0.0041064867425633029 -0.02017914764636727 0.0091590992600573077 -0.0053792657575758062 0.0017202943097896436 -0.0029011578399033094 -0.0027686434315575535 0.0028928064067324064 0.32550485182271183 -0.0034388706987858726 0.28708151012516542 0.17481096139632726 -0.015523825238295434 -0.012776247349859415 -0.01158329952267197 0.18612563033917431 0.1935457635940728 0.0039549804742747543 -0.0018105553692524285 0.20834805061934403 0.0016072972677850155 -0.0068887899551179086 -0.0090148358906430217 1.0000000180025095e-35 -0.0066965920680155059 -0.011175828150746085
decision_type=10 8 2 8 8 10 10 10 8 8 8 10 2 10 2 2 8 8 8 2 2 8 10 2 10 10 10 10 10 8
left_child=1 5 8 -4 11 6 -1 -7 -3 12 -11 -5 13 14 -6 28 -17 -18 -19 21 27 22 -20 24 25 26 -22 -21 29 -2
right_child=15 2 3 4 9 7 -8 -9 -10 10 -12 -13 -14 -15 -16 16 17 18 19 20 23 -23 -24 -25 -26 -27 -28 -29 -30 -31
leaf_value=0.78153587556234216 0.94602073607595527 -1.3640209045901175 0.85171025015057045 -1.188171456996947 0.35730139127144445 0.080884799519704745 -0.70206105332330282 1.0744837958449158 -0.10711068598651573 -1.1530238838828339 0.024639133973231465 -0.13252992947560813 0.73410843885582777 0.59188607728110088 -0.76166498791897264 1.3242356469200827 -1.6248025360370904 1.9795750002565269 1.4039789132326372 -0.75409491005039497 0.72046036654227485 1.8862690626849141 -0.23904169277382864 -0.0052625175469317312 -0.268129705555332 0.39257574191140893 2.8598106282362252 -2.2143815259005653 -1.333229660578616 -0.18490945388179952
leaf_weight=3705 854 908 1107 907 715 11968 508 714 760 686 33332 966 2238 1409 989 903 522 657 949 673 555 657 2396 481435 2019 603 741 989 548 16680
leaf_count=3705 854 908 1107 907 715 11968 508 714 760 686 33332 966 2238 1409 989 903 522 657 949 673 555 657 2396 481435 2019 603 741 989 548 16680
internal_value=0.00406252 0.0771728 0.00969162 0.0412414 0.0194871 0.252983 0.602645 0.136825 -0.791328 0.0510397 0.000890623 -0.643724 0.369853 0.107983 -0.292146 -0.00464926 0.00127841 -0.00114873 0.00057507 -0.00207291 -0.00619436 0.499478 0.227095 -0.000657698 0.565172 1.45113 1.94365 -1.62306 -0.166298 -0.129827
internal_weight=572093 60912 44017 42349 41242 16895 4213 12682 1668 39369 34018 1873 5351 3113 1704 511181 493099 492196 491674 491017 487015 4002 3345 485353 3918 1899 1296 1662 18082 17534
internal_count=572093 60912 44017 42349 41242 16895 4213 12682 1668 39369 34018 1873 5351 3113 1704 511181 493099 492196 491674 491017 487015 4002 3345 485353 3918 1899 1296 1662 18082 17534
is_linear=0
shrinkage=0.05


Tree=261
num_leaves=31
num_cat=0
split_feature=2 15 14 9 14 12 12 12 14 14 14 12 12 14 12 12 14 12 12 14 12 12 14 17 12 12 12 10 12 12
split_gain=157353 316815 292242 316894 275012 274611 335879 396099 396010 267485 267308 1.0151e+06 555307 447804 479550 759908 589474 443019 575097 526227 436026 269769 265737 258208 255068 419724 304821 309490 330749 341139
threshold=0.0070351009194454762 -0.026063177386950329 0.0077611450595120616 -0.033427114534732273 0.0074215569044722733 0.0027524123350139373 0.0030639036876704264 0.0030953910451583587 0.0048417385279928759 -0.0064556919326447977 0.00087575735143799341 0.00962621090158222 0.0074590984930701697 0.0022295287824267815 0.0069817067548779725 0.0053948992070044144 0.0059355918821889335 0.0058347562935567665 0.0062609719852773889 0.0044148473779117682 0.0042747392626906007 0.003194232817560119 0.0093921061047047109 0.029613646454676925 0.0035086205370923411 0.0032865600098731709 0.0050431201962702543 -0.06487286056605733 0.0044897591480958987 0.0041959805827714537
decision_type=8 8 10 10 10 10 10 10 10 8 8 10 10 10 10 10 8 10 10 10 10 10 10 2 10 10 10 10 10 10
left_child=22 -2 4 -4 5 9 8 -8 -7 -3 12 13 21 -12 15 16 24 19 -19 -17 -18 -9 -1 -11 25 -15 27 -26 29 -29
right_child=1 2 3 -5 -6 6 7 10 -10 23 11 -13 -14 14 -16 17 20 18 -20 -21 -22 -23 -24 -25 26 -27 -28 28 -30 -31
leaf_value=0.02060235030686542 -1.1902619456027945 -0.97247479770065581 -0.35490618344169422 0.17920034166383991 -0.61593143682933515 0.28197301190845997 -1.2116853963929588 0.68971910108529944 1.707709903804953 0.0048543409001632915 0.65796224932536485 -1.6028437698354114 0.23816240078501461 -0.055425188597599276 0.94302162434412973 -0.32966899470731681 0.34334854018993871 0.32863497254000129 -1.3412036742513394 -2.5468920086128444 1.6357369102853152 -0.47807151582779445 -0.24329023179562426 -0.16202059401203178 -1.4880338268972964 1.1000050260389407 0.82665979482780205 -0.16513166307589702 -0.79060749065074798 1.0710873679486064
leaf_weight=394773 600 879 3160 22922 2251 3095 657 528 578 38235 4266 811 5647 2271 1493 506 1755 1444 802 568 1039 7804 9776 58875 506 1202 661 2849 1592 694
leaf_count=394773 600 879 3160 22922 2251 3095 657 528 578 38235 4266 811 5647 2271 1493 506 1755 1444 802 568 1039 7804 9776 58875 506 1202 661 2849 1592 694
internal_value=-0.00265522 -0.0433793 -0.0392609 0.11449 -0.0677 -0.0588062 0.0502449 0.00508486 0.506333 -0.104177 0.027024 0.133866 -0.144631 0.198928 0.0862694 0.00576522 0.183479 -0.667031 -0.26763 -1.50228 0.823947 -0.404068 0.0142253 -0.0963171 0.000413283 0.344467 -0.189193 -0.308229 -0.191971 0.0770179
internal_weight=572239 167690 167090 26082 141008 138757 40768 37095 3673 97989 36438 22459 13979 21648 17382 15889 12569 3320 2246 1074 2794 8332 404549 97110 9775 3473 6302 5641 5135 3543
internal_count=572239 167690 167090 26082 141008 138757 40768 37095 3673 97989 36438 22459 13979 21648 17382 15889 12569 3320 2246 1074 2794 8332 404549 97110 9775 3473 6302 5641 5135 3543
is_linear=0
shrinkage=0.05


Tree=262
num_leaves=31
num_cat=0
split_feature=14 9 13 8 9 2 13 13 14 14 14 13 14 14 14 14 14 14 14 14 14 13 13 14 13 14 14 13 13 13
split_gain=147753 194515 197179 139260 245310 189007 156922 669521 684405 740352 415054 384177 1.17659e+06 1.38145e+06 1.31341e+06 1.31824e+06 1.13467e+06 1.05829e+06 1.92766e+06 1.73576e+06 1.00001e+06 930983 1.83177e+06 1.31041e+06 1.42769e+06 743175 725214 1.49927e+06 695325 661691
threshold=0.0270617032583759 0.014697882425804496 0.38039962466191979 0.031969396965900933 0.045623258292427644 -0.016987444707637096 0.54011518679355708 0.55251509886655092 0.003175157908231327 0.0034498793543783668 0.0037741098279209617 0.48840945227260274 -0.0020407902496278082 0.0032118266929887034 0.0037443277368222464 0.0039305185907552 -0.0021963370776773455 0.00099970194329166372 0.0003638193562769605 0.0011880350620827728 -0.0025634571192562072 0.52631692853741951 0.53436112919453171 -0.0016311041792563933 0.51429203640242394 0.0027305333897758564 -0.0080407074899879888 0.51541258577209559 0.51244834710743803 0.49221062848823111
decision_type=10 10 2 10 10 10 2 2 10 10 10 2 10 10 10 10 10 10 10 10 10 2 2 10 2 10 8 2 2 2
left_child=3 2 -2 4 5 -1 11 8 -8 -10 -11 -5 16 17 -15 -16 20 18 21 -19 26 23 -23 -14 -25 29 27 -13 -20 -21
right_child=1 -3 -4 6 -6 -7 7 -9 9 10 -12 12 13 14 15 -17 -18 19 28 25 -22 22 -24 24 -26 -27 -28 -29 -30 -31
leaf_value=0.35302602938549033 -0.79815849405771488 -1.2927072817713023 0.4921506478764604 0.0044913036330216979 0.87288456465234399 0.01421862119707834 0.78629049466603307 0.0088987378170027505 -1.7408490775820782 1.4726828897941826 0.079071555710495178 -2.6022079868515871 -2.5011837805871684 0.69909419958790198 -1.6594069521662558 -0.045644083503498308 2.5028884672231912 -2.4646166459392025 2.4916745235823936 -1.3753160333906491 -1.4299408772188906 2.3807688200653461 -0.82263814107415301 0.35780267876253202 -1.6296835567029255 -1.0976223368448161 0.6790718430231224 0.6644261994297942 0.65460016026465606 -0.25486888488147108
leaf_weight=5205 561 500 627 308993 1029 19681 5811 151142 530 585 6161 558 930 5891 1329 26475 605 1229 717 1457 792 763 1075 2345 1470 4432 6110 948 1829 13781
leaf_count=5205 561 500 627 308993 1029 19681 5811 151142 530 585 6161 558 930 5891 1329 26475 605 1229 717 1457 792 763 1075 2345 1470 4432 6110 948 1829 13781
internal_value=0.00173415 -0.465369 -0.117162 0.0031129 0.116363 0.0850815 -0.00226273 0.0386055 0.381689 0.0585527 0.199923 -0.0198452 -0.12323 -0.19886 0.0209107 -0.12278 0.411484 -0.44547 0.00364733 -0.641651 0.260997 -0.4482 0.507177 -0.818269 -0.408018 -0.52775 0.43684 -0.54592 1.17195 -0.362002
internal_weight=573561 1688 1188 571873 25915 24886 545958 164229 13087 7276 6746 381729 72736 63723 33695 27804 9013 30028 9129 20899 8408 6583 1838 4745 3815 19670 7616 1506 2546 15238
internal_count=573561 1688 1188 571873 25915 24886 545958 164229 13087 7276 6746 381729 72736 63723 33695 27804 9013 30028 9129 20899 8408 6583 1838 4745 3815 19670 7616 1506 2546 15238
is_linear=0
shrinkage=0.05


Tree=263
num_leaves=31
num_cat=0
split_feature=10 8 8 6 7 8 12 12 14 13 13 14 14 14 14 13 12 12 14 14 13 12 14 13 14 14 13 12 12 14
split_gain=179673 192660 188986 179609 238873 172379 242061 1.1344e+06 1.31335e+06 673483 758476 576682 1.49645e+06 1.1107e+06 774959 1.42415e+06 624208 1.3605e+06 856527 597205 1.27898e+06 1.49682e+06 1.04977e+06 536378 524861 1.78209e+06 2.18991e+06 1.3176e+06 2.03606e+06 1.45418e+06
threshold=0.20969083329394492 0.99997371464619966 0.6292134831460523 1.8792674199392312 0.011795673080332381 0.7142857142857153 -0.0013715312726306137 -0.0015566182097638181 0.0056416624320355267 0.4132361759261674 0.43859315010055461 0.006890002005023343 0.0060707602189851726 0.0060195072149775257 0.007226914180853943 0.32550485182271183 -0.0040345718616529034 -0.0028053404000961549 0.0082918860079702356 0.0064654358531858738 0.18203383094463352 -0.0030429178062571288 0.0061725728947960848 0.40709906380380595 0.0017793135045680909 0.0015755726421851299 0.30822077922077928 -0.0029011578399033094 -0.0028053404000961549 0.00099970194329166372
decision_type=10 10 8 2 10 8 8 10 10 2 2 10 10 10 10 2 10 10 10 10 2 10 10 2 8 10 2 10 10 10
left_child=1 5 -2 4 -3 6 7 11 9 -9 -11 12 13 24 15 -13 18 -18 -16 20 -14 22 -22 -8 25 27 -27 29 -29 -1
right_child=2 3 -4 -5 -6 -7 23 8 -10 10 -12 14 19 -15 16 -17 17 -19 -20 -21 21 -23 -24 -25 -26 26 -28 28 -30 -31
leaf_value=0.0077209336831557188 -0.80983950464738363 -0.21895028687738441 0.15325129820562122 0.18987014844444694 -1.096569686129391 0.04918104809427444 -0.30183871647865862 0.64995172332604534 -1.3376777735937919 3.1880557657669026 0.86791714253737151 0.099140295831136191 -0.51941592000614822 -2.2271096042278233 -2.0438031398878502 -2.6006242475112074 1.0702184616407679 -0.43387066361746601 -0.26811163855399384 0.25142841718907977 1.4073276940331794 0.50873005039503461 4.3532440569600039 -0.025078182215308394 0.11837216699300002 -1.8752799371621904 0.34622938617601368 -3.0552325293674309 -0.30206465575813302 0.82376001335658344
leaf_weight=44333 1390 8937 804 2372 849 138111 18893 3219 658 665 749 1010 706 553 746 946 2721 3360 7575 2199 529 1028 706 238577 66619 2881 1804 708 13037 6226
leaf_count=44333 1390 8937 804 2372 849 138111 18893 3219 658 665 749 1010 706 553 746 946 2721 3360 7575 2199 529 1028 706 238577 66619 2881 1804 708 13037 6226
internal_value=-0.00530504 -0.00356894 -0.456911 -0.200475 -0.29509 0.000717059 -0.0152027 0.0324816 0.752623 1.0495 1.95907 0.00831814 0.0408486 0.00915138 -0.272736 -1.20657 -0.145908 0.239148 -0.427307 0.875972 1.33854 1.91818 3.09139 -0.0453867 0.0182707 -0.078392 -1.01987 -0.00979876 -0.443879 0.108211
internal_weight=572911 570717 2194 12158 9786 558559 420448 162978 5291 4633 1414 157687 141329 136161 16358 1956 14402 6081 8321 5168 2969 2263 1235 257470 135608 68989 4685 64304 13745 50559
internal_count=572911 570717 2194 12158 9786 558559 420448 162978 5291 4633 1414 157687 141329 136161 16358 1956 14402 6081 8321 5168 2969 2263 1235 257470 135608 68989 4685 64304 13745 50559
is_linear=0
shrinkage=0.05


Tree=264
num_leaves=31
num_cat=0
split_feature=14 12 14 13 13 12 6 12 14 13 14 14 13 12 14 9 12 13 14 12 5 7 12 12 9 9 13 13 13 13
split_gain=127468 363437 257097 340134 516986 427313 144062 331834 250147 339299 245754 361579 360843 939617 785338 443352 445374 902155 565598 755410 252550 232368 360542 1.72248e+06 649383 331419 306619 344476 308733 306881
threshold=0.0270617032583759 -0.0034388706987858726 0.017502042061277878 0.22419210611291887 0.44220408383169013 -0.0029618408736696656 1.0454613446308951 -0.022058472749514658 0.014332030701907571 0.36150799813635665 -0.0076510020158406878 -0.0073043107792539535 0.13515766582094965 -0.010932977868723071 -0.021658507068033826 -0.0096803379803500449 0.0053948992070044144 0.57920097497030032 -0.013851110702276003 -0.0033673048129944038 0.67200997691980657 3.4433344677583235e-05 -0.0029011578399033094 -0.0029618408736696656 -0.027522806919990841 -0.066042529569280334 0.30337009172420909 0.27714118277826966 0.23871975019516004 0.086379690949227386
decision_type=10 10 10 2 2 10 2 8 10 2 10 10 2 8 10 10 8 2 10 10 10 10 10 10 10 10 2 2 2 2
left_child=2 -2 6 -4 5 -5 7 -1 -9 -10 12 -12 -8 14 -14 16 17 18 19 -15 -21 22 23 24 26 -24 27 28 29 -13
right_child=1 -3 3 4 -6 -7 10 8 9 -11 11 21 13 15 -16 -17 -18 -19 -20 20 -22 -23 25 -25 -26 -27 -28 -29 -30 -31
leaf_value=1.1311070793548434 0.31326212415147037 -1.1750807209164262 1.4880969690089529 0.22609020983874206 0.89795304039260859 -1.4446035169994813 -1.4521513665680374 0.014624690569671745 1.4439568544035961 0.013601892702128172 0.85380117949286505 1.2059847661993635 -0.34158047086851939 -1.3124522144679751 2.1763876190821065 -0.072353785124172551 -0.081097918300647331 -2.7530362364308663 -1.4648051280770049 -0.10953292519628229 1.3477544564062656 0.031535030318056573 -1.1282475128513589 2.7891080888934265 -0.070738533118896094 -0.11459734248339409 1.1684509973878019 -0.92579019883234048 1.2019738164480942 -0.014139768407702228
leaf_weight=671 809 832 617 1008 1419 617 560 305578 723 972 1188 635 525 769 755 11282 2508 581 1202 539 663 112778 814 569 32790 86176 1303 509 1038 2735
leaf_count=671 809 832 617 1008 1419 617 560 305578 723 972 1188 635 525 769 755 11282 2508 581 1202 539 663 112778 814 569 32790 86176 1303 509 1038 2735
internal_value=-0.0012977 -0.441339 -3.42218e-05 0.417626 0.200648 -0.408259 -0.00272687 0.0204101 0.0179846 0.623718 -0.0301388 -0.0163371 -0.201404 -0.164195 1.14363 -0.259613 -0.596991 -0.941652 -0.609974 -0.088662 0.694279 -0.020656 -0.0671603 0.0579481 0.0181114 -0.124082 0.486502 0.305786 0.447998 0.215765
internal_weight=573165 1641 571524 3661 3044 1625 567863 307944 307273 1695 259919 240535 19384 18824 1280 17544 6262 3754 3173 1971 1202 239347 126569 39579 39010 86990 6220 4917 4408 3370
internal_count=573165 1641 571524 3661 3044 1625 567863 307944 307273 1695 259919 240535 19384 18824 1280 17544 6262 3754 3173 1971 1202 239347 126569 39579 39010 86990 6220 4917 4408 3370
is_linear=0
shrinkage=0.05


Tree=265
num_leaves=31
num_cat=0
split_feature=9 5 14 0 8 9 14 11 17 14 14 14 11 14 14 14 14 10 14 14 14 14 11 10 2 16 14 14 9 7
split_gain=323297 238341 157545 270849 146916 199137 184610 375949 171257 173752 642123 1.04005e+06 563494 333384 452856 588506 339021 329237 296357 1.1188e+06 327392 271549 494976 271658 267161 240304 250262 455123 347465 255895
threshold=0.096262222323792196 0.73492606521536852 0.0270617032583759 0.027616263926315467 0.092896174863388831 0.047696239571868491 0.0091590992600573077 -0.11148532260637534 0.02089834905774262 0.0030886934824674024 0.0037443277368222464 0.0037741098279209617 -0.11701090620343864 0.0031140740309636302 0.0034498793543783668 0.0034819065650288183 0.0036094540009411996 -0.18758805697289105 0.0058773034096143749 0.0059817194653357655 0.0055852927927514022 0.0030254121743337925 -0.034592185784260744 -0.0069204428445737388 -0.00055507587514746061 0.50687822863088849 0.014332030701907571 0.013401794456808247 -0.033427114534732273 0.0015505142658852292
decision_type=8 10 10 10 10 10 10 10 2 8 8 8 10 10 10 10 10 10 8 8 10 10 10 10 10 8 8 10 10 10
left_child=2 -2 4 -4 5 6 -1 -8 -6 17 13 -12 18 24 -15 -16 -17 -10 20 -20 -13 -19 23 -23 -11 26 27 -21 -28 -30
right_child=1 -3 3 -5 8 -7 7 -9 9 10 11 12 -14 14 15 16 -18 21 19 25 -22 22 -24 -25 -26 -27 28 -29 29 -31
leaf_value=0.080947307142513858 0.0351547002445309 -1.0448253485270511 -1.2670104919921563 0.044749949984486254 0.072804849265181076 0.601461079198372 -1.1406989572941282 0.068223402788082144 0.85103565312317508 1.707955451258421 -1.2350876752652875 0.071810330609769643 -0.051229492777639329 0.022378669524065607 1.2787137651721874 -0.028503958429141465 0.51088692522026891 -0.041871386714536163 2.3124391959858124 0.29618777590641987 -1.0182544552788497 -0.51463642813244059 0.21407759685331343 -1.7426627432227815 0.43669476794842321 -0.3391973995076909 -0.25069397489466366 -1.0438774161559565 0.62988533027062765 1.8169984645226203
leaf_weight=55803 848 1285 664 966 60592 1753 955 1969 1023 625 1752 8986 133801 19475 1667 5172 6670 248608 687 10331 746 1051 1372 788 1220 1556 630 675 1134 757
leaf_count=55803 848 1285 664 966 60592 1753 955 1969 1023 625 1752 8986 133801 19475 1667 5172 6670 248608 687 10331 746 1051 1372 788 1220 1556 630 675 1134 757
internal_value=-0.00104486 -0.615466 0.00124863 -0.489611 0.00265281 0.0763298 0.0606547 -0.32662 -0.00609612 -0.0167502 0.0185982 -0.0235 -0.010175 0.213267 0.176681 0.399127 0.275308 -0.0441356 0.205225 0.339123 -0.0117479 -0.0477722 -0.504636 -1.04084 0.867339 0.249243 0.316931 0.214001 0.766291 1.10511
internal_weight=573561 2133 571428 1630 569798 60480 58727 2924 509318 448726 195884 161055 159303 34829 32984 13509 11842 252842 25502 15770 9732 251819 3211 1839 1845 15083 13527 11006 2521 1891
internal_count=573561 2133 571428 1630 569798 60480 58727 2924 509318 448726 195884 161055 159303 34829 32984 13509 11842 252842 25502 15770 9732 251819 3211 1839 1845 15083 13527 11006 2521 1891
is_linear=0
shrinkage=0.05


Tree=266
num_leaves=31
num_cat=0
split_feature=4 12 13 12 12 0 13 13 13 13 12 13 12 13 12 13 12 13 11 13 13 13 13 13 7 13 13 12 12 13
split_gain=133618 256948 314539 391033 651652 355040 319000 230253 253416 225446 190513 370468 336031 214672 205298 666643 365343 464496 416699 351192 265300 1.34691e+06 453719 656846 480343 357391 342006 484405 797126 415379
threshold=-0.093054371282980011 -0.022058472749514658 0.068898305084745773 -0.012121439880781302 -0.010932977868723071 -0.0094742601089579572 0.12723558433549184 0.1511401849516604 0.1935457635940728 0.13515766582094965 -0.0090148358906430217 0.23389188628346133 -0.0086616432847759408 0.17481096139632726 0.0030639036876704264 0.60297076087855161 0.0046182709642192434 0.57920097497030032 -0.089332867737430724 0.6037983798379839 0.6037983798379839 0.6324016361511493 0.69271670416800613 0.67467816471364916 0.0027593912196735943 0.72128291540526657 0.75141677792006112 0.0084027174470880702 0.0080283938590056132 0.77188524590163954
decision_type=8 8 2 8 8 10 2 2 2 2 8 2 8 2 10 2 10 2 10 2 2 2 2 2 10 2 2 10 10 2
left_child=1 -1 -3 6 5 -5 -4 -8 -9 -6 11 -11 -12 -14 15 -15 17 18 -16 -19 -18 -22 23 24 -23 -24 -27 28 29 -28
right_child=-2 2 3 4 9 -7 7 8 -10 10 12 -13 13 14 16 -17 20 19 -20 -21 21 22 25 -25 -26 26 27 -29 -30 -31
leaf_value=1.1431051714782645 -0.0136224277472793 1.2223795962344286 -1.0526848442423353 2.0733811910949753 0.88121904495617209 0.46704516439792426 0.69766514811440272 -0.96474534622848251 0.37328627449055751 0.04195937323153151 1.2933084519165698 -1.2425830989810285 -0.88614790450138892 0.055436631652480396 -0.54898748799102515 0.8309098149822649 0.68488889092125893 -1.0802473917348754 1.3016945871659666 -0.2904802302375139 -2.1669565684385761 0.75135586682421596 -0.56307788560677252 1.5589422871347738 -0.87606976430778694 0.59064988146791364 -1.1327134964811059 0.17462330245204966 -2.4670618876608295 0.6259077952124702
leaf_weight=533 464938 562 1441 576 789 854 647 891 587 1634 535 855 626 68645 508 2888 1544 1828 758 6121 687 1057 2577 1190 794 2590 596 4954 505 769
leaf_count=533 464938 562 1441 576 789 854 647 891 587 1634 535 855 626 68645 508 2888 1544 1828 758 6121 687 1057 2577 1190 794 2590 596 4954 505 769
internal_value=-0.00196122 0.0479898 0.0425856 0.0364147 0.0540875 1.11407 -0.478407 -0.0889787 -0.433335 0.0392922 0.032758 -0.399296 0.0436016 0.0368232 0.0427183 0.0867448 -0.0762238 -0.330431 0.559083 -0.4721 0.0594722 -0.00195936 0.0969864 0.642461 0.0532597 -0.0413498 0.101469 -0.0841964 -0.769861 -0.141959
internal_weight=573479 108541 108008 107446 103880 1430 3566 2125 1478 102450 101661 2489 99172 98637 98011 71533 26478 9215 1266 7949 17263 15719 15032 3041 1851 11991 9414 6824 1870 1365
internal_count=573479 108541 108008 107446 103880 1430 3566 2125 1478 102450 101661 2489 99172 98637 98011 71533 26478 9215 1266 7949 17263 15719 15032 3041 1851 11991 9414 6824 1870 1365
is_linear=0
shrinkage=0.05


Tree=267
num_leaves=31
num_cat=0
split_feature=10 8 8 2 14 1 12 12 14 14 15 12 11 9 12 7 14 14 14 12 14 15 7 12 12 14 12 12 14 14
split_gain=144466 189508 135448 127169 301500 224908 221167 441489 328824 279044 214669 210414 206018 257760 285847 202843 233811 300151 230754 220621 269490 305837 238890 225071 465404 198759 390333 722304 721877 422461
threshold=0.20969083329394492 0.62500000000000033 0.25000000000000028 0.002326428393100682 -0.0049073893549430704 -0.012738241888541316 0.0044897591480958987 0.0033465832714610045 -0.0085802334926053346 -0.0073043107792539535 0.010418542968619156 -0.00011546895183519087 -0.16413189980836343 -0.021011488450159387 -0.022058472749514658 -0.010676027981042955 0.0014963850870955001 -0.00098861099964685771 0.0045357174271854752 0.0076907504971397084 -0.0064556919326447977 -0.0100566434437205 -0.0052871996286431152 -0.0033673048129944038 0.00025540098350028271 0.0058146928034701504 0.005547319853706047 0.0052558494206341568 0.0077611450595120616 0.009744554259300096
decision_type=10 8 10 8 8 8 10 10 10 10 10 10 10 8 8 10 8 10 8 8 8 10 10 10 10 10 10 10 10 10
left_child=3 2 -2 10 6 -6 7 8 -5 -8 12 -10 -1 15 -15 16 17 -14 -18 20 23 -22 -23 -17 -25 -7 27 -27 -28 -30
right_child=1 -3 -4 4 5 25 9 -9 11 -11 -12 -13 13 14 -16 19 18 -19 -20 -21 21 22 -24 24 -26 26 28 -29 29 -31
leaf_value=-0.157703893403002 -0.16375952071100208 0.19560717247399217 -1.1702651560234476 -1.199720695216977 -0.36319041860207146 -0.035882409584002455 0.23098351617690824 -1.9853931351838323 -0.5041712372617142 -0.48529029780304 0.2532059442358125 0.60617771908509166 0.25953031177539748 -1.0977722534792036 0.0087826613184226725 -0.98420515832708999 -0.54434711083866405 1.934145508499826 0.79676670369128899 0.71322695790708746 -0.1403024521226206 0.67679501001070308 0.17173275548911288 1.0419954715588144 -0.78487780450391831 0.081186989924978567 -1.4971142427475481 1.5568506781954206 1.056979847560354 -0.32397244212422965
leaf_weight=16787 561 819 827 839 4627 195234 2710 521 925 2729 9554 792 502 585 246790 1005 617 573 668 1501 6718 2849 13137 607 819 54761 1099 842 718 2422
leaf_count=16787 561 819 827 839 4627 195234 2710 521 925 2729 9554 792 502 585 246790 1005 617 573 668 1501 6718 2849 13137 607 819 54761 1099 842 718 2422
internal_value=-0.00380469 -0.407556 -0.763457 -0.00224395 -0.0273131 -0.0177136 -0.320058 -0.65883 -0.388432 -0.128404 0.0199687 0.00799904 0.0123675 0.0226977 0.00616585 0.163737 0.60802 1.15214 0.152823 0.124373 0.0892079 0.142781 0.261744 -0.411127 -0.0072396 -0.0114468 0.0682743 0.103533 -0.394215 -0.00820055
internal_weight=573138 2207 1388 570931 268219 259703 8516 3077 2556 5439 302712 1717 293158 276371 247375 28996 2360 1075 1285 26636 25135 22704 15986 2431 1426 255076 59842 55603 4239 3140
internal_count=573138 2207 1388 570931 268219 259703 8516 3077 2556 5439 302712 1717 293158 276371 247375 28996 2360 1075 1285 26636 25135 22704 15986 2431 1426 255076 59842 55603 4239 3140
is_linear=0
shrinkage=0.05


Tree=268
num_leaves=31
num_cat=0
split_feature=6 14 13 10 14 12 13 5 14 10 13 13 12 12 13 14 13 13 14 14 12 14 13 14 14 12 12 12 13 12
split_gain=156441 239316 378901 227039 379000 336038 328154 293057 329903 332533 290711 423524 776898 418908 295677 551608 543238 510894 471595 498127 436212 838997 340782 337630 432903 332007 322759 306747 300649 283919
threshold=1.0599662981019768 -0.033374233339537519 0.56736237614964247 0.011276193791549941 -0.0085802334926053346 0.0084027174470880702 0.66007812500000018 0.53776221956975767 -0.0034352202709559058 -0.10486343559144841 0.50974067046173321 0.48991919093377562 0.0014795005132255885 0.0017818176994124509 0.46787770174866955 -0.0014324399999777863 0.46374525670918493 0.47610893672537513 0.0011296176608035534 0.0058773034096143749 0.0010528360006220414 7.7765714262847217e-05 0.3882320211434136 0.0014963850870955001 0.0035075239585083996 3.6452014036438599e-05 0.00038340288061486865 0.0001377558764571593 0.47739280499137132 0.00056799268963015639
decision_type=2 8 2 8 10 10 2 8 8 10 2 2 8 8 2 10 2 2 10 10 8 10 2 10 10 10 10 10 2 8
left_child=3 2 -2 7 -5 -6 -7 10 9 -9 11 14 -13 -14 16 17 20 -16 -17 23 -1 22 -22 -20 27 -26 -27 -25 -21 -12
right_child=1 -3 -4 4 5 6 -8 8 -10 -11 29 12 13 -15 15 18 -18 -19 19 28 21 -23 -24 24 25 26 -28 -29 -30 -31
leaf_value=-0.056114400042431394 -1.3620395584242724 -0.02911461408242811 0.078597206589162666 0.5429269848531223 0.070720520275853918 -1.5303369993739762 -0.10566347682357867 1.5908289965813178 0.041053503656589996 0.3099223128218842 0.63916037642451595 -0.69223143104365858 1.4272074382440063 -0.30542139094658061 0.53013221788907949 1.1080200103966531 -0.89783708304314203 -1.2594130733501834 -1.2420162186012826 0.11411308229140851 0.34244959752831605 -2.2181716294400395 -0.90751503163771352 -0.054374020342260548 0.68803678398488077 -1.7689605252601315 -0.32012296312585725 0.95580258629612558 1.4620006038431153 0.022182325711365043
leaf_weight=73467 866 256773 965 4210 102642 640 1097 548 41073 6721 1927 6275 740 660 612 1610 2085 1145 542 696 1234 680 977 1465 506 552 1266 1543 1020 57619
leaf_count=73467 866 256773 965 4210 102642 640 1097 548 41073 6721 1927 6275 740 660 612 1610 2085 1145 542 696 1234 680 977 1465 506 552 1266 1543 1020 57619
internal_value=-0.00438743 -0.0331763 -0.602774 0.0193564 0.0778098 0.0590499 -0.630586 -0.0116121 0.0960025 0.406488 -0.044828 -0.0981797 -0.454618 0.610397 -0.0675794 0.17572 -0.101564 -0.636077 0.330756 0.165882 -0.079821 -0.682261 -0.209887 -0.0530512 0.0678076 -0.444748 -0.760034 0.463812 0.915305 0.0421487
internal_weight=572156 258604 1831 313552 108589 104379 1737 204963 48342 7269 156621 97075 7675 1400 89400 10957 78443 1757 9200 7590 76358 2891 2211 5874 5332 2324 1818 3008 1716 59546
internal_count=572156 258604 1831 313552 108589 104379 1737 204963 48342 7269 156621 97075 7675 1400 89400 10957 78443 1757 9200 7590 76358 2891 2211 5874 5332 2324 1818 3008 1716 59546
is_linear=0
shrinkage=0.05


Tree=269
num_leaves=31
num_cat=0
split_feature=13 12 0 10 14 14 14 12 12 12 12 14 12 13 12 12 14 12 14 14 12 12 13 12 13 12 13 12 13 14
split_gain=139999 362395 361828 290246 260540 133847 931336 1.45654e+06 2.40108e+06 2.04399e+06 1.57978e+06 1.47042e+06 986148 948662 1.52546e+06 1.64117e+06 1.49396e+06 1.17939e+06 931684 961277 865485 814863 1.40732e+06 1.30886e+06 1.63827e+06 800316 1.04475e+06 1.14457e+06 830638 752602
threshold=0.90882120253164567 0.013653625485355612 -0.037891549217626504 -0.0025656746376337557 -0.0018105553692524285 0.00014252197149017991 -0.00037121405021835533 -0.0023023078062583396 -0.0049951111909748653 -0.00095787007737934034 -0.00065032935846185064 -0.00014928254793555328 -0.01158329952267197 0.12723558433549184 -0.0070682575628737343 -0.0064836710996034408 -0.0019443866454812513 -0.010324644599988417 -0.0031432516275421403 -0.0064556919326447977 0.0019117719798810303 0.0030639036876704264 0.60932126951913868 0.0036734193203664836 0.57920097497030032 0.002829391006346734 0.58501502182415976 0.0024187455855361416 0.57042192365427324 0.0003343675616508972
decision_type=2 10 10 10 10 8 10 10 10 10 10 10 10 2 10 8 10 10 10 10 10 10 2 10 2 8 2 10 2 8
left_child=1 5 -3 -4 -2 6 13 8 12 -9 -11 -10 -8 17 -15 16 -16 18 19 -1 -12 22 25 24 -23 26 28 -28 -17 -7
right_child=4 2 3 -5 -6 29 7 9 11 10 20 -13 -14 14 15 21 -18 -19 -20 -21 -22 23 -24 -25 -26 -27 27 -29 -30 -31
leaf_value=-1.6399238701189618 -1.2590121532290701 1.7938560261669387 0.65629625012417758 -0.67261719283154009 0.081358191580348058 0.53298340550772405 1.678246764209044 1.5760823617969439 -3.8500168911016481 -2.1980930175827531 0.52234355501285246 -1.3430764923562617 -0.51526798845755428 0.54607378713570021 -2.7475470916257025 0.044348160378089835 -0.27195748156592225 1.2738907282200949 -1.8281026809762608 0.51597832137180699 -0.56685575079081418 0.93269355284187516 1.4838141772350975 -0.066991492991760743 -1.3362203895707638 1.06777503102779 -2.5754620174486451 -0.043304786260887344 1.4096671624176316 0.0011758670339366037
leaf_weight=838 630 502 1528 562 854 6758 623 1659 833 1011 3238 1964 2886 12720 1040 55061 1472 656 1877 1350 4176 976 1806 31932 4304 1934 791 1024 1137 426849
leaf_count=838 630 502 1528 562 854 6758 623 1659 833 1011 3238 1964 2886 12720 1040 55061 1472 656 1877 1350 4176 976 1806 31932 4304 1934 791 1024 1137 426849
internal_value=-0.00265519 -0.00139579 0.588474 0.298952 -0.487667 -0.00408326 -0.0474979 -0.40084 -0.996889 -0.0281032 -0.34399 -2.08969 -0.125824 0.00120189 0.0299157 -0.0347839 -1.29688 -0.693362 -1.01083 -0.309728 -0.0911574 -0.00274844 0.108626 -0.187573 -0.916815 0.0671958 0.0338392 -1.14685 0.0719713 0.00946438
internal_weight=572991 571507 2592 2090 1484 568915 135308 16390 6306 10084 8425 2797 3509 118918 114197 101477 2512 4721 4065 2188 7414 98965 61753 37212 5280 59947 58013 1815 56198 433607
internal_count=572991 571507 2592 2090 1484 568915 135308 16390 6306 10084 8425 2797 3509 118918 114197 101477 2512 4721 4065 2188 7414 98965 61753 37212 5280 59947 58013 1815 56198 433607
is_linear=0
shrinkage=0.05


Tree=270
num_leaves=31
num_cat=0
split_feature=8 9 12 4 12 4 12 13 12 14 12 9 14 14 13 13 12 13 13 13 13 13 13 11 11 13 12 12 14 9
split_gain=151229 224414 173203 165860 343021 614899 491354 223106 278270 187853 242381 199442 255185 555353 274017 828549 1.47563e+06 1.53957e+06 1.3422e+06 744788 963270 563749 470370 278634 240447 232760 224633 226999 326872 200363
threshold=0.99997371464619966 -0.010956419074727006 -0.00098429410347494468 -0.19862310695070212 -0.022058472749514658 -0.35671419490014855 -0.018397836894734759 0.90882120253164567 0.016890380576231493 -0.033374233339537519 0.0029794210103305805 0.021979510616694786 -0.0076510020158406878 -0.0073043107792539535 0.45258161225849441 0.34705529629533077 -0.0019085968302541385 0.44153870566120651 0.31775210084033617 0.6324016361511493 0.60669865403788636 0.51103521061421431 0.56335680751173722 -0.08675516103390761 -0.08432005770676386 0.24833449179276054 -0.0048778284761807232 0.00025540098350028271 -0.00073415838159448913 -0.027522806919990841
decision_type=10 8 10 10 10 8 10 2 10 8 10 10 8 8 2 2 10 2 2 2 2 2 2 10 8 2 10 10 8 10
left_child=3 2 -2 4 5 -1 -6 8 9 10 -8 12 14 -14 15 18 -17 -18 29 20 21 23 -23 -16 -15 -13 -27 28 -28 -11
right_child=1 -3 -4 -5 6 -7 7 -9 -10 11 -12 25 13 24 19 16 17 -19 -20 -21 -22 22 -24 -25 -26 26 27 -29 -30 -31
leaf_value=2.1290824272252817 -1.2475484041441345 -0.044568581263197231 -0.34265833603903667 -0.0037958688770390356 -1.3114704510025599 -0.035188805203918143 -1.1102833044388005 -0.96414025795794811 1.1876610623610626 -0.81407715510817091 0.26291483131722665 1.1696329837597457 1.5905427229816935 0.32747521166396248 -2.1916815884118006 2.7975657612298219 -1.9641592638330261 1.4802809976426934 -2.6067485105890542 0.16858501219047081 -2.5685255492749439 0.81703375534842526 -0.81944852065719509 -0.64046397275259559 0.02475864800962015 -0.7641211753667787 1.3480541265346249 0.091709127594003903 0.16619218186640938 0.23380264779804172
leaf_weight=565 668 9076 2538 499047 641 783 740 507 571 543 568 745 634 8642 508 700 582 733 545 3613 663 1003 781 673 27225 516 1084 4009 1271 2853
leaf_count=565 668 9076 2538 499047 641 783 740 507 571 543 568 745 634 8642 508 700 582 733 545 3613 663 1003 781 673 27225 516 1084 4009 1271 2853
internal_value=0.0019641 -0.171595 -0.531201 0.00576557 0.0831037 0.871943 0.0654839 0.0802661 0.0892102 0.0785126 -0.513971 0.0920319 0.0555007 0.123627 -0.132926 0.118287 0.943028 -0.0441785 -0.303396 -0.339559 -0.845602 -0.460341 0.100614 -1.30771 0.0976969 0.330134 0.239229 0.320582 0.7102 0.066253
internal_weight=573027 12282 3206 560745 61698 1348 60350 59709 59202 58631 1308 57323 49698 36501 13197 5956 2015 1315 3941 7241 3628 2965 1784 1181 35867 7625 6880 6364 2355 3396
internal_count=573027 12282 3206 560745 61698 1348 60350 59709 59202 58631 1308 57323 49698 36501 13197 5956 2015 1315 3941 7241 3628 2965 1784 1181 35867 7625 6880 6364 2355 3396
is_linear=0
shrinkage=0.05


Tree=271
num_leaves=31
num_cat=0
split_feature=9 7 8 8 3 9 8 2 2 6 5 14 14 14 10 2 14 14 14 14 14 14 8 14 10 17 14 14 7 14
split_gain=138113 248714 186882 163822 319056 158844 289512 398541 239670 298596 269824 320153 599536 528058 311124 286050 250689 287732 661328 228572 393320 214228 299479 259580 235235 211497 233429 207453 237347 206867
threshold=0.05633272868086469 0.013034205799006581 0.84090909090908095 0.1337996077761234 -0.56792739513597701 0.0041106588612326283 0.7307692307692355 -0.058018488165277542 0.0069151048386151054 0.36449752839257549 0.88361193135690186 0.0068447721656182082 0.0062769340166878461 0.0063760804415218834 -0.021785209657284386 -0.058018488165277542 0.0054690193305115811 0.0050249561938617059 0.004947925890541066 0.005315240823370513 0.0050897647725120995 -0.0076510020158406878 0.056603773584906682 -0.0073043107792539535 0.026661089336727426 0.042816181209621447 0.007226914180853943 0.0059355918821889335 -0.0050883937022709472 0.0077611450595120616
decision_type=8 8 8 10 10 10 8 10 10 2 8 10 10 10 10 10 10 10 10 10 10 8 10 8 8 2 10 10 8 10
left_child=5 2 3 -2 -5 8 7 -7 10 -10 11 12 16 -14 15 -12 17 18 21 20 -8 22 -1 -23 -24 26 -13 28 -18 -11
right_child=1 -3 -4 4 -6 6 19 -9 9 29 14 25 13 -15 -16 -17 27 -19 -20 -21 -22 23 24 -25 -26 -27 -28 -29 -30 -31
leaf_value=0.89070788361695641 0.30092484093927685 -1.038752197060161 0.56530745346965017 -1.4143105316077864 -0.18208133059899498 -1.384091075691017 0.10530756360959144 0.0050491309565982917 -0.54412536040771708 -0.10048517868826255 1.2451855742387967 -0.61391584019497547 1.7424503906258924 0.31905913102151479 -0.01615046146372515 0.28848860921547348 -1.4190776542221892 0.36932138559005767 -1.0664259187907861 0.34952619060601459 -1.0326395012115408 0.80450686677300787 -0.35264202303444736 0.011898265073391366 0.3027423638041824 -0.61437273308477025 -0.022510047289428264 0.0050171499857176345 -0.35878016196923479 0.097496680121388804
leaf_weight=595 1491 780 925 566 7309 518 43004 159433 3421 82860 847 2081 822 3143 10758 10077 607 5268 1457 10059 773 1039 9706 178392 1594 3023 8417 3687 4045 15693
leaf_count=595 1491 780 925 566 7309 518 43004 159433 3421 82860 847 2081 822 3143 10758 10077 607 5268 1457 10059 773 1039 9706 178392 1594 3023 8417 3687 4045 15693
internal_value=-0.00305479 -0.17794 -0.112695 -0.179655 -0.270645 0.000394498 0.0343068 0.000550412 -0.0204669 -0.0849005 0.00629073 -0.0100202 0.00513888 0.614148 0.174708 0.362667 -0.00656092 0.00474645 -0.00521595 0.1346 0.0852141 0.00286546 -0.202623 0.0164879 -0.260192 -0.24586 -0.139743 -0.275111 -0.497129 -0.0689597
internal_weight=572390 11071 10291 9366 7875 561319 213787 159951 347532 101974 245558 223876 210355 3965 21682 10924 206390 198051 192783 53836 43777 191326 11895 179431 11300 13521 10498 8339 4652 98553
internal_count=572390 11071 10291 9366 7875 561319 213787 159951 347532 101974 245558 223876 210355 3965 21682 10924 206390 198051 192783 53836 43777 191326 11895 179431 11300 13521 10498 8339 4652 98553
is_linear=0
shrinkage=0.05


Tree=272
num_leaves=31
num_cat=0
split_feature=13 12 14 12 14 13 13 12 12 12 12 13 13 12 12 17 14 14 13 12 13 13 13 14 14 14 14 14 14 14
split_gain=156017 4.01829e+06 634971 1.66287e+06 1.9681e+06 675875 1.15358e+06 663352 1.38097e+06 771531 633718 1.98894e+06 1.8198e+06 989169 880768 583547 483691 1.8735e+06 1.84777e+06 1.34888e+06 1.44596e+06 744148 1.11859e+06 1.39439e+06 1.12425e+06 1.11246e+06 1.88637e+06 1.54814e+06 1.09978e+06 1.60058e+06
threshold=0.29061065915727996 -0.015523825238295434 0.0093921061047047109 -0.0061352421811348484 0.012408643984512928 0.23871975019516004 0.14237178822743557 0.0023264242646722764 0.0025381492810945508 -0.00034927173432989681 -0.0036304690109206419 0.26400255301042486 0.28409859631320827 -0.0037909282100934485 -0.0033673048129944038 0.045903402267270375 0.0035508914206582999 0.00334177506558041 0.21311827956989252 -0.010324644599988417 0.068898305084745773 0.24277598854893542 0.26844386212457172 -0.01034056252125609 -0.0043305576109457997 -0.00050830942554999246 0.001797137430062595 0.0024693380443540597 0.0026706786129427379 0.0029997106305038285
decision_type=2 8 8 10 8 2 2 10 8 10 10 2 2 10 10 2 10 10 2 10 2 2 2 10 10 10 10 10 10 10
left_child=2 -2 7 5 -5 6 -4 9 -9 10 13 -12 14 16 -13 -8 17 21 -19 20 -18 28 23 -23 -25 -26 -27 -28 -1 -30
right_child=1 -3 3 4 -6 -7 15 8 -10 -11 11 12 -14 -15 -16 -17 19 18 -20 -21 -22 22 -24 24 25 26 27 -29 29 -31
leaf_value=0.0021739262665567238 4.1452142003955386 0.0058307392521684161 0.90722466718871153 -4.1924608730017177 -0.56666945262709856 1.1187543532659765 -0.56156215680168531 -2.9603693043849244 0.60372760269605341 1.9346737180588514 -1.9563712398326307 2.4036046821013048 -1.5890831392046851 1.3568149954471849 0.28829252329084076 -2.4105820091847843 1.5990365286410533 0.17943763898854906 -3.0186656500488436 0.47124463974164599 -1.0522017824358174 1.3458995829342308 0.14835231073558572 -2.6074076008087452 0.32152443610871001 -2.3232637858318355 0.86577010129203635 -1.2355755786028391 1.6217082573846662 -0.37087244363924482
leaf_weight=35603 587 482792 1120 604 984 960 1535 567 522 507 1712 628 1171 1352 2274 591 617 792 1051 12925 3089 781 7495 832 2056 1887 1486 2137 2612 1641
leaf_count=35603 587 482792 1120 604 984 960 1535 567 522 507 1712 628 1171 1352 2274 591 617 792 1051 12925 3089 781 7495 832 2056 1887 1486 2137 2612 1641
internal_value=-0.000371902 0.0108575 -0.0609994 -0.567208 -1.94575 -0.0467323 -0.391423 -0.0259734 -1.25196 -0.00981939 -0.0218214 -0.526376 0.074693 0.0164054 0.746051 -1.07557 -0.00775643 -0.0755307 -1.64433 0.230124 -0.610806 -0.0243844 -0.304855 -0.674916 -0.862848 -0.671006 -1.04136 -0.373693 0.0929521 0.85288
internal_weight=572910 483379 89531 5794 1588 4206 3246 83737 1089 82648 82141 5785 4073 76356 2902 2126 75004 58373 1843 16631 3706 56530 16674 9179 8398 7566 5510 3623 39856 4253
internal_count=572910 483379 89531 5794 1588 4206 3246 83737 1089 82648 82141 5785 4073 76356 2902 2126 75004 58373 1843 16631 3706 56530 16674 9179 8398 7566 5510 3623 39856 4253
is_linear=0
shrinkage=0.05


Tree=273
num_leaves=31
num_cat=0
split_feature=9 12 13 14 12 13 13 14 12 12 13 12 9 14 14 14 12 13 13 13 13 12 14 12 12 14 14 14 14 13
split_gain=148780 456744 1.42428e+06 960348 795733 503953 499358 508171 484365 431558 621267 715988 594711 434746 963241 384254 391952 502625 422653 575471 408599 552567 720925 861564 598630 383389 339635 544050 357992 331374
threshold=-0.027522806919990841 -0.0055529359160462902 0.29346189070927042 -0.0019443866454812513 -0.0099511172059858315 0.23871975019516004 0.29665208100132295 0.0018302000131842191 -0.014023419856971607 -0.00011546895183519087 0.61936600066971781 0.0047207016233077543 -0.066042529569280334 0.0080632901619468612 0.012408643984512928 0.0011296176608035534 -0.003725196069423261 0.35027571474701313 0.46218202374222733 0.43584893136864472 0.58501502182415976 0.0067004030608599323 -3.661570586478712e-05 0.0039427794345600299 0.0053948992070044144 0.0029665282722408054 0.0066413442328696103 0.0055852927927514022 0.0047239064070479413 0.22419210611291887
decision_type=8 8 2 10 10 2 2 10 10 8 2 10 8 10 10 10 8 2 2 2 2 10 8 10 10 10 8 10 8 2
left_child=1 2 3 8 -4 29 -3 15 -1 -9 12 -12 -11 26 -15 16 -8 -18 19 -19 -20 22 23 -22 -25 -7 27 28 -14 -5
right_child=-2 6 4 5 -6 25 7 9 -10 10 11 -13 13 14 -16 -17 17 18 20 -21 21 -23 -24 24 -26 -27 -28 -29 -30 -31
leaf_value=-1.9661341635965781 -0.009754026219949254 -0.78268558480018779 3.5463697064535418 0.39422017978106039 0.7965234999973192 0.54169983431612712 -1.0338690503985581 0.17131484589354079 -0.28692892610538673 -2.0558695783497583 1.0084022215747497 -0.3766822529076308 -0.40406973432309945 -1.9985472204026735 0.51127745937491575 0.83180460845473836 1.4741040229394085 0.057003926638431401 0.67704339347866827 -1.5938872677995153 0.18898584277225219 0.57949792873977413 0.59139054117153 -3.0252087066426085 -0.72238576764128493 2.0996794594287205 0.8706866274317433 -1.6106636305623407 0.76117386426615008 -0.66168803469136683
leaf_weight=593 526359 1935 506 4864 548 885 668 7023 1557 639 1568 2304 2780 1129 578 2418 739 1718 3872 762 861 2374 1102 583 547 713 620 745 864 877
leaf_count=593 526359 1935 506 4864 548 885 668 7023 1557 639 1568 2304 2780 1129 578 2418 739 1718 3872 762 861 2374 1102 583 547 713 620 745 864 877
internal_value=-0.00219 0.0836677 0.372945 0.17926 2.11666 0.451514 -0.00145452 0.0431458 -0.750077 -0.136103 -0.328407 0.18422 -0.598276 -0.459592 -1.14871 0.252254 0.146299 0.209076 0.129979 -0.450246 0.284059 0.00572811 -0.434663 -1.00257 -1.91048 1.23684 -0.224751 -0.379495 -0.127788 0.232919
internal_weight=572731 46372 10543 9489 1054 7339 35829 33894 2150 18250 11227 3872 7355 6716 1707 15644 13226 12558 11819 2480 9339 5467 3093 1991 1130 1598 5009 4389 3644 5741
internal_count=572731 46372 10543 9489 1054 7339 35829 33894 2150 18250 11227 3872 7355 6716 1707 15644 13226 12558 11819 2480 9339 5467 3093 1991 1130 1598 5009 4389 3644 5741
is_linear=0
shrinkage=0.05


Tree=274
num_leaves=31
num_cat=0
split_feature=1 4 9 9 8 14 6 8 2 17 1 14 13 11 13 8 12 14 14 13 14 14 12 13 12 12 14 14 13 12
split_gain=139391 224827 238401 167265 128229 154060 118722 115480 239805 210615 152154 262373 471455 253445 460383 261561 195746 157040 807584 854396 531190 710382 1.90669e+06 875953 525119 1.61209e+06 1.32083e+06 748322 1.17432e+06 1.09034e+06
threshold=0.026391699968683402 0.45112179532859664 0.05633272868086469 0.012176807707415293 0.78260869565217472 -0.0015413939735762483 0.81421395460167212 0.022333898643255579 -0.020485076933406097 0.02901836927071948 -0.025987958405794511 -0.033374233339537519 0.56736237614964247 -0.052874075544396444 0.12723558433549184 0.16071428571428184 0.016890380576231493 -0.0020407902496278082 -0.0019443866454812513 0.4744508597966613 -0.0018105553692524285 -0.0015413939735762483 -0.0086616432847759408 0.65143670371374374 -0.012121439880781302 -0.010324644599988417 -0.0066860323921768099 -0.0040809891810287173 0.24277598854893542 -0.0029011578399033094
decision_type=10 10 8 10 10 8 2 10 8 2 8 8 2 10 2 10 10 8 8 2 8 8 10 2 10 10 10 10 2 10
left_child=7 2 4 -3 5 -2 -6 8 9 -1 13 12 -12 -9 -15 -16 17 24 19 -19 -20 22 -22 -24 -13 26 -26 -27 -29 -30
right_child=1 3 -4 -5 6 -7 -8 10 -10 -11 11 16 -14 14 15 -17 -18 18 20 -21 21 -23 23 -25 25 27 -28 28 29 -31
leaf_value=-0.31199636705558942 0.22998453517541237 -0.034649228820433989 -0.96409077484692851 1.1927302186101676 -0.81260483972801723 -0.7255222491165888 -0.023595658518626016 0.015274827262418512 0.044126598126528888 0.69914188851058956 -1.4827410717033154 -0.60393892447905007 0.26482216669372755 -1.6887945018674686 0.06562162436332887 -0.73852579104619176 0.90190493168417096 -0.113208345656755 0.7921957746827385 -2.2010373294873293 1.5835822316143175 -0.00061974121548243315 -1.1994664415698881 0.61500961841972734 3.5810545577798916 -0.072842369128288356 0.33163570728164316 -1.0225932504654658 1.1686988129758209 0.22213735414611985
leaf_weight=637 558 624 1008 500 507 1729 7996 6788 18388 2689 809 2757 738 657 2460 1717 605 1139 2084 860 893 444977 4326 786 596 38954 658 1640 3558 20991
leaf_count=637 558 624 1008 500 507 1729 7996 6788 18388 2689 809 2757 738 657 2460 1717 605 1139 2084 860 893 444977 4326 786 596 38954 658 1640 3558 20991
internal_value=-0.00200144 -0.164357 -0.22873 0.511338 -0.160033 -0.49239 -0.0706411 0.00174686 0.114795 0.505487 -0.00281587 0.00113523 -0.649062 -0.181765 -0.458452 -0.264932 0.00305179 0.00201443 -0.00865377 -1.01142 -0.00422938 -0.00790969 -0.548102 -0.92048 0.072216 0.100292 1.87602 0.0661093 0.272789 0.359327
internal_weight=572629 12922 11798 1124 10790 2287 8503 559707 21714 3326 537993 526371 1547 11622 4834 4177 524824 524219 455065 1999 453066 450982 6005 5112 69154 66397 1254 65143 26189 24549
internal_count=572629 12922 11798 1124 10790 2287 8503 559707 21714 3326 537993 526371 1547 11622 4834 4177 524824 524219 455065 1999 453066 450982 6005 5112 69154 66397 1254 65143 26189 24549
is_linear=0
shrinkage=0.05


Tree=275
num_leaves=31
num_cat=0
split_feature=9 2 14 11 14 14 14 14 14 10 8 14 14 14 10 14 1 9 2 7 8 4 14 14 17 5 2 14 14 4
split_gain=143631 327308 260442 250009 294935 248812 219117 506810 392218 225298 285219 302541 219658 356990 269378 218887 217673 215903 196013 190239 189850 181148 163088 160579 164550 160075 152738 272164 443495 356435
threshold=0.011662061470891103 -0.058018488165277542 0.0270617032583759 -0.15766061540500539 0.0058146928034701504 -0.00081376696052021442 -0.013851110702276003 -0.016262574947656892 -0.0073043107792539535 0.091809295602815422 0.99013482300425226 0.010003092660542785 0.0026909570017902428 0.0025310492192112525 0.005165528342541457 0.0027305333897758564 -0.025987958405794511 0.031969647922947188 0.0058930885423459489 -0.0029228048698029035 0.99997371464619966 0.11852388013056356 -0.0049073893549430704 -0.0049073893549430704 0.028646481786858701 0.27993633136387536 -0.020485076933406097 -0.0080407074899879888 -0.0085802334926053346 -0.16588105693524804
decision_type=10 10 10 10 10 8 8 10 8 10 8 10 8 10 8 8 10 10 10 10 8 8 10 10 2 10 8 8 10 10
left_child=20 -2 3 4 5 17 7 -5 18 12 11 25 13 16 -15 -14 -10 22 19 -8 26 -17 -3 24 -18 -11 -1 28 -28 -30
right_child=1 2 -4 6 -6 -7 8 -9 9 10 -12 -13 15 14 -16 21 23 -19 -20 -21 -22 -23 -24 -25 -26 -27 27 -29 29 -31
leaf_value=0.12273591516004326 -1.0734957092799602 -0.4248999173434147 -1.0107175900994005 0.0040120002632771717 0.85766964889173147 -0.092445643230668395 0.042428711427577447 -1.8301436761922731 -0.72657292355569092 0.60067854926712183 0.88439366264169506 -1.26038913514033 0.95902868602937519 -1.3003335774087974 -0.22950979033079669 0.20256208472806425 0.18972030341891308 1.2104783157621073 -0.2925667500644657 0.96078058021544932 -0.23320068297247901 0.030174056468604049 0.74578505100829018 0.045365445303505982 -0.66242778056411389 -0.18533715862170741 -0.14195184742000899 -0.0091608697100621483 -1.868407642283713 -0.25159530411768588
leaf_weight=20780 653 593 578 1380 1968 3748 757 518 987 681 638 638 763 885 1746 27472 868 837 561 2211 9697 34223 597 44890 1631 13263 10235 387530 718 649
leaf_count=20780 653 593 578 1380 1968 3748 757 518 987 681 638 638 763 885 1746 27472 868 837 561 2211 9697 34223 597 44890 1631 13263 10235 387530 718 649
internal_value=-2.43474e-05 0.0433637 0.0484841 0.0527999 0.329052 0.148909 0.0368504 -0.496564 0.0445079 0.0302466 -0.150391 -0.195665 0.054477 -0.0225054 -0.589707 0.117346 0.00834267 0.595184 0.564544 0.726551 -0.0144752 0.106936 0.16241 0.0236492 -0.366444 -0.14695 -0.00942421 -0.0163049 -0.254928 -1.10081
internal_weight=572695 143086 142433 141855 7743 5775 134112 1898 132214 128685 15220 14582 113465 51007 2631 62458 48376 2027 3529 2968 429609 61695 1190 47389 2499 13944 419912 399132 11602 1367
internal_count=572695 143086 142433 141855 7743 5775 134112 1898 132214 128685 15220 14582 113465 51007 2631 62458 48376 2027 3529 2968 429609 61695 1190 47389 2499 13944 419912 399132 11602 1367
is_linear=0
shrinkage=0.05


Tree=276
num_leaves=31
num_cat=0
split_feature=9 5 1 5 0 14 9 12 12 16 0 0 12 17 14 14 14 12 12 14 12 12 10 12 12 12 14 14 14 12
split_gain=170193 346791 286657 180617 266804 161981 429907 438388 222097 161590 158148 157310 150169 127924 200887 541731 338440 406828 922044 2.21892e+06 712089 718860 458482 459781 482831 318464 488688 1.55574e+06 834292 404550
threshold=0.05633272868086469 1.2408643212516595 0.021353417897713053 2.1392773971131738 -0.019991043934253144 -0.033374233339537519 -0.027522806919990841 0.0029794210103305805 0.016890380576231493 0.2106280944375922 0.0044954766305194795 -0.0050759144673888168 0.0002263029525904646 0.029110531108981486 -0.0040809891810287173 -0.0039378222928587456 -0.01034056252125609 -0.0042591896515363249 -0.012121439880781302 -0.013851110702276003 0.00043411756094611896 6.7671108078953159e-05 -0.070524012134415281 0.0086759873145388564 0.0031633743668316463 0.0065259749054591186 0.0016381316822270302 0.0020511902737673266 0.0014963850870955001 0.006091424816449839
decision_type=8 10 8 10 10 8 10 10 10 10 8 8 10 2 8 8 10 10 10 10 10 10 10 10 10 10 8 8 10 10
left_child=3 2 11 5 -5 6 -1 -8 13 -3 -4 12 -2 -7 16 -16 17 18 -15 -20 21 -19 -22 24 -24 29 28 -28 -27 -17
right_child=1 9 10 4 -6 8 7 -9 -10 -11 -12 -13 -14 14 15 25 -18 20 19 -21 22 -23 23 -25 -26 26 27 -29 -30 -31
leaf_value=0.73296808518301471 0.87480496097419236 -1.6826702645797607 -1.4912054771972154 1.2896465325382298 0.079828773296829136 0.027659466374728683 -1.8820147819734414 -0.17679196680283063 0.87376990550502998 -0.49813562593908012 -0.25219734904770846 -0.11150357040421244 -0.059114792217502737 -0.60116077614766261 0.91426529501595999 -0.017618409702211679 -0.26925087027899458 -0.2408493966400696 0.15104097439863973 3.9938574513066172 1.4093121124066001 -2.320270506114622 0.57418490887860663 0.7216838406144287 -0.95160981362518471 0.38946774694864139 -2.6669734952345636 0.22388444401833404 2.4251950645282068 -0.6763375751011832
leaf_weight=577 885 506 530 668 1434 243517 631 936 729 668 501 7168 838 1024 1583 271727 18872 1229 1284 531 688 628 788 1390 1516 3849 515 4832 579 2351
leaf_count=577 885 506 530 668 1434 243517 631 936 729 668 501 7168 838 1024 1583 271727 18872 1229 1284 531 688 628 788 1390 1516 3849 515 4832 579 2351
internal_value=-0.00214406 -0.196059 -0.0999076 0.00168538 0.4643 -5.17718e-05 -0.433818 -0.863452 0.00161599 -1.00868 -0.889127 -0.00838976 0.420583 0.000474314 -0.0206499 -0.00812307 -0.148579 0.102282 0.598481 1.2753 -0.123508 -0.944068 0.224227 0.00350779 -0.429767 -0.0132671 0.267168 -0.0545505 0.655657 -0.0232688
internal_weight=572974 11096 9922 561878 2102 559776 2144 1567 557632 1174 1031 8891 1723 556903 313386 285436 27950 9078 2839 1815 6239 1857 4382 3694 2304 283853 9775 5347 4428 274078
internal_count=572974 11096 9922 561878 2102 559776 2144 1567 557632 1174 1031 8891 1723 556903 313386 285436 27950 9078 2839 1815 6239 1857 4382 3694 2304 283853 9775 5347 4428 274078
is_linear=0
shrinkage=0.05


Tree=277
num_leaves=31
num_cat=0
split_feature=17 12 13 5 12 13 12 9 12 11 13 12 17 0 7 12 13 12 13 13 12 12 12 12 12 12 12 13 13 12
split_gain=176673 220037 520090 267763 249764 219909 214581 442517 372509 241613 212151 196679 188795 154461 202522 153096 634542 585504 574038 1.62921e+06 790973 1.25926e+06 478598 1.51657e+06 507105 1.23971e+06 477328 2.3657e+06 462617 696881
threshold=0.063709155212157517 -0.0035468078566045411 0.33459556191839662 0.15925637336796977 -0.0049951111909748653 0.22997277853392964 0.0044897591480958987 0.022484166083069787 0.0084027174470880702 -0.21742521345156099 0.14237178822743557 -0.0076246522117263543 0.071585649499969248 0.0080806590364324912 0.002349019271019998 0.0019117719798810303 0.27226271979510425 0.0022326524313483732 0.48840945227260274 0.48575935105903562 0.0015023109332461752 0.00066417888558775175 0.0013526532793061458 0.0012758230275707104 0.0010162796672583336 0.0011352494099923214 0.0023264242646722764 0.58835633018639566 0.58677817209954453 0.002141780764288267
decision_type=2 8 2 8 10 2 8 10 8 10 2 10 2 10 10 10 2 10 2 2 10 10 10 10 8 8 10 2 2 10
left_child=15 2 4 -3 5 10 12 9 -9 -8 -2 -7 -5 14 -14 18 -17 28 19 22 21 -21 23 24 -1 -26 27 -19 -18 -30
right_child=1 3 -4 6 -6 11 7 8 -10 -11 -12 -13 13 -15 -16 16 17 26 -20 20 -22 -23 -24 -25 25 -27 -28 -29 29 -31
leaf_value=0.011909976147149247 0.45620419889100994 0.52871032250663708 1.5445060364545975 -0.25935589490932859 -0.98671810940989202 0.89660537902387571 1.1992444710698904 0.15272909660334788 -1.7170158267623803 0.01780725444525778 -0.75558954113366783 -0.21502296883304406 -0.08516459927623031 -1.1600112914492209 -1.06686989495135 -1.6983600840257962 0.48775279890278578 -0.042791558210264723 -0.12765713665854436 0.35573938973164942 -0.66902039112529355 2.2422477242209147 0.75212049669693226 -2.1649513275729784 -1.6507055949539453 -0.023877863305655868 0.032206691264296552 -3.4430146348242796 -0.73753543918809061 0.71805173665729716
leaf_weight=299604 558 923 565 3902 634 1086 713 522 544 1101 1024 628 1264 1451 899 522 11942 3847 90344 1794 606 1745 2113 809 1587 4468 133724 590 2106 1349
leaf_count=299604 558 923 565 3902 634 1086 713 522 544 1101 1024 628 1264 1451 899 522 11942 3847 90344 1794 606 1745 2113 809 1587 4468 133724 590 2106 1349
internal_value=-0.00511459 -0.169915 0.126048 -0.287447 -0.0778784 0.0969409 -0.359909 0.00706079 -0.801437 0.482176 -0.328168 0.489311 -0.500525 -0.760913 -0.493187 -0.00043695 0.0419549 0.0478709 -0.0166419 0.0154295 1.00012 1.28593 0.00220268 -0.00296777 0.00275444 -0.450265 0.0152779 -0.494929 0.340336 -0.169203
internal_weight=572964 15814 4495 11319 3930 3296 10396 2880 1066 1814 1582 1714 7516 3614 2163 557150 154080 153558 403070 312726 4145 3539 308581 306468 305659 6055 138161 4437 15397 3455
internal_count=572964 15814 4495 11319 3930 3296 10396 2880 1066 1814 1582 1714 7516 3614 2163 557150 154080 153558 403070 312726 4145 3539 308581 306468 305659 6055 138161 4437 15397 3455
is_linear=0
shrinkage=0.05


Tree=278
num_leaves=31
num_cat=0
split_feature=17 10 14 14 14 14 13 13 13 14 7 13 17 13 14 10 9 7 8 9 14 14 13 13 14 13 13 13 13 13
split_gain=124593 215661 390189 134457 335192 139344 260740 914756 335650 231540 349784 194766 190417 174948 250414 196238 173058 180800 165524 134439 131972 646887 1.45755e+06 774492 566081 553676 584837 690492 714871 957826
threshold=0.055210611125910358 0.1077322689789471 0.009744554259300096 -0.021658507068033826 -0.01796644498195283 0.0046799328558375913 0.2799423046224716 0.25347289214740504 0.33459556191839662 0.01135832798867265 -0.001409647087879247 0.36409779730719399 0.099179878419736217 0.67467816471364916 0.00099970194329166372 -0.13255898134476859 0.0013153878774194736 -0.0072499330109088286 0.43315135626294587 -0.044337447991710063 0.0059355918821889335 0.0059817194653357655 0.58835633018639566 0.12723558433549184 0.0055852927927514022 0.60669865403788636 0.5395002609899463 0.51136375615361118 0.49673146763512072 0.48692587054048286
decision_type=2 10 8 8 10 10 2 2 2 10 8 2 2 2 10 10 10 8 10 10 8 8 2 2 10 2 2 2 2 2
left_child=20 3 -3 -2 -5 6 7 18 -8 16 -11 -10 13 15 -15 -13 19 -18 -6 -7 24 22 -22 -23 -1 26 27 28 29 -26
right_child=1 2 -4 4 5 9 8 -9 11 10 -12 12 -14 14 -16 -17 17 -19 -20 -21 21 23 -24 -25 25 -27 -28 -29 -30 -31
leaf_value=0.0080638947211210312 -0.65713305846207293 -0.2154446926238478 -1.5097651092936524 0.99481613380420542 -0.49373429815146824 0.62802326104930939 -0.995216959621401 1.8073760589199073 0.56181929474014047 -0.9047079923768836 0.22767320977691005 -1.2474505202228183 0.6020338791920441 -0.28666301297644775 0.96440782225421862 -0.29013033338251298 1.3494966413906153 0.35482348726144841 0.50300281841934258 -0.12609927723952133 0.060254699467847908 -1.2186409251200783 3.0606489143818365 0.064386258140272865 -0.59301258534207857 0.316217492086519 -1.371608507317877 0.92673799313395178 -2.0018272179912548 1.5664205058290284
leaf_weight=443437 850 3883 685 792 1585 740 1307 739 887 1247 1505 574 679 1020 658 7943 556 2562 565 2935 1324 1193 583 83578 4151 2326 1739 924 735 586
leaf_count=443437 850 3883 685 792 1585 740 1307 739 887 1247 1505 574 679 1020 658 7943 556 2562 565 2935 1324 1193 583 83578 4151 2326 1739 924 735 586
internal_value=0.00463287 -0.0916893 -0.409536 -0.0381996 -0.0181915 -0.0496519 -0.140046 0.289816 -0.235077 0.101466 -0.285437 -0.150603 -0.208716 -0.262713 0.203924 -0.354649 0.258209 0.532193 -0.231801 0.0257512 0.0102834 0.0668171 0.977523 0.0463299 -0.000512419 -0.364058 -0.558566 -0.337509 -0.55099 -0.325876
internal_weight=572288 31712 4568 27144 26294 25502 15957 2889 13068 9545 2752 11761 10874 10195 1678 8517 6793 3118 2150 3675 540576 86678 1907 84771 453898 10461 8135 6396 5472 4737
internal_count=572288 31712 4568 27144 26294 25502 15957 2889 13068 9545 2752 11761 10874 10195 1678 8517 6793 3118 2150 3675 540576 86678 1907 84771 453898 10461 8135 6396 5472 4737
is_linear=0
shrinkage=0.05


Tree=279
num_leaves=31
num_cat=0
split_feature=17 13 13 14 13 10 14 14 13 14 13 14 14 9 13 2 8 3 17 5 14 14 13 13 14 14 10 17 10 17
split_gain=140452 224184 673975 278476 246545 563572 286192 167622 142126 172723 166962 266623 199420 156073 202301 142492 142475 252415 199575 117245 115946 955177 571296 1.17789e+06 288585 343962 634141 254582 181549 255968
threshold=0.063709155212157517 0.64338374803491094 0.65671142809383187 -0.0023051585008065389 0.57042192365427324 -0.080242435572512524 -0.016262574947656892 0.0028792428502272321 0.48357959447799831 -0.00029924077208414774 0.38039962466191979 0.0082918860079702356 0.0041352144412786724 -0.0068474435017257087 0.5329497340136794 -0.0061294931145072151 0.27777777777778495 0.10684943080876573 0.084276104020239676 0.31922410270173851 0.012408643984512928 0.011824106625347611 0.40031545741324931 0.48991919093377562 0.013401794456808247 0.014332030701907571 -0.046446758245020918 0.036540316908312089 0.036989098302234326 0.028072470803810656
decision_type=2 2 2 8 2 10 10 8 2 10 2 10 10 10 2 10 10 10 2 10 10 10 2 2 10 10 10 2 10 2
left_child=20 4 -3 -4 6 -6 -2 -5 9 15 16 12 -12 -10 -15 -8 18 19 -11 -18 21 -1 -23 -24 27 26 -26 -22 29 -27
right_child=1 2 3 7 5 -7 8 -9 13 10 11 -13 -14 14 -16 -17 17 -19 -20 -21 24 22 23 -25 25 28 -28 -29 -30 -31
leaf_value=0.00058178397036012352 -0.99147342193997323 -2.2050841239059946 0.79743464497567551 -1.1785126454971888 1.8263013765159428 -0.023419131441733725 0.92755424022782407 0.069494635743771016 -0.90711247559489294 -0.94500245828764184 0.34437155216693538 1.2283243242808835 -0.70360648446196683 -0.56045992557521707 0.69819297396461488 -0.11443935086055355 -0.17070710495092054 -0.9009840405603935 0.14732844683744334 0.7134644854879324 0.30009563335753009 -2.5892903375198832 1.0764022472430104 -2.1771286783571795 -2.0061727385694055 -0.25291843452688817 0.071917177724220557 1.5268538785111252 -0.30965060506483244 0.48710657912504413
leaf_weight=543820 979 514 542 572 528 1871 829 508 1010 1349 1217 520 724 848 512 543 669 580 606 853 1214 515 548 565 544 1552 1129 649 1490 4729
leaf_count=543820 979 514 542 572 528 1871 829 508 1010 1349 1217 520 724 848 512 543 669 580 606 853 1214 515 548 565 544 1552 1129 649 1490 4729
internal_value=-0.00392168 -0.15105 -0.627345 -0.127371 -0.0764524 0.383689 -0.174671 -0.591487 -0.0967325 0.0052603 -0.102071 0.222843 -0.046528 -0.436278 -0.0866141 0.515162 -0.299166 -0.0134104 -0.606408 0.324824 0.000246771 -0.00303843 -1.21234 -0.57521 0.158725 0.0465327 -0.603804 0.727453 0.186542 0.304251
internal_weight=572529 15774 2136 1622 13638 2399 11239 1080 10260 7890 6518 2461 1941 2370 1360 1372 4057 2102 1955 1522 556755 545448 1628 1113 11307 9444 1673 1863 7771 6281
internal_count=572529 15774 2136 1622 13638 2399 11239 1080 10260 7890 6518 2461 1941 2370 1360 1372 4057 2102 1955 1522 556755 545448 1628 1113 11307 9444 1673 1863 7771 6281
is_linear=0
shrinkage=0.05


Tree=280
num_leaves=31
num_cat=0
split_feature=9 12 13 12 12 13 12 0 10 4 13 7 7 12 12 12 13 4 10 12 10 5 13 2 2 9 13 12 7 15
split_gain=147180 433156 1.35091e+06 401162 317240 625371 311531 330118 304457 310924 247476 227357 210193 205698 197661 189384 416951 206780 185496 182203 178883 187326 162812 181231 153653 272135 149426 139245 138146 129609
threshold=-0.031526253646773937 -0.018397836894734759 0.1935457635940728 -0.014023419856971607 -0.0055529359160462902 0.32550485182271183 -0.0029011578399033094 0.012474747264850383 -0.03795578572569528 -0.22025059753076984 0.34359095688748692 -0.001183103752595451 -0.0010734656035299333 -0.0034388706987858726 -0.0033673048129944038 0.0023651824593056976 0.52373441490160744 0.37022580387427007 -0.057482277633015826 0.0033943032852948416 0.016807390469583915 0.50890572162502179 0.63525000951571375 0.0079149981585153652 -0.058018488165277542 0.0037809843495332637 0.6462500000000001 -0.010324644599988417 -0.0076786890378034616 -0.011480267084859644
decision_type=8 8 2 8 8 2 10 10 10 10 2 8 10 8 10 10 2 10 10 10 10 10 2 10 10 8 2 10 10 10
left_child=1 2 -1 -3 8 13 10 11 9 -5 -7 22 27 18 -12 16 17 -9 -6 -17 21 -13 23 -8 25 -2 -21 -11 -10 -29
right_child=24 3 -4 4 5 6 7 15 28 12 14 20 -14 -15 -16 19 -18 -19 -20 26 -22 -23 -24 -25 -26 -27 -28 29 -30 -31
leaf_value=-0.2419113071051362 0.23874775976677937 -1.0378040011348433 2.675003071538125 -0.35796274179075332 -1.508353737270685 -0.13365635624261407 -0.11759612502467148 -1.0805085265520709 0.656059942896976 0.47959230033488115 0.58910362380449 0.053797285502484998 0.28620776822163657 0.15266187519356472 1.8256341251371671 0.76586131656828993 -1.9613912138810345 0.18578479076258131 -0.55100296072614119 -1.0159819845428641 -0.20054748671397704 0.48750974759813126 0.44943724492851356 -0.97754751436946763 -0.0033184382377919918 -1.0945188970439153 0.086804923650316418 0.76068839782937658 -0.24681283782763141 1.7330267297321396
leaf_weight=1027 689 810 647 576 851 615 4430 515 559 522 821 3936 936 543 533 520 510 862 1248 503 1881 6775 1040 711 535714 861 789 504 1750 1071
leaf_count=1027 689 810 647 576 851 615 4430 515 559 522 821 3936 936 543 533 520 510 862 1248 503 1881 6775 1040 711 535714 861 789 504 1750 1071
internal_value=0.00175717 0.100381 0.885474 0.0615111 0.0884935 0.0160266 0.0950212 0.0421812 0.420129 0.706985 0.698079 0.127248 0.909231 -0.714748 1.07586 -0.389545 -0.74013 -0.287811 -0.939143 -0.0244492 0.249158 0.328132 -0.121109 -0.236527 -0.00475673 -0.50186 -0.342531 1.18732 -0.0282308 1.42188
internal_weight=572749 35485 1674 33811 33001 27083 24441 22472 5918 3609 1969 18773 3033 2642 1354 3699 1887 1377 2099 1812 12592 10711 6181 5141 537264 1550 1292 2097 2309 1575
internal_count=572749 35485 1674 33811 33001 27083 24441 22472 5918 3609 1969 18773 3033 2642 1354 3699 1887 1377 2099 1812 12592 10711 6181 5141 537264 1550 1292 2097 2309 1575
is_linear=0
shrinkage=0.05


Tree=281
num_leaves=31
num_cat=0
split_feature=7 0 2 12 14 12 12 14 14 12 13 14 12 14 12 12 14 12 12 13 14 12 13 13 12 12 14 13 13 13
split_gain=125091 344130 162874 130749 120377 742988 1.24887e+06 1.70538e+06 1.35817e+06 2.96323e+06 2.50434e+06 1.47826e+06 1.94214e+06 1.22951e+06 1.53164e+06 1.62876e+06 1.53704e+06 1.21845e+06 1.0861e+06 1.70451e+06 1.43304e+06 1.29928e+06 1.25016e+06 1.07364e+06 1.42224e+06 1.07295e+06 978518 943783 1.01688e+06 878332
threshold=0.014985696435696952 -0.018260483829702152 0.060660934194725465 -0.00024998173186822073 0.00014252197149017991 -0.0070682575628737343 -0.0064836710996034408 -0.0019443866454812513 -0.00081376696052021442 -0.0025694912073986049 0.29061065915727996 -0.00098861099964685771 -0.0010215795404864313 -0.00060668369941886441 0.0019117719798810303 0.00098404065937080518 -0.00073415838159448913 -0.0039581796496085007 6.7671108078953159e-05 0.44786405723905731 -0.0020407902496278082 -0.00032311210041311756 0.43320568847834667 0.29346189070927042 -0.014023419856971607 0.0033943032852948416 -0.0019443866454812513 0.21613322924798337 0.30337009172420909 0.46374525670918493
decision_type=10 10 10 8 8 10 10 10 10 10 2 10 10 10 10 10 10 10 10 2 10 10 2 2 10 10 10 2 2 2
left_child=4 -2 3 -3 5 23 7 -7 11 10 17 18 -13 14 15 -11 -16 -10 19 21 -20 22 27 24 -1 -14 -24 -8 -29 -22
right_child=1 2 -4 -5 -6 6 8 -9 9 13 -12 12 25 -15 16 -17 -18 -19 20 -21 29 -23 26 -25 -26 -27 -28 28 -30 -31
leaf_value=-0.75755524722802337 0.48129219515855992 -1.2868586631516323 0.092419817380127334 -0.49255803164774081 0.010993018804135272 -2.7709486682501208 -1.3941226537835025 -0.21858729551188155 -0.98277818098569569 -1.4360823711170374 -2.545065727804217 -1.6915843842050249 2.3799444105374028 0.12599795843521397 -4.0869177789871127 0.90041344140158042 -0.85490718455859216 1.5314763110027387 -0.014021569027687853 1.0605202938100107 1.1006532783976624 -1.7351340579767798 0.55791467138994244 1.9115432050464205 0.3697605879278128 0.58442771315506492 3.1849682151935661 0.58234769623395966 -0.15924893912843097 -0.72256615552835246
leaf_weight=3435 1151 721 823 1841 431850 1013 1103 1849 1888 1366 2622 582 1587 13979 596 1643 961 647 45470 5104 700 974 981 919 15083 1749 555 7229 12820 11728
leaf_count=3435 1151 721 823 1841 431850 1013 1103 1849 1888 1366 2622 582 1587 13979 596 1643 961 647 45470 5104 700 974 981 919 15083 1749 555 7229 12820 11728
internal_value=-0.00403391 -0.265563 -0.519516 -0.716091 -0.00194695 -0.0428607 -0.0903629 -1.12199 -0.0645279 -0.401491 -1.46166 0.0236429 0.973618 -0.106678 -0.819027 -0.160289 -2.09208 -0.341073 -0.0193046 0.231814 -0.14407 0.0530578 0.129825 0.243433 0.160649 1.43859 1.50714 0.0298082 0.108146 -0.619874
internal_weight=572969 4536 3385 2562 568433 136583 117146 2862 114284 23702 5157 90582 3918 18545 4566 3009 1557 2535 86664 28766 57898 23662 22688 19437 18518 3336 1536 21152 20049 12428
internal_count=572969 4536 3385 2562 568433 136583 117146 2862 114284 23702 5157 90582 3918 18545 4566 3009 1557 2535 86664 28766 57898 23662 22688 19437 18518 3336 1536 21152 20049 12428
is_linear=0
shrinkage=0.05


Tree=282
num_leaves=31
num_cat=0
split_feature=9 13 12 14 17 3 14 14 13 14 14 13 13 13 12 14 12 13 14 14 12 12 13 17 12 13 13 13 13 12
split_gain=152315 119618 282970 336132 340297 273273 130764 444875 1.33865e+06 2.13125e+06 1.11068e+06 1.05454e+06 1.04159e+06 1.14038e+06 1.08684e+06 947774 839910 982276 1.02142e+06 1.39526e+06 887881 1.29351e+06 1.16397e+06 817697 706657 647475 610392 738977 1.17421e+06 665561
threshold=0.096262222323792196 0.90882120253164567 0.013653625485355612 0.00052547684438546604 0.042816181209621447 0.39542280725519213 0.0022799257668168122 0.0015755726421851299 0.30337009172420909 0.001797137430062595 0.0015395435248249415 0.28708151012516542 0.33720878136200721 0.68048651507139091 0.0053948992070044144 0.0017793135045680909 -0.0037909282100934485 0.37141789732770752 0.0018520456748217253 0.0020511902737673266 -0.0016979720507348023 -0.0012186919422959488 0.39559227695789745 0.041069157920698422 -0.0025168970306861157 0.72935854814976298 0.44220408383169013 0.4574647945403188 0.46374525670918493 -0.0007487341611648442
decision_type=8 2 10 10 2 10 8 10 2 10 10 2 2 2 10 10 10 2 10 10 10 10 2 2 10 2 2 2 2 10
left_child=1 2 6 4 -4 -3 7 10 9 23 -1 -11 15 14 16 -10 -14 18 -18 -20 24 -22 -23 -9 -19 -15 -24 29 -29 -28
right_child=-2 5 3 -5 -6 -7 -8 8 12 11 -12 -13 13 25 -16 -17 17 20 19 -21 21 22 26 -25 -26 -27 27 28 -30 -31
leaf_value=-0.0023200752240481377 -0.42023938904103453 0.38052907277689024 0.45667160045315225 -0.53712514900764863 1.9565276709468535 -0.98977136047758474 0.025216041862717833 -1.3176880646538247 -0.34796519217151278 0.29164050899762561 1.1028597714652062 -1.6769692107018281 1.657286328712944 1.7213674211138141 -2.3733825142130907 1.7793601009951925 0.34138037586971631 -0.38479274815730174 -3.5833492643824671 -0.81199758295079438 -1.2967817861767299 -2.2734354815605542 0.53799225916650928 -3.2545747157205223 1.4659457039692114 0.16936458251451936 -2.2776016907837198 2.0498949421779149 -0.079933411857870423 -0.47220344418915883
leaf_weight=203553 2120 608 1524 579 503 906 306779 2620 826 3813 2299 828 640 1257 552 1430 982 772 632 1614 2322 589 4096 688 1554 1444 632 667 21729 2655
leaf_count=203553 2120 608 1524 579 503 906 306779 2620 826 3813 2299 828 640 1257 552 1430 982 772 632 1614 2322 589 4096 688 1554 1444 632 667 21729 2655
internal_value=0.0027861 0.00436196 0.0055459 0.525367 0.828861 -0.439479 0.00314817 -0.0230723 -0.15323 -0.750786 0.0100228 -0.0595788 -0.0462313 -0.102271 -0.170345 1.00047 -0.139071 -0.169132 -1.00372 -1.59183 -0.0921945 -0.159355 -0.0723846 -1.72052 0.851685 0.891641 -0.0288499 -0.119252 -0.0165026 -0.819332
internal_weight=571213 569093 567579 2606 2027 1514 564973 258194 52342 7949 205852 4641 44393 42137 39436 2256 38884 38244 3228 2246 35016 32690 30368 3308 2326 2701 29779 25683 22396 3287
internal_count=571213 569093 567579 2606 2027 1514 564973 258194 52342 7949 205852 4641 44393 42137 39436 2256 38884 38244 3228 2246 35016 32690 30368 3308 2326 2701 29779 25683 22396 3287
is_linear=0
shrinkage=0.05


Tree=283
num_leaves=31
num_cat=0
split_feature=17 13 14 13 14 14 12 14 13 14 14 14 14 0 14 14 14 12 14 14 12 14 12 14 14 12 12 12 13 13
split_gain=126899 229830 502062 383329 670634 649774 351740 533730 345611 871888 527982 617697 331353 609131 343601 272943 485997 342926 514388 270197 535835 454715 453213 417423 311527 293844 328223 290763 283946 444495
threshold=0.043578393935548278 0.51103521061421431 -0.01796644498195283 0.48991919093377562 0.009744554259300096 0.0029997106305038285 0.00029175992355564672 0.0048659828877755393 0.47739280499137132 0.0058773034096143749 -0.0045940713398687502 0.0011296176608035534 0.0270617032583759 0.0053991993818477248 0.014332030701907571 -0.0055040751619077934 -0.0043305576109457997 0.0056976341712737842 -0.0085802334926053346 -0.0055040751619077934 0.00063932188627417177 -0.016262574947656892 0.00049796773516926562 -0.01034056252125609 0.0021997587737810705 0.00017221039804783743 -0.00011546895183519087 3.6452014036438599e-05 0.31775210084033617 0.27226271979510425
decision_type=2 2 8 2 10 8 10 10 2 10 10 10 8 10 10 10 10 10 10 8 8 10 10 10 8 10 10 10 2 2
left_child=-1 3 -3 8 5 -5 -7 -8 19 10 -10 -12 14 -14 15 17 -17 -4 -19 21 22 28 25 -23 -22 26 -21 -28 29 -2
right_child=1 2 12 4 -6 6 7 -9 9 -11 11 -13 13 -15 -16 16 -18 18 -20 20 24 23 -24 -25 -26 -27 27 -29 -30 -31
leaf_value=0.010562910382957872 -0.76130201739165215 1.1892373274319257 -1.4421375998629715 -0.97784684353835005 -2.231953899976753 -0.8555555637090152 1.5382945541700241 -0.27179806891682684 -1.4107782883823401 1.8819169366459954 1.4608036331069456 -0.23766083967743176 0.35049148748761844 -2.1089753477330548 0.86935551032903868 1.5608177054297359 0.026007768857791127 0.70900135767751926 -1.0086438846401651 -0.12889887861903496 -1.5605490120036194 1.6931843851526063 1.2098885219925959 0.26394546252009071 -0.40684167500649066 -0.86370709905358223 1.3201805132870204 -0.19143601744242056 -1.1860609759158505 1.1650298155004524
leaf_weight=480002 645 936 689 2031 525 526 813 816 544 773 791 1656 504 503 1211 525 29369 898 847 38891 976 770 644 1518 1461 1310 749 553 617 559
leaf_count=480002 645 936 689 2031 525 526 813 816 544 773 791 1656 504 503 1211 525 29369 898 847 38891 976 770 644 1518 1461 1310 749 553 617 559
internal_value=0.000222081 -0.0533518 0.0466076 -0.115393 -0.547433 -0.336164 0.268596 0.631581 -0.0765925 0.385013 -0.00185024 0.311373 0.0156488 -0.878021 0.042481 0.0115064 0.0529622 -0.497646 -0.124721 -0.112275 -0.148031 0.275696 -0.10635 0.744939 -0.868893 -0.126774 -0.102756 0.67815 -0.313887 0.133066
internal_weight=572652 92650 35482 57168 4711 4186 2155 1629 52457 3764 2991 2447 34546 1007 33539 32328 29894 2434 1745 48693 44584 4109 42147 2288 2437 41503 40193 1302 1821 1204
internal_count=572652 92650 35482 57168 4711 4186 2155 1629 52457 3764 2991 2447 34546 1007 33539 32328 29894 2434 1745 48693 44584 4109 42147 2288 2437 41503 40193 1302 1821 1204
is_linear=0
shrinkage=0.05


Tree=284
num_leaves=31
num_cat=0
split_feature=6 14 7 12 12 8 13 12 13 13 12 12 12 12 12 13 12 9 12 12 12 14 14 14 14 14 14 14 4 14
split_gain=137524 361568 288965 301493 236676 223160 257426 710752 1.143e+06 703254 1.50295e+06 583091 535530 456687 768205 880199 657360 544179 485010 425801 548473 388897 381829 353893 887498 1.2347e+06 433253 912220 601377 531909
threshold=0.63982548779086146 -0.01034056252125609 0.0053125368215253058 -0.0012186919422959488 -0.0042591896515363249 0.60365853658536406 0.31775210084033617 -0.0052980094234980355 0.34705529629533077 0.30337009172420909 -0.0052980094234980355 -0.0048778284761807232 0.0019117719798810303 -0.0045526305173768161 -0.0041064867425633029 0.32993055555555562 -0.0038684383435024518 -0.0024735650576984797 -0.003725196069423261 -0.0047350686144894674 -0.0042591896515363249 -0.00014928254793555328 0.0017534975432164097 0.006890002005023343 0.0061725728947960848 0.0064654358531858738 0.0054690193305115811 0.0044927611038868163 0.06307665730082028 0.0060707602189851726
decision_type=2 10 10 10 8 8 2 8 2 2 10 10 8 8 8 2 8 8 8 10 10 10 10 8 10 10 10 10 10 10
left_child=1 4 -3 -4 -1 6 9 8 -8 12 -11 -12 23 -9 15 -15 17 -16 -18 -13 -21 -22 -23 24 26 -26 27 -2 -28 -30
right_child=5 2 3 -5 -6 -7 7 13 -10 10 11 19 -14 14 16 -17 18 -19 -20 20 21 22 -24 -25 25 -27 28 -29 29 -31
leaf_value=1.4566918437058447 -0.0027705030201266288 0.047746407007260037 -1.1627045423928588 -0.15281214981833163 0.35306315394815119 0.037443499538902685 -2.3234673230762217 1.1065927961685635 0.55049489537057061 2.4245743461240745 -1.1140099657733911 1.6912515878228422 -1.2287950760342123 -2.770166598450249 1.8020069919175459 -0.45012032102793942 -1.4185932172343618 -0.066337671600514361 -0.055636552987279236 -1.2144715871628342 1.6504528367929923 -0.63908911015291681 0.57281943612822361 -0.34953592754922214 2.9876911048532317 0.027902122456158085 0.74784533480997206 0.93754042394329895 -2.0156275195902675 -0.016460802956903182
leaf_weight=553 51956 131830 923 3708 3997 165533 864 838 577 907 703 585 883 520 870 1912 655 706 187495 555 588 879 2494 6154 608 838 512 2714 872 538
leaf_count=553 51956 131830 923 3708 3997 165533 864 838 577 907 703 585 883 520 870 1912 655 706 187495 555 588 879 2494 6154 608 838 512 2714 872 538
internal_value=0.00585823 0.0487292 0.0341094 -0.354093 0.487196 -0.00814337 -0.0364885 -0.0663633 -1.17269 0.0444292 0.531755 0.235961 -0.0058274 -0.0581029 -0.0631822 -0.946183 -0.0518634 0.965045 -0.0603814 0.422009 0.257592 0.463852 0.256997 0.0109953 0.0492238 1.27241 0.0179699 0.0439096 -0.719868 -1.25282
internal_weight=572767 141011 136461 4631 4550 431756 266223 194437 1441 71786 6711 5804 65075 192996 192158 2432 189726 1576 188150 5101 4516 3961 3373 64192 58038 1446 56592 54670 1922 1410
internal_count=572767 141011 136461 4631 4550 431756 266223 194437 1441 71786 6711 5804 65075 192996 192158 2432 189726 1576 188150 5101 4516 3961 3373 64192 58038 1446 56592 54670 1922 1410
is_linear=0
shrinkage=0.05


Tree=285
num_leaves=31
num_cat=0
split_feature=4 7 14 13 13 14 12 13 14 12 12 12 13 13 14 13 13 12 14 12 14 10 12 12 14 11 14 12 12 11
split_gain=120289 225127 248391 551898 1.22388e+06 507982 393973 1.95279e+06 830400 355670 2.58657e+06 961734 713021 1.0093e+06 1.631e+06 726259 653564 979068 548123 468382 424817 405628 324191 320229 297878 379826 293991 521240 289880 284844
threshold=-0.063127563080928553 -0.010114117991769868 -0.0076510020158406878 0.13515766582094965 0.1511401849516604 -0.0073043107792539535 0.0058347562935567665 0.60669865403788636 -0.013851110702276003 -0.0042591896515363249 -0.0033673048129944038 -0.0052980094234980355 0.45258161225849441 0.51541258577209559 -0.01034056252125609 0.48575935105903562 0.44220408383169013 -0.0019085968302541385 -0.01034056252125609 0.0031633743668316463 -0.01796644498195283 -0.01840621728731091 0.0080283938590056132 0.010656917268997959 -0.0036085129402870018 -0.045174543102845646 -0.01034056252125609 0.0065259749054591186 0.0084027174470880702 -0.066463705373561624
decision_type=10 10 8 2 2 8 10 2 10 10 10 10 2 2 10 2 2 10 10 10 10 10 10 10 10 10 10 10 10 10
left_child=1 -1 3 -3 -5 -4 7 9 28 11 -11 18 16 14 -14 -16 17 -12 -6 20 -15 -18 -7 24 -24 -26 -10 -28 -8 -9
right_child=-2 2 5 4 6 22 8 29 26 10 12 -13 13 19 15 -17 21 -19 -20 -21 -22 -23 23 -25 25 -27 27 -29 -30 -31
leaf_value=0.4344893354645929 -0.012060768241078395 -1.694623566723745 1.0262327238325379 2.2553021189871187 0.27870085913942078 0.067816729919741719 -1.0985503300686332 -3.1275215833440768 1.5699022058098406 -2.8824544495712412 1.0522540665720033 2.0316493964699602 -3.3527248479686089 1.5334929964381681 0.83332192875371014 -1.5159794073914747 2.5589346221078246 -1.1427349384700931 -1.2505905332161409 -1.0322067074243984 0.014980993440142518 0.58106083365609917 -1.338458566253397 0.20816586715232699 0.74158745640204016 -1.1577336558422038 1.8724424031376838 0.0098691140075787814 -0.07275936052974584 -1.5514614368913957
leaf_weight=3569 445294 545 1353 545 2558 98223 909 524 878 870 1127 650 630 777 706 616 536 925 760 542 1131 502 1161 1277 544 510 500 1510 2842 633
leaf_count=3569 445294 545 1353 545 2558 98223 909 524 878 870 1127 650 630 777 706 616 536 925 760 542 1131 502 1161 1277 544 510 500 1510 2842 633
internal_value=0.000213117 0.0429613 0.031718 -0.124079 -0.0826714 0.0637881 -0.145982 -0.301192 0.169323 -0.116892 -0.30188 0.272944 -0.00221318 -0.410887 -1.25909 -0.26136 0.579981 0.0627975 -0.0715889 0.264903 0.633369 1.60239 0.0509858 -0.422435 -0.785991 -0.177439 0.806613 0.473196 -0.321345 -2.26525
internal_weight=573147 127853 124284 21216 20671 103068 20126 13487 6639 12330 8362 3968 7492 4402 1952 1322 3090 2052 3318 2450 1908 1038 101715 3492 2215 1054 2888 2010 3751 1157
internal_count=573147 127853 124284 21216 20671 103068 20126 13487 6639 12330 8362 3968 7492 4402 1952 1322 3090 2052 3318 2450 1908 1038 101715 3492 2215 1054 2888 2010 3751 1157
is_linear=0
shrinkage=0.05


Tree=286
num_leaves=31
num_cat=0
split_feature=14 9 13 12 13 14 2 13 13 14 13 13 12 14 15 17 13 12 13 12 11 14 13 14 14 7 2 14 12 14
split_gain=150453 607477 904476 193251 254113 341442 198585 393652 310511 816010 409230 261990 511306 429692 204513 177758 199612 386123 192067 595192 321744 269765 238657 368849 332160 244535 179801 233884 692727 168777
threshold=-0.033374233339537519 -0.024995558064876099 0.56736237614964247 -0.022058472749514658 0.068898305084745773 0.0042899046929920992 -0.020485076933406097 0.068898305084745773 0.12723558433549184 -0.0019443866454812513 0.14237178822743557 0.17481096139632726 -0.01158329952267197 -0.000235638874053643 -0.014623168646590979 0.053750775460338907 0.16887096774193552 -0.009580108063527739 0.25347289214740504 -0.0055529359160462902 -0.14432384530268752 0.0015395435248249415 0.51541258577209559 0.02042647176750689 0.014332030701907571 0.010162887641552537 0.043487753675464917 0.009744554259300096 -0.0026961470868247499 0.0076111770509587314
decision_type=8 8 2 8 2 10 10 2 2 8 2 2 8 10 10 2 2 8 2 8 10 8 2 8 8 8 10 10 10 10
left_child=1 -1 -3 4 -2 -6 7 -5 9 -9 -10 13 -13 -12 -11 -8 -17 -18 21 20 -20 -19 26 24 25 -24 27 29 -29 -21
right_child=3 2 -4 6 5 -7 15 8 10 14 11 12 -14 -15 -16 16 17 18 19 22 -22 -23 23 -25 -26 -27 -28 28 -30 -31
leaf_value=0.84559720866584598 -1.1427233182627394 -1.9455694444374629 0.24377481860815534 1.403128917875184 0.93375684124782932 -0.68469396556447626 0.0090622265067962279 -1.4645894921024893 1.199220144323633 -0.23105139520307072 0.24037955073641554 1.6826505523963566 0.1348061564944314 -1.2833698573564503 1.0674501025266201 -0.89633317735729434 1.1406899805799608 0.23603594629856164 1.8357767354366983 -0.30635822155113923 0.19132654746966576 -1.2132770548830898 0.10718102098014165 -1.1898267302198791 1.272052949966846 -0.5880325940101 0.50494741018569567 0.41188598548384531 -1.9844491676284743 0.4417456505105527
leaf_weight=736 843 941 946 605 543 815 511145 1053 922 589 1033 548 20218 838 625 796 620 501 587 11266 603 894 10049 603 555 1447 689 520 718 808
leaf_count=736 843 941 946 605 543 815 511145 1053 922 589 1033 548 20218 838 625 796 620 501 587 11266 603 894 10049 603 555 1447 689 520 718 808
internal_value=0.00502853 -0.372783 -0.847997 0.00676581 -0.460841 -0.037552 0.00857704 0.142404 0.11287 -0.446028 0.166651 0.124595 0.175653 -0.442091 0.437452 0.00204848 -0.114896 -0.0940643 -0.120246 -0.091563 1.0025 -0.692771 -0.140407 0.0169672 0.0773519 0.0196746 -0.28264 -0.323404 -0.977911 -0.256295
internal_weight=573056 2623 1887 570433 2201 1358 568232 26431 25826 2267 23559 22637 20766 1871 1214 541801 30656 29860 29240 27845 1190 1395 26655 12654 12051 11496 14001 13312 1238 12074
internal_count=573056 2623 1887 570433 2201 1358 568232 26431 25826 2267 23559 22637 20766 1871 1214 541801 30656 29860 29240 27845 1190 1395 26655 12654 12051 11496 14001 13312 1238 12074
is_linear=0
shrinkage=0.05


Tree=287
num_leaves=31
num_cat=0
split_feature=14 14 13 13 13 13 14 14 13 13 14 14 13 13 14 11 13 13 14 14 13 13 14 14 9 14 13 13 14 13
split_gain=126583 1.14465e+06 683148 642929 5.71362e+06 1.80289e+06 621693 810785 1.15667e+06 1.05478e+06 868762 1.77968e+06 768809 688744 596969 699230 592356 1.21621e+06 689014 568097 534872 489583 741350 1.10204e+06 574105 472742 496024 738945 559808 481054
threshold=0.0062769340166878461 0.0063760804415218834 0.4744508597966613 0.45420751633986933 0.45114127606241178 0.50262830358561528 0.0067211774124182394 0.0076111770509587314 0.32550485182271183 0.32184218486668686 0.0071208999487286442 0.007226914180853943 0.28708151012516542 0.41992345904298461 0.010003092660542785 -0.19017719900915911 0.36150799813635665 0.43431837791199318 0.013401794456808247 0.0082918860079702356 0.49831079153113061 0.14237178822743557 0.0093921061047047109 0.012408643984512928 -0.00027483861713329695 0.02042647176750689 0.50974067046173321 0.51244834710743803 0.009744554259300096 0.51429203640242394
decision_type=8 8 2 2 2 2 10 10 2 2 10 10 2 2 10 10 2 2 10 10 2 2 10 10 10 10 2 2 8 2
left_child=-1 2 -2 4 6 20 13 9 19 12 -11 -12 -8 -3 -10 -16 -17 -18 -19 -9 -5 24 -23 -24 -21 26 28 -28 -7 -29
right_child=1 3 -4 5 -6 25 7 8 14 10 11 -13 -14 -15 15 16 17 18 -20 21 -22 22 23 -25 -26 -27 27 29 -30 -31
leaf_value=-0.0091860310980094138 1.678717100406347 0.64688306378494997 -0.29266706063466913 0.62726599268496841 -4.295727211627046 0.015323859376168106 -0.30223337774898146 -1.8909443087955191 0.80219907021534065 -0.25769868138420343 -3.2956167793558073 -0.71548333180469081 1.5987526567186208 -1.0431387620239516 1.497319112912928 0.70873047285589463 -1.2157882889141791 1.5951642860039472 -0.52586539676152799 -0.37383058334458363 2.2338121581186945 0.49383757220626778 -1.7100952933100229 -0.18641724140846108 1.6726006056721276 -1.1962432312671967 1.6139241801569779 -1.2260054597304402 -1.6606150803910891 0.044233884746079186
leaf_weight=489615 1681 4974 595 10492 806 1076 1410 581 4903 3370 902 2580 854 686 740 1467 2249 823 716 730 545 1593 1866 3260 646 843 738 764 928 30540
leaf_count=489615 1681 4974 595 10492 806 1076 1410 581 4903 3370 902 2580 854 686 740 1467 2249 823 716 730 545 1593 1866 3260 646 843 738 764 928 30540
internal_value=0.000510965 0.0574676 1.16335 0.0264251 -0.134498 0.149611 -0.0368576 -0.131337 0.0500556 -0.520826 -0.829982 -1.38386 0.414835 0.44205 0.392999 0.0583347 -0.144301 -0.474659 0.608382 -0.380718 0.706596 -0.272325 -0.448292 -0.741076 0.586921 -0.0265896 0.00237174 0.0501002 -0.76076 0.0132326
internal_weight=572973 83358 2276 81082 35156 45926 34350 28690 19574 9116 6852 3482 2264 5660 10898 5995 5255 3788 1539 8676 11037 8095 6719 5126 1376 34889 34046 32042 2004 31304
internal_count=572973 83358 2276 81082 35156 45926 34350 28690 19574 9116 6852 3482 2264 5660 10898 5995 5255 3788 1539 8676 11037 8095 6719 5126 1376 34889 34046 32042 2004 31304
is_linear=0
shrinkage=0.05


Tree=288
num_leaves=31
num_cat=0
split_feature=4 12 14 13 17 4 17 14 9 14 12 12 13 12 13 14 12 13 7 10 13 12 5 13 12 12 14 13 13 13
split_gain=134960 304602 549226 1.07405e+06 517874 503277 187492 181357 391355 368340 354642 330885 670328 537845 893756 373911 554906 386394 370118 365078 603669 352044 284843 243253 610672 343522 183762 212121 183346 365718
threshold=-0.19862310695070212 -0.022058472749514658 -0.033374233339537519 0.56736237614964247 0.034213762633612893 -0.35671419490014855 0.019243366675080139 -0.0076510020158406878 0.022996181387382696 -0.013851110702276003 -0.00024998173186822073 0.0084027174470880702 0.7597791717666259 0.006091424816449839 0.56335680751173722 -0.01796644498195283 -0.0023689887345028902 0.26400255301042486 0.00099643641124441836 -0.0330467756772597 0.46074929971988798 0.010100173992290821 0.65163031575929409 0.30622265187748049 -0.0024444438172059866 -0.009580108063527739 -0.0073043107792539535 0.086379690949227386 0.45008038585209009 0.48035355874633323
decision_type=10 10 8 2 2 8 2 10 10 10 10 8 2 10 2 8 10 2 10 10 2 10 10 2 10 10 10 2 2 2
left_child=1 5 3 -3 -5 -1 -2 8 11 -10 -11 12 13 14 15 16 17 -4 -16 20 -17 -13 -18 25 -25 -21 -9 -28 -26 -30
right_child=6 2 7 4 -6 -7 -8 26 9 10 -12 21 -14 -15 18 19 22 -19 -20 23 -22 -23 -24 24 28 -27 27 -29 29 -31
leaf_value=1.9745449278415443 0.095573601732798386 -1.8437777534577133 0.82838262629693438 -0.67531801790626933 1.4150733001502802 0.022747776502983777 -0.020861097937076523 0.84109085208460732 -0.11211836689233551 2.1008528900846759 0.30610606818648894 1.194999620727361 -2.0161777674051975 1.1661926153589881 -0.3868282040932729 -0.247520204012185 0.4739040378524636 -0.9482486626784008 -1.7834892483583211 0.4627830955598129 -2.0950458428803027 -0.090175171287575448 2.1060468472366489 1.7956264908027337 -0.77914248850971735 -1.0909545169039687 1.1397765213608742 0.10383207056499971 1.1144328386900393 -0.57805477381787362
leaf_weight=549 37311 1093 517 617 570 829 471421 892 1037 549 552 849 525 688 784 1523 514 750 1201 587 623 1431 557 552 644 903 500 42165 629 648
leaf_count=549 37311 1093 517 617 570 829 471421 892 1037 549 552 849 525 688 784 1523 514 750 1201 587 623 1431 557 552 644 903 500 42165 629 648
internal_value=-0.00375615 0.0651073 0.0487395 -0.712863 0.328492 0.800351 -0.0123216 0.0778649 -0.065736 0.564112 1.20103 -0.162441 -0.270288 -0.187861 -0.277162 -0.0528124 0.48492 -0.223293 -1.23186 -0.25861 -0.783871 0.388383 1.32274 0.0258235 0.32989 -0.478844 0.130822 0.115973 -0.0912905 0.255598
internal_weight=572010 63278 61900 2280 1187 1378 508732 59620 16063 2138 1101 13925 11645 11120 10432 8447 2338 1267 1985 6109 2146 2280 1071 3963 2473 1490 43557 42665 1921 1277
internal_count=572010 63278 61900 2280 1187 1378 508732 59620 16063 2138 1101 13925 11645 11120 10432 8447 2338 1267 1985 6109 2146 2280 1071 3963 2473 1490 43557 42665 1921 1277
is_linear=0
shrinkage=0.05


Tree=289
num_leaves=31
num_cat=0
split_feature=7 0 9 12 6 12 12 14 14 12 12 14 12 14 12 14 14 12 14 14 14 14 14 14 12 14 12 14 14 10
split_gain=127608 258897 379445 257776 143464 131322 470192 580273 1.9281e+06 708866 710986 988136 561376 2.06332e+06 953698 892349 1.11534e+06 947986 906640 763114 755628 901920 539565 755980 535644 533866 540066 532797 1.38562e+06 490980
threshold=0.011795673080332381 0.022992455315158252 0.05633272868086469 0.012472248262135881 0.75323885577425986 0.0019117719798810303 0.0001377558764571593 0.0066413442328696103 0.0080632901619468612 0.0004186371297949881 0.0014795005132255885 0.009744554259300096 -0.00040257122609814168 -0.0080407074899879888 -0.0004272017880582539 0.00040813511009258409 0.0010896464249950553 1.0000000180025095e-35 -0.001752787791000831 -0.0045940713398687502 -0.0013735586035737151 -0.0010586915565139472 0.007226914180853943 0.006890002005023343 -0.00028694608599716935 -0.00298795615906153 1.0000000180025095e-35 0.0062769340166878461 0.0028530586717467883 -0.019802627296179695
decision_type=10 8 8 10 2 10 10 8 10 10 10 10 10 8 10 8 8 10 10 10 10 10 10 10 10 10 10 10 10 10
left_child=5 2 3 4 -2 6 12 -8 22 -10 -11 -12 14 -14 -1 18 17 24 19 -15 -20 -22 23 -9 -17 -21 -27 28 -16 -24
right_child=1 -3 -4 -5 -6 -7 7 8 9 10 11 -13 13 15 27 16 -18 -19 20 25 21 -23 29 -25 -26 26 -28 -29 -30 -31
leaf_value=-0.0016405989228520206 -1.0786955396887135 0.55980607454400633 -1.3536774771170086 0.72980933419874638 -0.20727616883482783 0.035802581010688998 -0.14338692606753159 0.75343917122472226 -1.6343049031516665 0.068848717624234515 -2.8690253446791152 -0.076109688017497623 -2.7176063757972253 1.67520724276275 -0.44189824052974158 -0.4547005895858533 0.22729739844166438 0.96363196502430282 3.0391013603381287 -1.1368865418645953 -0.76978681935063498 1.469820977314533 2.2347525032426634 -0.67050688727833219 -2.0027443143400325 1.2506136396134251 -0.72585959311094017 0.2882894304954875 -3.5219097620769406 0.84175271202928004
leaf_weight=249375 513 1011 758 706 5955 155127 104761 3648 1012 4899 545 756 598 652 1046 1045 27946 594 553 999 564 2215 875 1252 1201 781 620 548 561 2283
leaf_count=249375 513 1011 758 706 5955 155127 104761 3648 1012 4899 545 756 598 652 1046 1045 27946 594 553 999 564 2215 875 1252 1201 781 620 548 561 2283
internal_value=-0.00634213 -0.193736 -0.289781 -0.17737 -0.276392 -0.00337314 -0.0182199 -0.101415 0.186537 -0.407347 -0.207075 -1.24609 0.0162981 0.196043 -0.0106912 0.242919 0.131358 -0.812697 0.780905 0.158316 1.35118 1.01529 0.718069 0.389606 -1.28248 -0.253772 0.375943 -1.05802 -1.51712 1.22772
internal_weight=573399 8943 7932 7174 6468 564456 409329 120031 15270 7212 6200 1301 289298 37768 251530 37170 30786 2840 6384 3052 3332 2779 8058 4900 2246 2400 1401 2155 1607 3158
internal_count=573399 8943 7932 7174 6468 564456 409329 120031 15270 7212 6200 1301 289298 37768 251530 37170 30786 2840 6384 3052 3332 2779 8058 4900 2246 2400 1401 2155 1607 3158
is_linear=0
shrinkage=0.05


Tree=290
num_leaves=31
num_cat=0
split_feature=2 6 7 12 9 12 12 5 12 14 14 14 12 12 14 12 14 14 12 12 12 14 10 14 14 12 12 14 12 14
split_gain=165855 310116 389741 237406 219325 435794 555292 520355 383194 698413 550039 847639 721897 637384 598911 821915 705706 498739 475212 558450 450352 339749 312729 275095 419890 432390 232147 779319 402884 574357
threshold=0.0065663293733787716 0.41918504381208671 0.0062406119706566125 -0.0041931567818556505 -0.020603170666382089 -0.018397836894734759 -0.014023419856971607 1.3472589280774618 -0.0055529359160462902 0.0033853320366185693 0.0003343675616508972 0.00095675582311458517 -0.0073909465954626521 -0.009218330210910267 -0.0036085129402870018 -0.0070682575628737343 -0.0012642752095639196 -0.0014324399999777863 -0.0041931567818556505 -0.0043736237095983177 -0.010932977868723071 0.0020138329497681033 -0.049403138406388783 0.0037024359765937694 0.0042899046929920992 -0.0032969198054417005 -0.018397836894734759 -0.00081376696052021442 -0.014023419856971607 0.0022556369424982597
decision_type=10 2 8 10 8 8 8 10 8 8 10 10 10 10 10 10 10 10 8 8 10 10 10 10 10 10 8 10 8 10
left_child=4 2 3 -2 5 7 -7 21 9 10 14 -12 13 -13 20 16 -16 -17 19 -10 -8 -1 -11 -20 -25 -26 27 -6 29 -28
right_child=1 -3 -4 -5 26 6 8 -9 18 22 11 12 -14 -15 15 17 -18 -19 23 -21 -22 -23 -24 24 25 -27 28 -29 -30 -31
leaf_value=1.2438641781860218 -1.2898720193798692 -0.027047526458918482 -1.6836466350965928 -0.175776738370237 -1.7041414728193389 -0.93240718668653122 0.88996243572713729 2.2108091725227821 -0.21215426429869227 1.8796570898658365 -2.2050439159046542 0.18876385926690875 1.3876014989943724 -1.7718366769348444 2.7021424830523442 -1.1483879586616423 0.77342525851857957 0.93105331047726192 0.17909461622278658 -1.8747233502215925 -0.78034622345707927 -0.30526335984604258 0.65862177360734819 -0.94081228944642903 1.3148080097275756 -0.12347875997015063 0.10523266725368907 0.16737051614285314 0.0018535241760965942 1.5855241349049614
leaf_weight=621 516 169262 514 6523 851 1299 604 516 2439 929 516 1170 697 642 780 599 1210 556 23574 637 1216 823 1204 1425 577 5537 2024 1606 342844 969
leaf_count=621 516 169262 514 6523 851 1299 604 516 2439 929 516 1170 697 642 780 599 1210 556 23574 637 1216 823 1204 1425 577 5537 2024 1606 342844 969
internal_value=-0.000773661 -0.0410354 -0.354503 -0.257446 0.0172094 0.117912 0.0865411 0.847952 0.116411 0.386625 0.172043 -0.359441 0.0201247 -0.505886 0.495858 0.913608 1.5294 -0.147376 0.0364041 -0.556451 -0.226024 0.360947 1.19043 0.0950169 -0.167889 0.0122575 0.00345514 -0.480841 0.00689583 0.584485
internal_weight=572680 176815 7553 7039 395865 47571 45611 1960 44312 10123 7990 3025 2509 1812 4965 3145 1990 1155 34189 3076 1820 1444 2133 31113 7539 6114 348294 2457 345837 2993
internal_count=572680 176815 7553 7039 395865 47571 45611 1960 44312 10123 7990 3025 2509 1812 4965 3145 1990 1155 34189 3076 1820 1444 2133 31113 7539 6114 348294 2457 345837 2993
is_linear=0
shrinkage=0.05


Tree=291
num_leaves=31
num_cat=0
split_feature=13 12 13 14 12 14 12 14 13 12 12 12 12 12 12 14 14 14 11 12 11 12 14 11 13 12 12 12 12 13
split_gain=181581 1.33479e+06 1.92902e+06 777864 1.71689e+06 1.60991e+06 678405 627743 771872 1.00866e+06 640265 1.38323e+06 770133 1.89814e+06 505887 1.2581e+06 1.0165e+06 982038 944021 729679 536571 484324 430231 397222 393894 1.66426e+06 1.82845e+06 1.60097e+06 1.3101e+06 604415
threshold=0.32550485182271183 -0.0052980094234980355 0.34705529629533077 0.0093921061047047109 -0.0064836710996034408 0.012408643984512928 -0.005151053458202064 0.0043808158740852197 0.30822077922077928 -0.0045526305173768161 -0.0048778284761807232 -0.0057617062163388575 -0.0041064867425633029 -0.0043736237095983177 -0.009218330210910267 0.004979543649912749 0.0060195072149775257 0.0054690193305115811 -0.013090189849543743 -0.0064836710996034408 -0.085140005716513603 -0.0045526305173768161 0.0070279288418511809 -0.30308192770711495 0.33459556191839662 -0.0019085968302541385 -0.0026201727375980417 -0.0029618408736696656 -0.0033673048129944038 0.33993464052287586
decision_type=2 8 2 8 8 8 8 10 2 10 10 10 10 10 10 10 10 10 10 10 10 10 10 10 2 8 10 10 10 2
left_child=3 2 -2 7 23 -6 -7 -1 10 -10 11 14 13 21 16 -16 -9 -17 19 20 -19 -12 -11 -5 25 26 27 28 -3 -26
right_child=1 24 -4 4 5 6 -8 8 9 22 12 -13 -14 -15 15 17 -18 18 -20 -21 -22 -23 -24 -25 29 -27 -28 -29 -30 -31
leaf_value=0.032426263413808908 -3.1830536874158151 -0.16862939660178541 0.11428140460059762 -1.0722184908370871 -3.1118954373383394 0.6005017964077124 -1.3288762173644102 0.64218766761453838 2.5460411990743577 1.0562181170576488 -0.75394509832948164 1.777043787379057 0.28439467102798127 -3.402381886326034 -1.1100042114571882 2.4712576707960885 -1.1807229967079496 2.3081012300156769 -1.3533826897438201 -0.15366965932523433 0.62776515412967937 1.0232767579678554 -0.4726089858110637 0.37661268685816834 0.56384551581338982 1.4461117806754518 -2.1851645672340587 1.7471753910828001 -2.6757386597696451 -0.011843027859874854
leaf_weight=93237 811 2504 979 544 930 747 1168 1443 856 1245 994 1635 2992 580 1010 768 1627 933 576 1126 968 624 730 3629 4607 1036 1566 856 658 440541
leaf_count=93237 811 2504 979 544 930 747 1168 1443 856 1245 994 1635 2992 580 1010 768 1627 933 576 1126 968 624 730 3629 4607 1036 1566 856 658 440541
internal_value=-0.00258552 -0.0169777 -1.37965 0.0525647 -0.45799 -1.40514 -0.576268 0.0847449 0.354145 1.11247 0.213611 0.445814 -0.237643 -0.948261 0.188264 0.480464 -0.323896 0.847971 0.501958 0.855006 1.45246 -0.0685394 0.491133 0.18774 -0.0115785 -0.394426 -0.735901 -0.171056 -0.690349 -0.00588502
internal_weight=571920 453558 1790 118362 7018 2845 1915 111344 18107 2831 15276 10086 5190 2198 8451 5381 3070 4371 3603 3027 1901 1618 1975 4173 451768 6620 5584 4018 3162 445148
internal_count=571920 453558 1790 118362 7018 2845 1915 111344 18107 2831 15276 10086 5190 2198 8451 5381 3070 4371 3603 3027 1901 1618 1975 4173 451768 6620 5584 4018 3162 445148
is_linear=0
shrinkage=0.05


Tree=292
num_leaves=31
num_cat=0
split_feature=13 12 12 12 13 13 12 9 14 14 13 12 13 12 14 14 12 12 14 14 12 13 13 14 13 12 12 10 14 9
split_gain=167224 2.87324e+06 863521 1.36048e+06 933123 1.21472e+06 888287 766881 670490 1.82414e+06 1.7247e+06 867986 3.04348e+06 1.96934e+06 809833 1.32903e+06 731921 853981 684532 607583 999122 1.06217e+06 604424 1.10851e+06 522837 584150 472683 459835 409402 398825
threshold=0.25347289214740504 -0.015523825238295434 -0.0040345718616529034 -0.0010215795404864313 0.24277598854893542 0.23871975019516004 -0.0066965920680155059 -0.022356770269632273 0.0029665282722408054 0.0027127406531941805 0.23389188628346133 -0.0070682575628737343 0.18612563033917431 -0.0099511172059858315 0.0049007795309750886 0.00422130262786984 -0.010932977868723071 -0.009218330210910267 0.0028928064067324064 0.0036094540009411996 -0.0048778284761807232 0.24833449179276054 0.17481096139632726 0.0060195072149775257 0.24833449179276054 -0.0073909465954626521 -0.0066965920680155059 -0.074991553924541418 0.0082918860079702356 0.011662061470891103
decision_type=2 8 8 8 2 2 10 10 8 10 2 10 2 10 10 10 10 10 10 10 10 2 2 10 2 10 10 10 10 10
left_child=2 -2 4 -4 5 8 24 -7 9 -1 11 12 14 -14 15 16 -10 -18 -11 20 21 -8 23 -16 25 -6 -13 -25 -29 -30
right_child=1 -3 3 -5 6 7 19 -9 10 18 -12 26 13 -15 22 -17 17 -19 -20 -21 -22 -23 -24 27 -26 -27 -28 28 29 -31
leaf_value=0.011065224365080881 3.4954158426942055 0.010064181214811818 -2.246103504742766 0.41259797728782871 0.056559579187370645 2.8769856283252331 -0.02651664816315244 0.65936757366528198 -1.3872921858047684 2.545524456211222 -2.8135984887096397 1.8175455969929251 0.43613283611108777 -2.9959912021543511 1.3191869261440168 -2.7699638993371796 1.5442690311118643 -0.90076613617898182 0.38124308297394466 1.3224736938218553 0.77030639566700254 -2.9201910159547615 1.8091320103062085 -1.6865273877478946 -2.9278253183073493 -2.1981032851796884 0.22106788439401456 -0.8144957754451797 -0.11075893829050272 1.3409454831881309
leaf_weight=34961 592 510968 1121 843 591 503 647 1733 776 996 656 534 565 1606 1470 615 846 618 577 540 850 622 605 511 538 559 3519 1235 1610 670
leaf_count=34961 592 510968 1121 843 591 503 647 1733 776 996 656 534 565 1606 1470 615 846 618 577 540 850 622 605 511 538 559 3519 1235 1610 670
internal_value=0.00477233 0.0140976 -0.0735379 -1.10492 -0.0391778 0.0169478 -0.744215 1.15823 -0.0317807 0.0860068 -0.303519 -0.195046 -0.423233 -2.10279 -0.016097 -0.711134 -0.145875 0.512144 1.75163 -0.174734 -0.556279 -1.44485 0.30915 0.144032 -1.64128 -1.0394 0.431411 -0.285049 -0.081306 0.315838
internal_weight=572477 511560 60917 1964 58953 54606 4347 2236 52370 36534 15836 15180 11127 2171 8956 2855 2240 1464 1573 2659 2119 1269 6101 5496 1688 1150 4053 4026 3515 2280
internal_count=572477 511560 60917 1964 58953 54606 4347 2236 52370 36534 15836 15180 11127 2171 8956 2855 2240 1464 1573 2659 2119 1269 6101 5496 1688 1150 4053 4026 3515 2280
is_linear=0
shrinkage=0.05


Tree=293
num_leaves=31
num_cat=0
split_feature=2 15 6 13 12 17 13 12 13 13 13 13 12 12 13 12 13 12 13 13 12 12 13 13 12 10 13 13 12 13
split_gain=183664 271273 205134 183854 228593 174018 176836 568216 1.2657e+06 1.1425e+06 856746 682206 613726 554202 548583 872716 561012 602992 743920 1.34183e+06 504088 479167 450404 445752 419177 415173 409023 378093 786236 482551
threshold=-0.0083284480029380721 -0.028579699528943816 0.54448958414945181 0.41800076844262302 -0.00028694608599716935 0.018887941511675884 0.29061065915727996 -0.0045526305173768161 0.32550485182271183 0.29346189070927042 0.34359095688748692 0.29346189070927042 -0.0040345718616529034 0.0019117719798810303 0.35294883110417091 -0.0018191691337477672 0.40709906380380595 -0.0029011578399033094 0.38449010273114514 0.37141789732770752 -0.0025694912073986049 -0.0032969198054417005 0.33459556191839662 0.30337009172420909 0.0030639036876704264 -0.043623011016627335 0.3193265421618563 0.31775210084033617 -0.0047965554486507833 0.30822077922077928
decision_type=10 8 2 2 10 2 2 8 2 2 2 2 8 8 2 8 2 10 2 2 10 8 2 2 8 10 2 2 10 2
left_child=2 -2 3 -1 -5 -3 13 8 11 -9 -10 -8 22 -7 15 -14 17 18 19 21 -19 -16 23 -11 -15 -22 -25 28 29 -13
right_child=1 5 -4 4 -6 6 7 9 10 12 -12 27 14 24 16 -17 -18 20 -20 -21 25 -23 -24 26 -26 -27 -28 -29 -30 -31
leaf_value=0.10014937309867894 -0.83826296297381164 0.093552059139066945 0.033927558887408997 1.2489585876767069 0.33487318283431744 -0.087700614961534584 2.2180915342798402 -2.0502011128157549 -2.5083418287579935 0.011709363249585381 -0.042638887513107071 1.1398483446813577 0.10405983548436218 -2.2212773951289821 -0.66642822332259055 0.98782176341320216 -0.0027370311653335394 -0.90045308294619064 -1.1750854437267382 2.3240093137664184 -0.74363806885718631 0.53569787667326596 0.04536258235237714 -1.9891994403291737 -0.26269872785151543 -0.15707764100569138 -0.61074338756542568 1.3733244635748703 -0.97711675720068158 -0.05869723941411889
leaf_weight=6408 1001 34647 92806 869 3212 46443 687 692 521 860 1088 2175 24141 538 1256 3159 302948 2912 734 856 3347 2438 1818 1133 555 30577 1025 1110 901 1368
leaf_count=6408 1001 34647 92806 869 3212 46443 687 692 521 860 1088 2175 24141 538 1256 3159 302948 2912 734 856 3347 2438 1818 1133 555 30577 1025 1110 901 1368
internal_value=-0.00273944 -0.0160343 0.0576155 0.267205 0.529517 -0.0142754 -0.0228977 -0.0116845 0.409359 -0.0204308 -0.841042 0.731727 -0.0167071 -0.113891 -0.0094389 0.206324 -0.0265089 -0.197488 0.302013 0.540297 -0.26914 0.126962 -0.576351 -0.950863 -1.22676 -0.214949 -1.33446 0.547872 0.341694 0.677074
internal_weight=572225 468930 103295 10489 4081 467929 433282 385746 7850 377896 1609 6241 377204 47536 372368 27300 345068 42120 5284 4550 36836 3694 4836 3018 1093 33924 2158 5554 4444 3543
internal_count=572225 468930 103295 10489 4081 467929 433282 385746 7850 377896 1609 6241 377204 47536 372368 27300 345068 42120 5284 4550 36836 3694 4836 3018 1093 33924 2158 5554 4444 3543
is_linear=0
shrinkage=0.05


Tree=294
num_leaves=31
num_cat=0
split_feature=12 12 13 13 12 12 13 13 13 12 12 13 13 12 12 13 13 12 12 12 13 12 12 13 12 12 13 12 13 12
split_gain=150482 1.15308e+06 768002 573062 675990 560615 1.84909e+06 521614 436347 1.76064e+06 879186 1.27672e+06 925044 819364 731988 653062 753004 682035 1.0069e+06 847722 645038 1.45541e+06 1.30209e+06 1.70529e+06 1.03054e+06 660762 1.07231e+06 634744 593320 1.30879e+06
threshold=0.0013102427116815129 0.0012758230275707104 0.53436112919453171 0.30822077922077928 0.0029794210103305805 0.0013526532793061458 0.52871207838703616 0.35595962920300589 0.48991919093377562 0.0012014126857920048 0.0010162796672583336 0.4574647945403188 0.48575935105903562 0.00074353331216602567 0.00058877037758111228 0.51103521061421431 0.52135258358662628 -7.4666165881012559e-05 6.7671108078953159e-05 -0.00015621231230001354 0.50262830358561528 0.0011352494099923214 0.00088346026385851216 0.49149650026031128 0.0012014126857920048 0.00093026702640302726 0.50974067046173321 6.7671108078953159e-05 0.50444926393270251 -0.00078719024417664527
decision_type=10 10 2 2 10 10 2 2 2 10 10 2 2 10 10 2 2 10 10 10 2 10 10 2 10 10 2 8 2 10
left_child=1 8 -3 4 -2 6 -5 -7 9 10 12 -12 -1 14 -14 17 -17 19 -19 28 21 22 23 -20 -23 26 -22 -18 29 -10
right_child=3 2 -4 5 -6 7 -8 -9 15 -11 11 -13 13 -15 -16 16 27 18 20 -21 25 24 -24 -25 -26 -27 -28 -29 -30 -31
leaf_value=-0.0013229191821146284 -2.0212825771518834 -1.8553159360553995 0.11094096522870918 -1.4422034883698673 0.36565830727363846 1.3595658590588846 1.7204536363945842 0.025054902211647953 0.7503966516293028 2.3999297296400082 -2.560917722331653 -0.24747701592830795 0.62569546750745075 1.6242582872225633 -1.0944638933782365 0.32933411341506336 1.1720007033769377 -2.4571082349573632 -1.8590427286009767 1.6349633333473883 -1.4886623002730075 -3.290601480170269 1.0353621049238693 0.050481104346481481 -0.34372378120211605 -0.10447609336342945 0.86418584922201758 -0.24811135259054182 1.0215885201989092 -1.7357786162816069
leaf_weight=310868 725 1419 764 646 502 735 1624 193952 986 767 795 2387 2915 1569 785 11134 822 623 1436 861 3664 603 2370 6293 584 2172 558 18402 788 1143
leaf_count=310868 725 1419 764 646 502 735 1624 193952 986 767 795 2387 2915 1569 785 11134 822 623 1436 861 3664 603 2370 6293 584 2172 558 18402 788 1143
internal_value=-0.00274507 -0.0213816 -1.16717 0.0324911 -1.04472 0.0392019 0.82042 0.0300931 -0.0146672 0.0072357 0.00148848 -0.825474 0.00981206 0.66677 0.260743 -0.148362 0.00212285 -0.355256 -0.481506 0.256382 -0.411891 -0.184571 0.0100901 -0.304297 -1.84075 -0.813132 -1.1777 -0.187389 -0.150529 -0.584361
internal_weight=572892 374708 2183 198184 1227 196957 2270 194687 372525 320086 319319 3182 316137 5269 3700 52439 30358 22081 18303 3778 17680 11286 10099 7729 1187 6394 4222 19224 2917 2129
internal_count=572892 374708 2183 198184 1227 196957 2270 194687 372525 320086 319319 3182 316137 5269 3700 52439 30358 22081 18303 3778 17680 11286 10099 7729 1187 6394 4222 19224 2917 2129
is_linear=0
shrinkage=0.05


Tree=295
num_leaves=31
num_cat=0
split_feature=17 12 12 11 13 13 13 13 5 12 12 13 2 13 7 10 5 13 11 13 13 12 12 13 13 13 13 13 11 12
split_gain=168469 291257 276317 536995 258147 275812 176589 279630 284797 252239 207056 258718 160729 149147 143096 118215 115288 112471 108387 107354 1.10596e+06 964928 2.47373e+06 969330 1.00289e+06 946668 933136 932013 894856 868238
threshold=0.063709155212157517 0.012472248262135881 0.0046182709642192434 -0.20972053098206908 0.48511157085857842 0.51103521061421431 0.38039962466191979 0.31416765053128698 0.5873421225528298 -0.0020305403594664752 -0.009580108063527739 0.25347289214740504 0.015726172943983357 0.33459556191839662 0.0049288500466042892 -0.045438922942194787 0.3679802803368119 0.35940280249110329 -0.077577798802481265 0.46787770174866955 0.46374525670918493 0.0010528360006220414 0.0011816466146470515 0.45608462009387124 0.45923146655922648 0.45114127606241178 0.46218202374222733 0.46074929971988798 -0.065874656924401823 0.0016359787863143794
decision_type=2 8 10 10 2 2 2 2 10 10 10 2 10 2 8 8 10 2 10 2 2 8 8 2 2 2 2 2 10 8
left_child=19 2 4 -4 6 16 7 8 10 -8 -2 -12 -5 -9 15 -7 -6 -15 -11 20 21 23 -23 -1 -25 -24 27 -26 -29 -27
right_child=1 -3 3 12 5 14 9 13 -10 18 11 -13 -14 17 -16 -17 -18 -19 -20 -21 -22 22 25 24 26 29 -28 28 -30 -31
leaf_value=-0.003716267923851318 0.94454897642478564 -1.0688587900832811 1.5250279428073092 0.27561079692633617 -0.68887959239679741 -0.66148458870826288 1.224923548915656 -1.3139009044788985 -0.62236974057350458 -0.24222937206023951 -0.85703318212466917 0.42132897788605084 -0.79685693847279726 0.17386061468720437 -0.85299809032920548 0.13628925216619814 -1.7159099537377878 -0.88196579642403572 0.42298308325962303 0.025521071215382437 -0.61872220177459214 -3.171040549199037 -0.058125331529914392 1.0821603121040451 0.34256533389175398 -0.30720242760575617 0.9008635129317778 -2.7297257760717768 -0.42251731899986683 -3.0327010857145282
leaf_weight=257536 869 839 721 900 545 640 557 687 1179 1404 587 1215 571 500 813 1692 548 509 1086 271596 7471 790 7931 4218 2223 626 2291 617 1318 548
leaf_count=257536 869 839 721 900 545 640 557 687 1179 1404 587 1215 571 500 813 1692 548 509 1086 271596 7471 790 7931 4218 2223 626 2291 617 1318 548
internal_value=-0.00155843 -0.162236 -0.111603 0.407203 -0.200234 -0.519583 -0.0427339 -0.21074 0.0249027 0.263063 0.310614 0.00490357 -0.14069 -0.74566 -0.281792 -0.0826538 -1.2038 -0.358761 0.0478994 0.00301592 -0.018388 -0.00226029 -0.487149 0.0156291 0.482688 -0.25428 0.0906005 -0.355843 -1.1582 -1.57941
internal_weight=573027 15862 15023 2192 12831 4238 8593 5546 3850 3047 2671 1802 1471 1696 3145 2332 1093 1009 2490 557165 285569 278098 9895 268203 10667 9105 6449 4158 1935 1174
internal_count=573027 15862 15023 2192 12831 4238 8593 5546 3850 3047 2671 1802 1471 1696 3145 2332 1093 1009 2490 557165 285569 278098 9895 268203 10667 9105 6449 4158 1935 1174
is_linear=0
shrinkage=0.05


Tree=296
num_leaves=31
num_cat=0
split_feature=10 17 11 14 14 14 12 12 14 14 14 16 5 9 12 14 9 14 12 12 12 12 14 14 14 14 14 14 14 12
split_gain=144269 103261 253062 240049 381699 295865 281421 495104 394612 359830 211958 176567 147595 142630 454713 819862 567174 317925 411861 311994 358310 509354 471746 436503 377694 391046 334271 397137 321327 366590
threshold=0.17230960680033106 0.023086909610756341 -0.039254438257824535 7.7765714262847217e-05 0.0036696302446475137 -0.0020407902496278082 -0.0061352421811348484 -0.0025694912073986049 -0.00037121405021835533 -0.0010586915565139472 -0.0009312187362649167 -0.28986305682171848 0.47777694829318479 -0.027522806919990841 -0.018397836894734759 0.0091590992600573077 -0.058211730413737818 -0.033374233339537519 -0.0032004125680654195 -0.014023419856971607 -0.0055529359160462902 -0.0041931567818556505 0.0027127406531941805 0.0033853320366185693 -9.1784016183020094e-05 0.0036696302446475137 0.0020754950448866201 -0.0036085129402870018 0.0003343675616508972 -0.0070682575628737343
decision_type=10 2 10 8 10 10 10 10 10 10 10 10 10 8 8 10 10 8 10 8 8 8 10 10 10 10 10 10 10 10
left_child=1 2 10 5 -5 -4 -7 8 -8 12 -1 -6 -9 14 15 16 -3 18 -15 -16 23 24 -23 26 -22 -26 27 -21 29 -29
right_child=-2 13 3 4 11 6 7 9 -10 -11 -12 -13 -14 17 19 -17 -18 -19 -20 20 21 22 -24 -25 25 -27 -28 28 -30 -31
leaf_value=0.1655693811813046 -0.28989901296150927 2.773552693329552 0.1400812325817663 0.23869257084665288 -0.33581597685091213 0.38145760597606587 -0.59548317940918716 -0.24620451540132871 -2.4149195493842295 0.12631461566775656 -0.12342470829849427 0.039772274549918107 -1.1682607718710896 -1.8855735612378539 -0.84799291459927828 -0.86360214220410647 0.66858195602362291 -0.020674499848230134 -0.19540880817259282 -0.43378400030472264 -1.6922729947520052 0.21550666999984816 -0.17317624283531616 0.9982243129452929 0.54767289523230278 -1.0438682682776046 -0.70891231762280293 1.5100685050186939 -0.053913336302572439 0.054059954398980176
leaf_weight=8012 4449 522 7082 36366 3897 1195 715 749 511 2836 30489 15881 1032 515 972 514 827 413793 1201 1227 708 17476 14109 2036 726 824 958 1283 1090 652
leaf_count=8012 4449 522 7082 36366 3897 1195 715 749 511 2836 30489 15881 1032 515 972 514 827 413793 1201 1227 708 17476 14109 2036 726 824 958 1283 1090 652
internal_value=-0.00628287 -0.00406215 0.0397459 0.0962018 0.142548 -0.0880822 -0.317672 -0.460657 -1.35383 -0.223484 -0.0632855 -0.0342325 -0.78049 -0.0144332 0.0712515 0.835652 1.48311 -0.023491 -0.702655 0.037394 0.0583387 -0.00998184 0.0418823 0.377435 -0.735459 -0.298411 0.134838 0.32494 0.632694 1.01947
internal_weight=572647 568198 108765 70264 56144 14120 7038 5843 1226 4617 38501 19778 1781 459433 43924 1863 1349 415509 1716 42061 41089 33843 31585 7246 2258 1550 5210 4252 3025 1935
internal_count=572647 568198 108765 70264 56144 14120 7038 5843 1226 4617 38501 19778 1781 459433 43924 1863 1349 415509 1716 42061 41089 33843 31585 7246 2258 1550 5210 4252 3025 1935
is_linear=0
shrinkage=0.05


Tree=297
num_leaves=31
num_cat=0
split_feature=14 14 13 13 13 14 13 14 14 13 12 13 12 13 14 13 12 12 12 12 13 14 13 14 12 12 13 14 13 12
split_gain=128686 587020 557777 934971 784232 1.0516e+06 634314 467063 742417 1.80654e+06 407204 415263 557902 382144 566723 381184 526449 1.75902e+06 1.6697e+06 1.46823e+06 1.88329e+06 1.21067e+06 2.10066e+06 767827 1.87847e+06 1.3021e+06 945899 1.49687e+06 1.58668e+06 1.61468e+06
threshold=0.0021046239761008906 0.0019090304447226898 0.41198591549295777 0.33993464052287586 0.46523382559774967 0.0019856109205337131 0.369873949579832 0.0021997587737810705 0.0022295287824267815 0.39559227695789745 -0.0073909465954626521 0.28708151012516542 -0.0029618408736696656 0.69271670416800613 0.0020138329497681033 0.068898305084745773 -0.0070682575628737343 -0.0076246522117263543 -0.0055529359160462902 -0.0053792657575758062 0.27714118277826966 0.0044148473779117682 0.25347289214740504 0.0025653765985822938 -0.012121439880781302 -0.0099511172059858315 0.22997277853392964 0.0028928064067324064 0.18612563033917431 -0.0099511172059858315
decision_type=8 10 2 2 2 10 2 8 8 2 10 2 10 2 10 2 8 10 8 8 2 8 2 10 10 10 2 10 2 10
left_child=1 -1 3 10 5 -4 -5 -2 9 -9 -3 -12 -13 -6 -15 -10 17 23 21 20 -20 22 -18 24 -17 -26 27 -25 -29 -30
right_child=7 2 4 6 13 -7 -8 8 15 -11 11 12 -14 14 -16 16 18 -19 19 -21 -22 -23 -24 26 25 -27 -28 28 29 -31
leaf_value=-0.0059716630822257179 0.52758571414329625 -0.99890599967321236 -0.61622494567960207 -2.4643782317341074 -0.56871876339518579 1.7082806603451512 -0.86586463157680349 -3.1141060542613728 1.1072077864873233 0.0084363097771489939 1.3635401345217193 -1.2906832566192925 0.70097335074874934 1.4924865914057333 -0.63688026129160369 1.5600187688301772 0.7623049056248361 -1.9049084809529662 0.068441018262543743 0.023197767603223451 -3.5818321130039523 0.19741577588750869 3.5920047525387435 1.2580137682310788 -3.5621414596651215 -0.75950521334554211 0.84488836050921989 -0.072045252979977395 0.57854472184778538 -2.5504466993653914
leaf_weight=237571 4527 820 808 852 4582 1223 2285 649 808 1618 651 619 814 619 631 585 2992 1460 780 284966 646 4923 840 1601 619 1254 2930 7947 580 1426
leaf_count=237571 4527 820 808 852 4582 1223 2285 649 808 1618 651 619 814 619 631 585 2992 1460 780 284966 646 4923 840 1601 619 1254 2930 7947 580 1426
internal_value=0.00233348 -0.0244525 -0.340226 -0.701528 -0.0626446 0.783514 -1.30002 0.0233081 0.0160981 -0.88549 -0.0550203 0.316374 -0.159344 -0.35732 0.417582 0.0225999 0.0198049 -0.239662 0.0359823 0.0151893 -1.58519 0.71616 1.38259 -0.0961572 -0.913252 -1.68574 0.0425075 -0.16097 -0.389222 -1.64575
internal_weight=572626 251475 13904 6041 7863 2031 3137 321151 316624 2267 2904 2084 1433 5832 1250 314357 313549 18402 295147 286392 1426 8755 3832 16942 2458 1873 14484 11554 9953 2006
internal_count=572626 251475 13904 6041 7863 2031 3137 321151 316624 2267 2904 2084 1433 5832 1250 314357 313549 18402 295147 286392 1426 8755 3832 16942 2458 1873 14484 11554 9953 2006
is_linear=0
shrinkage=0.05


Tree=298
num_leaves=31
num_cat=0
split_feature=14 14 14 14 12 12 12 9 12 12 12 12 12 12 12 12 12 12 14 12 12 14 14 10 9 12 12 12 14 14
split_gain=112749 484413 442923 793608 595978 1.46575e+06 819138 798036 973578 594379 434077 547668 1.0292e+06 800205 745875 630171 1.0451e+06 523922 636754 589374 413040 395507 370077 352663 347641 342423 2.30855e+06 2.23793e+06 1.66738e+06 1.21663e+06
threshold=0.0091590992600573077 0.0077611450595120616 0.006890002005023343 0.0066413442328696103 -0.00071833509962087292 0.0016597268665611627 -0.0021742972660686462 -0.021011488450159387 -0.0053792657575758062 3.6452014036438599e-05 -0.009218330210910267 -0.0012561437787633647 0.0004186371297949881 -0.00015621231230001354 -0.00040257122609814168 -0.0036304690109206419 -0.0047965554486507833 0.0031302898664692181 0.0087005699091269404 0.0032865600098731709 -0.0016531034515771946 0.0071208999487286442 0.0087005699091269404 0.07846190025435 -0.017245931644357001 -0.0013715312726306137 -0.0015566182097638181 -0.0012186919422959488 0.0060707602189851726 0.0060195072149775257
decision_type=10 10 10 10 10 10 10 10 10 10 10 10 10 10 10 10 10 10 10 10 10 10 10 10 10 8 10 8 10 10
left_child=1 2 3 25 6 9 7 -4 -9 21 -3 15 13 14 -13 16 -12 18 -14 -19 -8 -6 -17 -2 -7 26 28 -27 29 -1
right_child=23 10 4 -5 5 24 20 8 -10 -11 11 12 17 -15 -16 22 -18 19 -20 -21 -22 -23 -24 -25 -26 27 -28 -29 -30 -31
leaf_value=-0.0023904536347260398 -0.046000628201367189 -0.87830263493723282 1.6712637391526468 0.56006158371787529 0.70339167355301913 -1.7106265764783188 -2.3471159426419717 -2.2744523398553578 -0.044311413014211667 0.8842710428275693 1.5335718286731992 -0.41162688391530411 0.65330942719806229 -1.0751858970975072 1.7522069228979633 1.9820550771843093 -1.4251666076826734 -1.2902715742942288 2.3997852336524761 0.44635254677830444 -0.93538816971013505 -0.92485141605138788 0.48408265103503034 -0.65738353396623583 -0.52814544998905844 -0.91873795933499225 1.0065339570299592 -0.016527149787765032 0.9517643916509807 -2.2040099010604712
leaf_weight=158025 26944 758 503 6264 614 822 738 606 2543 3550 590 1130 3386 2254 615 1290 604 652 617 1949 1739 950 606 2585 2549 7019 6104 331321 4627 630
leaf_count=158025 26944 758 503 6264 614 822 738 606 2543 3550 590 1130 3386 2254 615 1290 604 652 617 1949 1739 950 606 2585 2549 7019 6104 331321 4627 630
internal_value=-0.0043727 0.000801093 -0.00700691 0.000710581 -0.278439 -0.00706446 -0.654131 -0.178082 -0.473484 0.526483 0.28641 0.350885 0.180181 -0.452863 0.350985 0.936638 0.0368566 0.563516 0.922501 0.0110281 -1.356 -0.285631 1.50327 -0.0995217 -0.816487 -0.00619034 0.0518427 -0.0352439 0.0161533 -0.0111328
internal_weight=572584 543055 528604 513990 14614 8485 6129 3652 3149 5114 14451 13693 10603 3999 1745 3090 1194 6604 4003 2601 2477 1564 1896 29529 3371 507726 169386 338340 163282 158655
internal_count=572584 543055 528604 513990 14614 8485 6129 3652 3149 5114 14451 13693 10603 3999 1745 3090 1194 6604 4003 2601 2477 1564 1896 29529 3371 507726 169386 338340 163282 158655
is_linear=0
shrinkage=0.05


Tree=299
num_leaves=31
num_cat=0
split_feature=13 13 13 9 14 14 14 17 13 14 14 13 14 13 13 14 13 14 14 14 14 14 14 14 14 14 13 14 14 14
split_gain=155998 848361 943492 1.14332e+06 848168 898231 818481 772869 563304 695696 1.58337e+06 625119 603818 602865 554632 414509 1.47251e+06 837618 870921 1.421e+06 649505 621154 1.08563e+06 994623 719057 623210 1.74332e+06 1.12729e+06 600724 1.28544e+06
threshold=0.25347289214740504 0.24277598854893542 0.23871975019516004 -0.023321575299954708 0.0030254121743337925 0.004979543649912749 -0.021658507068033826 0.027411902878412605 0.22419210611291887 0.00334177506558041 0.0026909570017902428 0.21613322924798337 -0.00037121405021835533 0.23389188628346133 0.24833449179276054 -0.0076510020158406878 0.13515766582094965 -0.0064556919326447977 -0.0049073893549430704 -0.00298795615906153 -0.0024130478916207397 -0.0020407902496278082 -0.001752787791000831 -0.0016311041792563933 -0.0019443866454812513 1.0000000180025095e-35 0.10532212885154063 -0.00098861099964685771 0.0010383794802773896 0.0011296176608035534
decision_type=2 2 2 10 8 10 10 2 2 10 10 2 10 2 2 10 2 10 10 10 10 10 10 10 10 10 2 10 10 10
left_child=1 2 6 -4 7 -6 -1 -3 11 10 12 15 -10 -11 -9 16 -8 -17 -19 -20 -21 -22 24 -24 -23 26 -25 -28 -27 -30
right_child=-2 4 3 -5 5 -7 8 14 9 13 -12 -13 -14 -15 -16 17 -18 18 19 20 21 22 23 25 -26 28 27 -29 29 -31
leaf_value=-1.4398949972220831 -0.0020441418104267628 -0.15899699355077407 3.0587714663252239 0.38141125544561327 1.9957897377833156 -0.89573478539712648 -1.4934522025814425 -1.0375408138787681 0.16269912849661083 -0.67872339289129424 1.7094838760797229 0.80120739526400087 -1.1532044600562643 -2.5387739899329462 -2.6306174620748921 -1.4498368440169784 1.244073037879124 1.2831552475263699 -1.2648711405780917 1.4333122688462925 -1.3730501523759917 0.16822260325425306 -2.1069713722157859 -1.6029377846256196 2.2849964812851424 -0.66982131576721615 0.10527724610880483 1.6979969985741143 2.0363980321710815 -0.084888957999368853
leaf_weight=1078 511790 1415 500 1969 524 551 650 1441 1488 1443 927 2391 2105 624 880 1069 2011 1221 2349 778 837 768 581 847 840 4157 2308 2142 738 22105
leaf_count=1078 511790 1415 500 1969 524 551 650 1441 1488 1443 927 2391 2105 624 880 1069 2011 1221 2349 778 837 768 581 847 840 4157 2308 2142 738 22105
internal_value=-0.0110352 -0.086797 -0.0319889 0.923607 -0.723919 0.513715 -0.0761247 -1.08004 -0.0480573 -0.480386 -0.1329 0.0141315 -0.608238 -1.24025 -1.64155 -0.0292292 0.57538 -0.0687203 -0.0315038 -0.0732515 0.00428412 -0.0271907 0.00547431 -0.0565669 1.274 -0.0196815 0.476194 0.87193 -0.116965 -0.0163555
internal_weight=572527 60737 55926 2469 4811 1075 53457 3736 52379 6587 4520 45792 3593 2067 2321 43401 2661 40740 39671 38450 36101 35323 34486 32878 1608 32297 5297 4450 27000 22843
internal_count=572527 60737 55926 2469 4811 1075 53457 3736 52379 6587 4520 45792 3593 2067 2321 43401 2661 40740 39671 38450 36101 35323 34486 32878 1608 32297 5297 4450 27000 22843
is_linear=0
shrinkage=0.05


end of trees

feature_importances:
mgap=2532
mkt=2273
brd=2057
r1=380
atr20=316
r5=238
fpc=226
vwd=200
d20h=156
pos=141
vrel=133
rng_s=98
gap=94
ngap=69
mv=31
rel=22
nmv=18
nrel=16

parameters:
[boosting: gbdt]
[objective: huber]
[metric: huber]
[tree_learner: serial]
[device_type: cpu]
[data_sample_strategy: bagging]
[data: ]
[valid: ]
[num_iterations: 300]
[learning_rate: 0.05]
[num_leaves: 31]
[num_threads: 0]
[seed: 0]
[deterministic: 1]
[force_col_wise: 0]
[force_row_wise: 0]
[histogram_pool_size: -1]
[max_depth: -1]
[min_data_in_leaf: 500]
[min_sum_hessian_in_leaf: 0.001]
[bagging_fraction: 0.7]
[pos_bagging_fraction: 1]
[neg_bagging_fraction: 1]
[bagging_freq: 1]
[bagging_seed: 7719]
[bagging_by_query: 0]
[feature_fraction: 0.8]
[feature_fraction_bynode: 1]
[feature_fraction_seed: 2437]
[extra_trees: 0]
[extra_seed: 11797]
[early_stopping_round: 0]
[early_stopping_min_delta: 0]
[first_metric_only: 0]
[max_delta_step: 0]
[lambda_l1: 0]
[lambda_l2: 0]
[linear_lambda: 0]
[min_gain_to_split: 0]
[drop_rate: 0.1]
[max_drop: 50]
[skip_drop: 0.5]
[xgboost_dart_mode: 0]
[uniform_drop: 0]
[drop_seed: 21238]
[top_rate: 0.2]
[other_rate: 0.1]
[min_data_per_group: 100]
[max_cat_threshold: 32]
[cat_l2: 10]
[cat_smooth: 10]
[max_cat_to_onehot: 4]
[top_k: 20]
[monotone_constraints: ]
[monotone_constraints_method: basic]
[monotone_penalty: 0]
[feature_contri: ]
[forcedsplits_filename: ]
[refit_decay_rate: 0.9]
[cegb_tradeoff: 1]
[cegb_penalty_split: 0]
[cegb_penalty_feature_lazy: ]
[cegb_penalty_feature_coupled: ]
[path_smooth: 0]
[interaction_constraints: ]
[verbosity: -1]
[saved_feature_importance_type: 0]
[use_quantized_grad: 0]
[num_grad_quant_bins: 4]
[quant_train_renew_leaf: 0]
[stochastic_rounding: 1]
[linear_tree: 0]
[max_bin: 255]
[max_bin_by_feature: ]
[min_data_in_bin: 3]
[bin_construct_sample_cnt: 200000]
[data_random_seed: 38]
[is_enable_sparse: 1]
[enable_bundle: 1]
[use_missing: 1]
[zero_as_missing: 0]
[feature_pre_filter: 1]
[pre_partition: 0]
[two_round: 0]
[header: 0]
[label_column: ]
[weight_column: ]
[group_column: ]
[ignore_column: ]
[categorical_feature: ]
[forcedbins_filename: ]
[precise_float_parser: 0]
[parser_config_file: ]
[objective_seed: 8855]
[num_class: 1]
[is_unbalance: 0]
[scale_pos_weight: 1]
[sigmoid: 1]
[boost_from_average: 1]
[reg_sqrt: 0]
[alpha: 150]
[fair_c: 1]
[poisson_max_delta_step: 0.7]
[tweedie_variance_power: 1.5]
[lambdarank_truncation_level: 30]
[lambdarank_norm: 1]
[label_gain: ]
[lambdarank_position_bias_regularization: 0]
[eval_at: ]
[multi_error_top_k: 1]
[auc_mu_weights: ]
[num_machines: 1]
[local_listen_port: 12400]
[time_out: 120]
[machine_list_filename: ]
[machines: ]
[gpu_platform_id: -1]
[gpu_device_id: -1]
[gpu_device_id_list: ]
[gpu_use_dp: 0]
[num_gpu: 1]

end of parameters

pandas_categorical:[]
